,ARI_2_mean,ATSAVI_mean,blue_mean,CRI_2_mean,DATT_mean,DVI_mean,ENDVI_mean,EVI_mean,EVI_2_mean,GCI_mean,GNDVI_mean,green_mean,MCARI_mean,MCARI_1_mean,MCARI_2_mean,MSAVI_mean,MTCI_mean,MTVI_1_mean,MTVI_2_mean,NDCI_mean,NDRE_mean,NDVI_mean,NDWI_mean,NEXG_mean,NGRDI_mean,nir_mean,NPCI_mean,OSAVI_mean,PSRI_mean,RDVI_mean,RECI_mean,red_mean,rede_mean,RERI_mean,RGVI_mean,RVI_1_mean,RVI_2_mean,R_MCARI_MTVI2_mean,R_TCARI_OSAVI_mean,SAVI_mean,SAVI_2_mean,SIPI_mean,SPVI_mean,SRPI_mean,TCARI_mean,TSAVI_mean,TVI_mean,HEALTH_STA
0,0.9048128,-0.3804103,0.11624495,2.2718954,,0.25602219,0.40526703,0.18859285,0.36122817,1.1030924,0.3217414,0.19034187,0.55830747,0.4497422,0.13903615,0.34475622,,0.4497422,0.13903615,0.24645203,0.08662577,0.43728518,-0.3217414,0.2842482,0.16126943,0.394341,0.06955957,0.33970672,-0.11201323,0.34825906,0.19834295,0.13834737,0.32381508,0.39170763,0.76505715,3.3217173,2.1027408,-0.198959,,0.34848234,26.284748,0.48742947,0.29854995,0.8844161,0.28567487,0.30189842,17.439398,AVARAGE
1,0.9035315,-0.36717206,0.12103495,2.2990746,inf,0.26995704,0.41156316,0.20175901,0.3788815,1.1180248,0.333954,0.19699475,0.55448276,0.48001564,0.1844668,0.3612169,inf,0.48001564,0.1844668,0.25078866,0.09428368,0.46568838,-0.333954,0.2931215,0.17589317,0.4084053,0.05333775,0.35975432,-0.1444448,0.35646757,0.21462743,0.13846661,0.33373323,0.43164915,0.7314132,3.325718,2.117968,-3.8529809,-inf,0.3678215,24.587101,0.5022842,0.31847247,0.9116814,0.3208549,0.34924462,18.537449,AVARAGE
2,0.90313387,-0.37882325,0.12515473,2.2353985,inf,0.25188503,0.38050663,0.19350865,0.35703847,1.1178252,0.32995233,0.18815416,0.5046562,0.43490553,0.0016354601,0.34151286,inf,0.43490553,0.0016354601,0.24699117,0.09459621,0.43811065,-0.32995233,0.24884577,0.1507012,0.39364105,0.044758424,0.3393244,-0.109586254,0.33942428,0.21474604,0.1418194,0.31960094,0.3907866,0.77183366,3.231042,2.117667,2.3944173,-inf,0.3467019,26.048048,0.47516435,0.30194274,0.92853147,0.2809373,0.31144112,16.96269,AVARAGE
3,1.2840153,-0.301774,0.1034195,2.8555906,0.2655242,0.36541504,0.51414007,0.2667405,0.5157859,1.5630758,0.41606286,0.19146058,0.92788947,0.655532,0.77224034,0.49076554,inf,0.655532,0.77224034,0.31535867,0.11959807,0.60795206,-0.41606286,0.4209074,0.27653462,0.47396898,0.012321933,0.4740242,-0.21080802,0.46822008,0.27916044,0.10855392,0.36926132,0.5305953,0.58428925,4.8670826,2.5630758,0.47697607,0.78627974,0.48910663,35.48613,0.61955786,0.43890256,0.9866094,0.3379661,0.52589875,25.241167,AVARAGE
4,0.9602974,-0.36862475,0.11514473,2.5104034,,0.27071884,0.41407293,0.20291886,0.38316813,1.1792146,0.34258348,0.18714195,0.57225585,0.47839886,0.17290576,0.36567903,,0.47839886,0.17290576,0.2594173,0.09491319,0.4720198,-0.34258348,0.29326162,0.17755154,0.4010327,0.048189417,0.3635517,-0.13861877,0.36329105,0.21889861,0.1303432,0.3250113,0.42859805,0.7339598,3.471316,2.1789403,-0.36427101,,0.37079477,27.115679,0.5072224,0.3199013,0.92114913,0.3062092,0.2792623,18.51389,AVARAGE
5,1.0701962,-0.36415428,0.097448535,3.024418,,0.264208,0.44457966,0.19832267,0.3905377,1.2951175,0.36681014,0.16523385,0.5862414,0.46550867,-0.03232951,0.3742398,,0.46550867,-0.03232951,0.28328222,0.097152546,0.5051657,-0.36681014,0.3201015,0.19342929,0.37486157,0.052082986,0.38127312,-0.14936478,0.3668985,0.22497357,0.11068814,0.30171868,0.46401393,0.70704937,3.7582178,2.294948,6.6096287,,0.38033128,23.16294,0.53870356,0.31778488,0.9121294,0.28405347,0.3570849,18.032236,AVARAGE
6,0.8629893,-0.3994729,0.10390701,2.5350828,,0.21999095,0.40092692,0.16502917,0.324449,1.0491573,0.31134596,0.17108312,0.4502572,0.38719082,-0.19790395,0.31123453,,0.38719082,-0.19790395,0.24151056,0.08049902,0.42351127,-0.31134596,0.2786223,0.15288277,0.3459178,0.08093253,0.31989503,-0.111736245,0.3173195,0.18607509,0.12594017,0.28635412,0.393497,0.7733535,3.1434517,2.0486972,0.07663187,,0.31859574,23.101648,0.47849852,0.25683942,0.8619673,0.26344764,-0.7247493,15.004376,AVARAGE
7,0.9391315,-0.37650135,0.115035735,2.3533127,,0.2549332,0.4115737,0.18943475,0.36421528,1.1452422,0.33115292,0.18620206,0.5492665,0.44418433,0.033570465,0.34844983,,0.44418433,0.033570465,0.25367448,0.089768454,0.44783124,-0.33115292,0.28517082,0.16312163,0.39165762,0.067835905,0.345988,-0.1148281,0.34823304,0.20631887,0.13675931,0.32043475,0.4045712,0.75829536,3.381432,2.1450503,-0.15750502,,0.35264498,25.741108,0.49616563,0.30152687,0.8866365,0.28025553,0.31560603,17.271612,AVARAGE
8,1.0642234,-0.3511284,0.10235779,2.5748773,,0.30044684,0.46825203,0.21521378,0.42677626,1.2953727,0.35667658,0.1867504,0.7506505,0.53716654,0.42381045,0.40692857,,0.53716654,0.42381045,0.27272394,0.099208094,0.5102661,-0.35667658,0.3721835,0.22021592,0.4201518,0.06188157,0.39624375,-0.15250455,0.4027976,0.23137316,0.119727544,0.3364768,0.44381922,0.6817045,4.118401,2.295081,21.556543,,0.40692902,32.115906,0.55112875,0.351315,0.8963715,0.29554278,0.3617658,20.70637,AVARAGE
9,0.84279376,-0.38940576,0.11276172,2.316162,inf,0.23875982,0.39929006,0.17749114,0.3424635,1.0504897,0.31678352,0.18351516,0.48300636,0.42051828,-0.031099781,0.32754922,,0.42051828,-0.031099781,0.23654887,0.09092956,0.4310913,-0.31678352,0.27825245,0.15585631,0.37304989,0.07342529,0.32993695,-0.11464718,0.33040458,0.20788965,0.13431905,0.3049307,0.3876406,0.7689862,3.164771,2.0503142,0.27659786,-inf,0.3338313,20.746761,0.48121202,0.27891675,0.874256,0.28098524,0.2748775,16.291939,AVARAGE
10,0.94308585,-0.38359955,0.1081629,2.4225304,inf,0.2488435,0.41570342,0.18131062,0.3574862,1.1654264,0.33109033,0.17882088,0.5475217,0.43016478,0.05911633,0.34170046,inf,0.43016478,0.05911633,0.24844274,0.095782675,0.4379618,-0.33109033,0.28725147,0.15669352,0.38157612,0.08200949,0.3378679,-0.09281643,0.35094732,0.22249918,0.13275515,0.30690256,0.36489093,0.7794514,3.4646094,2.165057,0.36957687,-inf,0.34410033,20.31308,0.49468702,0.28962824,0.8631607,0.25425735,0.29428828,16.771887,AVARAGE
11,0.81252545,-0.41112867,0.110439934,2.4313934,inf,0.20895204,0.38034943,0.15480563,0.3030426,1.0099112,0.3037238,0.17581588,0.4069042,0.35882172,-0.19418696,0.29013744,,0.35882172,-0.19418696,0.22822386,0.08559343,0.3892701,-0.3037238,0.24169476,0.120879896,0.3476031,0.09618985,0.29558644,-0.075002335,0.30139554,0.19751287,0.1386665,0.28587076,0.34245518,0.832902,2.9316633,2.0095384,-0.5776197,-inf,0.2967385,21.89082,0.4545476,0.24081823,0.8389208,0.24160792,0.10702132,14.022378,AVARAGE
12,0.82860917,-0.4202719,0.110213734,2.3873942,,0.1912955,0.3606079,0.14580105,0.2845552,1.0123557,0.2964603,0.16613017,0.39311767,0.31918344,-0.30522487,0.2727218,,0.31918344,-0.30522487,0.22741123,0.079745814,0.3684889,-0.2964603,0.21929479,0.10875748,0.3293456,0.08898641,0.27868533,-0.044735726,0.29756936,0.183872,0.13807908,0.27217475,0.30507645,0.8571558,2.940296,2.0119874,-0.64321905,,0.27764773,18.408213,0.43616596,0.21792284,0.85099566,0.20183057,0.19826092,12.598034,AVARAGE
13,1.1820982,-0.3461604,0.10278109,2.8327165,,0.30272132,0.47032258,0.21905363,0.43399423,1.4200846,0.37057024,0.1824768,0.78372747,0.5341232,0.40950158,0.41425896,,0.5341232,0.40950158,0.28799036,0.100007586,0.5186187,-0.37057024,0.36538887,0.22035395,0.4221775,0.051884163,0.4021724,-0.1437746,0.4124407,0.2381557,0.119492084,0.33622974,0.44263682,0.68405473,4.381907,2.4197268,-0.3751249,,0.41214967,24.235508,0.5567674,0.3560911,0.91796505,0.26919445,0.3924031,20.680515,AVARAGE
14,1.0103792,-0.36469087,0.11262007,2.6646144,,0.2695164,0.42437193,0.20154859,0.38523814,1.2354901,0.351072,0.18462986,0.5788786,0.47532502,0.113905974,0.36794618,,0.47532502,0.113905974,0.26835757,0.09573453,0.48090294,-0.351072,0.2977973,0.17819655,0.39815885,0.053227715,0.36863822,-0.14175206,0.3611319,0.22519559,0.1286821,0.32374492,0.44637072,0.7325392,3.5495596,2.2352476,-70.65634,,0.37384838,26.816076,0.51650333,0.32056415,0.91425234,0.3021772,0.35662463,18.406815,AVARAGE
15,1.0495541,-0.36427006,0.10725664,2.7684565,,0.26436606,0.43672106,0.19637603,0.3846554,1.2811766,0.35904115,0.17764686,0.5927746,0.46046793,0.026793564,0.36812446,,0.4604754,0.026793564,0.2738243,0.099387094,0.48503643,-0.35904115,0.3062307,0.17912287,0.39082196,0.06220864,0.3698231,-0.12806517,0.36482334,0.23185228,0.1264816,0.31572357,0.43272036,0.7349753,3.692195,2.28099,-0.08136012,,0.37268782,25.234903,0.5264327,0.3144738,0.89709324,0.2741541,0.40036547,17.907322,AVARAGE
16,0.92520976,-0.3846358,0.10878633,2.5977852,,0.237777,0.41292053,0.17597865,0.3457222,1.1350462,0.33457485,0.17728733,0.49252662,0.41238612,-0.10841054,0.33094802,,0.41238612,-0.10841054,0.25381947,0.092507556,0.44478658,-0.33457485,0.27876803,0.15349203,0.37015045,0.07909941,0.33719438,-0.11039117,0.33001223,0.20996916,0.13239959,0.30249792,0.40425563,0.77350205,3.2845595,2.1348858,-1.5392424,,0.33805498,20.169939,0.4963043,0.28138253,0.8659716,0.26765916,0.28182483,16.060814,AVARAGE
17,1.0082247,-0.36888784,0.115463704,2.543435,inf,0.26101953,0.41746435,0.19292413,0.37257674,1.2364061,0.35516012,0.18287924,0.5364282,0.4454348,0.0005423451,0.35623774,inf,0.4454348,0.0005423451,0.2684191,0.10013453,0.4617919,-0.35516012,0.26865855,0.15159954,0.39928085,0.06962784,0.35572076,-0.10657994,0.35137782,0.22824377,0.13827378,0.32200047,0.4115184,0.7750057,3.4116802,2.2363474,-0.52102166,-inf,0.36176288,22.752869,0.5083618,0.315017,0.8845569,0.27870563,0.3489482,17.444645,AVARAGE
18,1.2210926,-0.3461688,0.09396418,3.2304022,,0.29337582,0.48962474,0.2105336,0.42858052,1.468726,0.38793412,0.1719151,0.7556105,0.5138955,0.23635273,0.40994427,,0.5138955,0.23635273,0.29926386,0.10670717,0.5343065,-0.38793412,0.37443691,0.21933003,0.40660748,0.066364385,0.4068401,-0.14491618,0.40179202,0.24780087,0.11327153,0.3215199,0.4596533,0.6853574,4.453002,2.4684381,6.5726676,,0.41047513,20.64946,0.5755287,0.34907338,0.8916601,0.255407,0.3538766,19.9459,AVARAGE
19,1.0200862,-0.39617056,0.093971714,3.3364508,,0.21795852,0.4186314,0.16453701,0.3309428,1.2389063,0.3492472,0.15271759,0.4645231,0.3726204,-0.2723353,0.31707627,,0.3726204,-0.2723353,0.26828158,0.09479243,0.4522159,-0.3492472,0.27392036,0.15011999,0.3329645,0.07801956,0.33279774,-0.09835148,0.32231972,0.21880692,0.1150293,0.26777014,0.39982665,0.78513026,3.4682808,2.2385464,-0.17019565,,0.3250083,17.792368,0.5041389,0.25917196,0.8703902,0.22490467,0.28881887,14.584089,AVARAGE
20,0.69711244,-0.39754298,0.13726544,1.7206968,,0.22749692,0.35512152,0.17313637,0.31562486,0.8727468,0.27866197,0.20958216,0.4244719,0.40243822,-0.037479643,0.3021609,,0.40243822,-0.037479643,0.20816432,0.077978596,0.38455388,-0.27866197,0.24405278,0.1372604,0.38895822,0.06638775,0.30004582,-0.11243554,0.30612975,0.17571847,0.16153659,0.3268857,0.36460733,0.79231614,2.7522206,1.8725878,-0.8251126,,0.3087696,14.996117,0.43424535,0.26146272,0.8872447,0.29518715,0.26231712,15.567377,AVARAGE
21,0.97970104,-0.32660902,0.1362714,2.0988116,0.28588125,0.33899415,0.4299478,0.2599775,0.4592837,1.2274289,0.3632397,0.2197048,0.69195145,0.61170083,0.67758656,0.4368705,-inf,0.61170083,0.67758656,0.26805827,0.10809614,0.5306709,-0.3632397,0.32726076,0.22150008,0.47950077,0.005297547,0.420365,-0.19168665,0.42285305,0.24772808,0.14050658,0.3831748,0.48376969,0.65547806,3.7168875,2.2274075,0.1979891,0.99060535,0.44041312,22.19593,0.54022086,0.4027051,1.0003394,0.406726,0.44972938,23.507578,AVARAGE
22,0.75030184,-0.39471275,0.13283204,1.880996,,0.22982721,0.3567466,0.17764248,0.32328922,0.94152504,0.29295537,0.19936098,0.43926427,0.40303153,-0.06439492,0.3095608,,0.40303153,-0.06439492,0.21705082,0.084640205,0.39812222,-0.29295537,0.24034256,0.14040929,0.38294727,0.054790925,0.30880666,-0.10866048,0.31188026,0.19135764,0.15313856,0.31732798,0.3660283,0.7866712,2.8967223,1.941313,-0.58116084,-inf,0.31587744,19.53856,0.4419882,0.26835513,0.90956604,0.28051504,0.27053124,15.637671,AVARAGE
23,1.0855474,-0.3186926,0.119775064,2.3676562,,0.34495282,0.4629405,0.2596539,0.47875634,1.3309996,0.37967157,0.20512724,0.79098415,0.6225732,0.64925945,0.45587754,inf,0.6225732,0.64925945,0.28790617,0.10580979,0.5590237,-0.37967157,0.36720878,0.24549629,0.4693898,0.008614391,0.4398241,-0.20027113,0.43789506,0.24547213,0.124448836,0.3749664,0.51153505,0.6232347,4.129906,2.330908,1.0966944,,0.45717627,29.185516,0.57008696,0.41073027,0.9961331,0.37751672,0.47334084,23.923592,AVARAGE
24,0.89281875,-0.38512465,0.118235886,2.4171062,,0.24013057,0.38053817,0.18745531,0.3460618,1.0975312,0.32564554,0.18050365,0.4925383,0.41947377,-0.06891995,0.33108348,,0.41947377,-0.06891995,0.24776383,0.08786965,0.4382654,-0.32564554,0.25280267,0.15362945,0.37330446,0.044177573,0.33496973,-0.118842006,0.33140856,0.20490023,0.13322578,0.30671808,0.40749466,0.76903534,3.1972854,2.0973852,-0.5056016,,0.33799607,22.372751,0.47433934,0.28470498,0.93346447,0.27617335,0.2996157,16.295835,AVARAGE
25,0.94951004,-0.34994343,0.11481036,2.3117354,,0.29385063,0.43812627,0.22036514,0.41608578,1.1721358,0.34445947,0.19607536,0.6475906,0.5312486,0.30411455,0.3972144,,0.5312486,0.30411455,0.26034996,0.09588643,0.5047906,-0.34445947,0.34351006,0.21676321,0.4206012,0.035777923,0.3915676,-0.17935646,0.386506,0.2227983,0.12676486,0.33959737,0.4692329,0.6696103,3.7217777,2.1720216,1.1756968,-inf,0.40119457,24.867363,0.53182703,0.345189,0.9436362,0.33634302,0.41426292,20.4026,AVARAGE
26,0.97776884,-0.36933896,0.110936284,2.463009,,0.26522884,0.42000306,0.19792767,0.38096258,1.1969182,0.34078476,0.18188049,0.5717449,0.4658258,0.073798604,0.36473927,,0.4658258,0.073798604,0.2608591,0.09300502,0.46864447,-0.34078476,0.2998516,0.17882451,0.3932824,0.054437876,0.36193055,-0.1303748,0.36291364,0.2191376,0.12807816,0.31764427,0.4214194,0.73261636,3.552932,2.1964934,-0.09315766,,0.3683756,28.444742,0.50902116,0.31530485,0.9092091,0.29057664,0.33329296,18.064346,AVARAGE
27,1.1050608,-0.34886512,0.10852923,2.810127,,0.29590407,0.45007458,0.21841855,0.42129084,1.3454792,0.37307465,0.1835721,0.6566675,0.5217558,0.2569154,0.40250704,,0.5217558,0.2569154,0.2862232,0.10198893,0.51568985,-0.37307465,0.3248142,0.19946375,0.41808805,0.0452359,0.39788723,-0.15190291,0.39210966,0.24056002,0.12222118,0.33446842,0.46799776,0.69867545,3.8676705,2.345246,-0.032187093,,0.40598494,25.395983,0.5462445,0.3560744,0.9254054,0.31599775,0.39082956,20.206049,AVARAGE
28,1.0019436,-0.37115005,0.1159928,2.4896445,inf,0.26377878,0.40366742,0.19995777,0.3772993,1.2557173,0.3495951,0.17891072,0.53909427,0.45382962,0.066570565,0.36058334,inf,0.45382962,0.066570565,0.25698632,0.10750632,0.4629144,-0.3495951,0.26732025,0.1626592,0.39522302,0.043491144,0.35723624,-0.11203199,0.3622659,0.25387365,0.13146408,0.31079197,0.38724896,0.7584032,3.542722,2.2553585,1.7162889,-inf,0.3640524,30.05486,0.49955174,0.31742138,0.93064827,0.2691637,0.33307686,17.7234,
29,1.0091748,-0.36357296,0.11403309,2.6282158,,0.26914397,0.4127253,0.20738246,0.38789698,1.2601504,0.3596572,0.17813165,0.5372871,0.46958283,0.024659453,0.37152988,,0.46958283,0.024659453,0.2659319,0.1077203,0.48683202,-0.3596572,0.27988344,0.17636445,0.3946374,0.033619277,0.37286088,-0.13860919,0.36439416,0.25124884,0.12552683,0.31248075,0.4286886,0.7306358,3.5633292,2.2599745,1.7462002,,0.37714478,28.807463,0.51422757,0.32553044,0.9490096,0.296495,0.3452047,18.25083,
30,0.7585288,-0.4368242,0.11300586,2.4007163,,0.17640662,0.3407836,0.1345338,0.25837618,0.9372727,0.28089473,0.16752477,0.3491729,0.29339626,-0.3162619,0.24694665,,0.29339626,-0.3162619,0.2122479,0.07653145,0.34068182,-0.28089473,0.19419771,0.08864073,0.31863096,0.09654188,0.25531796,-0.041293703,0.26910642,0.17873031,0.14225699,0.26666948,0.2942937,0.8915808,2.6746087,1.9367956,1.0473096,,0.25377053,16.482119,0.41166067,0.19906554,0.84244484,0.19323085,0.14582095,11.5933275,HEALTHY
31,0.9624524,-0.38477835,0.10348974,2.8723705,,0.24272212,0.4130904,0.18219577,0.35296792,1.1737337,0.34390366,0.16841468,0.5050262,0.42370105,-0.06258574,0.336893,,0.42370105,-0.06258574,0.26385972,0.09073385,0.4598475,-0.34390366,0.27603248,0.15829316,0.36351487,0.066078134,0.34602123,-0.12666391,0.33545956,0.2115327,0.12082908,0.29665843,0.43223697,0.76490486,3.3136346,2.1736164,0.30692753,,0.34545982,25.818592,0.5022579,0.29058632,0.8927171,0.27603674,0.29215124,16.464846,UNHEALTHY
32,0.9015878,-0.38911852,0.10313446,2.5688405,,0.23215549,0.40907845,0.17428067,0.34186554,1.0980735,0.32640684,0.16927283,0.48037106,0.4078818,-0.15365903,0.32750666,,0.4078818,-0.15365903,0.25144923,0.085884176,0.4449832,-0.32640684,0.28538707,0.16197161,0.35419106,0.071709126,0.33611223,-0.12432833,0.3279511,0.19656989,0.12207297,0.29075447,0.41516355,0.7558969,3.2601163,2.0978434,0.26484597,,0.33510014,22.65278,0.4921773,0.27576798,0.8779937,0.27145126,0.28414148,15.815076,HEALTHY
33,1.166763,-0.36332643,0.100554116,3.2706757,,0.26966745,0.44426957,0.2010222,0.39439803,1.4326876,0.3826599,0.1640774,0.59814924,0.4629256,0.0677744,0.37618148,,0.4629256,0.0677744,0.28969088,0.11064807,0.5039601,-0.3826599,0.2969421,0.17857748,0.38585544,0.051158298,0.38038126,-0.12551318,0.37114102,0.26611,0.11622235,0.30227113,0.43661666,0.7350941,3.930518,2.4325507,-0.5702002,,0.38104603,21.965971,0.54009175,0.3287272,0.9199034,0.2554002,0.36772513,18.092476,AVARAGE
34,1.0812622,-0.35411814,0.103682086,2.964301,,0.2826127,0.4535607,0.2091489,0.40709272,1.3298911,0.37374935,0.176978,0.62220466,0.49931562,0.17718811,0.38804886,,0.49931562,0.17718811,0.28402174,0.1043003,0.5172081,-0.37374935,0.32574984,0.19763424,0.40032756,0.051943887,0.39224333,-0.15761538,0.3791695,0.24873748,0.11774725,0.32113004,0.47483876,0.69948435,3.7920294,2.329782,0.053749148,,0.39483497,25.062214,0.5482908,0.34024832,0.91557884,0.3068388,0.38901532,19.324049,AVARAGE
35,0.7128659,-0.39945972,0.1259607,1.9089203,,0.21956892,0.366779,0.16669458,0.3122254,0.9008017,0.28816137,0.19573769,0.39606908,0.3884568,-0.17289191,0.29961786,,0.3884568,-0.17289191,0.213849,0.08213261,0.39559335,-0.28816137,0.24960625,0.1381422,0.36892846,0.0734947,0.30405077,-0.11436553,0.3028443,0.18807016,0.14938365,0.30865598,0.37580395,0.78954715,2.7597382,1.9006463,1.5924695,,0.30803335,17.191921,0.44559437,0.25420693,0.8743726,0.29033533,0.25986218,15.027086,HEALTHY
36,1.1508559,-0.3917692,0.08980617,3.879669,,0.23452319,0.43152726,0.17432964,0.3494834,1.3993793,0.37818718,0.14551406,0.49063456,0.39706677,-0.13372527,0.33315566,,0.39706677,-0.13372527,0.28813016,0.106623106,0.47587824,-0.37818718,0.2618384,0.14429887,0.34194493,0.07540538,0.34903842,-0.09844303,0.33420897,0.24857806,0.107447356,0.2688489,0.41364875,0.78998667,3.5983264,2.399052,0.31208503,,0.3420194,20.659828,0.5218116,0.28827104,0.87736124,0.23022026,0.16244484,15.592766,
37,0.83296174,-0.39248943,0.11771922,2.3206847,inf,0.22577211,0.39064822,0.16999117,0.32473212,1.0314415,0.31576204,0.18577704,0.42465907,0.39191657,-0.1788812,0.3110292,,0.39191657,-0.1788812,0.2374996,0.08778997,0.41792423,-0.31576204,0.25221455,0.13531402,0.36869043,0.08292164,0.31817305,-0.108024634,0.3116976,0.19871394,0.1429366,0.3053967,0.39133507,0.79978555,2.9393837,2.0314248,6.4581037,-inf,0.31991366,22.272373,0.47174692,0.26523,0.86230856,0.2792425,0.28554708,15.258848,HEALTHY
38,1.0564594,-0.37876385,0.09768746,3.1482468,,0.23924872,0.43104595,0.18038686,0.35739055,1.2859646,0.3616221,0.15954627,0.5016276,0.4128972,-0.19111638,0.34219643,,0.4128972,-0.19111638,0.27600318,0.099688,0.4781802,-0.3616221,0.28496724,0.16333625,0.35490274,0.067961365,0.35585764,-0.12453375,0.33906022,0.22972311,0.11568497,0.28489923,0.4335232,0.75705224,3.5365756,2.2858815,-1.2115777,,0.35078007,21.910885,0.52102035,0.2895318,0.88944685,0.25535363,0.32941338,16.10752,AVARAGE
39,1.1537743,-0.37203416,0.08482242,3.6820498,,0.2433628,0.46710107,0.18279685,0.37393382,1.3952374,0.3789132,0.14811777,0.5616864,0.42440602,-0.20550212,0.35885346,,0.42440602,-0.20550212,0.2913097,0.1038744,0.51550865,-0.3789132,0.3372843,0.19729142,0.34400916,0.06665988,0.37699556,-0.14398186,0.3556513,0.24156736,0.10067696,0.27222416,0.45782447,0.70803124,4.021414,2.3950622,-1.0677598,,0.36623573,21.690725,0.5552998,0.2934007,0.89136815,0.23714879,0.084218696,16.497564,AVARAGE
40,0.658461,-0.41323522,0.14120294,1.6235988,,0.20648089,0.34235886,0.15294725,0.28323063,0.82022375,0.26288888,0.21315911,0.3726672,0.35525936,-0.12722147,0.27100265,,0.35525936,-0.12722147,0.19750483,0.072037615,0.34324577,-0.26288888,0.2150146,0.10576445,0.38242567,0.09398726,0.26867434,-0.080527715,0.2779179,0.16187367,0.17598727,0.32563916,0.3268354,0.8412299,2.5118845,1.8200407,0.4504441,,0.2775486,13.152256,0.4108117,0.23865809,0.84022224,0.26310843,0.21902683,13.8731785,HEALTHY
41,0.74146783,-0.3854364,0.14039084,1.7762252,inf,0.24445643,0.3697379,0.18344371,0.33466014,0.93009996,0.29527083,0.21621896,0.4419502,0.43086156,0.022323195,0.32048455,,0.43086156,0.022323195,0.21934567,0.08376523,0.40394306,-0.29527083,0.24759603,0.13933519,0.41009203,0.069398165,0.31673223,-0.1218482,0.31806913,0.18879622,0.16565749,0.3429859,0.38781515,0.7817211,2.7883313,1.9299998,0.6329686,-inf,0.32773513,16.587221,0.45189095,0.28840652,0.88202417,0.31773978,0.29533508,16.688528,AVARAGE
42,0.92025226,-0.3492782,0.1275096,2.0791383,,0.30195963,0.42572403,0.22313648,0.414673,1.1412473,0.34111443,0.21109034,0.6306317,0.5408172,0.42691237,0.39498916,,0.5408172,0.42691237,0.25524053,0.097463,0.48849705,-0.34111443,0.3180373,0.19712503,0.44502795,0.043655094,0.3841217,-0.16352554,0.3849918,0.22108375,0.143108,0.36131498,0.45080462,0.6944733,3.4988115,2.1411908,0.26260084,,0.39926216,24.43238,0.5192903,0.35818473,0.9275189,0.35645092,0.39120266,20.834494,AVARAGE
43,0.8146907,-0.38688996,0.13167852,2.0021973,,0.23891522,0.370584,0.1813295,0.33461824,1.0251828,0.31279016,0.19757417,0.43657997,0.41053635,-0.070565104,0.32016867,,0.41053635,-0.070565104,0.23005684,0.0929443,0.4108743,-0.31279016,0.23416716,0.13258609,0.39383042,0.06439726,0.3192094,-0.10415174,0.31686443,0.21059628,0.15493174,0.32167903,0.37419295,0.7955518,2.9408941,2.025094,0.8600926,,0.32707018,17.666256,0.4577229,0.28752092,0.89346987,0.2816204,0.29500383,16.039621,AVARAGE
44,0.92453754,-0.38077834,0.11508748,2.401981,,0.24593332,0.40105075,0.18458849,0.35263413,1.1404642,0.33391005,0.18134913,0.49655366,0.42454123,-0.048390683,0.33706233,,0.42454123,-0.048390683,0.2514711,0.09454646,0.44189203,-0.33391005,0.2631756,0.14980784,0.3820422,0.06711402,0.33911723,-0.11117482,0.33495295,0.21613185,0.13616808,0.31005964,0.39907268,0.77405256,3.2476363,2.1403663,0.566126,,0.34353882,26.851452,0.48845077,0.29564926,0.89042026,0.27364329,0.3134299,16.559692,HEALTHY
45,1.2034672,-0.3177238,0.10351864,2.8786988,0.28090486,0.33104914,0.49344513,0.24525492,0.47486842,1.4766734,0.4041155,0.18508786,0.7441983,0.59114915,0.39297816,0.4541677,,0.59114915,0.39297816,0.30445808,0.11763063,0.5800809,-0.4041155,0.38226905,0.24648304,0.44277912,0.027208418,0.44763854,-0.1948149,0.4359036,0.27315933,0.11172994,0.34654427,0.5104857,0.62137854,4.357941,2.476547,-0.00010277478,0.81981856,0.45625842,27.421093,0.59735054,0.39928958,0.95925003,0.34863812,0.4904701,22.797268,AVARAGE
46,0.81113535,-0.38734728,0.123406544,2.1224303,inf,0.23360738,0.3872007,0.1744405,0.3320188,1.0144833,0.31392422,0.19345462,0.42566827,0.4055256,-0.13489604,0.3182401,inf,0.4055256,-0.13489604,0.23402509,0.0892625,0.41744715,-0.31392422,0.2530399,0.13758068,0.38271752,0.079046816,0.32142767,-0.11184933,0.31712145,0.20350288,0.14912564,0.31581306,0.38926733,0.7913855,2.93381,2.014433,0.044109873,-inf,0.32623369,20.630781,0.47007936,0.27618852,0.864789,0.29095447,0.2983878,15.788672,AVARAGE
47,1.0356987,-0.35703886,0.10950021,2.726896,,0.28527555,0.43777478,0.21196795,0.40497103,1.2739502,0.36468783,0.18271738,0.5959346,0.5033385,0.21219587,0.38630658,,0.5033385,0.21219587,0.27575326,0.10251317,0.50071514,-0.36468783,0.30875406,0.18675777,0.40864074,0.050876934,0.38505858,-0.14981471,0.3786616,0.23841017,0.12338382,0.32706624,0.4541322,0.7171351,3.6326635,2.2738252,-0.5007304,,0.39201275,24.47565,0.5336684,0.34284502,0.9162391,0.32103667,0.3756902,19.488756,AVARAGE
48,0.88136476,-0.37443557,0.11805962,2.3363745,inf,0.25137424,0.40180936,0.1904619,0.35981297,1.1024624,0.3348983,0.1864786,0.476321,0.44127452,-0.058631405,0.3444261,,0.44127452,-0.058631405,0.24882416,0.09669278,0.4552103,-0.3348983,0.27242345,0.16016366,0.3869893,0.058275048,0.34877124,-0.13518913,0.33849734,0.22121108,0.13563225,0.31484863,0.42282146,0.753026,3.1796267,2.1023872,-1.2356236,-inf,0.35270947,20.275667,0.49399003,0.3008142,0.9006864,0.305523,0.33493498,17.115278,HEALTHY
49,0.80223906,-0.40834782,0.12100318,2.2809138,inf,0.20285678,0.35721955,0.15547837,0.29438576,1.010887,0.31088743,0.17675109,0.35128582,0.33807606,-0.3222284,0.2819209,inf,0.33807606,-0.3222284,0.22834499,0.092323266,0.38382113,-0.31088743,0.20212694,0.10226259,0.35007617,0.08146537,0.29099646,-0.07022093,0.2852597,0.20873137,0.14725511,0.2861252,0.3422379,0.851935,2.7622106,2.0107806,0.53571075,-inf,0.291045,17.515356,0.44192722,0.24212402,0.8619979,0.23472737,0.24416022,13.349102,HEALTHY
50,0.81709963,-0.38660324,0.11930684,2.124894,inf,0.2434592,0.40350994,0.17615567,0.3417473,1.0110193,0.3102204,0.19712017,0.474623,0.42871806,0.008956295,0.32703385,inf,0.42871806,0.008956295,0.23353288,0.08619267,0.4215951,-0.3102204,0.27904406,0.14796506,0.3904772,0.091039404,0.32630435,-0.11558528,0.32743573,0.19417965,0.14702556,0.32318744,0.3910004,0.78409344,3.0166798,2.010957,0.11714537,-inf,0.33359352,15.706181,0.47954556,0.28174615,0.8429206,0.30215204,0.28812936,16.61089,AVARAGE
51,0.897271,-0.40372694,0.10792382,2.711022,,0.21334839,0.38738728,0.15919891,0.3116739,1.1006596,0.32744744,0.167655,0.4004352,0.36103663,-0.26702073,0.2983952,,0.3610307,-0.26702073,0.24872713,0.08965432,0.4104893,-0.32744744,0.2301946,0.115799375,0.34638906,0.090764634,0.30890322,-0.08237702,0.29908237,0.20347369,0.13310379,0.28367457,0.37742403,0.83598644,2.9580941,2.1005147,-0.9948465,,0.30752924,16.338383,0.46983072,0.25490388,0.8456305,0.24686646,0.24138284,14.179396,AVARAGE
52,0.64753383,-0.44845966,0.11982042,2.0513825,,0.15380685,0.3204661,0.11654601,0.22553943,0.8005184,0.25836414,0.17401187,0.2582439,0.24906981,-0.48413634,0.21626274,,0.24906981,-0.48413634,0.19685891,0.06832504,0.3010407,-0.25836414,0.1682917,0.06319564,0.3100616,0.11632601,0.22651547,-0.022956772,0.23252702,0.15322973,0.15629245,0.26418665,0.27593592,0.92154485,2.3058817,1.800283,0.5397603,,0.22473131,12.497526,0.38508132,0.17393544,0.80214584,0.18692735,0.12672801,9.934922,AVARAGE
53,0.5062103,-0.46800026,0.13858418,1.5923142,,0.12690175,0.27890143,0.09818075,0.18183218,0.62603927,0.2135581,0.19447553,0.20493385,0.19995815,-0.535082,0.1744231,,0.19995815,-0.535082,0.16414768,0.053647052,0.23848212,-0.2135581,0.1365238,0.03784965,0.31028786,0.124296084,0.18132369,0.007138569,0.2051617,0.12008629,0.18341273,0.27446768,0.21873924,0.96777165,1.9449733,1.6257765,-0.21382743,,0.1817297,6.756545,0.33319542,0.1301614,0.7900086,0.16398278,0.071235575,8.05515,AVARAGE
54,0.7794749,-0.3884735,0.13039798,1.9586356,,0.24723913,0.38052645,0.1829047,0.34028667,0.9598773,0.2970861,0.20764847,0.4989858,0.43803692,0.14456266,0.32462913,,0.43803692,0.14456266,0.2263586,0.079511,0.40944213,-0.2970861,0.26582503,0.14890783,0.40222678,0.07133278,0.31973052,-0.113050014,0.3282013,0.1806171,0.15503374,0.33644733,0.38592654,0.77924424,2.968065,1.959773,-1.8923446,,0.33027714,17.685352,0.46024394,0.28435448,0.8797079,0.3074201,0.27056435,16.936172,AVARAGE
55,1.2105426,-0.3485338,0.1015996,3.2527459,,0.28909355,0.4540773,0.2174498,0.4214298,1.4618295,0.39383373,0.16748013,0.67091554,0.50264555,0.13869058,0.40278712,,0.50264555,0.13869058,0.30276138,0.10843903,0.53244793,-0.39383373,0.3179055,0.20113933,0.4011336,0.032579955,0.40435407,-0.14469282,0.39150915,0.25130016,0.11208527,0.3168276,0.47110522,0.69565684,4.1074257,2.4617383,0.76913476,,0.40680534,31.121677,0.55727917,0.35319912,0.9505654,0.27611145,0.3906871,19.559,AVARAGE
56,1.3810995,-0.34704557,0.0904176,4.0381403,,0.28972965,0.4796255,0.21589805,0.42929196,1.6583364,0.41904017,0.15334703,0.7351291,0.49897096,0.17442042,0.40945905,,0.49897096,0.17442042,0.323966,0.11573608,0.5571824,-0.41904017,0.33481976,0.21125312,0.39054543,0.03251618,0.41566324,-0.14191483,0.40026388,0.2775455,0.10087862,0.30296025,0.48019087,0.6865987,4.5976295,2.6582336,1.4143716,,0.41295063,23.232996,0.58252174,0.3563218,0.9552009,0.22934166,0.38921648,19.478745,AVARAGE
57,0.8001245,-0.43131757,0.11249404,2.6651764,,0.17533936,0.34858295,0.13434257,0.2603986,0.9756438,0.29450294,0.16647261,0.34115204,0.29007056,-0.4129056,0.24940412,,0.29007056,-0.4129056,0.2280656,0.07466921,0.35386968,-0.29450294,0.1916396,0.086991206,0.3176731,0.09779146,0.2627507,-0.046366706,0.26025292,0.17566219,0.14235866,0.26825854,0.33350196,0.88623995,2.6777158,1.9754434,1.6705254,,0.25841793,12.7765255,0.42335486,0.2031405,0.838254,0.1976202,0.16853946,11.483606,AVARAGE
58,1.2782043,-0.36396155,0.085592255,4.037246,,0.2629859,0.46436048,0.1993886,0.39933538,1.5238464,0.39552948,0.14625825,0.66090244,0.45813727,-0.054692786,0.38276038,,0.45813727,-0.054692786,0.31122783,0.102156006,0.53541476,-0.39552948,0.3338675,0.20853373,0.35827646,0.03653876,0.39498603,-0.1442459,0.377561,0.245699,0.09531456,0.28260154,0.47874972,0.6920467,4.3549924,2.5235918,-0.123283185,,0.3874387,23.471792,0.56290936,0.31970817,0.946531,0.22775489,0.37313306,17.815731,AVARAGE
59,0.9117739,-0.41650435,0.09324338,3.2976222,,0.18339626,0.38906068,0.14463507,0.2883465,1.0987025,0.32354638,0.14553149,0.37212852,0.3167342,-0.48240373,0.27642652,,0.3167342,-0.48240373,0.25366676,0.08053853,0.42356968,-0.32354638,0.25088674,0.13843583,0.2951125,0.072878376,0.3039148,-0.10189971,0.28443652,0.18695426,0.11175399,0.24556547,0.40507376,0.7944577,3.1191382,2.0983548,-2.4533448,,0.28889138,14.5510025,0.4735645,0.21717803,0.8776137,0.21424632,0.22603847,12.35261,AVARAGE
60,0.79594433,-0.372482,0.13204736,1.7977365,,0.27676198,0.39638934,0.2032456,0.3751252,0.9855018,0.30196798,0.21704344,0.5702968,0.49926573,0.39417893,0.35706097,,0.49926573,0.39417893,0.2286768,0.08272704,0.43549263,-0.30196798,0.29715008,0.17524178,0.4291929,0.05942983,0.34489322,-0.14035332,0.35946247,0.18968235,0.15245324,0.35595208,0.40621513,0.73522526,3.1488185,1.9853747,3.9325533,,0.36098534,18.667885,0.4780753,0.3182683,0.8997015,0.3470742,0.3172599,19.187986,HEALTHY
61,0.93244565,-0.34105375,0.13093647,1.9955063,,0.3186129,0.42888826,0.2365825,0.433658,1.1637789,0.3441892,0.21695952,0.66770124,0.57339984,0.570845,0.4126368,,0.57339984,0.570845,0.25599125,0.10061729,0.5001333,-0.3441892,0.32832575,0.20862661,0.4620548,0.032808084,0.39648262,-0.17198291,0.4025221,0.23150514,0.143472,0.37245512,0.45524606,0.6791178,3.6050355,2.1637053,1.3888397,,0.4153439,21.416409,0.5251878,0.37564468,0.9479972,0.3759437,0.40807587,22.05447,AVARAGE
62,0.9219183,-0.3687854,0.12383383,2.148651,,0.27406734,0.39558494,0.2082062,0.38296467,1.1463089,0.33357665,0.19305284,0.56279516,0.4802286,0.21665736,0.36532834,,0.4802286,0.21665736,0.2480624,0.09811669,0.45630157,-0.33357665,0.27512062,0.17008892,0.41221747,0.03970648,0.35701615,-0.124681406,0.36540067,0.22453552,0.13817565,0.33097637,0.39713186,0.74359614,3.3990045,2.1460238,1.5495262,,0.3686795,25.691841,0.49018073,0.32552403,0.93868065,0.30489978,0.33336124,18.637596,HEALTHY
63,0.86597854,-0.366089,0.12904574,2.0478113,inf,0.27735177,0.3982738,0.20999962,0.3831067,1.0768971,0.3250505,0.20549965,0.5611989,0.49401578,0.2673464,0.36537713,,0.49401578,0.2673464,0.2425906,0.092951916,0.45772862,-0.3250505,0.28733996,0.17670819,0.4221408,0.043562856,0.3581667,-0.14527193,0.36093396,0.21097836,0.14481547,0.34441882,0.4214022,0.73045856,3.284096,2.076675,-2.48617,-inf,0.3704469,21.702255,0.49058232,0.32638246,0.9333039,0.33287075,0.34430498,19.067188,AVARAGE
64,0.6229077,-0.4345917,0.13185479,1.7844076,,0.17202087,0.31746182,0.13313004,0.24630544,0.77603316,0.2512548,0.1918875,0.3035136,0.2918088,-0.35140425,0.23599324,,0.2918088,-0.35140425,0.18895558,0.06849659,0.31756908,-0.2512548,0.18914825,0.08890628,0.33553872,0.091350324,0.24240804,-0.059548374,0.2499715,0.15346248,0.16357048,0.28691158,0.29723603,0.87460786,2.3861585,1.7758707,-0.021337094,,0.24398685,13.742257,0.38550428,0.19398384,0.8484155,0.21804665,0.16532126,11.450775,AVARAGE
65,0.90900344,-0.3945431,0.10436111,2.7022986,,0.22443382,0.39315602,0.1725154,0.33264327,1.1119311,0.3276266,0.16466747,0.4454655,0.39165142,-0.20972124,0.3185749,,0.39165142,-0.20972124,0.2516157,0.08730622,0.43878075,-0.3276266,0.26224825,0.15176535,0.3451644,0.06105453,0.3297973,-0.116402894,0.32274193,0.20271745,0.12075553,0.28209797,0.4056229,0.77030677,3.1881733,2.1114364,-0.33098292,,0.32709664,28.283276,0.48139945,0.26759577,0.898418,0.2639326,0.26058072,15.221251,AVARAGE
66,0.8225672,-0.39766648,0.11868998,2.1325498,,0.23086788,0.38142845,0.1719601,0.32691777,1.0254754,0.3013649,0.18762498,0.45196262,0.4015843,-0.02925204,0.3124489,,0.4015843,-0.02925204,0.22896363,0.083417915,0.40129143,-0.3013649,0.2521997,0.13638552,0.374121,0.07940186,0.3108525,-0.094239004,0.32373676,0.2031861,0.14328165,0.3082045,0.36167637,0.7993242,2.998099,2.0251906,-0.5684459,,0.3175523,22.898348,0.45893088,0.26912782,0.8655146,0.27417892,0.25132906,15.624097,HEALTHY
67,0.8008582,-0.4081308,0.11781372,2.1398757,,0.21366619,0.37227255,0.15806332,0.3045738,1.004041,0.29676896,0.18305145,0.40632203,0.36480346,-0.16430667,0.2914012,,0.36480346,-0.16430667,0.22477777,0.082616255,0.37969813,-0.29676896,0.22959597,0.114522696,0.36000058,0.09434358,0.2927213,-0.075094745,0.3006378,0.20331952,0.14638588,0.29837373,0.3475604,0.8337108,2.839979,2.0038152,0.6733801,,0.29752767,17.982777,0.4455185,0.25156042,0.8395886,0.2516972,0.22900888,14.283735,AVARAGE
68,0.99266493,-0.36303952,0.11510575,2.56379,,0.26868775,0.41901174,0.20351167,0.38455337,1.2422675,0.3559848,0.18349695,0.52530795,0.47010523,0.025160015,0.36804062,inf,0.47010523,0.025160015,0.26644492,0.1035707,0.48173478,-0.3559848,0.28027287,0.16968073,0.39881155,0.05006576,0.36988106,-0.13675977,0.3611439,0.24965282,0.1301462,0.32104683,0.44073302,0.73614734,3.4153557,2.242143,1.7295865,,0.37491152,22.555147,0.51557463,0.3252101,0.916543,0.31376824,0.3600824,18.253948,AVARAGE
69,0.72646445,-0.4149223,0.12502566,2.0250814,,0.200101,0.3515218,0.15141915,0.28556964,0.9097545,0.2858668,0.1880987,0.36232808,0.3405863,-0.25412062,0.27376392,,0.3405863,-0.25412062,0.2136292,0.08038788,0.36296588,-0.2858668,0.21226771,0.10548258,0.35455292,0.089464515,0.27821615,-0.070109285,0.2821213,0.18352132,0.15446797,0.29716137,0.33211246,0.84697664,2.6519046,1.9095796,0.19064993,-inf,0.2812935,15.818359,0.42720184,0.2327574,0.84852505,0.24634677,0.21295358,13.350541,
70,0.6877346,-0.42013508,0.12314782,1.9314648,,0.19706918,0.35179758,0.14714359,0.2794823,0.85830814,0.2726151,0.1900815,0.36566043,0.33999574,-0.20407549,0.26745027,,0.33999574,-0.20407549,0.20449612,0.07526285,0.35279608,-0.2726151,0.22212943,0.10821029,0.35104883,0.09676168,0.27092752,-0.074592866,0.27855626,0.1705593,0.15401393,0.295638,0.3256082,0.8482259,2.6119037,1.8579553,-1.6397015,,0.27470666,14.119906,0.42123765,0.22357926,0.8372651,0.24632668,0.19903302,13.265009,UNHEALTHY
71,0.9858542,-0.36880958,0.10787933,2.6502213,,0.2657144,0.42700666,0.19700274,0.3803395,1.2166649,0.3521064,0.17842416,0.5462075,0.46556252,0.09558212,0.36260593,inf,0.46556252,0.09558212,0.26498696,0.100029044,0.4776011,-0.3521064,0.2944112,0.17289698,0.39095876,0.06119584,0.36493197,-0.13780381,0.35631472,0.23089278,0.12525326,0.31320003,0.43419474,0.7390399,3.4832795,2.2165632,-0.96963775,-inf,0.369294,31.597723,0.51785314,0.31893045,0.89925796,0.29656956,0.34615302,18.06977,AVARAGE
72,0.9190729,-0.3763522,0.10991483,2.515912,inf,0.25185728,0.41725603,0.18726903,0.362533,1.1257958,0.3349625,0.18167795,0.51392424,0.44491303,-0.006839062,0.3465671,,0.44491303,-0.006839062,0.2564615,0.089996554,0.46030757,-0.3349625,0.29248434,0.1690341,0.38075405,0.067303546,0.35114387,-0.13538419,0.34190235,0.20686327,0.12893014,0.31213307,0.43420365,0.7412748,3.3029473,2.1257026,0.18776506,-inf,0.35407513,22.813066,0.5037853,0.2995142,0.88458514,0.30071226,0.32483286,17.219349,UNHEALTHY
73,0.8926303,-0.37819985,0.12685637,2.318175,,0.25307816,0.39215073,0.19180588,0.35448888,1.1096742,0.3271618,0.19753288,0.4780263,0.4424583,0.04828283,0.33915097,,0.4424583,0.04828283,0.24695069,0.09183424,0.43744045,-0.3271618,0.25576636,0.14731327,0.40054697,0.0625761,0.33822706,-0.11470512,0.33984,0.21726549,0.14749356,0.32932884,0.40474308,0.77800167,3.1090384,2.109602,3.0263314,,0.3457172,18.597956,0.48109305,0.29791814,0.89649767,0.3119129,0.3183373,17.184782,AVARAGE
74,1.140083,-0.36001492,0.102117784,2.8605297,,0.28047842,0.44302225,0.20678714,0.40503082,1.3951668,0.37339115,0.16863027,0.64408237,0.48400503,0.16452718,0.3866173,,0.48400503,0.16452718,0.28432208,0.1064884,0.49631837,-0.37339115,0.30596107,0.18255153,0.3976812,0.053924777,0.3821777,-0.12049379,0.38193247,0.25527427,0.11723966,0.31263724,0.42475677,0.73228973,3.9592524,2.3949373,-0.22211424,,0.38860783,27.426598,0.535474,0.34013367,0.91183037,0.2617336,0.35394013,18.882425,AVARAGE
75,0.78155106,-0.43305746,0.109480806,2.58108,,0.17603095,0.34450915,0.13509817,0.26163214,0.96465087,0.29559112,0.1607164,0.31980708,0.2922085,-0.41800404,0.25054294,,0.2922085,-0.41800404,0.22527762,0.0794282,0.35566407,-0.29559112,0.18803294,0.0866062,0.31183726,0.09373606,0.2644924,-0.045636557,0.26201352,0.18318515,0.13585158,0.26048577,0.32468486,0.88174987,2.6325626,1.9643563,-1.0466115,,0.26011926,19.926796,0.42217633,0.2075397,0.8403276,0.2064423,0.12664674,11.553734,HEALTHY
76,1.2121913,-0.3453069,0.09960957,3.3023672,,0.28920323,0.46499133,0.21742433,0.42353544,1.4712001,0.39531153,0.16806704,0.672545,0.5066687,0.14396141,0.40453678,,0.5066687,0.14396141,0.30234388,0.11067041,0.5430413,-0.39531153,0.33396497,0.21098499,0.39936402,0.03392909,0.4095593,-0.15867034,0.39347416,0.25912026,0.110202745,0.3158041,0.4830598,0.68072903,4.163964,2.4711528,-1.501212,,0.40974146,27.009495,0.56704473,0.35165507,0.9499399,0.28327072,0.431805,19.664248,AVARAGE
77,1.0325737,-0.37041253,0.106810115,2.930856,inf,0.25850204,0.4216966,0.19650398,0.3757133,1.2600597,0.35851213,0.17234395,0.5444564,0.45316353,-0.012564175,0.35900474,,0.45316353,-0.012564175,0.27440637,0.09780459,0.48545122,-0.35851213,0.28657734,0.17335686,0.37893412,0.048511025,0.36649397,-0.13850094,0.35284784,0.22769918,0.12045774,0.3065877,0.451321,0.7377414,3.5198765,2.2600386,1.8438308,-inf,0.36683956,29.72595,0.5180072,0.3113113,0.9227176,0.28963912,0.34873915,17.584032,AVARAGE
78,1.1975471,-0.35043496,0.094855055,3.3838053,,0.28285384,0.45845827,0.21573435,0.41934952,1.4449831,0.3906253,0.1603544,0.66084933,0.49906898,0.07432517,0.40122822,,0.49906898,0.07432517,0.30243888,0.10545176,0.5431908,-0.3906253,0.33628884,0.21699436,0.38430285,0.02371206,0.4081102,-0.16454038,0.39089334,0.24744977,0.101496115,0.30387795,0.49004865,0.6721699,4.1720476,2.4447908,0.48260516,,0.40631485,22.269722,0.56264967,0.34289417,0.9675352,0.28241828,0.38481435,19.322739,HEALTHY
79,0.9316538,-0.3865967,0.10294292,2.6975453,,0.23392616,0.40925696,0.17760685,0.34632736,1.1411225,0.33433473,0.16702785,0.4768194,0.41003484,-0.18070553,0.33229217,,0.41003484,-0.18070553,0.25789285,0.088491835,0.45195282,-0.33433473,0.28061152,0.1617585,0.35397118,0.06515527,0.34133494,-0.123441696,0.3307145,0.20940824,0.12008234,0.28927985,0.42256603,0.7558119,3.313387,2.1408854,33.559757,,0.3397706,27.473347,0.49630362,0.2792285,0.8890769,0.27445662,0.30634505,15.91191,AVARAGE
80,0.9165542,-0.34439886,0.13447872,1.9301249,,0.31934083,0.41874918,0.2397609,0.4316656,1.1373008,0.3342087,0.22091067,0.6926151,0.5786786,0.6661545,0.41026133,,0.5786786,0.6661545,0.25044906,0.09572047,0.49282858,-0.3342087,0.3278124,0.2121884,0.46404192,0.022703664,0.3918836,-0.17439257,0.4032793,0.22086817,0.14472081,0.37686428,0.44900498,0.67903566,3.624955,2.1370907,0.26678762,,0.41206408,23.127138,0.51509094,0.37219557,0.9691558,0.377483,0.3936953,22.206863,HEALTHY
81,0.93202657,-0.3425358,0.13212289,2.0804393,,0.30771384,0.41813093,0.2370488,0.4258139,1.1601335,0.3439045,0.21252955,0.6523352,0.555546,0.4250915,0.40625265,,0.555546,0.4250915,0.2565523,0.09935122,0.5036484,-0.3439045,0.32136637,0.2124433,0.448111,0.014939145,0.39529514,-0.17810322,0.3959227,0.22815037,0.14042664,0.3638393,0.46283585,0.67406815,3.6168957,2.159967,0.13825378,,0.40985063,19.450247,0.52044976,0.36090457,0.98383856,0.36747828,0.41191223,21.345179,HEALTHY
82,1.0477179,-0.35276514,0.11399919,2.497028,,0.2888239,0.41974887,0.22371015,0.4146308,1.2838582,0.36065692,0.18072487,0.6580807,0.5099468,0.21148296,0.39640498,,0.5099468,0.21148296,0.27316472,0.102176666,0.50464785,-0.36065692,0.30822363,0.2039722,0.40920335,0.013035411,0.39062873,-0.15000246,0.38893962,0.23620749,0.12041226,0.3267209,0.4438521,0.692336,3.8767896,2.2835667,4.926055,-inf,0.39869365,29.580702,0.52387595,0.34567535,0.98818266,0.2986856,0.38131422,19.739971,HEALTHY
83,1.075035,-0.3444397,0.11922111,2.606685,,0.30230033,0.4242658,0.23419434,0.42702815,1.3280714,0.3727995,0.18795523,0.65662456,0.5338363,0.33806217,0.40665066,inf,0.5338363,0.33806217,0.2790072,0.10896098,0.5181826,-0.3727995,0.30207253,0.20195967,0.42702237,0.010054636,0.40107685,-0.16093539,0.39515367,0.2531786,0.12476203,0.33884948,0.4615014,0.6922204,3.8475835,2.3280056,0.029556142,,0.41078562,27.263287,0.53337324,0.363994,0.99577695,0.32340103,0.41420493,20.663347,AVARAGE
84,0.9712792,-0.36756155,0.11877814,2.5852695,,0.26627064,0.40087253,0.20787467,0.38109228,1.1987807,0.34442466,0.18570794,0.54446214,0.4725903,0.09432099,0.3644559,,0.4725903,0.09432099,0.25938296,0.098089844,0.47729242,-0.34442466,0.2806865,0.18024956,0.39477566,0.025965702,0.3656403,-0.14597759,0.36051095,0.22768149,0.12853034,0.31906494,0.43228325,0.7273273,3.4821274,2.1987047,-0.92672485,,0.37040094,19.354383,0.50143754,0.31512123,0.9647965,0.31064332,0.32475215,18.261824,AVARAGE
85,0.92726296,-0.37194824,0.11481406,2.4796202,,0.25024915,0.4036046,0.19407582,0.36464068,1.1271907,0.33620554,0.18152057,0.50389415,0.443488,-0.108133145,0.34980738,,0.443488,-0.108133145,0.259156,0.08816953,0.46811372,-0.33620554,0.2833866,0.17523065,0.3784499,0.04231685,0.35655603,-0.14549561,0.3442584,0.19993241,0.12821731,0.31224522,0.44673648,0.72769976,3.3054614,2.1270223,-1.1531814,,0.35782987,22.647583,0.49897406,0.29860708,0.9306986,0.30710158,0.33960837,17.146084,AVARAGE
86,0.7765259,-0.40682548,0.119841754,2.0649357,,0.21265252,0.3704253,0.16101117,0.30569798,0.92588913,0.2793395,0.18986392,0.4539952,0.37553245,-0.13867301,0.2929393,,0.37553245,-0.13867301,0.22176677,0.06561446,0.38398683,-0.2793395,0.25789723,0.13961463,0.35801458,0.079001315,0.2950009,-0.10199815,0.30482024,0.14950626,0.14539878,0.30627316,0.367448,0.8000905,2.9031103,1.9256713,1.0933009,,0.29865932,18.21949,0.44216707,0.24028495,0.8688887,0.26348296,0.235201,14.535555,HEALTHY
87,1.1215471,-0.34269682,0.106296815,2.696468,,0.30614886,0.46144295,0.22665012,0.43648174,1.3509427,0.36960497,0.18497625,0.74615365,0.5452112,0.3737805,0.41606572,,0.5452112,0.3737805,0.28565064,0.0991146,0.5279536,-0.36960497,0.35528335,0.22272556,0.4241728,0.03657895,0.40846184,-0.17130324,0.4038099,0.22959948,0.11805354,0.3403203,0.47908,0.6691741,4.123376,2.3508992,2.7889168,-inf,0.4179127,28.271807,0.5552072,0.3648361,0.94690675,0.30618072,0.39670163,21.04407,
88,1.0577856,-0.35415602,0.10964969,2.578016,,0.28866187,0.43528304,0.21911953,0.41413596,1.2790821,0.3554295,0.18216915,0.6833203,0.51326656,0.26294374,0.3951882,,0.51326656,0.26294374,0.27396837,0.09581538,0.50596535,-0.3554295,0.3300491,0.21114224,0.40820402,0.027055778,0.3901821,-0.15657452,0.39047527,0.22131123,0.11957704,0.32887265,0.4523743,0.68630356,3.920616,2.2788498,-0.7967396,,0.3976021,31.306667,0.5315392,0.34174132,0.9639194,0.2985395,0.37686017,19.821302,HEALTHY
89,0.9310788,-0.38318554,0.11492744,2.4279954,,0.24149959,0.39213428,0.1859271,0.3508033,1.1358078,0.32696462,0.17868614,0.5241122,0.42084387,-0.06941088,0.33612952,,0.42084387,-0.06941088,0.2506632,0.08868083,0.44178948,-0.32696462,0.26894253,0.16153663,0.37326843,0.04846937,0.33803028,-0.11428067,0.33554786,0.2048602,0.13180652,0.30558205,0.40117958,0.76025707,3.3863533,2.1356127,-0.17512009,,0.34107682,19.038204,0.48194095,0.2860616,0.92447126,0.26294547,0.31693587,16.362898,HEALTHY
90,1.0694084,-0.3575844,0.10645668,2.8057318,,0.2779128,0.4387332,0.2100683,0.40273038,1.2987448,0.36075494,0.17862849,0.63955796,0.49373865,0.13200471,0.3856041,,0.49373865,0.13200471,0.27777568,0.09769703,0.504767,-0.36075494,0.3235557,0.20115942,0.3965234,0.038934413,0.3857768,-0.15021735,0.37916178,0.22950526,0.11864108,0.32059896,0.45777115,0.7008006,3.8553267,2.298602,1.7547632,,0.3896376,21.91747,0.53393894,0.32936248,0.9415113,0.29759732,0.38689208,19.072735,
91,1.066312,-0.3543171,0.10870304,2.86441,,0.27585223,0.435767,0.2124637,0.40293777,1.2916745,0.363779,0.17900857,0.6106769,0.49140957,0.047391888,0.38628718,,0.49140957,0.047391888,0.28153828,0.096586905,0.51387733,-0.363779,0.32060885,0.20564559,0.39443782,0.027929816,0.39034465,-0.16272153,0.37725636,0.22553468,0.11861142,0.32044154,0.4781021,0.68643546,3.7985768,2.2915943,0.036396276,,0.391911,22.907263,0.53640205,0.3284619,0.9604922,0.31048355,0.3839914,18.96547,HEALTHY
92,0.93813413,-0.36210027,0.10501559,2.4630675,,0.26240817,0.44539535,0.19569628,0.38436273,1.133038,0.3384459,0.18367848,0.5807072,0.47264442,-0.021075523,0.36880144,,0.47264442,-0.021075523,0.26357278,0.08547827,0.4904866,-0.3384459,0.34356454,0.20349857,0.38528225,0.064249314,0.37384984,-0.16620775,0.36154795,0.19498537,0.122900136,0.31957173,0.47160733,0.6892883,3.5496159,2.1329064,0.40648982,,0.37532273,26.5689,0.5301636,0.30739212,0.88924587,0.3153108,0.3725728,18.17436,HEALTHY
93,0.97390234,-0.3730171,0.11447958,2.510647,,0.26075605,0.40972772,0.19755186,0.37333786,1.1989245,0.34044752,0.1825501,0.5507174,0.455588,0.08565288,0.3566048,,0.455588,0.08565288,0.25742924,0.095761985,0.46164745,-0.34044752,0.28328946,0.16975689,0.3918759,0.050884366,0.35518685,-0.12784135,0.3571056,0.22510856,0.13116382,0.3159046,0.40990117,0.7476368,3.4917722,2.1986125,-0.06096318,,0.36103246,27.295395,0.5009234,0.30929637,0.91832143,0.28312823,0.32531062,17.698177,
94,0.9583191,-0.34107158,0.11768026,2.2251163,,0.3017852,0.44891804,0.22460511,0.42625126,1.1855793,0.35068583,0.2022354,0.65586615,0.54540914,0.30255243,0.4072765,inf,0.54540914,0.30255243,0.26378676,0.098798,0.5155931,-0.35068583,0.3528563,0.22068232,0.4329419,0.04089566,0.4011132,-0.18733141,0.3941128,0.22742264,0.13117148,0.35112038,0.48014012,0.66020733,3.7267191,2.18556,-0.9878779,-inf,0.41165537,29.836536,0.54256946,0.35600343,0.9316111,0.3531659,0.42241225,20.948784,
95,1.3163418,-0.35976592,0.09073225,4.1388745,inf,0.25574508,0.45456466,0.19829173,0.3906701,1.6037363,0.41974813,0.14249447,0.542242,0.43427026,-0.19580759,0.3738329,,0.43427026,-0.19580759,0.31722,0.122878164,0.5407126,-0.41974813,0.28240708,0.1782642,0.35589322,0.034058347,0.39467475,-0.13038968,0.36888027,0.28756613,0.100169115,0.27479967,0.46091872,0.72441596,4.066275,2.6037097,-0.8230239,-inf,0.3831014,18.92053,0.5650446,0.3203679,0.94710314,0.23986083,0.39509204,17.036459,HEALTHY
96,1.0061047,-0.3452285,0.11811918,2.3767488,,0.29868597,0.43830454,0.22505684,0.42197165,1.2382716,0.35703298,0.19634454,0.66243714,0.5334094,0.3122414,0.40289932,inf,0.5334094,0.3122414,0.2687708,0.10173102,0.51023406,-0.35703298,0.33164474,0.21039547,0.42876595,0.031845,0.39624828,-0.16761443,0.39113212,0.23232293,0.13010366,0.34488803,0.46233386,0.68169206,3.8011763,2.238193,-2.452413,,0.40644634,23.58957,0.5361719,0.35402903,0.9518892,0.33058286,0.40965095,20.56937,AVARAGE
97,1.2119263,-0.35747886,0.09367386,3.4421706,,0.2713924,0.4525079,0.20691589,0.40557933,1.4611298,0.3910627,0.15513852,0.648948,0.47244224,-0.006514565,0.3884267,,0.47244224,-0.006514565,0.3010209,0.10762481,0.52848387,-0.3910627,0.31945458,0.20111848,0.37412372,0.032208238,0.39616182,-0.14383799,0.37967217,0.24937792,0.102770664,0.29485157,0.46441028,0.70213294,4.1611414,2.4609413,-8.459931,,0.3931317,24.60129,0.55436325,0.3307918,0.9526965,0.25180402,0.37337336,18.375898,
98,0.5757036,-0.450115,0.12228032,1.8601413,,0.14579351,0.30937776,0.115728155,0.21902439,0.70242304,0.23382732,0.17809643,0.26115346,0.24975392,-0.5068846,0.21003817,,0.24975392,-0.5068846,0.18189259,0.057174142,0.30221376,-0.23382732,0.19225223,0.08987599,0.2983253,0.09331091,0.22458625,-0.058750957,0.23024651,0.1268637,0.15255497,0.26111203,0.29468012,0.8743931,2.2924383,1.7021772,-3.089247,,0.2196869,15.197307,0.37335938,0.15888312,0.84039104,0.19795893,0.12632354,9.767878,HEALTHY
99,0.99974364,-0.35996518,0.10683297,2.592271,,0.2655204,0.43783006,0.20093785,0.38977253,1.2182705,0.3522839,0.17843571,0.58461624,0.46968338,-0.018396836,0.37374368,,0.46968338,-0.018396836,0.27011797,0.09535259,0.4961498,-0.3522839,0.32449776,0.19872028,0.3879007,0.048277393,0.37777588,-0.15261406,0.3669614,0.21859483,0.12241778,0.31476548,0.45534298,0.6966015,3.6887717,2.218137,-0.16040221,,0.37918863,27.49528,0.53020585,0.31603926,0.92037624,0.2944361,0.37615782,18.169693,
100,1.1113747,-0.34226206,0.12691863,2.6805406,,0.30548188,0.4134547,0.24040246,0.42768458,1.363743,0.3802568,0.19178236,0.632725,0.5337863,0.33194587,0.40762848,,0.5337863,0.33194587,0.2875504,0.10824308,0.51652896,-0.3802568,0.27592063,0.18891782,0.43704826,0.004017812,0.40111652,-0.14939132,0.39817217,0.2524338,0.13158122,0.3480812,0.4624746,0.70663476,3.7490628,2.3636324,0.46453258,,0.41210067,23.38217,0.5284801,0.37206963,1.008711,0.3337322,0.4177905,20.736067,UNHEALTHY
101,1.2990804,-0.32869062,0.11081862,3.2364414,,0.31515542,0.44490445,0.2473303,0.45475203,1.5897912,0.41962248,0.16981654,0.697565,0.5450072,0.2729573,0.4339057,,0.5450072,0.2729573,0.31591302,0.123868115,0.56360954,-0.41962248,0.2974822,0.2101187,0.42649,-0.011611595,0.4316044,-0.15781279,0.4190525,0.29091066,0.11135074,0.32892516,0.4826884,0.6756154,4.311587,2.5897913,0.0351816,-inf,0.43728408,24.937767,0.56817895,0.39143854,1.0397527,0.29818025,0.46590298,21.247353,AVARAGE
102,1.0927911,-0.34328523,0.1133391,2.7413068,inf,0.29859576,0.43365243,0.23119235,0.4274462,1.3295522,0.3753329,0.18267763,0.6662782,0.5307037,0.2675062,0.40767005,inf,0.5307037,0.2675062,0.2868602,0.10324822,0.5293112,-0.3753329,0.3174619,0.2121923,0.41669583,0.009835545,0.40639517,-0.16859582,0.39667696,0.2368681,0.11810513,0.3342798,0.48241442,0.6746763,3.8939505,2.3295298,-0.15861754,-inf,0.4127375,31.052216,0.5428324,0.35877818,0.99349827,0.32567775,0.41945136,20.498343,AVARAGE
103,0.8781302,-0.4136083,0.11962581,2.713354,,0.20311609,0.33908302,0.16169153,0.29532704,1.0740108,0.31604126,0.16839273,0.3816578,0.34094846,-0.25685367,0.28204343,,0.34094846,-0.25685367,0.24157766,0.08528619,0.3891361,-0.31604126,0.18490738,0.10315223,0.34036538,0.0532775,0.29212597,-0.067993395,0.2888554,0.19610883,0.1372901,0.28087628,0.3564945,0.8548436,2.849168,2.0738668,1.0922095,,0.29087844,18.761793,0.43291503,0.24152847,0.9164359,0.23229857,0.22334711,13.428619,UNHEALTHY
104,0.6629642,-0.43366918,0.13231191,1.9849188,,0.17597929,0.30912372,0.13976301,0.2526442,0.8062515,0.2558502,0.18897767,0.32062942,0.30188704,-0.3187771,0.24198884,,0.30188704,-0.3187771,0.19915317,0.063361324,0.3271535,-0.2558502,0.1853345,0.09463383,0.33378863,0.07158808,0.24880147,-0.062925935,0.2596039,0.14347546,0.15785791,0.2876136,0.31341597,0.8700432,2.4447708,1.8060815,-0.08693515,,0.24990685,13.022932,0.38473332,0.19550978,0.88076955,0.23086543,0.1666801,11.800633,AVARAGE
105,1.017389,-0.35213664,0.10804895,2.559147,,0.28540888,0.4432134,0.21459214,0.41155463,1.2298775,0.353378,0.18450476,0.64856213,0.51227134,0.18134503,0.39366603,,0.51227134,0.18134503,0.27386132,0.09280449,0.51044846,-0.353378,0.34211722,0.2150499,0.40493256,0.036631614,0.39219818,-0.17002423,0.3842297,0.2125935,0.11955576,0.32882875,0.4753196,0.67249817,3.8117723,2.2297196,0.09640086,,0.39785188,31.809269,0.53780746,0.33813024,0.9403574,0.32002023,0.38960648,19.720884,AVARAGE
106,0.9424043,-0.37062556,0.11558294,2.2980099,,0.2658828,0.40893665,0.20110965,0.3792249,1.1431643,0.32937798,0.18701312,0.5881784,0.47095817,0.12417104,0.3625963,,0.47095817,0.12417104,0.2546665,0.08700831,0.46207044,-0.32937798,0.29918197,0.18311536,0.39639845,0.04433826,0.3582595,-0.13596202,0.36179563,0.20086105,0.13053203,0.32391822,0.42216638,0.7262791,3.5119681,2.1429887,0.8291476,,0.36615023,25.670311,0.4986157,0.31370074,0.9289046,0.2966662,0.32818466,18.21123,
107,1.1835861,-0.32390672,0.10345747,2.7938695,,0.32555944,0.48662615,0.24076086,0.46730953,1.4301331,0.3911921,0.18509859,0.8163071,0.582528,0.43103683,0.44612896,,0.582528,0.43103683,0.3013641,0.106531315,0.5674862,-0.3911921,0.38887894,0.24963872,0.43770733,0.02504058,0.43814653,-0.18789959,0.42981467,0.24665147,0.11217482,0.34855816,0.5101351,0.62516695,4.43811,2.430086,-3.8089113,,0.4471279,30.773037,0.58694625,0.3892417,0.96275806,0.31855166,0.47047463,22.448904,
108,1.0252184,-0.35135892,0.102897756,2.570708,,0.2812529,0.4526769,0.21197324,0.41184422,1.2410257,0.35519832,0.17888184,0.6727981,0.5055839,0.11570514,0.3947139,,0.5055839,0.11570514,0.27389616,0.094689615,0.5169196,-0.35519832,0.3583114,0.22417729,0.3956344,0.03816826,0.3952482,-0.17068805,0.38535622,0.21586658,0.1143951,0.32104817,0.47376838,0.66296524,3.9476,2.2408254,-0.1455569,,0.39838243,26.524122,0.54558593,0.33160084,0.93752074,0.3012614,0.3947686,19.453827,AVARAGE
109,1.0117261,-0.35489234,0.11641637,2.4981792,inf,0.2809539,0.42006558,0.21676663,0.40221316,1.23957,0.35704377,0.18487898,0.59768564,0.49575362,0.12641543,0.3845931,,0.49575362,0.12641543,0.2707853,0.09958894,0.49795368,-0.35704377,0.2998741,0.19330774,0.40735832,0.026942886,0.38347706,-0.15354156,0.37522337,0.2280735,0.12641786,0.32797286,0.45502007,0.701595,3.6439552,2.2395303,-1.7376977,-inf,0.389835,25.286755,0.5220179,0.33828324,0.9622925,0.31214038,0.38576964,19.19487,
110,0.7758398,-0.4128653,0.1166483,2.1548977,,0.20437688,0.3643707,0.15579511,0.2969944,0.93716234,0.28367397,0.18113655,0.43969905,0.35501683,-0.18458635,0.284325,,0.35501683,-0.18458635,0.221358,0.070781216,0.37815183,-0.28367397,0.24528575,0.13110147,0.34652743,0.07927417,0.28833878,-0.08147067,0.2997743,0.16146025,0.14218526,0.2931475,0.34693235,0.8142509,2.9162793,1.936801,0.2843917,,0.29002738,18.165283,0.43836254,0.23203556,0.86892927,0.23730658,0.22009975,13.818798,AVARAGE
111,0.74933267,-0.4055298,0.118739404,2.1501231,,0.21300596,0.36659998,0.1644606,0.30789644,0.9099242,0.28506994,0.18619968,0.4174497,0.3800235,-0.18427283,0.29516733,,0.3800235,-0.18427283,0.22196975,0.0708358,0.39692703,-0.28506994,0.25608432,0.14516465,0.35216463,0.067043275,0.30221295,-0.11625947,0.30314514,0.16077569,0.13918835,0.29857898,0.38707852,0.78024423,2.8427615,1.9097551,0.5237758,,0.30347314,19.175646,0.44583175,0.24456845,0.88682044,0.2794533,0.22884865,14.659483,AVARAGE
112,0.92851245,-0.37611952,0.10466216,2.6617606,,0.24537028,0.43542978,0.18218227,0.36055085,1.1166363,0.33134416,0.18066573,0.54999757,0.4386556,-0.04582776,0.34469637,,0.4386556,-0.04582776,0.25920233,0.0829192,0.46980238,-0.33134416,0.3245641,0.18646109,0.3713272,0.07427214,0.35373265,-0.14477935,0.3448826,0.1883513,0.12596469,0.30925474,0.44853246,0.7169449,3.4257405,2.1165652,-0.9292956,inf,0.3524349,20.539515,0.51637954,0.2858272,0.87257856,0.28761452,0.3318716,16.909794,AVARAGE
113,1.2258843,-0.3408916,0.09968669,3.3298159,inf,0.30548507,0.47251463,0.22684038,0.4399424,1.4824978,0.39597097,0.17263938,0.7310471,0.53939927,0.36344436,0.4184059,inf,0.53939927,0.36344436,0.30414346,0.10982684,0.55151165,-0.39597097,0.34928775,0.22313023,0.41433236,0.029686425,0.4183794,-0.16740915,0.4074189,0.256677,0.10885225,0.32576048,0.49066395,0.66169375,4.2960496,2.4824257,-0.69655097,-inf,0.42240545,26.555174,0.5741192,0.37027994,0.95762235,0.2918686,0.41480258,20.880291,HEALTHY
114,0.75431293,-0.42554322,0.11631918,2.2837026,,0.18999635,0.34734544,0.14668931,0.27723688,0.9285173,0.28056395,0.17502661,0.39372814,0.32528064,-0.23338231,0.26483306,,0.32528064,-0.23338231,0.21287805,0.076587506,0.36025265,-0.28056395,0.21817645,0.11325585,0.3318314,0.079208456,0.27168036,-0.0632255,0.2822413,0.17442398,0.14186603,0.27737516,0.31750324,0.8418369,2.8090553,1.9281731,-16.012749,-inf,0.27135906,16.690105,0.4224525,0.21615861,0.8693702,0.21148224,0.18574753,12.724345,AVARAGE
115,1.0361122,-0.34881127,0.10669769,2.503239,,0.2936295,0.45198488,0.21911792,0.42245668,1.2650177,0.3587702,0.1842316,0.689022,0.52389985,0.24766164,0.4043812,,0.52389985,0.24766164,0.27365273,0.09896015,0.5145619,-0.3587702,0.35219386,0.21982118,0.4130026,0.039218854,0.39788824,-0.16072077,0.39622205,0.22864789,0.1194084,0.33130217,0.45728117,0.6714082,3.9766746,2.264429,0.09860461,,0.40582252,31.968039,0.5451261,0.34678635,0.9371466,0.30777714,0.3805279,20.208582,AVARAGE
116,0.9367097,-0.36601388,0.11567226,2.25259,inf,0.27383253,0.4189769,0.20514208,0.38876256,1.1576933,0.33374673,0.19079381,0.60726476,0.48547754,0.20277259,0.37168023,,0.48547754,0.20277259,0.25114682,0.09464969,0.4689463,-0.33374673,0.3117716,0.18870658,0.40616804,0.04884655,0.36451504,-0.13596934,0.373827,0.22101879,0.13234761,0.32840574,0.41107684,0.7228408,3.6008446,2.157335,0.1434408,-inf,0.37385488,23.55689,0.5074601,0.31923783,0.92249405,0.29936275,0.33686858,18.767075,
117,1.3072811,-0.35537812,0.089312136,3.9917672,,0.27024364,0.46750835,0.20537762,0.40715665,1.585241,0.41162527,0.14863239,0.6330072,0.46560967,-0.03906399,0.3896462,inf,0.46560967,-0.03906399,0.31526172,0.11544937,0.5438646,-0.41162527,0.31637394,0.19685602,0.36983874,0.038113985,0.4021115,-0.14227195,0.3818452,0.2780768,0.09960821,0.2876128,0.4746824,0.70903426,4.296458,2.5851638,-0.4840687,,0.3954131,20.039438,0.57098556,0.3322585,0.9455566,0.24180782,0.39209542,18.174799,
118,1.2109892,-0.3810282,0.080413096,4.0196176,,0.23793796,0.45206574,0.18184385,0.36932498,1.4455246,0.3812628,0.13687512,0.58219236,0.41324311,-0.2103646,0.35460562,,0.41324311,-0.2103646,0.30042845,0.09786842,0.51019824,-0.3812628,0.32057923,0.19293451,0.32941812,0.049853932,0.37257928,-0.12949447,0.35606518,0.23464982,0.091548055,0.26078644,0.45164064,0.71987206,4.141711,2.445135,-1.1497597,,0.3607675,15.904006,0.545175,0.28761947,0.9198806,0.21541274,0.17565162,16.085287,
119,1.2500619,-0.35167295,0.09645267,3.4519606,0.2594169,0.27112803,0.46392348,0.20464873,0.40671644,1.5073549,0.3970697,0.15998863,0.6387543,0.46693486,-0.066273086,0.39067,inf,0.46693486,-0.066273086,0.30507055,0.11064103,0.5307182,-0.3970697,0.32338032,0.19941522,0.38207135,0.043297105,0.39788195,-0.1368708,0.3820075,0.25755987,0.110943384,0.3007447,0.45980746,0.7012269,4.2389064,2.5072834,0.64351594,0.7845283,0.39446262,23.887642,0.5628212,0.33081183,0.932123,0.24491379,0.4095885,18.22949,
120,0.5467414,-0.44123223,0.15501899,1.4549438,inf,0.1683839,0.28180924,0.130488,0.22982815,0.69120085,0.23232572,0.21397962,0.2755491,0.2796204,-0.29690176,0.22040614,,0.2796204,-0.29690176,0.17224273,0.0652571,0.2807196,-0.23232572,0.15368909,0.06621232,0.3584981,0.08767301,0.21951528,-0.029368935,0.24200088,0.14462613,0.19014168,0.3094871,0.2534007,0.913734,2.158896,1.6909866,-3.6257615,-inf,0.22660212,8.703466,0.35030138,0.18426336,0.8499737,0.21850246,0.1403487,11.055263,AVARAGE
121,0.8182301,-0.36540523,0.13317545,2.0057886,inf,0.27643654,0.3968777,0.20803906,0.37920898,1.0053918,0.31694213,0.21467568,0.5483259,0.5010478,0.277857,0.36199924,inf,0.5010478,0.277857,0.24157767,0.08407389,0.4573888,-0.31694213,0.29348958,0.18008526,0.42505512,0.04565656,0.35727698,-0.15661162,0.3562841,0.18726224,0.14864187,0.35567272,0.44568247,0.71928275,3.1224978,2.0053408,0.4536332,-inf,0.3691301,21.654125,0.48871836,0.32154548,0.9212087,0.36691663,0.3498623,19.226469,AVARAGE
122,1.0654985,-0.35126856,0.11584946,2.70391,,0.29602292,0.424204,0.2241411,0.41728243,1.315484,0.3731052,0.18439786,0.6091255,0.5196574,0.2832832,0.39780167,,0.51966554,0.2832832,0.2794646,0.10865527,0.5091925,-0.3731052,0.29332554,0.18910068,0.42049634,0.025281543,0.3935782,-0.14818895,0.3881665,0.250001,0.12450601,0.3324156,0.45098206,0.7089969,3.709313,2.3152976,0.25495768,,0.40267542,23.40236,0.53036034,0.35899365,0.9616127,0.32491997,0.3767205,20.155096,UNHEALTHY
123,0.8447813,-0.40597722,0.129306,2.53027,,0.21432811,0.33848116,0.16899088,0.30289844,1.0586257,0.3218981,0.18125476,0.35410082,0.35992777,-0.2078931,0.2898454,,0.35992777,-0.2078931,0.23826756,0.09389369,0.39124712,-0.3218981,0.17507331,0.09462043,0.36263624,0.058609545,0.29747117,-0.06692448,0.29362476,0.21401548,0.14834395,0.2972569,0.35349908,0.8634649,2.7103848,2.0585017,-0.18867782,-inf,0.2996669,14.403062,0.4351465,0.25708234,0.90383863,0.26296481,0.24008957,14.173967,
124,0.7511053,-0.41095936,0.123727545,2.1134427,,0.20756209,0.34971967,0.15866211,0.2965661,0.9345105,0.29012004,0.18545273,0.37623304,0.35841563,-0.20611344,0.28411397,,0.35841563,-0.20611344,0.21872097,0.08017244,0.37661332,-0.29012004,0.2184298,0.116088174,0.35478747,0.07379473,0.28870174,-0.0808093,0.29450884,0.18353985,0.14726153,0.29576612,0.34464586,0.8320699,2.7256777,1.9343033,9.877558,,0.29180652,16.36524,0.43098885,0.24035956,0.873815,0.2609504,0.22020604,13.979868,AVARAGE
125,0.69864285,-0.41573843,0.114647456,2.0259252,,0.19768555,0.37106025,0.14659135,0.2864632,0.8438346,0.27336302,0.1850735,0.38363183,0.3491586,-0.26639816,0.27477315,,0.3491586,-0.26639816,0.21483006,0.06524439,0.37169015,-0.27336302,0.25373375,0.12828946,0.34133872,0.099894315,0.28285047,-0.09973023,0.27997252,0.14536613,0.14369461,0.2934939,0.3722099,0.80682516,2.673669,1.8436577,-3.7303178,,0.2835284,18.992195,0.4383762,0.22733225,0.8272011,0.2648848,0.210854,13.5138035,HEALTHY
126,0.8384452,-0.39486977,0.11720018,2.187303,,0.22716644,0.38746592,0.16999002,0.32636532,1.0165642,0.3048912,0.18601304,0.47334647,0.39508477,-0.11385076,0.31256267,,0.39508477,-0.11385076,0.23583874,0.07884217,0.4091506,-0.3048912,0.26200208,0.143445,0.36954334,0.078664295,0.3144254,-0.102051005,0.31733838,0.17825319,0.14241265,0.30876917,0.38004157,0.78592664,3.0647118,2.0163562,-0.123828836,,0.3184851,18.5566,0.46543348,0.26669776,0.8676962,0.26411173,0.27120423,15.371856,AVARAGE
127,0.5322084,-0.46454147,0.13291335,1.5675416,,0.13391659,0.2881468,0.103029855,0.19360165,0.6625595,0.21827225,0.18793146,0.23648748,0.21316937,-0.4879752,0.18552011,,0.21316937,-0.4879752,0.1645024,0.058902,0.2504726,-0.21827225,0.15082066,0.049923435,0.30875507,0.11924106,0.19084798,-0.0001033278,0.21636704,0.1306923,0.17487034,0.2689385,0.21306065,0.9451541,2.101636,1.6623495,0.20083366,-inf,0.19156004,11.98511,0.34303185,0.14253142,0.79858506,0.15704016,0.07835978,8.555665,AVARAGE
128,1.1367784,-0.34085852,0.10270233,2.7196043,-inf,0.30489212,0.46635932,0.22567964,0.4392518,1.3760654,0.37803164,0.17822339,0.7456367,0.5392983,0.30706978,0.41976407,,0.5392983,0.30706978,0.28999412,0.10421357,0.53492546,-0.37803164,0.3598667,0.22701848,0.41883138,0.0345596,0.41276002,-0.16267793,0.40787622,0.239413,0.113949075,0.33257884,0.47043583,0.6594229,4.2454653,2.3758426,7.8364444,inf,0.42063907,23.107092,0.56258774,0.36634752,0.946043,0.2921641,0.41389203,20.863907,
129,0.6347115,-0.42845896,0.12537993,1.8256743,,0.1797847,0.33986947,0.13746214,0.25981697,0.78163546,0.2543627,0.19118455,0.34770057,0.311196,-0.30778813,0.24895348,,0.311196,-0.30778813,0.19474255,0.06551627,0.33592418,-0.2543627,0.22150289,0.10870526,0.33732033,0.09495426,0.25562063,-0.07296074,0.2642119,0.147035,0.15759772,0.2904114,0.31929946,0.8461837,2.5261264,1.7813039,0.28242797,,0.25654972,17.469673,0.40609723,0.19878614,0.8398925,0.23028293,0.20718476,12.127211,HEALTHY
130,1.0900776,-0.37696743,0.098123334,3.2185104,,0.26094112,0.43030325,0.19457452,0.3793846,1.3094755,0.3612405,0.16326657,0.6101201,0.45501906,0.10212231,0.3615194,,0.45501906,0.10212231,0.2820336,0.09288433,0.48414415,-0.3612405,0.29796103,0.17746831,0.37332603,0.052917596,0.36560512,-0.12697197,0.36021122,0.21953695,0.11242206,0.30049235,0.4403604,0.7421685,3.763684,2.3091855,-0.029591653,,0.3667498,23.68748,0.5222309,0.31315854,0.9172293,0.25958472,0.2809115,17.688297,HEALTHY
131,0.9213231,-0.38942587,0.104071915,2.7254684,,0.23586991,0.4101127,0.17752013,0.34567803,1.1093538,0.3253965,0.17210379,0.52303326,0.41619867,-0.068216644,0.3303595,,0.41619867,-0.068216644,0.25470638,0.08117067,0.44770658,-0.3253965,0.29188085,0.16833493,0.3588278,0.06581786,0.337521,-0.12638979,0.3333258,0.18814799,0.12299841,0.29660016,0.42297497,0.75110155,3.3521137,2.1091282,0.19692715,,0.33708507,24.592918,0.49375185,0.27603784,0.89084166,0.26620534,0.41904885,16.114227,AVARAGE
132,0.76670575,-0.40960097,0.117085434,2.0878215,,0.21117806,0.36638722,0.16050914,0.30420846,0.9342483,0.28374788,0.18361895,0.42566344,0.370025,-0.1552809,0.29150552,,0.370025,-0.1552809,0.21949784,0.073320836,0.38227788,-0.28374788,0.24787657,0.1338064,0.35246465,0.078521974,0.2937169,-0.0905284,0.30543092,0.16778564,0.14132322,0.29543564,0.3493415,0.8049717,2.8881774,1.9340125,4.370049,,0.2972159,18.270443,0.44102684,0.24184209,0.8689332,0.25678572,0.21970037,14.360315,
133,0.9051803,-0.37234628,0.116625935,2.2768154,,0.26563528,0.40957186,0.1992023,0.37535706,1.1141253,0.3277811,0.19071515,0.56412494,0.47201896,0.16956195,0.3580308,,0.47201896,0.16956195,0.24806365,0.091456994,0.4587328,-0.3277811,0.29710066,0.17828181,0.39893565,0.053088255,0.35491386,-0.13762504,0.3563112,0.20921181,0.13332134,0.32442456,0.41813406,0.7314491,3.3978612,2.113949,-1.590831,,0.36298224,20.665634,0.49756914,0.3122199,0.91448265,0.30417743,0.32760388,18.232897,AVARAGE
134,0.9693985,-0.35595882,0.11101613,2.4249425,,0.29055044,0.44049546,0.21499947,0.41066366,1.1834775,0.34445962,0.19244874,0.6629678,0.5238924,0.33061165,0.3916456,,0.5238924,0.33061165,0.26296487,0.09393433,0.49885383,-0.34445962,0.34259403,0.21081623,0.41526535,0.04574776,0.3861865,-0.16484529,0.3840624,0.21417198,0.1247699,0.3369964,0.45777792,0.682703,3.7299697,2.1832721,-1.7100224,,0.39544484,25.46483,0.5306459,0.34065515,0.92642987,0.3259044,0.3732834,20.136877,HEALTHY
135,1.265045,-0.3351078,0.089250244,3.4210963,inf,0.29478958,0.49620983,0.22012344,0.44042325,1.5223635,0.4083754,0.16029878,0.7443562,0.5199326,0.10025451,0.42169586,,0.5199326,0.10025451,0.31554648,0.11103121,0.57087916,-0.4083754,0.37593693,0.23503377,0.39390174,0.03982948,0.42874014,-0.17192961,0.40733236,0.25739995,0.09911733,0.31123903,0.5089949,0.6462758,4.474804,2.5223637,0.39213198,-inf,0.4259882,31.349867,0.5954038,0.35828114,0.93827057,0.2701146,0.45793468,20.134323,
136,1.2270683,-0.3648335,0.102140374,3.485824,,0.2605433,0.43759987,0.19935592,0.38597897,1.489195,0.38627243,0.16129714,0.59796876,0.44397175,-0.04132626,0.36926094,,0.44397175,-0.04132626,0.29505318,0.11014607,0.5028022,-0.38627243,0.28246233,0.17308421,0.37769023,0.043334946,0.37649322,-0.11330028,0.36727363,0.26229513,0.117175244,0.29736272,0.43089217,0.74746794,3.9864979,2.4889867,0.49180362,,0.37415427,18.344372,0.5359727,0.3162363,0.94327736,0.23400156,0.3720154,17.396046,
137,1.1866349,-0.39856228,0.08872571,4.1579847,,0.2188983,0.41626862,0.16850498,0.33448175,1.4254503,0.37676316,0.13772327,0.48828977,0.3672577,-0.26488394,0.31946868,,0.3672577,-0.26488394,0.2935534,0.10031493,0.46840537,-0.37676316,0.24414279,0.13897377,0.32318547,0.061223164,0.33927378,-0.08403889,0.3242893,0.23883128,0.10432587,0.25617445,0.41338804,0.80478406,3.6516201,2.4250839,-2.712827,,0.32830536,24.702734,0.51102835,0.26759848,0.90926284,0.1990972,0.32626182,14.467703,
138,0.8284188,-0.45167187,0.093953446,3.21429,,0.15097088,0.3468366,0.11830663,0.23693857,0.9994203,0.2981852,0.13784972,0.29510063,0.24496932,-0.53864557,0.22663131,,0.24496932,-0.53864557,0.23386884,0.07401711,0.34831756,-0.2981852,0.18377243,0.07950543,0.27103567,0.101546586,0.24928153,-0.029082794,0.24426232,0.17122346,0.12012255,0.22610113,0.3166434,0.90283394,2.7207837,1.9991654,-1.900384,,0.2369388,13.793969,0.42150855,0.17496684,0.8316054,0.16087027,0.10309031,9.764032,
139,0.670998,-0.44181764,0.12103932,2.063872,,0.16013967,0.32242137,0.12317115,0.23577598,0.8420385,0.2665942,0.17398834,0.27189407,0.25988132,-0.47711846,0.22623318,,0.25988132,-0.47711846,0.199586,0.073959194,0.314152,-0.2665942,0.17142366,0.069735356,0.31522492,0.10593158,0.23643744,-0.030014612,0.24389386,0.17132121,0.1551548,0.26633403,0.2808889,0.91465616,2.394331,1.841822,0.22302152,,0.23448843,13.796317,0.3915102,0.17966633,0.82209647,0.18956676,0.14613083,10.358049,HEALTHY
140,0.8366386,-0.40528446,0.12320841,2.4000978,,0.222064,0.35977477,0.16656509,0.31153095,1.0405092,0.31313574,0.1840656,0.40973932,0.37756237,-0.046294298,0.2969071,,0.37756237,-0.046294298,0.23381405,0.08981699,0.39184463,-0.31313574,0.2100071,0.110271715,0.36898506,0.074543245,0.300089,-0.0726093,0.304321,0.20417388,0.1469728,0.30258742,0.34732604,0.83993256,2.8537722,2.040396,0.14096485,,0.30464658,16.373255,0.44553474,0.26348105,0.87356275,0.25957602,0.22331809,14.804677,UNHEALTHY
141,0.7087732,-0.40511876,0.13728893,1.8923168,inf,0.2141149,0.34103143,0.16426599,0.2988122,0.90098375,0.28873283,0.20089543,0.3600317,0.36923754,-0.16835344,0.28643426,inf,0.36923754,-0.16835344,0.21072276,0.08598746,0.37382406,-0.28873283,0.207778,0.111637175,0.3759173,0.070085816,0.28892788,-0.08661706,0.29136723,0.19231491,0.16182674,0.31274208,0.34286523,0.8308208,2.617342,1.9008229,-1.3492742,-inf,0.294769,13.376703,0.4248057,0.25055468,0.8793098,0.27583027,0.2451896,14.408415,UNHEALTHY
142,0.73855495,-0.4089236,0.13423817,1.9558445,inf,0.21391873,0.3353312,0.16403382,0.29792106,0.944982,0.29563797,0.19258411,0.35409796,0.3609436,-0.16489941,0.28534022,,0.3609436,-0.16489941,0.21353833,0.090924285,0.36766243,-0.29563797,0.18987915,0.098822065,0.37253338,0.07099905,0.28545722,-0.06518529,0.29438615,0.20644145,0.1586452,0.30461353,0.3190768,0.8571656,2.637966,1.9446666,-1.5408195,-inf,0.29244035,12.907134,0.42121437,0.25202867,0.8795789,0.2586744,0.22820109,14.190845,AVARAGE
143,0.8009266,-0.3898737,0.13249709,2.082635,,0.2416941,0.37099576,0.18036799,0.33303517,1.012321,0.31176266,0.20252341,0.42884526,0.4182621,0.028600462,0.31840062,,0.4182621,0.028600462,0.22827296,0.0927141,0.40647832,-0.31176266,0.23205814,0.12624043,0.3991308,0.07259944,0.316177,-0.09856793,0.32114387,0.21146673,0.15747425,0.32708636,0.36661166,0.81376183,2.8599067,2.0121167,0.055200957,,0.3253457,14.175659,0.45667753,0.2830597,0.8774868,0.29857442,0.2804612,16.30136,AVARAGE
144,1.0800812,-0.36118668,0.11255369,2.9613073,inf,0.2637282,0.4247145,0.20100285,0.383075,1.3400892,0.37571093,0.17594665,0.50346845,0.45380953,-0.06290446,0.3668737,inf,0.45380953,-0.06290446,0.27875778,0.1120175,0.49321267,-0.37571093,0.26955476,0.16294838,0.39217174,0.04886552,0.37377688,-0.12897183,0.36302802,0.26009756,0.12846486,0.3107282,0.43118638,0.74960554,3.5312176,2.3400245,1.170284,-inf,0.3745922,18.152687,0.5260757,0.32126263,0.9207628,0.29196084,0.38044626,17.721684,AVARAGE
145,1.1008115,-0.32945037,0.10764931,2.5601182,0.2715499,0.31390086,0.4772126,0.23143217,0.44993684,1.3448792,0.37988314,0.19006021,0.71599644,0.5603244,0.2943677,0.43045262,inf,0.5603244,0.2943677,0.2887437,0.106353395,0.5471767,-0.37988314,0.37077346,0.23210442,0.43453348,0.04124477,0.42388177,-0.18239282,0.41497922,0.2441747,0.12063255,0.34685966,0.49401975,0.644365,4.0906706,2.3448794,1.2428927,0.84462684,0.43295932,32.445667,0.57365286,0.3758712,0.9312133,0.3357608,0.45772156,21.611158,AVARAGE
146,1.0476516,-0.33316135,0.1165019,2.3550303,,0.31777012,0.46294275,0.23483819,0.44647402,1.2753185,0.36300567,0.20284942,0.74855924,0.5712315,0.46610934,0.42593196,,0.5712315,0.46610934,0.2772351,0.09951577,0.53073,-0.36300567,0.3673039,0.2319293,0.4477333,0.03539335,0.41447937,-0.18228042,0.41192845,0.22777848,0.12998319,0.36197662,0.48468357,0.6503631,4.03448,2.2752583,-2.103616,-inf,0.42753416,23.691751,0.5573194,0.37483153,0.9466262,0.34220523,0.4410647,21.979658,HEALTHY
147,0.82132256,-0.37772235,0.11961337,2.115867,inf,0.2480241,0.40188995,0.18794145,0.35421064,1.0196856,0.31431437,0.19434686,0.49394885,0.44328964,-0.021692192,0.3391994,inf,0.44328964,-0.021692192,0.23581514,0.08780912,0.44441488,-0.31431437,0.29050186,0.17034462,0.38712472,0.06204336,0.3417063,-0.14426678,0.33612314,0.19848682,0.13911705,0.32013077,0.4192875,0.7406393,3.1438744,2.019635,0.06679679,-inf,0.3465664,22.517916,0.48647466,0.2890339,0.8972175,0.31065398,0.32386008,17.089937,UNHEALTHY
148,0.66530687,-0.42268908,0.117281735,1.985829,,0.18571012,0.3540928,0.14208871,0.27186662,0.8289989,0.26885834,0.18215597,0.34014797,0.32539073,-0.3387707,0.26075932,,0.32539073,-0.3387707,0.20234044,0.07332234,0.36029482,-0.26885834,0.23383942,0.11899567,0.33062798,0.091246255,0.27173588,-0.091263436,0.27042505,0.16394481,0.14495897,0.28057098,0.34296173,0.8249213,2.5965986,1.8289071,-0.013193133,,0.27018568,18.861176,0.4244554,0.21034263,0.8441391,0.24437532,0.19723916,12.628622,UNHEALTHY
149,1.0902019,-0.33739936,0.10972754,2.6160517,-inf,0.30708668,0.46129715,0.22877073,0.4377492,1.3210347,0.3728826,0.18927446,0.7118758,0.5485645,0.31234935,0.41815013,inf,0.5485645,0.31234935,0.28715956,0.1002278,0.53472155,-0.3728826,0.35254306,0.22310854,0.42817208,0.034904487,0.41307425,-0.1755268,0.40410295,0.23084903,0.1210905,0.34587473,0.49406034,0.659109,3.987069,2.3209908,0.28241688,inf,0.4216686,27.280298,0.5595052,0.36723894,0.94564843,0.3313049,0.4340751,21.152254,HEALTHY
150,1.1203104,-0.3742208,0.09690598,3.3002853,,0.2641966,0.43798375,0.19623695,0.38466316,1.3523853,0.36524674,0.16288182,0.63655335,0.46076488,0.14830936,0.3659341,,0.46076488,0.14830936,0.28259915,0.09868469,0.49159786,-0.36524674,0.3082088,0.18453944,0.37547427,0.051314913,0.36984065,-0.12535782,0.36410686,0.23234771,0.11133791,0.2993399,0.43589914,0.73204154,3.9071772,2.352077,0.4732201,-inf,0.37064126,20.74674,0.5297458,0.31647834,0.92015046,0.24842507,0.300055,17.91021,AVARAGE
151,0.85096675,-0.4216191,0.10146815,2.8419654,,0.1924403,0.37222058,0.1475367,0.28844714,1.0289227,0.30709216,0.15743259,0.39388826,0.32911903,-0.31491715,0.27583066,,0.32911396,-0.31491715,0.23965746,0.077512115,0.39195976,-0.30709216,0.23130439,0.1201838,0.31645423,0.083068006,0.29002857,-0.076069705,0.28571862,0.17799792,0.12405834,0.26311904,0.36463097,0.8292572,2.9457147,2.0286062,0.32813373,,0.28453994,21.98719,0.45155892,0.22528979,0.86108774,0.21907666,0.19405133,12.878724,AVARAGE
152,0.912093,-0.37887874,0.11864093,2.2624087,,0.25647527,0.40061536,0.19306545,0.3631414,1.1142133,0.3237976,0.18943685,0.5329001,0.44838646,0.08984956,0.34723186,,0.44838646,0.08984956,0.24768715,0.08807507,0.44075155,-0.3237976,0.2778498,0.16277684,0.395163,0.059647355,0.34243244,-0.11346574,0.35373804,0.20223957,0.13872546,0.32247624,0.38930082,0.75814015,3.3240092,2.1138527,0.7167991,,0.35081863,29.485046,0.48677242,0.3008764,0.90299773,0.29075208,0.2302758,17.414963,AVARAGE
153,1.0356154,-0.383056,0.11016962,2.8687768,,0.250366,0.40753517,0.18758067,0.35970992,1.2675804,0.35015967,0.17250453,0.5401147,0.4263635,0.060313452,0.34224266,,0.4263635,0.060313452,0.2646805,0.10037526,0.45076078,-0.35015967,0.25888002,0.14864506,0.38062343,0.06214108,0.343183,-0.09628683,0.34588903,0.23209122,0.13028045,0.30351505,0.38585734,0.7831128,3.5064173,2.267192,-0.027292041,,0.34697875,25.721003,0.4975041,0.3006014,0.9011375,0.24431373,0.26642343,16.7098,AVARAGE
154,0.88301986,-0.3962656,0.11059101,2.527596,,0.22839934,0.39378104,0.17051072,0.32938346,1.0808486,0.32032713,0.17631862,0.47723576,0.39596704,-0.07020735,0.31412822,,0.39596057,-0.07020735,0.24373241,0.08756843,0.42222202,-0.32032713,0.25925496,0.14213666,0.36165565,0.07702968,0.31989738,-0.10135029,0.3164023,0.19810612,0.13329354,0.29756802,0.38582587,0.78951496,3.1447153,2.0806196,1.5981882,,0.32140657,21.77634,0.47561032,0.26988217,0.8710884,0.2557952,0.26826265,15.422982,HEALTHY
155,0.7251849,-0.4051759,0.1242811,1.9602816,,0.21125251,0.36702746,0.16025937,0.3031585,0.9045304,0.28417987,0.19350676,0.41363195,0.36932322,-0.16751865,0.29020694,,0.36932322,-0.16751865,0.21260865,0.079755396,0.3835353,-0.28417987,0.24881111,0.1335952,0.36296022,0.08058273,0.29391238,-0.09650523,0.2979616,0.17933671,0.15173669,0.3037275,0.35279897,0.8026986,2.8290882,1.9041448,0.773959,-inf,0.29710522,17.792715,0.4422339,0.24071431,0.8636644,0.2582079,0.24623175,14.344215,AVARAGE
156,0.9264595,-0.36237702,0.116404265,2.265764,,0.2762939,0.43513688,0.20175129,0.38972813,1.1404837,0.33212617,0.19989164,0.6229756,0.49359497,0.26427105,0.37144452,,0.49359497,0.26427105,0.2511996,0.09305888,0.4724843,-0.33212617,0.32953998,0.19290149,0.41477534,0.06616024,0.366193,-0.14741533,0.36701953,0.21432242,0.13850413,0.33829573,0.43140563,0.7125119,3.5849404,2.140465,0.055392083,,0.37535518,23.280056,0.5170573,0.32101277,0.89130276,0.305861,0.36257827,19.031769,HEALTHY
157,1.0029193,-0.35848704,0.112356566,2.5301075,,0.27635232,0.4359171,0.20635447,0.39581397,1.22759,0.3505236,0.18813238,0.60437685,0.4889509,0.15128884,0.37840283,,0.4889509,0.15128884,0.26670954,0.09736879,0.48909998,-0.3505236,0.317894,0.19204515,0.40609896,0.05304428,0.3763399,-0.14534208,0.37298986,0.22482204,0.12977272,0.328347,0.4418095,0.71060735,3.663003,2.227455,0.9172561,-inf,0.38262373,23.296297,0.5265521,0.32656735,0.9154906,0.30466574,0.3770887,18.913961,AVARAGE
158,0.99549747,-0.40917376,0.096857436,3.1138537,,0.201027,0.39250296,0.15401681,0.30696857,1.1999906,0.3327408,0.15025188,0.42469576,0.3379227,-0.36179745,0.2951294,,0.3379227,-0.36179745,0.2587498,0.08778227,0.41579032,-0.3327408,0.23927131,0.12631024,0.3201959,0.08061768,0.3085588,-0.068117745,0.3072968,0.2046603,0.119184144,0.26024103,0.3577532,0.8239116,3.3066323,2.1995742,0.7899191,,0.30182266,17.90723,0.47487727,0.23939328,0.8673131,0.2033543,0.2210371,13.303419,AVARAGE
159,0.81903946,-0.40527907,0.11802464,2.2212892,,0.2102259,0.3775122,0.15789616,0.3038738,0.9989691,0.29797855,0.18465255,0.41701442,0.36026335,-0.22699441,0.29145744,,0.36026335,-0.22699441,0.22846937,0.07914218,0.3870917,-0.29797855,0.24039775,0.12285256,0.35792568,0.09120756,0.29579464,-0.08445192,0.297739,0.18015864,0.14773588,0.29962707,0.35665455,0.8253384,2.9043477,1.9987509,0.25267592,,0.2979969,14.2146015,0.4517455,0.24299748,0.8491318,0.24736184,0.24671534,14.0880575,AVARAGE
160,0.6962686,-0.40881974,0.13684033,1.9311312,inf,0.20925343,0.34079418,0.1609086,0.2924732,0.864181,0.27862048,0.20381044,0.36946937,0.3667066,-0.167485,0.28043562,,0.3667066,-0.167485,0.21027462,0.075444385,0.36912882,-0.27862048,0.21599519,0.116228454,0.37108272,0.07184539,0.28424582,-0.09375093,0.2860113,0.16805133,0.16186562,0.31555334,0.35668156,0.82436174,2.5842414,1.864031,0.16563594,-inf,0.28916168,16.024094,0.4208331,0.24077626,0.877323,0.28235027,0.23364423,14.230822,UNHEALTHY
161,0.9917921,-0.3379587,0.123624384,2.3446517,inf,0.31303936,0.4406287,0.23529941,0.43511096,1.2152658,0.3588988,0.20697966,0.67515296,0.56470984,0.45310023,0.4147208,,0.56470984,0.45310023,0.27227917,0.09902578,0.52152234,-0.3588988,0.33728895,0.21734564,0.4469656,0.02723326,0.40656817,-0.17980547,0.40332368,0.22348292,0.1339363,0.3633151,0.48396173,0.66362745,3.7075503,2.2152264,-5.688766,-inf,0.4193389,20.885769,0.5420051,0.3697096,0.95691115,0.37121242,0.42561495,21.703491,AVARAGE
162,0.5959729,-0.43836677,0.1366698,1.6150212,inf,0.17106338,0.3093568,0.13018152,0.24150181,0.74337876,0.24177618,0.19733198,0.3172182,0.28739762,-0.29394463,0.23106106,,0.28739762,-0.29394463,0.1810872,0.06664625,0.30140868,-0.24177618,0.18425179,0.083343014,0.34200817,0.094742045,0.2327509,-0.04140591,0.2502497,0.14770931,0.17097734,0.29304394,0.26959834,0.8879243,2.3615618,1.7431784,0.12676153,-inf,0.23704094,13.615895,0.37467417,0.18873931,0.838508,0.20748465,0.1502868,11.316215,AVARAGE
163,0.9254618,-0.3633693,0.12062116,2.3524144,0.26862746,0.27226037,0.41132203,0.20617521,0.38415748,1.1356264,0.33978984,0.19432466,0.5451582,0.48509035,0.1223271,0.36724874,,0.48509035,0.1223271,0.2579176,0.09282654,0.47543284,-0.33978984,0.29136854,0.17889655,0.40694684,0.04559468,0.36709163,-0.15260574,0.35964683,0.21030483,0.13468651,0.33372203,0.4495131,0.72158456,3.3210783,2.1355479,0.08748567,0.9311045,0.37443146,22.93943,0.5063837,0.32435042,0.9239875,0.33433703,0.3588932,18.721146,
164,1.0086253,-0.35969457,0.11174187,2.4876616,,0.28241485,0.42617318,0.21124929,0.4018466,1.2399137,0.35152245,0.18341614,0.60308194,0.49856246,0.21470086,0.3834578,,0.49856246,0.21470086,0.2655514,0.10013519,0.48979613,-0.35152245,0.31000832,0.19304135,0.40687844,0.039793245,0.37885937,-0.14860538,0.3772994,0.23138191,0.12449058,0.32385558,0.43581188,0.70644593,3.6975112,2.2397358,1.341569,,0.38714412,23.394407,0.52098376,0.33810243,0.93565655,0.30540532,0.35697436,19.300295,AVARAGE
165,0.9637361,-0.38425037,0.10249537,2.7087374,,0.23607583,0.4111682,0.17990613,0.3503211,1.1627145,0.33704528,0.16558093,0.5235551,0.41193554,-0.1448232,0.3355691,inf,0.41193554,-0.1448232,0.2620507,0.08721984,0.45593306,-0.33704528,0.28511763,0.1672986,0.35542944,0.059079356,0.34385738,-0.1217205,0.3329976,0.19916435,0.119396366,0.2909007,0.4232154,0.7489049,3.4496202,2.162523,-0.15308097,,0.3421846,27.044067,0.49935728,0.28256816,0.9025032,0.25521287,0.3075705,16.009367,AVARAGE
166,0.89039636,-0.37255397,0.121912695,2.1829023,,0.2646007,0.39886025,0.20263824,0.37376124,1.0861285,0.320734,0.19555864,0.5703972,0.4724739,0.15090893,0.35767078,,0.4724739,0.15090893,0.24595854,0.08579182,0.4528775,-0.320734,0.29187408,0.17938812,0.40150687,0.042925604,0.35228357,-0.13408782,0.3598679,0.19597314,0.1369225,0.3310212,0.41258734,0.7317595,3.369411,2.08586,0.16457795,,0.3613879,22.970339,0.48910478,0.30733454,0.9328514,0.31173092,0.32262236,18.220507,
167,0.9677727,-0.35239246,0.11299568,2.3658812,,0.28986022,0.4407862,0.21580045,0.4119366,1.1805433,0.34517607,0.19396755,0.6658156,0.5223905,0.27754286,0.39348167,,0.5223905,0.27754286,0.26398346,0.09343131,0.50217843,-0.34517607,0.3449077,0.21430066,0.41644675,0.04164692,0.3884996,-0.16895907,0.384095,0.21287915,0.1266274,0.33949667,0.46478692,0.67567086,3.7526755,2.1803765,0.26185653,-inf,0.39716765,22.92215,0.5324102,0.3404307,0.9318858,0.32567447,0.38338423,20.083082,HEALTHY
168,1.0192142,-0.36512846,0.101708114,2.6269753,,0.2642045,0.43474808,0.20019785,0.38948467,1.2306224,0.35031566,0.17051737,0.62691605,0.46727,0.013380384,0.37349382,,0.46727,0.013380384,0.27103168,0.09245937,0.49181595,-0.35031566,0.32679686,0.20061201,0.37904704,0.044296395,0.3752305,-0.14174354,0.37090445,0.21149632,0.11485495,0.30747488,0.4406577,0.70198476,3.8079276,2.2303722,-0.5251572,,0.37704337,25.70113,0.5265278,0.3129871,0.9282168,0.27326697,0.35014448,18.078022,HEALTHY
169,0.9909306,-0.35540393,0.111405306,2.4133055,,0.28579506,0.43817988,0.2128918,0.40716228,1.2042328,0.34837425,0.18885553,0.6614332,0.5094538,0.24486478,0.38868043,,0.5094538,0.24486478,0.26742887,0.093263805,0.4965782,-0.34837425,0.3336608,0.20469068,0.4118117,0.04519392,0.38396418,-0.15730965,0.38054693,0.2134379,0.12605657,0.33502036,0.4566127,0.69475555,3.743891,2.2040083,-0.08916684,,0.39220887,34.39906,0.5300583,0.33693567,0.9273922,0.31078175,0.37697712,19.65757,
170,0.73160774,-0.40838686,0.120866425,2.031751,,0.2123047,0.3675636,0.16058514,0.30327603,0.8939996,0.27801454,0.19229229,0.42624474,0.3777905,-0.1281613,0.29057473,,0.3777905,-0.1281613,0.21404204,0.07135136,0.38378844,-0.27801454,0.25721848,0.1385949,0.3583482,0.07942398,0.29407513,-0.10562543,0.30320987,0.16250512,0.14606898,0.304382,0.3625081,0.8019254,2.8178341,1.8937184,-0.5855773,,0.29745144,18.175095,0.44122136,0.23767313,0.86604893,0.27411154,0.23062885,14.585689,AVARAGE
171,0.99543726,-0.3816168,0.0984785,2.992486,,0.2459524,0.41961795,0.18739845,0.36332104,1.2064352,0.34761676,0.16232988,0.52027833,0.43371475,-0.07925731,0.34748948,,0.43371475,-0.07925731,0.26905948,0.091165304,0.47552747,-0.34761676,0.29430497,0.17590863,0.35724068,0.05278478,0.35719407,-0.13652888,0.3473607,0.21102414,0.11131549,0.28883016,0.43895108,0.7377695,3.4892197,2.20613,-0.06733815,,0.35507435,22.367237,0.5122766,0.29308012,0.9121337,0.27906275,0.31779224,16.796085,AVARAGE
172,1.0682037,-0.39102674,0.10008188,3.1684043,,0.23919383,0.40520126,0.18273188,0.3512822,1.2849269,0.35048568,0.15722184,0.52657664,0.40880895,-0.043988515,0.33531806,,0.40880895,-0.043988515,0.2732902,0.09183343,0.45036414,-0.35048568,0.25737074,0.14940493,0.35510314,0.05714955,0.34016135,-0.09313868,0.34239164,0.21661156,0.115935214,0.2840606,0.3917552,0.78925556,3.5644486,2.2843704,-1.5266479,,0.3401731,28.82479,0.4965002,0.28674936,0.913464,0.23617776,0.2567539,16.001541,AVARAGE
173,0.90708625,-0.39108813,0.11054646,2.654898,,0.24093594,0.3998457,0.18038777,0.34365168,1.0944583,0.32514784,0.17957368,0.51334,0.42270687,0.03611786,0.32768428,,0.42270687,0.03611786,0.25339323,0.081763245,0.43396467,-0.32514784,0.26814923,0.14953429,0.37183568,0.07265766,0.3308976,-0.10994862,0.33153513,0.18756664,0.13095714,0.308611,0.4074926,0.78514546,3.1932557,2.0942843,0.55274695,,0.3345738,21.067772,0.48397282,0.28151587,0.8828048,0.28200924,0.26256454,16.397373,AVARAGE
174,0.68522865,-0.41741794,0.124554195,1.8955871,inf,0.20286606,0.35030714,0.154507,0.28724593,0.84062356,0.26837668,0.19285096,0.40089166,0.35574976,-0.1275632,0.27468318,,0.35574976,-0.1275632,0.20601912,0.069167204,0.35850552,-0.26837668,0.23336214,0.12075753,0.35488045,0.085090615,0.27623782,-0.08014971,0.29170337,0.15562056,0.15204188,0.3021656,0.33196676,0.83214563,2.6761122,1.8403956,-0.011530101,-inf,0.28097326,17.8246,0.4221185,0.22494595,0.8584218,0.25952625,0.20242555,13.802886,AVARAGE
175,0.54062474,-0.4743541,0.12934126,1.699865,,0.12593636,0.2778567,0.096989304,0.18172209,0.66948533,0.22115201,0.17934394,0.2138531,0.19233651,-0.5136176,0.1740561,,0.19233651,-0.5136176,0.16800393,0.058050375,0.23533721,-0.22115201,0.12668748,0.029900316,0.2981583,0.12624557,0.17909063,0.028810956,0.2101682,0.12882699,0.17226264,0.25928476,0.19114263,0.9860677,2.0202122,1.6688875,0.040892214,,0.17974028,12.210348,0.3338327,0.13033049,0.7877132,0.14324391,0.039004736,7.83711,HEALTHY
176,0.86508226,-0.39795658,0.12212698,2.3664849,,0.22126521,0.37378725,0.16621082,0.31526428,1.0704663,0.32038286,0.18368973,0.40581197,0.3723707,-0.19128065,0.30166975,inf,0.3723707,-0.19128065,0.23984528,0.09066929,0.40119758,-0.32038286,0.21734905,0.11216357,0.37042445,0.08270154,0.30668566,-0.08012922,0.30348632,0.20551512,0.14919882,0.30437696,0.3638735,0.8348977,2.8839068,2.0703447,-8.852789,,0.3098068,13.406931,0.45813927,0.26481342,0.8619411,0.25423232,0.2690377,14.653173,HEALTHY
177,0.8220326,-0.40212595,0.121143006,2.2336717,inf,0.21626487,0.37453023,0.1625269,0.30974308,1.0049814,0.30360836,0.18678439,0.42562872,0.36890337,-0.16493542,0.2962632,,0.36890337,-0.16493542,0.23175485,0.08108658,0.3917709,-0.30360836,0.23514014,0.12221418,0.36617005,0.08584061,0.29974866,-0.08186251,0.3052258,0.18315719,0.14992175,0.30546662,0.3573544,0.82291585,2.897121,2.0048122,0.6510671,-inf,0.30297664,18.36791,0.45295694,0.2510372,0.85663426,0.251325,0.25499812,14.449408,AVARAGE
178,0.9845734,-0.37684742,0.10308928,2.780333,,0.24099849,0.4261374,0.1807782,0.35668957,1.2001165,0.34963042,0.16935827,0.48355997,0.41889173,-0.20186841,0.3424383,,0.41889173,-0.20186841,0.2676162,0.09451987,0.46758032,-0.34963042,0.28599414,0.16190071,0.36421543,0.073985666,0.3526899,-0.124423735,0.33982387,0.21566163,0.12325913,0.2966008,0.42992604,0.7525199,3.360756,2.1999252,-4.855366,,0.35066974,25.561905,0.513898,0.29017252,0.8736181,0.27840063,0.32955262,16.302124,AVARAGE
179,0.91158247,-0.39876044,0.11206562,2.6066473,inf,0.21611631,0.39265183,0.16188653,0.31645724,1.1045406,0.32280642,0.175367,0.44094738,0.365366,-0.2477883,0.30336538,,0.365366,-0.2477883,0.25005788,0.08390848,0.41022998,-0.32280642,0.24189855,0.12390298,0.35670874,0.09115606,0.3105716,-0.077110715,0.31056818,0.19322868,0.14062236,0.29622403,0.37520462,0.823765,3.0572221,2.1043363,-0.9564689,-inf,0.31039706,20.206827,0.4717401,0.25385168,0.8486299,0.24140057,0.23712233,14.355188,AVARAGE
180,0.9079173,-0.34348807,0.13974105,2.0563838,,0.3065069,0.3953488,0.24831985,0.42327347,1.1231458,0.33753568,0.21529754,0.64738715,0.55900544,0.43040583,0.40387574,inf,0.55900544,0.43040583,0.25574574,0.09280955,0.50181293,-0.33753568,0.30498138,0.21542357,0.44635743,-0.010949727,0.39392343,-0.18779954,0.39169833,0.21529642,0.13987114,0.36692947,0.47973797,0.66462326,3.551323,2.1230893,0.64855844,,0.40841228,22.446777,0.50555134,0.35894105,1.0382749,0.38207215,0.40941685,21.406235,AVARAGE
181,1.1944901,-0.30993822,0.11914338,2.751099,0.26729304,0.34447664,0.45633322,0.2757351,0.48994985,1.4562628,0.404315,0.19226825,0.7990658,0.61956406,0.51197606,0.46795943,,0.61956406,0.51197606,0.30743447,0.11360986,0.59016037,-0.404315,0.35374027,0.25790885,0.45756686,-0.03426255,0.45817178,-0.20559411,0.44810194,0.2617795,0.113090225,0.3622062,0.528943,0.6031521,4.387263,2.456237,0.28849053,0.8416533,0.46963128,36.126926,0.5818862,0.4133582,1.0835,0.36712226,0.51062506,23.83572,
182,1.0965992,-0.35119542,0.11562543,2.7488446,0.26630476,0.28551298,0.4116667,0.22790185,0.4134505,1.3396578,0.36998034,0.17669052,0.6535213,0.502443,0.16673097,0.39493448,,0.502443,0.16673097,0.28085878,0.10438651,0.51421815,-0.36998034,0.2935486,0.20433135,0.40367502,-0.0067643253,0.3939326,-0.15433736,0.3856572,0.24313003,0.118162036,0.32091865,0.45722258,0.6911406,3.9438055,2.3395002,1.5580964,0.82486355,0.3987013,32.836388,0.5242271,0.343684,1.0322775,0.28707916,0.39644638,19.472242,AVARAGE
183,1.2302225,-0.3301259,0.108303376,3.1141148,inf,0.30978715,0.45350242,0.24374115,0.45091444,1.4990754,0.40054253,0.17492865,0.7279086,0.5487386,0.26131022,0.43101132,,0.5487386,0.26131022,0.30437642,0.11399121,0.56486446,-0.40054253,0.33482796,0.23316227,0.41888678,-0.010428564,0.43061748,-0.18085513,0.4166603,0.26896915,0.10911567,0.3290812,0.49989477,0.6457807,4.3562617,2.4990237,-0.35238016,-inf,0.43427587,22.733484,0.5695497,0.37467843,1.0392458,0.30404326,0.4646581,21.218784,
184,0.88942456,-0.3636036,0.117976874,2.3252242,,0.26321006,0.40600702,0.20753369,0.3817678,1.0809228,0.3280403,0.19016826,0.56088734,0.47898552,0.012582815,0.3660307,,0.47898552,0.012582815,0.25380337,0.08432851,0.48460355,-0.3280403,0.31330767,0.20470102,0.38925856,0.020941855,0.3704808,-0.17463483,0.35943314,0.1916055,0.1260698,0.32317898,0.4702128,0.68354183,3.4280224,2.080853,-1.3394331,,0.37329,23.063255,0.5042679,0.3068596,0.9708213,0.3308532,0.35647234,18.356155,
185,0.90306437,-0.37995812,0.113130696,2.4388728,,0.23855323,0.39880154,0.18594567,0.3509547,1.0759254,0.3216572,0.1798535,0.5314608,0.42423016,-0.13245846,0.33656177,,0.42423016,-0.13245846,0.25486758,0.076860964,0.45384273,-0.3216572,0.28964996,0.17811626,0.36660004,0.04381907,0.34408018,-0.14099354,0.33235028,0.17300026,0.1280818,0.30827102,0.44488743,0.72717106,3.335307,2.07582,-0.65211725,,0.3438406,24.953442,0.48919615,0.28143376,0.93021643,0.281946,0.3238011,16.381964,AVARAGE
186,1.2650826,-0.32943574,0.10723435,2.961224,,0.3247101,0.455925,0.25049803,0.46621826,1.5131655,0.39699805,0.17554645,0.82129824,0.5730519,0.42805445,0.4451349,,0.5730519,0.42805445,0.30923152,0.10635522,0.56008184,-0.39699805,0.34522942,0.23913988,0.43259817,-0.010437058,0.43409488,-0.1707316,0.43048793,0.2481218,0.10791396,0.3406951,0.49225298,0.64107656,4.550799,2.512924,1.0857126,,0.44423205,31.905544,0.5683682,0.39396408,1.0375317,0.29086494,0.4281099,22.18635,HEALTHY
187,0.98721015,-0.3758723,0.10973936,2.6888335,,0.24792472,0.39965278,0.19499798,0.36528465,1.1922292,0.34277618,0.1699777,0.55425024,0.4354653,-0.08505619,0.34984186,,0.4354653,-0.08505619,0.26514328,0.090087146,0.47182012,-0.34277618,0.2806295,0.17966521,0.36750147,0.027279807,0.35679922,-0.13684063,0.34461394,0.20510298,0.119633995,0.3000957,0.4382676,0.7265837,3.553804,2.1920125,0.43060967,,0.35632306,20.789698,0.49866968,0.29762694,0.9624398,0.26658735,0.32870513,16.885796,AVARAGE
188,0.7009253,-0.4368219,0.118233114,2.0343192,,0.17170283,0.32709888,0.13460739,0.2544912,0.83302087,0.2556684,0.17398141,0.3730582,0.29298642,-0.342326,0.24393742,,0.29298642,-0.342326,0.20390274,0.058933947,0.3319566,-0.2556684,0.21052887,0.10843312,0.31631577,0.07819645,0.2508238,-0.056399856,0.2676653,0.132264,0.14463976,0.27276602,0.30397657,0.85016024,2.6817355,1.8326566,-0.12662801,,0.2496307,17.814701,0.3967452,0.19208847,0.871163,0.19735077,0.14680433,11.474585,HEALTHY
189,0.9867124,-0.37920082,0.11371211,2.5374944,,0.24992101,0.39339045,0.19403206,0.36202642,1.1959448,0.337669,0.17436534,0.55314666,0.43321392,-0.012921386,0.34627277,,0.43321392,-0.012921386,0.25941342,0.09084572,0.45295808,-0.337669,0.26492357,0.16421641,0.37721783,0.038178828,0.34691998,-0.11866254,0.34478828,0.20926851,0.1273299,0.30617186,0.40846944,0.7557207,3.4979858,2.1956282,0.5379394,,0.35073742,24.428085,0.48756504,0.29967028,0.9477152,0.25825343,0.31394848,16.874695,
190,1.0581931,-0.39198232,0.10217438,3.1928,,0.23327722,0.39841294,0.18173914,0.34669542,1.259592,0.34193128,0.15953003,0.5550338,0.40446386,-0.09852493,0.3316775,,0.40446386,-0.09852493,0.26890463,0.08628549,0.4541545,-0.34193128,0.26777616,0.16387253,0.34880632,0.04027102,0.33979172,-0.113278255,0.33522853,0.20150436,0.115561344,0.28434724,0.41032076,0.76578504,3.6472406,2.2592244,-1.1544014,,0.33701348,24.009249,0.49009192,0.2773272,0.9484605,0.22589673,0.2680014,15.753686,AVARAGE
191,0.88332874,-0.42603058,0.10379911,3.090221,,0.18597002,0.35950446,0.14545582,0.28032178,1.0495455,0.30646968,0.1557013,0.3893757,0.3163971,-0.33947986,0.2678475,,0.316392,-0.33947986,0.24413183,0.07212172,0.38797602,-0.30646968,0.21651685,0.11598361,0.31041035,0.07122653,0.28415805,-0.07558094,0.28031138,0.16632065,0.124497645,0.26072097,0.36892754,0.83566576,2.9500484,2.0492392,0.22354262,,0.27696326,20.441378,0.44226187,0.21758844,0.8835863,0.20820211,0.14032215,12.402907,AVARAGE
192,0.9591764,-0.39468277,0.12101404,2.5220618,,0.2321171,0.36766,0.179973,0.33359772,1.1573946,0.32307133,0.17790373,0.49865374,0.3926624,-0.056287885,0.31869856,,0.3926624,-0.056287885,0.25145987,0.08462946,0.41308287,-0.32307133,0.226938,0.1334397,0.37249634,0.04919905,0.31754732,-0.077022634,0.32823417,0.19837525,0.1404207,0.30476737,0.36315352,0.8089191,3.2722943,2.156878,-0.6006658,,0.32235184,18.737192,0.45821545,0.27445787,0.9264637,0.23617215,0.262877,15.424088,AVARAGE
193,0.5097975,-0.4641493,0.142941,1.5998366,,0.13460734,0.27013037,0.10602562,0.19061507,0.61643136,0.21192239,0.1979668,0.23130672,0.22057806,-0.4697657,0.18278097,,0.22057806,-0.4697657,0.16827627,0.047410287,0.24798338,-0.21192239,0.14074993,0.04988996,0.31536812,0.10426715,0.18912165,-0.012983436,0.20724285,0.10689891,0.18079339,0.28290376,0.24886413,0.9432842,1.9792942,1.6161921,1.4741124,,0.19039783,8.540127,0.3289822,0.14084128,0.82342666,0.18627217,0.079762004,8.761417,AVARAGE
194,0.669975,-0.43146643,0.12947893,1.8817577,,0.184288,0.3203889,0.14370334,0.2630864,0.812816,0.2555629,0.18959263,0.36967155,0.31595644,-0.22906893,0.25185558,,0.31595644,-0.22906893,0.19935839,0.06314776,0.32929316,-0.2555629,0.20088117,0.10222629,0.3414173,0.077694826,0.2533079,-0.049765367,0.27935398,0.14296895,0.15714967,0.29342315,0.29544806,0.861563,2.5665283,1.8123893,2.48281,,0.25706226,14.531195,0.3927578,0.20213796,0.8705297,0.22700492,0.15448928,12.353777,UNHEALTHY
195,1.1275954,-0.3710814,0.1035807,3.2332401,,0.2523523,0.42039698,0.1951532,0.37430063,1.3566478,0.37176463,0.16144599,0.5757949,0.43358952,-0.073204815,0.3576299,inf,0.43358952,-0.073204815,0.28746003,0.09978726,0.4912701,-0.37176463,0.2771172,0.17370841,0.36874148,0.03535393,0.36721542,-0.12150859,0.3550406,0.22919032,0.11641797,0.2964743,0.43891743,0.7377361,3.7750354,2.356471,-0.30627587,,0.36418998,23.899479,0.5218769,0.30735615,0.95044523,0.24496286,0.34121874,16.940529,UNHEALTHY
196,1.1590973,-0.35133174,0.10418746,3.016777,,0.28521353,0.44936585,0.21443903,0.41408405,1.3910924,0.3787878,0.17290115,0.6939243,0.49869972,0.19399473,0.3946477,,0.49869972,0.19399473,0.29370472,0.10090444,0.5206752,-0.3787878,0.32477075,0.20499355,0.40166536,0.034279235,0.3958255,-0.14813122,0.38680986,0.23206969,0.116474725,0.3223345,0.4679273,0.6914984,4.0763216,2.390936,0.10180937,-inf,0.39882475,24.163261,0.5484351,0.34463432,0.9524398,0.27010182,0.39983454,19.368494,UNHEALTHY
197,0.6925149,-0.41793513,0.12429777,1.9575878,,0.19361527,0.34911737,0.14883712,0.28006274,0.8240088,0.26281095,0.19179395,0.4041226,0.3422838,-0.24085933,0.26841652,,0.3422838,-0.24085933,0.2103173,0.059045073,0.36103228,-0.26281095,0.24160609,0.12948091,0.34463367,0.07901769,0.27477998,-0.09583542,0.27799854,0.13183922,0.15106243,0.30042574,0.36362568,0.8087753,2.6981447,1.8238887,-0.3924248,,0.27591074,17.629145,0.4199444,0.21726453,0.86752725,0.25317958,0.21138899,13.243537,HEALTHY
198,0.7244658,-0.42287433,0.119217224,2.1021187,,0.18803531,0.3374155,0.14805166,0.27601203,0.86973524,0.27279916,0.17663544,0.3726032,0.324943,-0.31044048,0.26458973,,0.324943,-0.31044048,0.2158941,0.06452454,0.3598746,-0.27279916,0.21788223,0.11842265,0.3298613,0.06898251,0.27266818,-0.07823124,0.27869952,0.14551382,0.14186953,0.2821654,0.3441489,0.8273902,2.7052565,1.8695205,-0.10003536,,0.27208987,18.601938,0.4154234,0.21501637,0.8854916,0.23635858,0.1968456,12.67034,HEALTHY
199,0.79256713,-0.40428922,0.12225626,2.1715178,,0.20938616,0.36437386,0.16151847,0.3038664,0.9544532,0.2934699,0.18628377,0.43291536,0.3620224,-0.2199939,0.29104176,,0.3620224,-0.2199939,0.23004663,0.07186354,0.39015448,-0.2934699,0.23988104,0.13167249,0.3568039,0.07193621,0.29703343,-0.09328732,0.2971847,0.16203539,0.14745933,0.30368778,0.3753981,0.80619955,2.8938317,1.9542004,0.44282314,,0.29828638,15.6798725,0.44427404,0.24176733,0.88241017,0.25359014,0.2531864,14.113652,HEALTHY
200,1.407708,-0.30863833,0.110416666,3.2440987,-inf,0.35592738,0.46160808,0.28644967,0.5113609,1.6876323,0.4248564,0.17585284,0.9690422,0.63166654,0.6344191,0.48876444,,0.63166654,0.6344191,0.32866135,0.118392766,0.607482,-0.4248564,0.3605512,0.27613145,0.45536056,-0.06682423,0.47138467,-0.19220366,0.46570548,0.2801838,0.09946103,0.35239708,0.519244,0.5910509,5.2295065,2.6875534,0.25851542,inf,0.4836684,26.654879,0.59132934,0.4315477,1.1645504,0.28273755,0.4760215,24.409645,AVARAGE
201,1.361474,-0.3228427,0.10046726,3.6655889,-inf,0.30635265,0.45008472,0.25685853,0.46395627,1.6430075,0.425472,0.15454824,0.7816717,0.54355216,0.0987503,0.44556388,inf,0.54355216,0.0987503,0.32667333,0.119978376,0.6080987,-0.425472,0.34050947,0.2670342,0.39524704,-0.0716183,0.4538114,-0.19737336,0.42817217,0.2816856,0.088899605,0.30645934,0.5296807,0.59584564,4.917525,2.6429515,-2.2108648,inf,0.4482191,23.131819,0.5867043,0.37284124,1.1713749,0.26970035,0.49604458,21.007149,AVARAGE
202,1.3865759,-0.30621907,0.11616325,3.1835892,0.28602862,0.3435991,0.44496074,0.28784478,0.4995536,1.6752393,0.42970073,0.17328703,0.8614286,0.60612106,0.3987142,0.4783526,inf,0.60612106,0.3987142,0.32907984,0.12250067,0.608756,-0.42970073,0.3275445,0.2622294,0.44551542,-0.07791817,0.46918008,-0.19371581,0.4549432,0.2886496,0.10191629,0.34465173,0.5272765,0.6016194,4.920469,2.6751823,-0.21913412,0.6959095,0.47711766,29.483326,0.5853674,0.42090508,1.1882209,0.3019362,0.5251655,23.471178,AVARAGE
203,1.6864339,-0.26940846,0.099746294,3.76088,0.28254125,0.40125915,0.5385619,0.3118905,0.580495,2.0113814,0.47385123,0.17621347,1.2080379,0.7140562,0.8888301,0.55542916,0.41967916,0.7140562,0.8888301,0.36672723,0.1357383,0.6885849,-0.47385123,0.44901553,0.33490264,0.49013734,-0.07588233,0.5326894,-0.22483659,0.5219663,0.32498607,0.0888782,0.3717275,0.57103395,0.5116875,6.385276,3.0113466,-0.7644613,0.55447936,0.54544806,21.659931,0.6697651,0.48778406,1.1829548,0.25965685,0.6269795,27.56896,AVARAGE
204,1.2597834,-0.33553496,0.10319624,3.4243233,,0.2954523,0.44073626,0.2419383,0.44242722,1.5157062,0.40118995,0.16182205,0.723678,0.52572596,0.091520905,0.42451757,,0.52572596,0.091520905,0.31086156,0.10914176,0.57380897,-0.40118995,0.33271107,0.24762768,0.39297628,-0.04238412,0.43064183,-0.18726127,0.410124,0.25614437,0.09753408,0.30950657,0.51380473,0.6231718,4.5371566,2.5156803,-0.48172715,,0.42782003,25.267,0.56565166,0.3569991,1.1048627,0.28243172,0.41861388,20.29805,AVARAGE
205,1.3841518,-0.30781037,0.103242755,3.3633716,inf,0.3334053,0.48749533,0.26252407,0.49121282,1.6492567,0.4265577,0.17330432,0.86822,0.5933464,0.29960155,0.4719361,inf,0.5933464,0.29960155,0.3326508,0.11402742,0.6125133,-0.4265577,0.37958854,0.27137005,0.43410757,-0.029839732,0.46774682,-0.19906671,0.44980276,0.2651169,0.100707754,0.34309003,0.5426109,0.5894693,4.9490304,2.649202,-0.46430147,-inf,0.47131374,26.740242,0.60933656,0.40385145,1.0773174,0.29929698,0.52886903,22.907852,AVARAGE
206,1.3605136,-0.33735198,0.09807494,3.7995188,-inf,0.2949395,0.45367765,0.23694825,0.4424654,1.6207768,0.41341436,0.15572199,0.7554156,0.5187103,0.105356604,0.42430934,-inf,0.5187103,0.105356604,0.32275715,0.11081121,0.57649267,-0.41341436,0.3327568,0.24119532,0.39031488,-0.030250477,0.4308806,-0.17425035,0.4110928,0.26037702,0.09542313,0.30609387,0.50835586,0.6362744,4.7217484,2.6206717,-0.2669358,,0.427008,19.272305,0.5748398,0.35977125,1.0828879,0.2523962,0.5394177,20.10546,AVARAGE
207,1.2817687,-0.33169028,0.10840326,3.2854543,,0.30312276,0.435921,0.24782723,0.44856238,1.5329998,0.40690956,0.16537589,0.7437245,0.53337777,0.12185597,0.43046758,,0.53337777,0.12185597,0.3165025,0.10862498,0.5690608,-0.40690956,0.31539154,0.23506704,0.406328,-0.039024867,0.4318376,-0.17425655,0.4139365,0.25127175,0.1032403,0.3217803,0.5096688,0.6406518,4.4801564,2.5328982,-1.6426771,-inf,0.43285248,25.158016,0.5627286,0.3703608,1.0988424,0.2824575,0.49383435,20.670685,AVARAGE
208,1.3248838,-0.3200859,0.09814419,3.337147,,0.3276515,0.48635954,0.25519717,0.48277974,1.5717685,0.405511,0.17207839,0.9426613,0.58945596,0.41605517,0.46328762,,0.58945596,0.41605517,0.3189811,0.10585711,0.59798414,-0.405511,0.40868688,0.28684258,0.42427304,-0.029708792,0.45591104,-0.19893312,0.44406796,0.24699141,0.096646495,0.33588928,0.527235,0.5822194,5.2062283,2.5715053,0.5080349,,0.45997822,21.095982,0.5988965,0.38892272,1.0837451,0.2670108,0.42507243,22.67487,AVARAGE
209,1.2485123,-0.32555065,0.11424217,3.141192,inf,0.31745416,0.4433675,0.25851858,0.46028182,1.5069852,0.40135047,0.17924833,0.76692206,0.56564134,0.32021382,0.44018996,inf,0.56564134,0.32021382,0.3083384,0.110999785,0.57343113,-0.40135047,0.3312518,0.2436648,0.42713636,-0.03638095,0.43783957,-0.18856956,0.4237684,0.2585862,0.10968749,0.33787766,0.51311094,0.63313407,4.4797435,2.5069103,-2.0741966,-inf,0.44262898,29.38408,0.5671358,0.38200545,1.103555,0.3142767,0.45584372,21.829367,AVARAGE
210,1.2342013,-0.35205254,0.10154716,3.402213,,0.28173006,0.43276033,0.22609383,0.41980216,1.4607723,0.3837734,0.1621322,0.7248855,0.4983235,0.0693821,0.40375134,-inf,0.4983235,0.0693821,0.30405697,0.09699714,0.53541243,-0.3837734,0.3198114,0.22265449,0.38441688,-0.012676523,0.4052078,-0.15122524,0.3962033,0.22678603,0.10272103,0.30831072,0.4760772,0.67829245,4.396782,2.4604623,17.032543,,0.40491673,19.244158,0.54477245,0.3359891,1.0537493,0.26175886,0.25159153,19.278198,AVARAGE
211,1.0347251,-0.3877924,0.10080568,3.2906716,,0.23078345,0.39071006,0.18807423,0.35146052,1.2205987,0.3433921,0.15475737,0.53575754,0.40785894,-0.21516223,0.3376312,,0.40785894,-0.21516223,0.27624258,0.08016016,0.47554395,-0.3433921,0.27732995,0.1859561,0.33707514,0.008355851,0.35208076,-0.13304213,0.33974278,0.18587272,0.10631692,0.27767774,0.44874778,0.72434884,3.6626618,2.2202744,0.59488195,,0.34465694,18.431128,0.49465707,0.27268746,1.0025963,0.25099158,0.043976378,15.783112,AVARAGE
212,1.1473004,-0.36603403,0.11573601,2.876906,,0.26617652,0.390853,0.21552289,0.39007878,1.3567897,0.360375,0.16860653,0.64949125,0.45810732,0.046670955,0.37383074,,0.45810732,0.046670955,0.28647882,0.09005757,0.48360896,-0.360375,0.2647717,0.18459624,0.38680312,-0.006228913,0.37053648,-0.11311822,0.37870857,0.20979844,0.12063846,0.31268656,0.42045102,0.7300997,3.9701564,2.3565676,0.59619856,-inf,0.37448415,26.204012,0.5009814,0.31892255,1.0362787,0.24443474,0.32566747,17.888603,AVARAGE
213,1.4600964,-0.31644198,0.100972034,3.4666836,,0.3516464,0.48488602,0.26816162,0.504452,1.7259604,0.4201882,0.17264174,1.0322171,0.6212461,0.7223648,0.4813034,,0.6212461,0.7223648,0.33160818,0.11187131,0.59602785,-0.4201882,0.39035967,0.27528983,0.45056906,-0.032326546,0.4615676,-0.17504394,0.464221,0.26602104,0.09896482,0.35002676,0.5029788,0.60483515,5.4816055,2.7255726,0.17532048,,0.47408208,26.035082,0.59881353,0.42360327,1.0887748,0.2444896,0.50749314,24.043333,AVARAGE
214,1.209647,-0.33225128,0.113966934,3.037176,-inf,0.30770606,0.43895015,0.24609862,0.44706574,1.4619514,0.39402664,0.17828254,0.7353123,0.54452026,0.25631657,0.42753693,inf,0.54452026,0.25631657,0.30283982,0.108823486,0.5579304,-0.39402664,0.3262917,0.23455149,0.42096412,-0.024234949,0.4256881,-0.17561047,0.41432062,0.25241098,0.11326291,0.3341191,0.49557793,0.6431327,4.3485384,2.4618585,18.931856,-inf,0.43001762,27.330902,0.55877817,0.37097213,1.0666872,0.30205315,0.45750865,21.062855,AVARAGE
215,1.2800951,-0.31736422,0.10768541,3.1032364,,0.33321756,0.47128668,0.25930554,0.4812779,1.5507009,0.41176102,0.17910205,0.8253632,0.5924183,0.41574273,0.46067876,,0.5924183,0.41574273,0.3146814,0.11591386,0.5878124,-0.41176102,0.36294007,0.25529096,0.44008783,-0.019144818,0.45229408,-0.19001429,0.4404305,0.27061692,0.106902435,0.34445402,0.51520956,0.61393106,4.6737714,2.5505512,-0.050489966,,0.46028408,28.50239,0.5893799,0.40277892,1.0549339,0.3107409,0.4844852,22.879108,AVARAGE
216,1.1259524,-0.36129108,0.10606038,3.1878598,,0.27038658,0.41613632,0.21613841,0.39916652,1.3671606,0.3725968,0.16511506,0.6182309,0.476775,0.033441,0.3824589,,0.476775,0.033441,0.285343,0.10286183,0.51504713,-0.3725968,0.2954156,0.20299228,0.37940022,-0.0016338903,0.3881459,-0.15121846,0.37624758,0.24115744,0.10904694,0.3013272,0.45827055,0.6948003,3.9802763,2.366719,0.43892145,,0.38728473,19.692081,0.5268799,0.32484093,1.0233582,0.27270573,0.31021073,18.464205,AVARAGE
217,1.181767,-0.34138513,0.10896365,3.129621,,0.2860891,0.42826116,0.23145111,0.42402613,1.4349307,0.39392656,0.16656567,0.6380802,0.5027052,0.0037378953,0.40660852,inf,0.5027052,0.0037378953,0.30111784,0.10917628,0.5478258,-0.39392656,0.3021207,0.21595918,0.39442506,-0.016633004,0.41361478,-0.17004758,0.3940811,0.25318658,0.10836979,0.31212494,0.49442315,0.6649539,4.08933,2.434858,0.56207615,-inf,0.41243798,26.497484,0.549266,0.34976056,1.0497831,0.2928863,0.43969083,19.49115,AVARAGE
218,1.3717289,-0.31860563,0.0919943,3.5373638,,0.33004197,0.50041693,0.25282118,0.48872748,1.6355056,0.4149426,0.1662503,0.92542905,0.5915561,0.36896163,0.46956784,,0.5915561,0.36896163,0.3256152,0.1099276,0.6074221,-0.4149426,0.41706303,0.28717247,0.42165592,-0.0188554,0.4629012,-0.20387833,0.44809628,0.26357776,0.0916596,0.32987145,0.53489345,0.57962286,5.249909,2.635103,1.2385153,,0.4661639,20.600153,0.61001927,0.39516264,1.0570136,0.26810983,0.27438226,22.783756,AVARAGE
219,1.0409365,-0.3706207,0.11189908,2.8401854,,0.26491725,0.40341353,0.20955144,0.3844612,1.2509896,0.3447132,0.17586832,0.6191232,0.47027645,0.092273295,0.36787385,,0.47027645,0.092273295,0.27105266,0.08671476,0.48270667,-0.3447132,0.29145047,0.19184576,0.38381147,0.014636469,0.36829907,-0.14572367,0.36757743,0.21003158,0.1189222,0.31409115,0.44822064,0.71943796,3.726845,2.2506309,-0.49802238,,0.37171105,23.343073,0.5032256,0.3111163,0.9951436,0.2835104,0.32503036,18.171476,AVARAGE
220,1.117141,-0.3333597,0.12628962,2.4459114,,0.32217622,0.41234586,0.26355082,0.45579684,1.327569,0.3639807,0.19346043,0.83612126,0.57926583,0.52292585,0.43418193,inf,0.57926583,0.52292585,0.28790107,0.090836026,0.5368071,-0.3639807,0.32707587,0.24465641,0.44166705,-0.044989996,0.41978902,-0.1816548,0.42239743,0.21046995,0.119511016,0.35934174,0.494689,0.63224655,4.291637,2.3272777,-1.1972785,,0.433457,31.458477,0.53069437,0.38161668,1.1132138,0.31572142,0.43366247,22.28769,UNHEALTHY
221,1.2447407,-0.31524503,0.11985771,2.9601836,-inf,0.3418661,0.4352145,0.28562096,0.48802805,1.4880615,0.4036645,0.18399285,0.8562192,0.6138129,0.57105786,0.464934,inf,0.6138129,0.57105786,0.31494233,0.10564347,0.59129137,-0.4036645,0.3378134,0.26491886,0.44794214,-0.06914979,0.45601645,-0.2028043,0.4472432,0.24351494,0.10608773,0.35665193,0.53657466,0.5968405,4.5642977,2.488036,1.1066605,,0.4658899,31.925896,0.5697679,0.4103248,1.1666392,0.33842424,0.49136272,23.627468,
222,1.247422,-0.3283639,0.11996235,2.9647408,,0.32177246,0.42571616,0.26613587,0.4626558,1.4905598,0.3935855,0.1818281,0.8124394,0.5700188,0.38841006,0.44270235,-inf,0.5700188,0.38841006,0.30725536,0.10384854,0.5599096,-0.3935855,0.31708354,0.24115667,0.4351402,-0.049503177,0.4327022,-0.17548198,0.42716372,0.24324147,0.11341162,0.3463943,0.4995841,0.6388558,4.5123143,2.4902883,10.139039,,0.44186923,27.217274,0.551146,0.38754278,1.1349125,0.29978207,0.4372373,22.040373,
223,1.0619674,-0.363673,0.116439715,2.9677975,,0.25978085,0.39271143,0.21881479,0.38439873,1.2650541,0.3538556,0.17405868,0.6019989,0.46341693,-0.037698116,0.36865345,,0.46341693,-0.037698116,0.27964363,0.08717944,0.5011529,-0.3538556,0.28087148,0.20171066,0.3765091,-0.016171064,0.37698302,-0.1588785,0.36399823,0.20326723,0.116762556,0.3104728,0.4765402,0.69499964,3.7688534,2.2649705,-3.2062292,,0.37505123,19.670347,0.50595057,0.30776182,1.0639917,0.2883861,0.37603223,17.876638,AVARAGE
224,0.5522134,-0.48881564,0.122871846,1.9856924,,0.11584792,0.24644749,0.09873838,0.17470795,0.6058395,0.19084126,0.1657441,0.24979997,0.19422694,-0.49571604,0.16752847,,0.19422694,-0.49571604,0.17429154,0.020930039,0.23436663,-0.19084126,0.14111133,0.063104965,0.26394546,0.07499363,0.17537063,-0.009099003,0.21476425,0.053728838,0.14813945,0.24281776,0.23544472,0.9291775,2.1268208,1.6053725,-0.8943964,,0.17254603,16.925663,0.30495754,0.11632211,0.87962395,0.15675935,-0.04014847,7.652908,UNHEALTHY
225,1.2470545,-0.33700964,0.10998451,3.1391761,,0.29442626,0.43596005,0.23815577,0.43424138,1.4602141,0.39159557,0.17111468,0.7459102,0.51898074,0.099383585,0.41639498,-inf,0.51898074,0.099383585,0.31593567,0.09195081,0.5495686,-0.39159557,0.31559944,0.2254666,0.40461966,-0.018149272,0.41815528,-0.1646226,0.40309376,0.213298,0.110203505,0.33144683,0.5185934,0.6556796,4.27552,2.4601135,-7.438952,,0.41969267,24.687616,0.5540006,0.35696295,1.0597527,0.28742784,0.44733828,20.101418,AVARAGE
226,1.5593212,-0.30646938,0.104798816,3.5304425,-inf,0.34351715,0.4833673,0.27035135,0.50303125,1.828779,0.43864593,0.16785407,0.99823034,0.59728736,0.42893407,0.4820016,,0.59728736,0.42893407,0.34964702,0.11350014,0.6089091,-0.43864593,0.36188808,0.26691142,0.4455771,-0.044262357,0.4688198,-0.17346767,0.45877254,0.26958784,0.10206535,0.3489245,0.5281777,0.6031066,5.4733505,2.828693,0.4954402,inf,0.47658786,25.417156,0.60647243,0.4233099,1.1207807,0.22585799,0.52303475,23.242252,AVARAGE
227,1.3647323,-0.34429097,0.10413294,3.7982745,,0.28364435,0.43492603,0.2317239,0.42561442,1.615918,0.4074074,0.15709043,0.7193357,0.49276358,0.033438805,0.40836984,,0.49276358,0.033438805,0.32164636,0.106277525,0.5565242,-0.4074074,0.30341452,0.2238416,0.3866259,-0.031882826,0.41518036,-0.15428695,0.39860973,0.25124046,0.10301294,0.30616146,0.49238786,0.66261166,4.61847,2.615688,-0.09912719,,0.41111037,19.062693,0.55694103,0.34711608,1.092922,0.24085465,0.40371203,19.179876,AVARAGE
228,1.1660075,-0.33775628,0.11278138,2.809584,,0.30340627,0.4326916,0.24290003,0.4416309,1.3921577,0.37890035,0.17780916,0.74944973,0.5394802,0.22062677,0.42357874,,0.5394802,0.22062677,0.2972264,0.09782592,0.54389614,-0.37890035,0.33157295,0.23649035,0.41543505,-0.02207785,0.41832644,-0.17289893,0.4105535,0.2262715,0.11204286,0.3340023,0.49253967,0.64362985,4.3171873,2.3919425,-1.5584399,,0.42429093,27.6761,0.54762495,0.36370575,1.063109,0.29947186,0.42332628,20.834185,AVARAGE
229,0.80507046,-0.40928692,0.13433865,2.2567437,,0.20603111,0.3240989,0.17151676,0.2979631,0.96478474,0.28684685,0.18751465,0.42471606,0.3575979,-0.18913758,0.28542078,,0.3575979,-0.18913758,0.22661814,0.06930973,0.38279787,-0.28684685,0.20759268,0.13144623,0.3544231,0.027172897,0.29062116,-0.09159962,0.29738545,0.15977257,0.1484314,0.30202818,0.3641443,0.80780894,2.9222171,1.9644618,1.3681941,,0.2918105,15.872379,0.4158639,0.23571928,0.969656,0.2496955,0.237384,13.9228325,AVARAGE
230,1.3656262,-0.34179497,0.09850898,3.6891313,-inf,0.30051887,0.4477512,0.23747972,0.4455972,1.6171842,0.405877,0.15661071,0.79114574,0.52585196,0.20078123,0.42715406,,0.52585196,0.20078123,0.32147428,0.10533521,0.56311613,-0.405877,0.33226413,0.23903824,0.3974111,-0.02897979,0.4259426,-0.16101703,0.41614062,0.25160474,0.09691093,0.31090632,0.49161023,0.6469027,4.8195434,2.6167579,-1.4353467,inf,0.42672473,14.344902,0.5643975,0.36616054,1.081247,0.24353619,0.4673485,20.418003,UNHEALTHY
231,0.79383475,-0.4283248,0.11782451,2.5302572,,0.18030347,0.3183545,0.14972539,0.26999155,0.9302022,0.28150812,0.1652956,0.36822018,0.31030086,-0.3758504,0.25905344,,0.31030086,-0.3758504,0.23124796,0.05840885,0.36444756,-0.28150812,0.19327392,0.11446324,0.3130484,0.042726945,0.27187306,-0.07315963,0.2758433,0.13632657,0.13278495,0.27085182,0.36004385,0.83436996,2.7674608,1.9298184,-0.75555396,,0.26746598,16.99331,0.40664825,0.20804869,0.9371085,0.22693028,0.1707405,12.116232,HEALTHY
232,0.6420122,-0.46740854,0.12891722,2.1310608,,0.13815443,0.26734608,0.11501723,0.20300624,0.7503005,0.2280534,0.17329673,0.28029877,0.22448969,-0.4288246,0.19438441,,0.22448622,-0.4288246,0.19167624,0.04247354,0.26460183,-0.2280534,0.13583763,0.058202315,0.29498652,0.0776286,0.19984135,-0.0042037605,0.23371792,0.10855638,0.15687907,0.26205474,0.24760558,0.9423056,2.3004875,1.7499639,-0.17546967,,0.19925435,13.222494,0.33585158,0.14576979,0.8776867,0.1670002,0.052421,8.94329,
233,0.7540953,-0.44585606,0.1256203,2.4196699,,0.1636925,0.2856242,0.13864626,0.24163347,0.89974505,0.26695427,0.16669951,0.32667896,0.2699413,-0.38478056,0.23141767,,0.2699413,-0.38478056,0.21602553,0.058906335,0.31778327,-0.26695427,0.14524561,0.07734402,0.30838406,0.051819928,0.23918834,-0.029688999,0.2568179,0.1458005,0.14472766,0.26575333,0.29697195,0.9051052,2.5734496,1.8994049,-0.3601199,,0.23766837,12.320341,0.37021232,0.18535392,0.9262743,0.1895546,0.07155684,10.698258,AVARAGE
234,1.2867081,-0.3715969,0.100291096,3.9014103,-inf,0.26155192,0.40240845,0.21404451,0.39154607,1.5248965,0.38854253,0.14718612,0.6415528,0.44994757,-0.001906792,0.37494436,,0.44994757,-0.001906792,0.30825654,0.09917194,0.5111838,-0.38854253,0.2602137,0.18810578,0.361682,-0.019360501,0.38193086,-0.1195087,0.37611017,0.23817521,0.100161605,0.28578734,0.4419765,0.7269301,4.249675,2.524482,0.54933006,,0.3782885,14.862232,0.5202509,0.31954217,1.0691401,0.22682624,0.27756366,17.572468,HEALTHY
235,0.81247807,-0.40255377,0.13192129,2.1076891,,0.22082373,0.3327114,0.18279992,0.31613874,0.98817414,0.29182318,0.18703209,0.46041253,0.38401684,-0.086629406,0.30243108,,0.38401684,-0.086629406,0.22550778,0.07649394,0.39267513,-0.29182318,0.21737272,0.13878459,0.36545852,0.025132691,0.30220196,-0.08987599,0.31714973,0.17578655,0.14467116,0.3048298,0.3529148,0.8021067,3.0138028,1.9877156,-4.4995527,,0.30702347,20.24061,0.4258435,0.2524166,0.9765268,0.2567109,0.24588731,14.941678,AVARAGE
236,1.1055145,-0.3761619,0.107143976,2.9564974,,0.24995637,0.39490163,0.20168258,0.3718615,1.3299484,0.3519398,0.1607619,0.6123261,0.43417525,-0.043217544,0.35596743,,0.43417525,-0.043217544,0.27445382,0.09414942,0.47804004,-0.3519398,0.2717835,0.18377419,0.36306322,0.0042153094,0.36047593,-0.12335044,0.3551292,0.22459567,0.113143794,0.29123804,0.4249485,0.7362359,3.915898,2.3296647,2.5108018,,0.35943508,18.040241,0.4977785,0.29832762,1.0222592,0.22999758,0.32399538,16.900167,AVARAGE
237,1.2338934,-0.38843825,0.099607356,3.9576087,,0.22643284,0.38766786,0.18695502,0.34854376,1.4720614,0.37335306,0.14198688,0.5368852,0.38404268,-0.2623224,0.3343042,,0.38404268,-0.2623224,0.293952,0.09870784,0.4827565,-0.37335306,0.23654693,0.16465746,0.33116984,-0.0028956197,0.35136238,-0.106129915,0.33578196,0.23828116,0.10478047,0.26352355,0.4278423,0.7634663,3.9616394,2.4717317,0.0021131476,,0.34070182,14.644243,0.49864942,0.27608028,1.0404129,0.19761336,0.3171369,15.0721,HEALTHY
238,0.8150895,-0.45319167,0.10685145,2.900591,,0.15175356,0.30727765,0.12645294,0.23695779,0.95133084,0.2713297,0.14697343,0.35229972,0.25100297,-0.4578561,0.22693092,,0.25100297,-0.4578561,0.22438347,0.056442253,0.33539167,-0.2713297,0.17891613,0.09971823,0.2778429,0.05053747,0.24262491,-0.039282642,0.2567526,0.13653937,0.12612441,0.23819779,0.3092201,0.87123024,2.873635,1.9510379,-0.914887,,0.23320903,14.11551,0.38832366,0.1695203,0.9286894,0.15174732,0.06304975,9.937378,HEALTHY
239,1.445239,-0.3580294,0.09192264,4.7600293,,0.2670243,0.44417965,0.21623448,0.40854153,1.700971,0.41496316,0.14288251,0.71583486,0.4640641,-0.052732177,0.39178234,,0.4640641,-0.052732177,0.3315347,0.10431707,0.5609859,-0.41496316,0.3069442,0.22058798,0.3588724,-0.02413014,0.40800387,-0.15299095,0.38460928,0.25582594,0.09186962,0.2843107,0.506508,0.6752794,4.7440124,2.7007515,0.3153366,,0.3967294,16.014881,0.56275,0.32674557,1.0814853,0.20906988,0.4267328,18.06068,
240,0.6461896,-0.4476218,0.123186685,2.137497,,0.15557116,0.2992694,0.12748475,0.230826,0.7789776,0.2464201,0.17386287,0.28473252,0.26944962,-0.44014257,0.22095849,,0.26944962,-0.44014257,0.19581601,0.05699395,0.31804392,-0.2464201,0.17739174,0.09251838,0.30021292,0.06753168,0.23587947,-0.069348924,0.23736891,0.13289165,0.14469434,0.26337805,0.32285845,0.8633118,2.3643014,1.7785956,-3.972847,,0.23123486,13.850042,0.37278274,0.17643596,0.8880312,0.21346103,0.120111465,10.497854,
241,0.6002137,-0.44037604,0.13365532,1.699477,,0.16514468,0.30966562,0.1296899,0.23803389,0.7192726,0.23197298,0.19504659,0.32554635,0.2858695,-0.3385475,0.2281941,,0.2858695,-0.3385475,0.18486401,0.052846525,0.30550596,-0.23197298,0.198193,0.09777687,0.32926568,0.08520338,0.23331389,-0.06144256,0.24939619,0.11920911,0.16418195,0.2903946,0.29929382,0.8593423,2.3861418,1.718959,0.63109833,,0.23481031,12.878716,0.37367564,0.18109946,0.8560048,0.21903163,0.13903882,11.139613,HEALTHY
242,0.4198271,-0.48900142,0.13862309,1.3341988,,0.10663898,0.2589282,0.08304669,0.15231642,0.50080246,0.17263412,0.1964485,0.19778703,0.17051971,-0.5065602,0.14589787,,0.17051971,-0.5065602,0.14037755,0.035305757,0.19522418,-0.17263412,0.13738753,0.034977272,0.292155,0.13091177,0.14931294,0.017701784,0.19070013,0.08111281,0.18554772,0.2671648,0.17882024,0.97572684,1.8175156,1.5004799,2.5591066,,0.15062997,7.2005877,0.29965788,0.097470686,0.779474,0.14390448,0.0022340184,6.8324676,
243,0.9119256,-0.4078914,0.11012701,2.8177223,,0.20612974,0.37135613,0.16091599,0.3051932,1.0986197,0.3175396,0.16582438,0.40972415,0.3534233,-0.28720152,0.2924908,,0.3534233,-0.28720152,0.24876192,0.080189794,0.40828484,-0.3175396,0.22679436,0.12641956,0.33562207,0.065505624,0.30498636,-0.08869635,0.29788208,0.18678778,0.12951954,0.27951846,0.38569388,0.8120636,3.0372355,2.0983846,-0.32029083,,0.30133453,14.869095,0.45765546,0.24577507,0.8930348,0.24006183,0.25725067,13.818348,AVARAGE
244,1.12469,-0.35571408,0.10614661,2.731658,,0.28127834,0.4310273,0.21623977,0.4101993,1.3543038,0.3667476,0.17013846,0.66507757,0.4901954,0.12479095,0.3927942,,0.4901954,0.12479095,0.28520223,0.09807145,0.50339144,-0.3667476,0.31099832,0.20123537,0.39677113,0.022970753,0.38778785,-0.13755715,0.38589212,0.22973214,0.11552369,0.31549665,0.4424801,0.6999109,4.0498405,2.354028,-0.5968625,,0.39358628,24.50143,0.53124845,0.33945346,0.9727446,0.26842338,0.37745315,19.059437,AVARAGE
245,0.7396575,-0.40798736,0.12041629,2.122575,,0.2063907,0.36897615,0.15895867,0.298842,0.8813441,0.2770762,0.19133109,0.42453578,0.36850452,-0.20365089,0.2865945,,0.36850452,-0.20365089,0.22321717,0.060971666,0.38597265,-0.2770762,0.2583901,0.14160264,0.35190934,0.07806819,0.29371494,-0.111422926,0.29433683,0.14182004,0.14557382,0.30589983,0.39379963,0.7903759,2.8072865,1.8811363,-0.46924835,,0.29467258,17.579142,0.44212598,0.23280397,0.8720848,0.2792036,0.2337135,14.210423,AVARAGE
246,1.2204415,-0.3355515,0.104652606,2.992501,,0.31444386,0.4649614,0.23896453,0.4527204,1.4626421,0.38720968,0.17912614,0.77912825,0.55854654,0.3553957,0.43356547,,0.55854654,0.3553957,0.30307332,0.101630956,0.54836464,-0.38720968,0.35515466,0.23288035,0.42569596,0.01621154,0.4241198,-0.16605142,0.4227883,0.24235338,0.11130036,0.3399377,0.48640883,0.6556768,4.3986287,2.4624624,5.888317,,0.43291518,27.786978,0.5668448,0.37563008,0.9915765,0.30634588,0.40375796,21.576769,AVARAGE
247,1.1206045,-0.35291928,0.10320578,2.9387329,,0.2804433,0.44051164,0.21750586,0.4125958,1.3535618,0.3724579,0.16953053,0.6633827,0.495238,0.0853896,0.39548203,inf,0.495238,0.0853896,0.28852955,0.099462576,0.5211674,-0.3724579,0.32573217,0.2129139,0.39135057,0.019083522,0.39659172,-0.15325859,0.38854808,0.23300962,0.11092481,0.3138259,0.46566767,0.6821189,4.060439,2.3533921,0.581396,,0.3984972,26.344515,0.54322344,0.33530295,0.98220533,0.28391138,0.39114377,19.169773,AVARAGE
248,1.0147667,-0.38561556,0.11008284,2.841073,,0.2379449,0.38460046,0.19035187,0.3508534,1.2226831,0.3434765,0.16444087,0.5056705,0.41052783,-0.1509562,0.33661482,,0.41052783,-0.1509562,0.2676614,0.08928154,0.4527226,-0.3434765,0.24587196,0.15482001,0.3588403,0.031719767,0.34279788,-0.10383854,0.34175017,0.20813695,0.12090998,0.2923601,0.4059974,0.77200586,3.419694,2.2223835,1.4527985,-inf,0.34242767,25.741203,0.48464635,0.2847111,0.9604943,0.25900662,0.25408512,16.017056,
249,1.321412,-0.34277138,0.10162062,3.6172562,,0.30269125,0.45206043,0.2382677,0.44101536,1.5813416,0.40628925,0.16365525,0.74083275,0.52922267,0.26323116,0.42157057,inf,0.52922267,0.26323116,0.3174118,0.10861976,0.553858,-0.40628925,0.31653786,0.2163289,0.4064541,-0.0015518509,0.4204003,-0.14995328,0.41121677,0.2601495,0.103791125,0.31962258,0.48702845,0.6842624,4.4207063,2.5811198,0.021964286,,0.42340028,27.718042,0.5650861,0.36702964,1.0339376,0.27949134,0.59482783,20.554663,
250,1.1389737,-0.38098967,0.10761581,3.314477,,0.24234714,0.3898715,0.19613445,0.36038756,1.3659838,0.36365873,0.15765844,0.5344344,0.41437814,-0.14991292,0.3457908,,0.41437814,-0.14991292,0.2845838,0.09543379,0.47127438,-0.36365873,0.24019852,0.1572352,0.3580105,0.01788759,0.35364774,-0.10118303,0.34872934,0.22718148,0.11570138,0.28795215,0.4174299,0.7751324,3.675493,2.365662,8.43417,,0.35115534,20.10403,0.49605554,0.2922922,0.9933188,0.24292016,0.32327372,16.217085,AVARAGE
251,0.994536,-0.4103494,0.10394035,2.9785008,,0.2094542,0.37700576,0.16517192,0.31699476,1.1605536,0.31170446,0.15849723,0.5541964,0.35699415,-0.15993384,0.30373564,,0.35699415,-0.15993384,0.2546092,0.07035149,0.4101341,-0.31170446,0.2595829,0.15382889,0.33240148,0.046233345,0.3072746,-0.06893731,0.33052677,0.16631438,0.12297321,0.27565026,0.3487935,0.79533374,3.625206,2.1600904,0.143496,,0.30463982,15.41309,0.46096203,0.23734543,0.93555725,0.17909455,0.24785519,13.987233,AVARAGE
252,1.0918467,-0.36588505,0.10067806,3.086726,,0.26006994,0.4299179,0.2039923,0.38816106,1.2835623,0.35505423,0.16531679,0.680879,0.46360427,0.0327278,0.37114793,,0.46360427,0.0327278,0.28546903,0.08284026,0.5062886,-0.35505423,0.32948217,0.21506444,0.36821094,0.016028743,0.3790591,-0.15681385,0.36704436,0.19182727,0.10817122,0.30394074,0.47902226,0.6832969,4.041329,2.2833495,1.7816751,,0.37601143,24.959806,0.52932364,0.3065864,0.98651296,0.25511232,0.36473614,17.888205,AVARAGE
253,1.3558681,-0.32679945,0.099813916,3.6793303,,0.31225523,0.4778814,0.24487999,0.46201947,1.6110599,0.41276005,0.16751158,0.85427254,0.5554681,0.31111687,0.44197446,,0.5554681,0.31111687,0.32328343,0.1088463,0.5910783,-0.41276005,0.37655362,0.2635538,0.41189495,-0.022986129,0.44371545,-0.19019987,0.4268511,0.2554433,0.09965956,0.32629788,0.52468365,0.6106659,4.9717884,2.61106,-0.1850974,,0.4429583,27.254726,0.59348625,0.37513492,1.0657262,0.262018,0.4744967,21.448542,AVARAGE
254,1.2339959,-0.32993317,0.11014391,3.0743587,,0.30922738,0.4402377,0.25094616,0.45343643,1.4838688,0.39882728,0.17221984,0.743565,0.5488932,0.20282173,0.43504778,,0.5488932,0.20282173,0.30824086,0.107845336,0.5664559,-0.39882728,0.32866117,0.23992659,0.41501978,-0.03303235,0.43298233,-0.18164594,0.41886675,0.24981758,0.10580237,0.3290959,0.50540304,0.6369835,4.424412,2.4836779,-5.614411,,0.43668556,25.74332,0.563346,0.37359297,1.0850166,0.30581912,0.4499628,21.209743,HEALTHY
255,1.0381869,-0.37502673,0.11398934,2.767535,,0.2491525,0.39217368,0.20059118,0.3674739,1.257857,0.34570798,0.17096873,0.5696514,0.4335478,-0.056107193,0.3520223,,0.4335478,-0.056107193,0.2648552,0.0945502,0.47009528,-0.34570798,0.26929504,0.17857726,0.3721014,0.012857373,0.3560316,-0.13289699,0.3493531,0.21976276,0.12299649,0.30019653,0.42018822,0.73748547,3.7302523,2.2575572,2.1090999,-inf,0.3563043,22.764061,0.4943095,0.29689097,1.0003247,0.24745049,0.3977853,16.865185,AVARAGE
256,0.86683184,-0.38562688,0.12525457,2.210769,,0.24232113,0.36601558,0.19628486,0.34833983,1.0502754,0.30707252,0.18783303,0.52109486,0.43099922,-0.0013177751,0.33347484,,0.43099922,-0.0013177751,0.2375574,0.07966771,0.4326802,-0.30707252,0.26191643,0.1703827,0.37749618,0.020526525,0.33304325,-0.13523804,0.33618918,0.18367273,0.13520494,0.31292862,0.4033213,0.7482983,3.29004,2.0501459,1.7585008,,0.3380981,20.0652,0.46038625,0.28055254,0.9817005,0.28294426,0.29022965,16.642601,AVARAGE
257,1.0425562,-0.35913953,0.11425986,2.8024497,,0.26755148,0.40366894,0.219092,0.39450285,1.2678065,0.35665864,0.17446813,0.57558906,0.4773082,-0.02275513,0.37859672,,0.4773082,-0.02275513,0.27326405,0.097063266,0.50787306,-0.35665864,0.2942215,0.20656544,0.38300055,-0.009263636,0.3846667,-0.1716693,0.37070918,0.2253486,0.115465984,0.30833328,0.46786216,0.6852183,3.7827759,2.2677066,-0.09334031,,0.38449818,23.907722,0.51502526,0.31886178,1.0374479,0.30117917,0.34865865,18.412159,
258,0.9322995,-0.38238716,0.11087348,2.5823536,,0.23242731,0.38755122,0.18759277,0.34918278,1.1293159,0.32626218,0.16995253,0.50697047,0.41145578,-0.20213856,0.3355635,,0.41145578,-0.20213856,0.25257573,0.085847765,0.45936045,-0.32626218,0.28094733,0.1835459,0.3531332,0.019985523,0.34536657,-0.139312,0.33679017,0.19711398,0.12072735,0.28959215,0.423285,0.72244084,3.494099,2.1290379,-0.27837104,,0.3419254,22.213564,0.48491177,0.27305454,0.9787982,0.26173794,0.30958515,15.91336,AVARAGE
259,1.2625583,-0.3669335,0.10188381,3.8777301,,0.24418274,0.40817326,0.20114209,0.37491453,1.5402476,0.40011632,0.14606073,0.51562244,0.4139511,-0.2728437,0.359866,,0.4139511,-0.2728437,0.30166772,0.1183132,0.51826805,-0.40011632,0.24642184,0.17483045,0.3502344,-0.0068579144,0.37913895,-0.12563848,0.35625285,0.27781108,0.10608038,0.27146444,0.44042227,0.73323697,4.0193725,2.5401702,0.092506476,-inf,0.36806446,17.882175,0.5285753,0.30326968,1.0406892,0.22700953,0.3787715,16.248728,HEALTHY
260,0.968361,-0.37186104,0.118622035,2.39697,,0.26306534,0.396429,0.20266268,0.37584105,1.15815,0.33364227,0.18478025,0.5984772,0.46280113,0.096645124,0.35925755,,0.46280113,0.096645124,0.2624995,0.08286096,0.4600209,-0.33364227,0.28121468,0.17674929,0.39397624,0.033237807,0.35590515,-0.13011168,0.35643762,0.18971865,0.13092728,0.32583043,0.4306976,0.73441386,3.5031366,2.1577168,-1.2735296,,0.36316326,26.744436,0.4916793,0.31270647,0.9498273,0.2879993,0.32888937,17.937057,UNHEALTHY
261,1.1753389,-0.3382258,0.114256226,2.8646507,inf,0.30405796,0.45288318,0.23172677,0.43647137,1.415199,0.3811419,0.18747924,0.74725264,0.5351464,0.33875448,0.4166579,,0.5351464,0.33875448,0.29384774,0.103662044,0.5342809,-0.3811419,0.33831173,0.22150569,0.42913672,0.017630886,0.4106885,-0.15521061,0.41014424,0.24007283,0.12509272,0.34387666,0.468949,0.668565,4.2294073,2.4150696,0.9601713,-inf,0.41788295,21.639198,0.55611366,0.36120093,0.9825532,0.28815034,0.4344402,20.7381,
262,1.3361572,-0.31356204,0.10763152,3.1954875,-inf,0.33753428,0.47917208,0.25961658,0.4854872,1.6135695,0.42092955,0.17919795,0.81773,0.59633857,0.40715554,0.46454194,,0.59633857,0.40715554,0.3235268,0.116971724,0.5917064,-0.42092955,0.35633317,0.24623673,0.44602323,-0.00766198,0.45627022,-0.18642807,0.4439,0.27754846,0.10849457,0.3493568,0.5241056,0.62316716,4.6325955,2.6135695,1.3121567,inf,0.46498078,23.314589,0.5959414,0.4122154,1.0315651,0.315491,0.5036518,23.079859,UNHEALTHY
263,1.3728431,-0.32345814,0.092611544,3.6950836,,0.30957994,0.50459355,0.23400784,0.4615599,1.6311277,0.42068678,0.1648428,0.82182974,0.54773766,0.1768328,0.44291356,inf,0.54773766,0.1768328,0.3302734,0.10940743,0.59500563,-0.42068678,0.39090782,0.25595218,0.40905607,0.01632845,0.44706088,-0.18430422,0.42587015,0.25835463,0.09948595,0.324794,0.5336338,0.6146725,4.823607,2.6311016,2.2437134,,0.44492602,26.043373,0.6099757,0.37545422,0.98460716,0.2659238,0.4794718,21.18848,
264,1.1391273,-0.36827844,0.09762246,3.1293101,,0.25262108,0.440673,0.19132489,0.3779998,1.3608102,0.37016782,0.15923658,0.5647943,0.43523008,-0.15397999,0.36282635,,0.43523008,-0.15397999,0.29118308,0.09467516,0.4935729,-0.37016782,0.2981715,0.17800286,0.3660263,0.056892894,0.3714453,-0.12773253,0.35679346,0.22171216,0.11342125,0.29523972,0.45248693,0.72740585,3.7823029,2.3605297,0.61279005,,0.36860925,27.02475,0.533248,0.30987346,0.9066507,0.25434119,0.34869164,16.988914,AVARAGE
265,0.9255498,-0.38321376,0.11088734,2.401379,,0.24262784,0.4190823,0.17911094,0.34998152,1.0997936,0.31749412,0.18519439,0.5486518,0.42703405,-0.027210435,0.33480364,,0.42703405,-0.027210435,0.2538747,0.07466815,0.43918762,-0.31749412,0.29941112,0.16639452,0.37801751,0.08203346,0.33644402,-0.1238715,0.33490247,0.17434527,0.1354048,0.3178921,0.42678607,0.75052845,3.3145764,2.0995197,0.55884403,,0.34022236,20.23657,0.4945964,0.28516757,0.8617087,0.2763279,0.30497473,16.548346,AVARAGE
266,1.1441503,-0.35312834,0.109471,2.6762373,,0.28548318,0.44766435,0.21124238,0.41009688,1.3848432,0.36838883,0.17996676,0.6526801,0.4931144,0.1569463,0.39204788,,0.4931144,0.1569463,0.28361696,0.10181181,0.4982048,-0.36838883,0.31315112,0.18843782,0.41282204,0.054211732,0.3855404,-0.131152,0.38720855,0.24093214,0.12736581,0.3289016,0.43563908,0.7160996,3.9326143,2.3847127,0.24233562,,0.39355552,20.83886,0.53827924,0.3466449,0.9127801,0.27287307,0.38984844,19.23141,AVARAGE
267,0.88141936,-0.37772295,0.10784639,2.3720508,,0.23882492,0.42430308,0.17888129,0.35082754,1.0647941,0.32407588,0.18124598,0.5001313,0.4246,-0.17131996,0.33652338,,0.4246,-0.17131996,0.25296396,0.08091747,0.4567869,-0.32407588,0.3074146,0.1749061,0.36829022,0.077417485,0.3461304,-0.14396091,0.33146414,0.18348752,0.12949389,0.30908766,0.4489185,0.7281313,3.226674,2.0647213,2.0864482,,0.3454389,30.687706,0.50504434,0.28324223,0.86660296,0.295775,0.33345243,16.397865,AVARAGE
268,0.9919915,-0.33318618,0.113274984,2.2682414,,0.318002,0.4685777,0.23414923,0.44675034,1.2074708,0.35578614,0.20416516,0.7283817,0.57988566,0.4528187,0.42665154,,0.57989484,0.4528187,0.27380964,0.09413867,0.5347745,-0.35578614,0.38249746,0.24014369,0.4439471,0.040771782,0.41715917,-0.19650656,0.41276723,0.21554542,0.12596527,0.3630465,0.5035657,0.63315463,3.8973567,2.2073364,1.2122161,,0.42964804,24.931818,0.5610688,0.37232342,0.9346782,0.37449443,0.4384883,22.206905,AVARAGE
269,0.8013979,-0.3800881,0.1201804,2.0266407,,0.24481288,0.40533882,0.18381236,0.34888607,0.97715634,0.30329877,0.19914411,0.5063155,0.43955997,-0.017638868,0.33427137,,0.43955997,-0.017638868,0.23489664,0.07701946,0.43529105,-0.30329877,0.3000822,0.17254397,0.38815337,0.071647875,0.33559677,-0.14217906,0.33258256,0.17596118,0.14334854,0.3276117,0.42605776,0.7364468,3.109737,1.9770274,0.18961607,-inf,0.34105927,24.69272,0.4839265,0.28288633,0.8815282,0.3144682,0.316972,16.92011,AVARAGE
270,1.0241252,-0.37799683,0.10075491,2.8062317,,0.24136972,0.4281497,0.18307345,0.36003757,1.2240658,0.3427692,0.16656592,0.5537619,0.4215898,-0.15096547,0.34586746,,0.4215898,-0.15096547,0.2703128,0.08579414,0.46887922,-0.3427692,0.30447367,0.1792739,0.36044475,0.061688412,0.35330445,-0.12693055,0.34582928,0.200111,0.11909784,0.29637253,0.43321136,0.73190933,3.643974,2.223835,1.3859566,-inf,0.35113794,24.136656,0.51364297,0.2876173,0.90172875,0.25510386,0.32119402,16.379797,HEALTHY
271,0.9075783,-0.3742505,0.11316988,2.4500072,,0.24657187,0.41236803,0.18879077,0.35973665,1.0830826,0.3259348,0.18529928,0.52815974,0.4409513,-0.089161344,0.34507746,,0.4409513,-0.089161344,0.2580873,0.07800832,0.46370965,-0.3259348,0.30219743,0.18292785,0.376762,0.05261121,0.35214555,-0.14706738,0.34194607,0.17559104,0.13021764,0.31741968,0.45494834,0.7168035,3.3199694,2.082979,-8.571517,,0.35278535,22.057417,0.5011717,0.28972682,0.9128313,0.30699226,0.3363173,16.996471,AVARAGE
272,1.2019889,-0.34506592,0.11336691,2.9211044,,0.2974518,0.43063086,0.23144852,0.42752331,1.445398,0.384457,0.1766238,0.6736543,0.5172962,0.20980996,0.4091657,-inf,0.5172962,0.20980996,0.29759827,0.10468355,0.52246994,-0.384457,0.29708958,0.2006351,0.41701084,0.0075920783,0.4032676,-0.14319173,0.39954615,0.24351825,0.11957752,0.33062258,0.4587566,0.6946423,4.0856524,2.445084,0.109205484,,0.4108226,24.36886,0.5403373,0.36293852,1.0043763,0.29251954,0.40416908,20.128162,AVARAGE
273,1.1222025,-0.3551729,0.116442695,2.7488503,,0.28183845,0.4182006,0.22001417,0.40622288,1.3550022,0.36547932,0.18047886,0.6468152,0.49032012,0.16427994,0.38859326,,0.49032012,0.16427994,0.2810227,0.10077425,0.49857783,-0.36547932,0.29230985,0.19379339,0.40811077,0.0146072665,0.3837714,-0.13310562,0.38562354,0.23286457,0.12630215,0.32629594,0.4325843,0.7087319,3.9499657,2.354592,-0.48681864,,0.3902401,28.485611,0.52230126,0.33783296,0.99189526,0.275881,0.38181844,19.075874,HEALTHY
274,1.0166051,-0.37821797,0.10389189,2.725288,,0.24653745,0.42131174,0.18623628,0.36424148,1.2129546,0.33862728,0.17023584,0.6074791,0.4310991,-0.033132933,0.348698,,0.4310991,-0.033132933,0.26585162,0.08622302,0.46563905,-0.33862728,0.3073138,0.18457654,0.3679497,0.051891595,0.35238183,-0.12483843,0.34751028,0.19654323,0.121438794,0.30124182,0.4234221,0.72646016,3.7611427,2.2127123,-2.4255958,,0.35250401,23.399776,0.50777996,0.29254207,0.91730064,0.23730198,0.32663524,16.742794,AVARAGE
275,1.0872134,-0.3313658,0.113890715,2.5580087,inf,0.3086833,0.4592291,0.2349797,0.4435557,1.3030016,0.37288648,0.19314729,0.7263712,0.5537411,0.25212565,0.42494968,,0.5537411,0.25212565,0.29101515,0.09548186,0.5434202,-0.37288648,0.35869166,0.23419863,0.43178797,0.020817788,0.4199845,-0.1824198,0.4108752,0.21586353,0.12311444,0.3531564,0.50661874,0.6405046,4.019403,2.3029397,0.14110565,-inf,0.42791378,31.6092,0.5620182,0.3668207,0.9709145,0.34079325,0.45403126,21.321726,AVARAGE
276,0.838543,-0.3963047,0.120235585,2.2814872,,0.2242806,0.37216473,0.17404614,0.32403547,1.0013716,0.30123106,0.1853458,0.4811094,0.39483395,-0.11593969,0.31024113,,0.39483395,-0.11593969,0.23821752,0.07239401,0.41234255,-0.30123106,0.25641343,0.1507746,0.3634954,0.054949712,0.31459507,-0.11139723,0.3142597,0.16297296,0.1392463,0.3076203,0.39768308,0.77330494,3.0798028,2.0012155,0.050957073,,0.31688413,17.376099,0.4569261,0.26113757,0.9107509,0.26905763,0.26786205,15.298927,AVARAGE
277,0.7752439,-0.4000253,0.11767184,2.2410889,,0.21485497,0.37620133,0.16581169,0.31337246,0.9302878,0.2916644,0.1861189,0.43229452,0.38431156,-0.20580463,0.3005699,,0.38431156,-0.20580463,0.23038867,0.06930253,0.4097929,-0.2916644,0.2675745,0.15387197,0.35286316,0.065141216,0.30994958,-0.12595226,0.30244675,0.15507078,0.13805228,0.3013107,0.41033792,0.7636183,2.925091,1.9301261,-0.4847551,,0.30943498,20.959179,0.4566113,0.24812122,0.8892213,0.2839041,0.26557413,14.811318,AVARAGE
278,0.9736341,-0.38910952,0.10789637,2.863318,,0.22192998,0.39653894,0.17212714,0.33181605,1.1729805,0.33902928,0.16640693,0.4593498,0.3818135,-0.27501535,0.31833065,,0.3818135,-0.27501535,0.26365307,0.08766514,0.44469768,-0.33902928,0.2543676,0.1480123,0.34837344,0.05863108,0.33198002,-0.10733722,0.318634,0.19948328,0.12647972,0.2877392,0.41454974,0.7755637,3.2891033,2.1728847,-0.16636366,,0.3271818,21.743258,0.48819384,0.266797,0.9041533,0.25004232,0.30552083,14.910714,AVARAGE
279,1.146856,-0.3596199,0.10601763,3.1388044,-inf,0.262216,0.43440002,0.20098035,0.3878359,1.3850542,0.37990397,0.16809067,0.5733304,0.45219925,-0.09750187,0.37204424,inf,0.45219925,-0.09750187,0.29224998,0.10362599,0.5041493,-0.37990397,0.2878225,0.17807534,0.382456,0.041638143,0.38001722,-0.13069367,0.36387166,0.23826875,0.12025293,0.30732107,0.45333263,0.72790813,3.8014555,2.385054,1.450396,-inf,0.3784266,23.296587,0.53556275,0.3204275,0.9357442,0.26843858,0.38720724,17.645695,AVARAGE
280,0.9489599,-0.3536469,0.12893419,2.1697907,,0.29644048,0.40564623,0.22910778,0.41069794,1.1659847,0.34041283,0.2032703,0.6300625,0.52944136,0.38202426,0.39148813,,0.52944136,0.38202426,0.25782922,0.09485725,0.48553556,-0.34041283,0.29905838,0.19712304,0.43391886,0.01785374,0.38084567,-0.15773727,0.3843774,0.21696614,0.13750115,0.35177836,0.4437738,0.69652927,3.5641334,2.1656983,0.42009926,,0.3947245,25.449621,0.50689405,0.35110226,0.97925895,0.34138775,0.37611184,20.416143,AVARAGE
281,0.7384679,-0.3898016,0.1352615,1.7777516,,0.235644,0.37099606,0.17896813,0.32961306,0.90156347,0.2842162,0.21115212,0.4779567,0.41841218,0.0048364354,0.31550783,,0.41841218,0.0048364354,0.21901949,0.07294653,0.39991984,-0.2842162,0.26610067,0.15251067,0.39603716,0.06571598,0.31196672,-0.11803194,0.3208342,0.16324107,0.16042623,0.33637714,0.38240603,0.76860535,2.911238,1.9013382,-0.46494824,,0.32080445,14.729857,0.44946426,0.26903024,0.8903159,0.30064514,0.2853546,16.165943,AVARAGE
282,0.7501176,-0.40087223,0.12938057,1.880464,inf,0.22399554,0.36355296,0.16969848,0.31462643,0.9124969,0.28176343,0.20043874,0.45470244,0.3929302,-0.03535983,0.30091068,,0.3929302,-0.03535983,0.21831161,0.07173021,0.38401592,-0.28176343,0.2497448,0.13800974,0.37928268,0.07299933,0.2984675,-0.09822329,0.3112715,0.16252358,0.15530707,0.3210242,0.36016616,0.7957782,2.8776186,1.9121451,-0.043649867,-inf,0.30600572,15.371303,0.43946558,0.25576606,0.8796328,0.27681583,0.24938796,15.2438,AVARAGE
283,0.98336464,-0.35986534,0.10940043,2.5709114,,0.2664391,0.4354861,0.20239249,0.38825718,1.1868429,0.34748876,0.1833447,0.5737208,0.4753634,-0.008038603,0.3722041,,0.4753634,-0.008038603,0.27012718,0.08929933,0.49516597,-0.34748876,0.32287255,0.19844547,0.39094996,0.04887882,0.3770854,-0.1606766,0.36610767,0.20358855,0.124540776,0.3221067,0.46980774,0.69281405,3.5652316,2.1866908,0.9288501,,0.3789251,25.557524,0.5278368,0.3158845,0.9206959,0.314926,0.37832028,18.336708,AVARAGE
284,1.01758,-0.35113445,0.103615336,2.5596943,,0.28375864,0.46039885,0.21155216,0.41277206,1.2194189,0.35130447,0.18426763,0.6667341,0.51142263,0.13668074,0.39588457,,0.51142263,0.13668074,0.27622515,0.087741755,0.5135162,-0.35130447,0.36481017,0.22298397,0.4021055,0.05177018,0.39441696,-0.17163682,0.38800466,0.20180099,0.11835562,0.33049163,0.48108295,0.6633052,3.8663237,2.219157,0.44828147,,0.39917085,28.00616,0.54826176,0.33280948,0.91441745,0.32058913,0.38475046,19.661478,AVARAGE
285,0.9301482,-0.36776626,0.11070943,2.3019364,,0.2670656,0.43454933,0.1988306,0.38192856,1.1129788,0.3265034,0.1911497,0.6140153,0.47813815,0.13764583,0.36523634,,0.47813815,0.13764583,0.25824255,0.0792324,0.4682206,-0.3265034,0.32910997,0.1930885,0.39814913,0.06741225,0.36206225,-0.14696395,0.36354142,0.1829909,0.13113247,0.3325167,0.44559112,0.711637,3.5209408,2.1127915,-0.51112014,,0.36918908,24.794788,0.5150094,0.31051937,0.8925975,0.31076458,0.33943698,18.421686,AVARAGE
286,1.0832201,-0.35514334,0.10370265,2.6404092,,0.28153875,0.45480484,0.21061046,0.4092892,1.2994562,0.3569318,0.17910917,0.69473004,0.49760172,0.16170865,0.39203092,,0.49760172,0.16170865,0.27910233,0.09250144,0.50276756,-0.3569318,0.3451749,0.2098301,0.40146694,0.05184043,0.38717496,-0.14647171,0.3881062,0.21631557,0.11997367,0.32613745,0.44886306,0.6911669,4.0204697,2.2991703,-0.22798517,,0.39303795,29.062674,0.54199743,0.3327502,0.92225623,0.27908412,0.3598606,19.255016,AVARAGE
287,1.1182138,-0.34106058,0.104054235,2.8414445,,0.29097202,0.46737173,0.21960063,0.42504436,1.3585684,0.3793051,0.17904612,0.66150385,0.5164097,0.11349327,0.40730202,,0.5164097,0.11349327,0.2909041,0.10376783,0.5367367,-0.3793051,0.3500022,0.21951354,0.40755796,0.04074073,0.4092355,-0.17085452,0.3953408,0.24044968,0.116595246,0.32789627,0.48764256,0.66358715,4.0215826,2.358482,1.5981561,,0.41186988,24.444357,0.56459916,0.34950256,0.9374942,0.31218356,0.4339039,19.9558,AVARAGE
288,0.78018355,-0.4027366,0.11560161,2.1806479,,0.20750995,0.38179424,0.156716,0.30358407,0.95254594,0.29798496,0.18219377,0.39445475,0.3602184,-0.30389273,0.2914261,,0.3602184,-0.30389273,0.22937828,0.077068724,0.3972236,-0.29798496,0.2506703,0.13137272,0.35025764,0.09006622,0.30117768,-0.101904854,0.29449627,0.17256388,0.14279163,0.29567495,0.38320038,0.79932266,2.8260722,1.9524374,-0.17019512,,0.30060324,17.341406,0.45752388,0.24402745,0.84543794,0.26298505,0.26027536,14.024274,AVARAGE
289,0.83848906,-0.3839087,0.122718774,2.2478359,,0.24021867,0.39524522,0.18019326,0.33987048,1.033478,0.31653357,0.19560292,0.44588023,0.42303255,-0.07009397,0.32564238,,0.42303255,-0.07009397,0.2401042,0.086259775,0.42958593,-0.31653357,0.26397714,0.1474123,0.38634285,0.07502133,0.32969058,-0.123720065,0.32391152,0.1950742,0.14614722,0.32145286,0.41019785,0.7722974,2.981407,2.0333788,-3.6372604,,0.3342376,16.865746,0.47880924,0.2836734,0.8723884,0.3094582,0.3130258,16.39049,
290,0.93745244,-0.38148537,0.102816455,2.523556,inf,0.24308456,0.43568945,0.17600885,0.35452873,1.1205243,0.32566443,0.17915267,0.5477336,0.4290221,-0.05923414,0.33979136,,0.4290221,-0.05923414,0.25700507,0.08022657,0.4499658,-0.32566443,0.31725103,0.1723211,0.3715575,0.09372717,0.3430491,-0.12478962,0.33979085,0.18323034,0.12849961,0.30936664,0.42391518,0.7431626,3.4171307,2.1203485,-2.4657605,-inf,0.34510148,21.142042,0.50864524,0.28518093,0.83906466,0.27516553,0.3093395,16.609594,AVARAGE
291,0.7398599,-0.4279522,0.109437466,2.2006602,,0.17932747,0.37165383,0.13348265,0.26606765,0.8645092,0.2660139,0.17680508,0.3902133,0.30998516,-0.34364748,0.25532603,,0.30998516,-0.34364748,0.21950483,0.05400011,0.34998482,-0.2660139,0.24649549,0.11604199,0.32283774,0.115470625,0.2639794,-0.071695045,0.26993692,0.12466816,0.14357233,0.2829641,0.35094824,0.8336753,2.7229035,1.864101,0.054720424,,0.26218057,18.317913,0.43051398,0.20277536,0.8043449,0.22334278,0.1804014,12.085421,AVARAGE
292,1.3833755,-0.3319457,0.098306976,3.2403295,inf,0.32082242,0.48382738,0.23693426,0.46343613,1.6389405,0.4059342,0.16904193,0.86084324,0.55699694,0.41646853,0.4425799,-inf,0.55699694,0.41646853,0.3209172,0.10676432,0.55601066,-0.4059342,0.3602292,0.23205435,0.4289309,0.024006113,0.43005908,-0.14785594,0.43134308,0.2556059,0.108122975,0.33652642,0.475984,0.6566579,4.8339224,2.6386938,0.41199455,-inf,0.43941343,19.989992,0.5825278,0.39227048,0.97205013,0.2456,0.46503007,21.685232,AVARAGE
293,0.94902617,-0.40149468,0.10608171,2.7359977,,0.20969754,0.38840112,0.16159347,0.31432867,1.1427569,0.32383582,0.16274516,0.45153686,0.35632628,-0.2980064,0.30135253,,0.35632628,-0.2980064,0.25346705,0.082862206,0.4181574,-0.32383582,0.24459581,0.13589975,0.33752304,0.071118824,0.31262878,-0.09151726,0.30465296,0.19398229,0.1278631,0.27937642,0.38925037,0.7955627,3.2339952,2.142552,-2.5166516,,0.3086159,22.151855,0.47150135,0.25326887,0.8836002,0.21957812,0.26527396,13.975105,HEALTHY
294,1.3067935,-0.34916937,0.084491424,3.7497356,-inf,0.28485975,0.48536518,0.21425149,0.4279657,1.5474167,0.40318948,0.15025382,0.7560488,0.5007789,0.10135975,0.40946737,,0.5007789,0.10135975,0.31884286,0.103205174,0.55925786,-0.40318948,0.36598045,0.23143862,0.37700498,0.032349758,0.4171316,-0.16004544,0.3988946,0.2407104,0.09216805,0.29901293,0.4991965,0.6552977,4.563598,2.5472429,-4.421169,,0.41279405,21.82013,0.5840928,0.3466368,0.9521444,0.24271852,0.42321473,19.413645,HEALTHY
295,1.2631923,-0.35452026,0.09659485,3.4898026,,0.27892402,0.46958125,0.20635387,0.4108781,1.49489,0.39062333,0.16504407,0.7101345,0.482467,0.10122031,0.3926945,,0.482467,0.10122031,0.30813044,0.10026454,0.52620226,-0.39062333,0.33288917,0.20033507,0.3920584,0.05315631,0.3959957,-0.136187,0.38556665,0.23198193,0.11318859,0.31533456,0.46925092,0.70534384,4.2303286,2.4947784,0.14405979,,0.3958538,23.955524,0.5620473,0.33800742,0.91855174,0.24595356,0.39903063,18.806406,HEALTHY
296,1.3973103,-0.33386698,0.08891241,3.7656455,,0.29715443,0.50456214,0.22191824,0.4459312,1.6573668,0.41596237,0.15867282,0.80813205,0.5185021,0.13538474,0.427394,,0.5185021,0.13538474,0.32605377,0.11121595,0.57657045,-0.41596237,0.3846713,0.2424963,0.39768958,0.033210393,0.43139017,-0.1636924,0.41566288,0.26006395,0.10056684,0.31311157,0.49811977,0.6443244,4.8794703,2.6570637,4.8690434,,0.42827383,15.44065,0.60187626,0.3601041,0.95681083,0.23315184,0.4565608,20.151604,HEALTHY
297,1.2184193,-0.3625358,0.09111103,3.6606007,inf,0.25299588,0.46643943,0.19208531,0.38649708,1.4622549,0.3873379,0.15373161,0.60624635,0.4377511,-0.14551328,0.37059402,,0.4377511,-0.14551328,0.30028403,0.10510734,0.5245576,-0.3873379,0.3327749,0.20228995,0.35963738,0.050883982,0.38559538,-0.13874713,0.36926752,0.2439755,0.10664934,0.285865,0.45816538,0.69774204,4.175201,2.4620512,-0.8741795,-inf,0.3764801,18.858047,0.5601974,0.3053736,0.9196645,0.23249857,0.38607216,17.062574,HEALTHY
298,0.8785733,-0.39714155,0.11025944,2.629031,,0.21612024,0.3961601,0.1635852,0.31825092,1.0611811,0.31771758,0.17640862,0.44545698,0.37637237,-0.23090099,0.3050196,,0.37637237,-0.23090099,0.24680682,0.08103259,0.42184827,-0.31771758,0.2619685,0.14208005,0.35066494,0.08107955,0.31640977,-0.1051278,0.30707136,0.18278201,0.13459617,0.29411647,0.400744,0.78849214,3.0832274,2.0611305,0.78052765,,0.31382135,20.348284,0.476823,0.2533656,0.8637101,0.25849506,0.2772568,14.636621,HEALTHY
299,0.86045414,-0.3764919,0.120897494,2.2782288,,0.24641772,0.40810063,0.18486458,0.3522728,1.04622,0.3197174,0.19728379,0.4984594,0.4386755,-0.053934578,0.33779672,inf,0.4386755,-0.053934578,0.24627016,0.0829383,0.44623306,-0.3197174,0.2894828,0.16581586,0.38987872,0.07043574,0.3418928,-0.13630904,0.33470044,0.18587221,0.14350417,0.32751969,0.4307197,0.7455962,3.134763,2.0461533,-2.8010163,-inf,0.34568343,21.487782,0.49188775,0.28729424,0.879732,0.31303173,0.33111757,16.933924,AVARAGE
300,0.94727486,-0.33633104,0.1174386,2.1615005,inf,0.31554002,0.45398453,0.2346301,0.44168764,1.1566678,0.34709835,0.20737143,0.72128373,0.5787673,0.47087467,0.42147902,inf,0.5787673,0.47087467,0.26567465,0.0927876,0.5259481,-0.34709835,0.37411544,0.23815645,0.443155,0.032202687,0.4113479,-0.19681054,0.40799588,0.20945697,0.12762511,0.36331242,0.4962005,0.6355187,3.8015018,2.156575,0.34169245,-inf,0.42471936,24.94535,0.54867715,0.3667452,0.94562227,0.3776592,0.4274122,22.121643,AVARAGE
301,1.2265263,-0.33041155,0.107608855,2.9746296,0.2865134,0.31523618,0.4676147,0.23668541,0.45201835,1.4841187,0.40074643,0.17964008,0.738361,0.5522167,0.32930154,0.43141896,inf,0.5522167,0.32930154,0.30694342,0.11143962,0.55317104,-0.40074643,0.33906987,0.21965413,0.43187848,0.023442307,0.42601994,-0.16273223,0.41672307,0.25758174,0.1166423,0.3412379,0.48869726,0.6659062,4.264494,2.4840453,0.12987465,0.78022236,0.4338569,33.201225,0.5738445,0.38393936,0.96818465,0.30644548,0.4558897,21.43408,AVARAGE
302,0.7618856,-0.43012822,0.120025694,2.442929,,0.17973909,0.33885515,0.13952221,0.26108056,0.92245287,0.2855227,0.17607725,0.3310872,0.3012065,-0.35146478,0.25012064,,0.3012065,-0.35146478,0.22241554,0.0709202,0.34696853,-0.2855227,0.18687782,0.08615231,0.32857174,0.093126,0.2605757,-0.047156043,0.2661755,0.1606879,0.14887242,0.28050807,0.3245731,0.8885147,2.5612288,1.9221174,0.75884175,,0.25903645,14.706402,0.41520005,0.20462292,0.84507436,0.22448651,0.19841248,11.870338,
303,0.77698356,-0.40236056,0.12094816,2.2245426,,0.21235664,0.3653562,0.16515948,0.30755478,0.9433883,0.2964135,0.18510444,0.3962862,0.37281904,-0.25090218,0.29523894,,0.37281904,-0.25090218,0.2304107,0.07393011,0.39930597,-0.2964135,0.24003172,0.13411586,0.3544307,0.06844577,0.30366606,-0.108145654,0.2998326,0.16652106,0.14210804,0.3002724,0.39068785,0.7981782,2.805369,1.943222,-0.22152291,,0.30436605,13.416996,0.44863492,0.24706388,0.88478625,0.28103706,0.22216755,14.459215,HEALTHY
304,0.9635387,-0.35902053,0.108304955,2.38321,,0.2781529,0.44874692,0.20373887,0.39875716,1.1521572,0.33725932,0.19126786,0.64181745,0.49970648,0.16146433,0.38182154,,0.49970648,0.16146433,0.2662588,0.082681075,0.48926914,-0.33725932,0.3499395,0.20713747,0.40579587,0.064788,0.37814742,-0.15830548,0.37624294,0.18865292,0.1276725,0.33641613,0.46286857,0.68823737,3.651466,2.1518772,-3.5005212,,0.38535312,25.514072,0.5313257,0.325043,0.8900395,0.321974,0.3613527,19.231218,AVARAGE
305,0.75906146,-0.3922984,0.1199765,1.9960291,,0.22518457,0.39402536,0.16796957,0.3232342,0.9134807,0.2892123,0.19740388,0.4636927,0.40318078,-0.14002615,0.3099514,,0.40318078,-0.14002615,0.22824787,0.068493,0.41032594,-0.2892123,0.28532544,0.15607192,0.37192288,0.08567094,0.31475037,-0.12800361,0.3101008,0.15443572,0.14677937,0.31987846,0.4150615,0.7623332,2.9042552,1.9132986,-0.30283654,,0.31800997,21.75004,0.4663877,0.25856408,0.8536844,0.29972568,0.28591228,15.533845,UNHEALTHY
306,1.0784065,-0.36549374,0.10440082,2.734241,,0.26466662,0.43476456,0.19779137,0.38647106,1.3081608,0.35925806,0.1710148,0.60437685,0.4588044,0.010694839,0.36994383,,0.4588044,0.010694839,0.2760797,0.09859777,0.48496106,-0.35925806,0.30350333,0.18133178,0.38583523,0.05537085,0.37069863,-0.12814954,0.36428952,0.22990893,0.12119381,0.30960798,0.43187064,0.72831976,3.783545,2.3079534,1.0307416,,0.37380946,29.401936,0.52477074,0.32030904,0.9107032,0.26092207,0.365791,17.871325,AVARAGE
307,1.2014583,-0.3263342,0.10038349,2.869137,,0.32334295,0.49024767,0.23782566,0.46607363,1.4526329,0.39581344,0.17990802,0.79990274,0.57398057,0.3724335,0.44560698,,0.57398057,0.3724335,0.30431148,0.10890175,0.5663067,-0.39581344,0.38631028,0.24566212,0.4337459,0.03162943,0.43703362,-0.18009894,0.4282203,0.2514107,0.110423334,0.34281296,0.5016401,0.63014776,4.4613566,2.4525182,1.6905013,,0.44573328,36.67544,0.5890151,0.38958925,0.9501582,0.30849108,0.20544222,22.17874,AVARAGE
308,1.1214801,-0.3318332,0.11060291,2.7198803,,0.31325388,0.465102,0.23622836,0.44772217,1.3703064,0.3827993,0.18919139,0.6975883,0.5595803,0.30666482,0.42858827,,0.5595803,0.30666482,0.2902281,0.108207546,0.54862064,-0.3827993,0.35408762,0.22934908,0.43284053,0.024707753,0.42336497,-0.182439,0.4140322,0.24889858,0.11961622,0.34473187,0.4922391,0.6487545,4.081911,2.3702633,1.4441357,,0.4315845,25.467863,0.568055,0.37502787,0.9648812,0.34109026,0.4577315,21.576466,
309,1.0861933,-0.34820002,0.10060937,2.7708664,,0.28263912,0.46922168,0.20876385,0.4138101,1.3106129,0.36819336,0.17771244,0.6724274,0.50211936,0.098920316,0.39608356,,0.50211936,0.098920316,0.28423294,0.098262005,0.5234727,-0.36819336,0.3587347,0.2170887,0.39935106,0.05563889,0.3985299,-0.1678622,0.3847533,0.2244891,0.11672584,0.32284218,0.48155263,0.6706512,3.9974887,2.3105485,-0.022133484,-inf,0.40069404,32.3578,0.5586836,0.3381613,0.9073657,0.29123965,0.4129762,19.397293,AVARAGE
310,1.1697973,-0.3592277,0.08835388,3.4596605,,0.2648843,0.47506922,0.1970313,0.39829785,1.3940917,0.38178688,0.15741943,0.64279747,0.4676192,-0.0336925,0.3812949,,0.4676192,-0.0336925,0.29990825,0.09766179,0.5308441,-0.38178688,0.35380754,0.21257997,0.36701155,0.0580776,0.39396548,-0.15834433,0.37365305,0.22448362,0.10215313,0.29570067,0.48856238,0.6780435,4.0961194,2.3940008,4.9660363,,0.38790047,24.588158,0.5658629,0.31989777,0.9018787,0.26274747,0.39282075,18.102158,HEALTHY
311,0.90013313,-0.37437898,0.10417894,2.438496,,0.25069895,0.4409412,0.183469,0.36462983,1.0621072,0.32175368,0.18533598,0.5859914,0.45252824,-0.009604183,0.349093,,0.45252824,-0.009604183,0.2598772,0.07103632,0.46547282,-0.32175368,0.33862594,0.19146071,0.377327,0.083252296,0.3542844,-0.15412883,0.34271652,0.1620888,0.12664892,0.32175356,0.47247306,0.70949835,3.3941429,2.0619833,1.6367478,,0.35606855,25.62576,0.5163521,0.2920197,0.85703963,0.30588377,0.3372889,17.388166,HEALTHY
312,1.3853351,-0.33586675,0.09878755,3.5571384,,0.30592617,0.46764714,0.23205537,0.44628748,1.6651998,0.42229658,0.15886523,0.7286318,0.52425784,0.22329451,0.42540798,,0.52425784,0.22329451,0.32628325,0.11718551,0.5596825,-0.42229658,0.3135341,0.20655628,0.4110743,0.0165931,0.42525873,-0.1476352,0.4114515,0.28005946,0.10517297,0.3185458,0.48733592,0.6867553,4.4849353,2.6651459,-0.5781083,,0.42828515,28.431377,0.57847595,0.38207752,0.98609734,0.25989857,0.4451906,20.50177,UNHEALTHY
313,0.9373567,-0.3914879,0.112809464,2.591711,,0.23005296,0.39124563,0.17530786,0.33511615,1.1334121,0.3271027,0.17444195,0.49476364,0.39512232,-0.13413925,0.32063794,,0.39512232,-0.13413925,0.254031,0.084599875,0.42927364,-0.3271027,0.25434765,0.14503077,0.36349812,0.064068116,0.32570937,-0.10140083,0.32174644,0.19624718,0.13348147,0.30040398,0.3982522,0.78482234,3.2653627,2.133287,0.6524373,,0.32684204,24.938492,0.47764745,0.27475256,0.89543444,0.24839501,0.2951573,15.439662,UNHEALTHY
314,0.88000876,-0.3822222,0.11042793,2.3318253,,0.23816334,0.41572815,0.17701137,0.34680018,1.0597826,0.3191401,0.18327391,0.531352,0.41984767,-0.08957415,0.33183926,,0.41984087,-0.08957415,0.24881381,0.080088854,0.44316226,-0.3191401,0.2999263,0.16906983,0.3720999,0.07743243,0.33729893,-0.12815957,0.32929093,0.18009098,0.1339634,0.3114229,0.42549077,0.74317235,3.282673,2.0597312,-0.25387636,-inf,0.33877844,22.28667,0.49483472,0.28007102,0.86798316,0.2719166,0.3173953,16.260609,UNHEALTHY
315,1.1353673,-0.3372504,0.11386885,2.708989,inf,0.30670813,0.45585233,0.22895503,0.43574005,1.3765037,0.38246202,0.18939294,0.6979195,0.5381695,0.28909975,0.41625878,,0.5381695,0.28909975,0.29351598,0.10383842,0.529172,-0.38246202,0.32843646,0.20678662,0.4342078,0.037242144,0.409803,-0.15684195,0.4037558,0.24126671,0.12751424,0.34878325,0.47933793,0.6840515,3.9719777,2.376351,-0.2360348,-inf,0.4192587,29.04894,0.55637485,0.37074223,0.94433546,0.31691426,0.43488878,20.87676,HEALTHY
316,0.6110207,-0.44493127,0.124393776,1.8778192,,0.16099645,0.3169461,0.12443587,0.23372191,0.748352,0.2433316,0.18296535,0.2934992,0.27250245,-0.38831526,0.22385748,,0.27250245,-0.38831526,0.18901794,0.05985116,0.30575925,-0.2433316,0.18905662,0.08517551,0.3178472,0.09956358,0.23164862,-0.048617326,0.24499035,0.13753574,0.15687591,0.2748843,0.2909009,0.8834156,2.3493495,1.7480595,0.38447353,-inf,0.23152949,15.154948,0.38121176,0.17856576,0.8320431,0.20626675,0.13952254,10.701856,UNHEALTHY
317,1.0566992,-0.36387563,0.10005069,2.882459,,0.2543823,0.44315284,0.19180638,0.37922093,1.2770351,0.36507243,0.16585085,0.54170865,0.44332066,-0.16275637,0.3638436,inf,0.44332066,-0.16275637,0.2826901,0.09612286,0.4978999,-0.36507243,0.30936682,0.18423624,0.37081182,0.060161307,0.3746451,-0.14294825,0.35566056,0.22042437,0.11645855,0.3005268,0.46408945,0.71323454,3.6343367,2.277014,-5.664135,,0.3716458,25.159513,0.53573805,0.31017295,0.8974119,0.27952015,0.37609684,17.236889,AVARAGE
318,0.92269176,-0.39158827,0.105095364,2.8179336,,0.22615622,0.41320002,0.16828811,0.33118218,1.1089442,0.33201844,0.17286325,0.45288533,0.39438587,-0.19402944,0.3170458,,0.39438587,-0.19402944,0.26020977,0.08216643,0.4397363,-0.33201844,0.2697987,0.14460388,0.35490263,0.08889662,0.329696,-0.11277101,0.31687328,0.18630585,0.12878229,0.2970643,0.42611855,0.77936655,3.0970483,2.108821,-0.39296257,,0.32713464,20.048008,0.4945223,0.26985374,0.84878767,0.27845588,0.28637776,15.330701,
319,0.7615547,-0.41359413,0.12006978,2.2255127,inf,0.19715308,0.36526236,0.14714253,0.28462473,0.9318833,0.29307377,0.1841367,0.36343133,0.33570457,-0.3177367,0.2729059,,0.33570457,-0.3177367,0.22494242,0.076120265,0.37235084,-0.29307377,0.2209113,0.106902726,0.3480544,0.099664874,0.2821769,-0.077785715,0.27578875,0.17049073,0.15091754,0.29510146,0.3606527,0.8408134,2.666645,1.9318067,-1.8646778,-inf,0.28233296,14.6263485,0.43888518,0.23237714,0.82966006,0.24696362,0.22695823,13.1569805,AVARAGE
320,0.9647622,-0.3779647,0.11277826,2.5362976,,0.25178698,0.40349004,0.19192778,0.3640528,1.1652105,0.3346215,0.17839667,0.5634702,0.44057906,0.03554042,0.34773123,,0.44057906,0.03554042,0.25862104,0.08841517,0.45750296,-0.3346215,0.28364033,0.17276183,0.38010693,0.045648266,0.3493234,-0.12277244,0.3496288,0.20079112,0.12835789,0.31098032,0.41356838,0.74115115,3.4865873,2.1649122,-5.2527394,,0.35266164,26.481398,0.49427333,0.2985924,0.92892176,0.26987633,0.3178356,17.10675,HEALTHY
321,0.7791693,-0.40162352,0.12721916,2.0459216,,0.21791829,0.35828263,0.16750944,0.3096759,0.95768577,0.29553977,0.19064021,0.41786563,0.375564,-0.16221052,0.2964216,,0.375564,-0.16221052,0.2250849,0.07907171,0.38900256,-0.29553977,0.22773337,0.12589882,0.36891448,0.06851127,0.29928932,-0.095570855,0.29910165,0.17875353,0.15102386,0.30852792,0.3678126,0.81225115,2.8299918,1.9575338,-0.085236706,,0.3037676,22.239332,0.4403183,0.25620425,0.88747716,0.26384205,0.2554323,14.658789,HEALTHY
322,1.0526761,-0.34405634,0.1143476,2.550827,,0.30247605,0.44505116,0.22630364,0.42694846,1.2793878,0.36600903,0.19201735,0.6606953,0.5382632,0.29434258,0.4080024,,0.5382632,0.29434258,0.28072667,0.09854492,0.51815486,-0.36600903,0.32882404,0.20716237,0.42861292,0.036281936,0.40196136,-0.16676728,0.39649135,0.22676663,0.12616496,0.34620196,0.4783214,0.684031,3.774738,2.2792692,-94.19897,,0.41199496,24.14796,0.5435551,0.3621618,0.9448841,0.34134012,0.40692517,20.780975,
323,1.0380906,-0.36219257,0.10464188,2.787208,,0.25899142,0.43636835,0.19723809,0.38321787,1.2567736,0.35925063,0.17232274,0.55453926,0.4551903,-0.118376054,0.36799827,,0.4551903,-0.118376054,0.2772318,0.09530419,0.4966288,-0.35925063,0.30995092,0.1888016,0.37855506,0.050249428,0.37583742,-0.15076879,0.35953647,0.21880357,0.11958413,0.30742654,0.46276358,0.7095073,3.6405935,2.2566936,-0.30884805,,0.3748924,24.872265,0.53031164,0.31244996,0.9177773,0.28920186,0.37498719,17.648077,HEALTHY
324,0.84939224,-0.38356248,0.112055145,2.2692912,,0.23717582,0.4083751,0.17816992,0.34401104,1.0328907,0.31495917,0.18498911,0.47195423,0.42099798,-0.13770773,0.33025602,,0.42099798,-0.13770773,0.24379121,0.0807611,0.43874368,-0.31495917,0.28920397,0.16368955,0.37118945,0.07584347,0.33555332,-0.1329497,0.32919756,0.18358888,0.1340326,0.30959794,0.4217834,0.74745864,3.1206849,2.0327585,0.96457356,,0.33781323,20.93586,0.48897865,0.27904055,0.870554,0.29864293,0.30685645,16.267672,HEALTHY
325,1.1075081,-0.3426479,0.10033132,2.7111628,,0.30283365,0.48408955,0.21718155,0.4337023,1.322409,0.36780944,0.18576214,0.75445986,0.5411867,0.32979774,0.414124,,0.5411867,0.32979774,0.28855872,0.09345645,0.5287964,-0.36780944,0.38123247,0.2269257,0.42112973,0.06534555,0.4080647,-0.17117189,0.4013314,0.21496764,0.11834303,0.34206477,0.4905948,0.6584953,4.1203017,2.3222451,6.914577,,0.4162555,29.56796,0.5680118,0.36050868,0.8905115,0.30496174,0.37966144,20.863968,HEALTHY
326,0.81072366,-0.42367992,0.10691728,2.3894556,,0.18705574,0.36894432,0.14095084,0.27789506,0.98030645,0.291,0.16556083,0.39218137,0.31484544,-0.3348419,0.26636323,,0.31484544,-0.3348419,0.22607683,0.074381575,0.36564806,-0.291,0.22699703,0.10957049,0.32339132,0.10112811,0.27517065,-0.060989834,0.27799296,0.16983387,0.13637099,0.2708301,0.33207273,0.8455512,2.8831046,1.9800127,-0.15313888,,0.27303788,16.407845,0.43843335,0.21882944,0.8310433,0.20039974,0.18982227,12.389009,AVARAGE
327,1.0870336,-0.32481268,0.10829196,2.4728148,,0.32654202,0.48566756,0.23838186,0.46214473,1.3197521,0.37859192,0.19591926,0.7544179,0.5862965,0.43026724,0.44133732,,0.5862965,0.43026724,0.29062262,0.10205065,0.55432594,-0.37859192,0.38660702,0.24180044,0.4480334,0.043526184,0.43151668,-0.19123505,0.42521346,0.23277974,0.12150187,0.3604989,0.5090193,0.62909114,4.0972486,2.3196669,0.15320244,,0.44350895,32.19402,0.58077335,0.38908884,0.9272175,0.35702515,0.479021,22.568586,AVARAGE
328,0.7790685,-0.42458716,0.11356231,2.3884013,,0.19001271,0.36262894,0.14269423,0.2762915,0.95989954,0.2887178,0.17557941,0.37417355,0.3214902,-0.26910576,0.2644821,,0.3214902,-0.26910576,0.21876404,0.07853562,0.36036453,-0.2887178,0.21818484,0.10278705,0.3348397,0.1022783,0.27194306,-0.05899384,0.279777,0.18102221,0.14486262,0.27999255,0.32022616,0.8630851,2.770849,1.9595091,0.04473229,,0.27157462,14.492943,0.43247116,0.21638933,0.83188397,0.21619277,0.1777358,12.627493,
329,1.1256543,-0.38117525,0.09471771,3.4254444,,0.24026056,0.4350792,0.18025975,0.35903493,1.3649064,0.3705763,0.15476947,0.51825064,0.4103203,-0.17086318,0.34394935,,0.4103203,-0.17086318,0.28364542,0.10219064,0.477551,-0.3705763,0.27803996,0.15666506,0.35370505,0.07245323,0.3556054,-0.109379366,0.34298822,0.23940057,0.113485135,0.2819478,0.42040473,0.7699866,3.6582286,2.3646338,0.07130638,,0.35098213,15.07392,0.5242156,0.29251724,0.8832214,0.23798019,0.32294723,16.064571,
330,0.9787599,-0.38209113,0.09666579,2.7356617,,0.2431742,0.43408775,0.17959198,0.36014873,1.1730139,0.33678654,0.16611536,0.56076086,0.42724824,-0.08978303,0.3452332,,0.42724824,-0.08978303,0.26452386,0.0843963,0.46317235,-0.33678654,0.31636587,0.17894478,0.3598242,0.0774353,0.3506319,-0.12701221,0.34480867,0.19437215,0.116679534,0.2947448,0.42801797,0.73492825,3.5726922,2.1727645,0.6554775,,0.3502462,23.142296,0.5135331,0.28819188,0.86877114,0.2580254,0.31968504,16.566113,AVARAGE
331,1.202807,-0.33291963,0.10602847,3.0297337,,0.30811742,0.47464567,0.2301481,0.44425946,1.4505104,0.39327723,0.18291225,0.7088154,0.5444629,0.24962394,0.42541865,,0.5444629,0.24962394,0.3043268,0.10563486,0.55067044,-0.39327723,0.35046,0.22201551,0.4263936,0.03531813,0.42229843,-0.16698104,0.41306356,0.2477928,0.11829564,0.34148803,0.4965428,0.6621697,4.1625495,2.4504414,-0.2360095,-inf,0.42821386,22.20485,0.57547766,0.36998257,0.94615316,0.3208702,0.45703435,21.07054,AVARAGE
332,0.96021676,-0.38505256,0.11021768,2.6769826,,0.24197838,0.40340886,0.18224692,0.34981006,1.165637,0.33515012,0.17571114,0.5090727,0.42055154,-0.060624707,0.3348233,,0.42055154,-0.060624707,0.25986743,0.08717248,0.44390598,-0.33515012,0.26687083,0.15181133,0.37143347,0.06674464,0.33852774,-0.10834336,0.33560798,0.20549405,0.129474,0.30517682,0.41177276,0.77510965,3.3038998,2.1653817,86.262314,,0.3410669,18.20428,0.49048913,0.28770944,0.88894427,0.2721011,0.29153332,16.367565,HEALTHY
333,1.2628707,-0.33568585,0.104216166,3.2501752,,0.3047439,0.46380043,0.2305227,0.4412655,1.5367227,0.40807757,0.17069824,0.6845798,0.5295765,0.21540603,0.42145532,,0.5295765,0.21540603,0.31046653,0.116303466,0.55228245,-0.40807757,0.32159728,0.20826586,0.4172232,0.02466844,0.42116776,-0.15542595,0.4082563,0.2737667,0.11250471,0.3260214,0.4835612,0.68061984,4.215719,2.5365689,-9.728355,,0.4253292,29.157734,0.5721055,0.3746123,0.96619713,0.2939576,0.44643053,20.61119,HEALTHY
334,0.84307957,-0.37149468,0.121364415,2.158759,,0.26322085,0.41019714,0.19750832,0.37014022,1.0454755,0.3204988,0.20013773,0.53087866,0.47234187,0.13094646,0.35385272,,0.47234187,0.13094646,0.24165879,0.088689156,0.45690554,-0.3204988,0.30181828,0.17938758,0.40350658,0.05888585,0.35288352,-0.14770426,0.3504083,0.20265564,0.14030987,0.3329072,0.4312902,0.7260083,3.2351768,2.0454118,1.6029105,-inf,0.36038542,18.604445,0.49660245,0.3055491,0.90275013,0.3294196,0.32258707,18.184914,HEALTHY
335,0.81496704,-0.40064532,0.11456059,2.3497279,,0.21473476,0.3874101,0.16275324,0.31237915,1.002992,0.3053096,0.18191372,0.43419015,0.3732501,-0.19652815,0.29899377,,0.3732501,-0.19652815,0.23435064,0.07975656,0.4062836,-0.3053096,0.25646475,0.13634726,0.35553297,0.085969634,0.3072121,-0.097479396,0.30618542,0.18811977,0.14083426,0.2987023,0.38541874,0.8020223,2.9610593,2.0027468,5.5833244,,0.3071038,19.594915,0.46446085,0.24670032,0.8592225,0.26069358,0.2640225,14.525322,AVARAGE
336,1.0886105,-0.3959739,0.096363634,3.5756898,,0.21950895,0.4107164,0.16842234,0.3320418,1.3170083,0.359938,0.14931181,0.47238553,0.36961287,-0.261905,0.31739214,,0.36961287,-0.261905,0.27970454,0.094807714,0.4551072,-0.359938,0.24937627,0.14053905,0.3344402,0.06674254,0.33364514,-0.09155228,0.32166168,0.22878563,0.11496916,0.26934585,0.41243514,0.79526275,3.4859295,2.3168845,-0.04758827,,0.32568836,21.094135,0.5016845,0.2661271,0.89556986,0.21537891,0.25793687,14.541969,UNHEALTHY
337,0.6431869,-0.45930812,0.11185637,2.2044425,,0.13879704,0.32141393,0.10538452,0.20910047,0.77338743,0.25113687,0.16424729,0.24563222,0.22303088,-0.5555631,0.20039037,,0.22303088,-0.5555631,0.19964528,0.05747802,0.28962243,-0.25113687,0.16890131,0.05816903,0.2881153,0.12770098,0.21467942,-0.014850125,0.2210342,0.13036786,0.1493603,0.25084785,0.27900147,0.93243474,2.2555177,1.7731063,1.4621214,,0.2095952,15.321842,0.3806867,0.15437785,0.7831849,0.1727555,0.09124708,8.920914,AVARAGE
338,0.93906814,-0.386273,0.107553564,2.706383,,0.2310031,0.41909274,0.17003319,0.3373692,1.1375363,0.3342996,0.17730315,0.47316933,0.39979762,-0.1725523,0.3230651,,0.39979762,-0.1725523,0.2599242,0.085020766,0.44016126,-0.3342996,0.27526233,0.14488612,0.3651966,0.09350221,0.33234897,-0.11113505,0.32124794,0.19850352,0.13422617,0.30394685,0.42164454,0.78660035,3.1879177,2.1374469,0.49679965,,0.3316251,18.164467,0.4981302,0.27343464,0.8414257,0.27234355,0.30835998,15.581309,
339,0.633389,-0.45270383,0.12070477,2.0231283,,0.15438583,0.3202713,0.11507928,0.22301367,0.78636444,0.25046834,0.17797269,0.2835337,0.25068405,-0.39501256,0.21328875,,0.25068405,-0.39501256,0.19166498,0.06507765,0.28914824,-0.25046834,0.1715851,0.060591135,0.31406605,0.12385059,0.21932915,-0.015002207,0.23219034,0.15328385,0.15973619,0.2691218,0.26383474,0.93929976,2.324499,1.7861166,-0.51019907,,0.21990268,13.856127,0.37946513,0.16710001,0.7916245,0.18127805,0.10914048,9.98957,UNHEALTHY
340,1.0980946,-0.3322148,0.113119915,2.458444,,0.32819462,0.45730016,0.24502555,0.4609422,1.3397249,0.373122,0.19408305,0.7879985,0.587135,0.56120896,0.43945506,,0.587135,0.56120896,0.28378087,0.10467394,0.539761,-0.373122,0.3628663,0.23711063,0.4488102,0.016515894,0.42322078,-0.17391936,0.4278437,0.2417387,0.12064042,0.3568007,0.47231328,0.64725167,4.219787,2.3394415,-14.291728,,0.43838704,29.373974,0.5586727,0.38770613,0.9804349,0.3334199,0.42471007,22.627897,
341,1.3068378,-0.3282977,0.10599195,3.2584863,inf,0.31554064,0.4599699,0.24459094,0.45721036,1.6083548,0.4191785,0.16849263,0.70113933,0.54715,0.26660833,0.43651623,inf,0.54715,0.26660833,0.31206873,0.12742986,0.5689564,-0.4191785,0.31644735,0.21762276,0.42452374,-0.0010703255,0.43447882,-0.1660126,0.42251572,0.30167684,0.10900422,0.324615,0.47987035,0.66630656,4.3870835,2.6083007,-0.58178186,-inf,0.43931636,27.075903,0.5775494,0.38949075,1.0215256,0.2918879,0.4627316,21.310707,UNHEALTHY
342,0.7632929,-0.3989904,0.12421413,2.0546122,inf,0.21832398,0.36651275,0.16851802,0.31362486,0.9379383,0.2928438,0.1910693,0.42172852,0.38404003,-0.18271992,0.30074456,inf,0.38404003,-0.18271992,0.22368841,0.07704702,0.39974394,-0.2928438,0.24800745,0.14034812,0.36469132,0.066418834,0.30595466,-0.11295657,0.30479172,0.17491953,0.14639452,0.30743268,0.383507,0.7876848,2.858079,1.9377483,-0.21735707,-inf,0.30866158,19.599371,0.44785592,0.25292677,0.89027137,0.2778174,0.2627051,14.884798,
343,1.1423764,-0.34325257,0.10745719,2.8048775,,0.3000431,0.45182514,0.22528857,0.43157127,1.3938276,0.380648,0.17842826,0.6775224,0.5263315,0.24022524,0.4123198,,0.5263315,0.24022524,0.28929964,0.107962996,0.529162,-0.380648,0.33082393,0.21217422,0.41794804,0.028132435,0.4074482,-0.16003443,0.40079603,0.25157586,0.11795667,0.32913384,0.46589983,0.6779644,4.0802116,2.3936965,1.380361,,0.41466305,28.945713,0.552963,0.3632272,0.9600422,0.29915473,0.3986855,20.418663,AVARAGE
344,1.0194072,-0.364918,0.10918075,2.5420544,,0.2683096,0.43717352,0.19595203,0.3843374,1.2299745,0.34877175,0.18339728,0.57176024,0.4684812,0.044271458,0.3679071,,0.4684812,0.044271458,0.2714455,0.090944,0.47571102,-0.34877175,0.30523875,0.17476487,0.39901236,0.072884895,0.36673203,-0.13166542,0.36270058,0.21052751,0.13073212,0.32538548,0.44212013,0.73520887,3.51713,2.2296667,0.541692,,0.37289068,25.510681,0.52175313,0.32227093,0.8769375,0.29993895,0.34945527,18.20342,AVARAGE
345,0.5801659,-0.44713265,0.13337089,1.6865437,,0.15401664,0.31832352,0.11374351,0.21802849,0.7139379,0.23700643,0.1975814,0.25176138,0.2523312,-0.4624365,0.20950542,,0.2523312,-0.4624365,0.18302068,0.05942422,0.28192025,-0.23700643,0.17228378,0.060287762,0.3319156,0.12989974,0.21584365,-0.02647048,0.2275031,0.13399576,0.17795284,0.29050338,0.27482814,0.92488265,2.1264565,1.7137358,0.062548935,,0.2177856,7.6581464,0.37325892,0.16935648,0.78033346,0.20637617,0.13021259,10.023244,UNHEALTHY
346,0.792434,-0.41768417,0.11728924,2.3659701,,0.19793062,0.3602587,0.14824271,0.2844574,0.9715263,0.29642147,0.17800455,0.35782793,0.33554325,-0.28941727,0.27239954,,0.33554325,-0.28941727,0.22750804,0.07829125,0.37142533,-0.29642147,0.20956069,0.10095541,0.3434935,0.095287606,0.28118533,-0.06996034,0.2779432,0.17937933,0.14559147,0.28813246,0.354179,0.85590345,2.6677547,1.9714327,0.23699185,,0.2816156,12.85798,0.4354151,0.23332106,0.8390522,0.24480611,0.2086575,13.170855,UNHEALTHY
347,0.7577649,-0.448478,0.107333615,2.6562397,,0.15591773,0.3368447,0.11969279,0.23328176,0.9181001,0.28395283,0.15700294,0.28182092,0.25171065,-0.4870012,0.22297744,,0.25171065,-0.4870012,0.2210154,0.07104868,0.3258926,-0.28395283,0.16810787,0.0635214,0.2953846,0.114947654,0.23946738,-0.020297373,0.23774692,0.16046369,0.13952258,0.25136286,0.30414847,0.92568326,2.4475121,1.9178616,-167.94421,,0.23329471,13.709354,0.4070316,0.17940779,0.8079397,0.18363227,0.10423288,10.050936,AVARAGE
348,1.1251456,-0.38047305,0.09666705,3.3739336,,0.24592955,0.42739603,0.18437389,0.3628052,1.352941,0.37139434,0.15575336,0.542745,0.42011905,-0.071692765,0.34593856,,0.42011905,-0.071692765,0.288158,0.09856409,0.4774645,-0.37139434,0.26962197,0.15333629,0.3592878,0.065583505,0.3567416,-0.10583335,0.34385127,0.22789925,0.113410205,0.288629,0.43027163,0.7761036,3.5906372,2.3527431,-4.01113,,0.35379416,20.064507,0.52088106,0.29974115,0.89310354,0.2470385,0.3074198,16.446651,AVARAGE
349,0.94199586,-0.40974328,0.10487067,2.9131737,,0.2015543,0.38677946,0.15094334,0.29935876,1.1356529,0.3276536,0.16152845,0.39633894,0.33604962,-0.34104186,0.28654867,,0.33604962,-0.34104186,0.25478393,0.08469154,0.40257138,-0.3276536,0.22228712,0.107818164,0.33366027,0.096960366,0.29993168,-0.06776392,0.29091513,0.19377847,0.13213521,0.27616197,0.3726703,0.8491858,2.9816093,2.1353786,1.0273991,,0.29574206,17.037287,0.46653897,0.24130301,0.83689475,0.22291474,0.25200352,13.26745,AVARAGE
350,0.7887835,-0.39862642,0.11291359,2.1902843,,0.22047912,0.3949932,0.16511294,0.31991422,0.94865835,0.29150534,0.18746991,0.4575962,0.393747,-0.1534961,0.30688244,,0.393747,-0.1534961,0.23090057,0.06935862,0.4092563,-0.29150534,0.28449103,0.15491644,0.35899216,0.08565197,0.3122909,-0.11748507,0.3142967,0.15988587,0.1385536,0.3061767,0.39972624,0.77042377,2.978864,1.9483529,0.39688733,,0.3139957,19.701878,0.4675236,0.25075194,0.8542282,0.28659174,0.23361,15.183664,HEALTHY
351,0.9146028,-0.36642823,0.11519877,2.3146384,,0.26342306,0.42551476,0.19769734,0.37724292,1.1073173,0.3257355,0.194683,0.57487786,0.47461337,0.06257006,0.36107674,,0.47461337,0.06257006,0.2568522,0.07988966,0.47060844,-0.3257355,0.31831494,0.18959457,0.39698565,0.059936833,0.36195558,-0.15585986,0.3564396,0.19270551,0.13358381,0.33431497,0.46635357,0.71115416,3.3633387,2.1070673,0.63455254,,0.3673658,22.781631,0.50952935,0.3062748,0.9009685,0.3298504,0.35504523,18.24808,HEALTHY
352,1.1824155,-0.3342156,0.11856701,2.6291747,0.24194078,0.31907162,0.44668218,0.24121542,0.44792402,1.4472501,0.3827532,0.19122924,0.72601044,0.55801827,0.44390488,0.42637336,,0.55801827,0.44390488,0.2925611,0.10840897,0.5299427,-0.3827532,0.31890932,0.209142,0.44712457,0.019109875,0.41393802,-0.15585245,0.4154142,0.26498,0.12805292,0.35448113,0.47035804,0.6831935,4.1019797,2.4471133,-0.2539935,0.9111825,0.42741433,28.90374,0.55045986,0.38613573,0.9820236,0.31820846,0.43715957,21.67135,AVARAGE
353,1.2895178,-0.3330267,0.1079494,3.0773764,,0.31352955,0.45362607,0.24095604,0.45188394,1.5818574,0.40624508,0.17131113,0.7277273,0.5429041,0.3044993,0.43095016,,0.5429041,0.3044993,0.30705103,0.12049023,0.55203855,-0.40624508,0.31604242,0.21486115,0.42617947,0.0031853062,0.42453688,-0.15453811,0.41717106,0.29256842,0.11267993,0.3292438,0.47184628,0.6740168,4.4096365,2.5817568,-0.29928967,,0.43206894,29.92577,0.5655107,0.3856304,1.012501,0.28104252,0.4477295,21.15522,AVARAGE
354,1.3525028,-0.3225925,0.09331427,3.5417914,,0.31622532,0.5091332,0.23629197,0.46635473,1.6251281,0.421017,0.16809967,0.81638855,0.5578081,0.28463155,0.44639024,,0.5578081,0.28463155,0.32403657,0.11679604,0.59233344,-0.421017,0.3924207,0.25143015,0.4186087,0.025579592,0.44745868,-0.18137155,0.4307459,0.2728153,0.102407955,0.32846114,0.5137659,0.6280934,4.8026347,2.625078,1.001945,-inf,0.4479333,22.137299,0.61162764,0.38208798,0.9711927,0.27890643,0.48088974,21.59971,AVARAGE
355,1.055271,-0.37068373,0.09922866,3.2111864,,0.25648063,0.44498697,0.19265103,0.37728778,1.2662619,0.35819033,0.17016923,0.6016194,0.45467123,0.0226551,0.35991138,,0.45467123,0.0226551,0.27946505,0.090775095,0.49642226,-0.35819033,0.32128528,0.18899345,0.37192196,0.060196545,0.3704304,-0.14908081,0.3566925,0.2112043,0.11545346,0.30504918,0.4687471,0.7274077,3.684779,2.2660017,-0.80458754,,0.3677316,25.03447,0.5341652,0.30129087,0.90738875,0.27888203,0.33181727,17.57674,AVARAGE
356,1.0495497,-0.3825179,0.09885273,3.0552409,,0.2324458,0.41680226,0.18059795,0.3521599,1.259112,0.3495436,0.1573896,0.5404697,0.40280503,-0.21330237,0.33780235,,0.40280503,-0.21330237,0.27260792,0.09021265,0.47090212,-0.3495436,0.28806353,0.17334996,0.34612346,0.048215035,0.3501993,-0.1238889,0.33785182,0.20981172,0.113713495,0.28151482,0.4308838,0.74971133,3.6630194,2.2588012,0.5522398,,0.34428138,23.945435,0.5087313,0.27595544,0.9278947,0.23252286,0.31098822,15.691881,AVARAGE
357,0.9498644,-0.37528569,0.104666695,2.6020343,,0.24895151,0.42953137,0.18594144,0.36485353,1.1479331,0.33576056,0.17705186,0.5421112,0.4403863,-0.072022475,0.3497299,,0.4403863,-0.072022475,0.26234397,0.085275754,0.46790245,-0.33576056,0.31183022,0.1803842,0.373461,0.06907124,0.3553351,-0.13699311,0.34758583,0.19813427,0.124532826,0.3083787,0.4418087,0.728974,3.4508991,2.1476464,0.38148043,,0.35606918,25.243647,0.5134528,0.29322848,0.88316613,0.28967,0.32275766,17.036451,AVARAGE
358,1.0249398,-0.39998603,0.09758829,3.3043637,,0.21607223,0.40905342,0.16263655,0.3228986,1.2521443,0.3486652,0.15459187,0.4375796,0.3651677,-0.26785147,0.30864882,,0.3651677,-0.26785147,0.2700424,0.09283567,0.43802226,-0.3486652,0.24321854,0.12736782,0.33596852,0.08577901,0.32401502,-0.08447452,0.31233555,0.227454,0.1199301,0.27349383,0.4039364,0.8180211,3.241726,2.2520268,0.8665782,,0.3180358,17.816833,0.49355656,0.26084322,0.85837346,0.23431003,0.24664354,14.348776,
359,1.0638591,-0.36803088,0.10002368,2.9597046,,0.25910738,0.44946632,0.1904718,0.37907517,1.3052765,0.36203265,0.17044996,0.57913417,0.45106176,-0.003477385,0.36192292,inf,0.45106176,-0.003477385,0.27811345,0.098973565,0.48893964,-0.36203265,0.31186175,0.17751026,0.37955138,0.07468008,0.36870256,-0.13106158,0.356497,0.2415811,0.12046473,0.30684316,0.45133948,0.73682034,3.671562,2.305214,-0.48395744,,0.36857933,22.640251,0.53480273,0.311104,0.87694913,0.27260014,0.35699624,17.544891,AVARAGE
360,0.82767475,-0.36921346,0.12628351,2.0016634,,0.26747012,0.39842933,0.20303522,0.374735,1.0243683,0.31501862,0.20395537,0.53868926,0.48272303,0.14837988,0.35872945,,0.48272303,0.14837988,0.23758377,0.087068856,0.45555198,-0.31501862,0.29876766,0.1839781,0.4088314,0.04422534,0.3546514,-0.15230553,0.35626847,0.19679627,0.14139071,0.33804396,0.4276922,0.716939,3.2305448,2.024191,3.0162568,,0.36427453,18.53152,0.48829728,0.3101647,0.9256181,0.33920947,0.33755407,18.549026,HEALTHY
361,1.0992029,-0.3355145,0.11737782,2.6231573,,0.3192918,0.4509975,0.23726895,0.4453839,1.3486774,0.3782501,0.1961398,0.6949308,0.5667266,0.46205348,0.42450425,inf,0.5667266,0.46205348,0.286558,0.106765196,0.5327481,-0.3782501,0.3332138,0.21326,0.44685626,0.028564481,0.41480833,-0.17142615,0.41104722,0.2496668,0.12757483,0.35622427,0.48311323,0.67415905,3.9397123,2.348634,0.8499549,-inf,0.4276605,27.83718,0.5535091,0.3840547,0.9573725,0.350125,0.43040264,21.899485,HEALTHY
362,0.6159455,-0.43267605,0.13212812,1.7904936,,0.17517294,0.3202872,0.13506599,0.24982098,0.77144235,0.2533201,0.19342415,0.30255762,0.29929632,-0.34763002,0.23978534,,0.29929632,-0.34763002,0.19078213,0.06829951,0.32293406,-0.2533201,0.19335292,0.091734156,0.3383214,0.09075777,0.24640709,-0.062029872,0.25401452,0.15556118,0.16320936,0.2904547,0.3072598,0.8722947,2.3780403,1.7711617,0.021417163,,0.2480843,11.265584,0.39005533,0.19497822,0.84608,0.23244472,0.17220378,11.715496,AVARAGE
363,0.8298487,-0.41437197,0.10270441,2.5491676,,0.19652888,0.38394994,0.14731959,0.29362762,1.0018171,0.30398002,0.1631029,0.39130488,0.33699903,-0.3403459,0.28136107,,0.33699903,-0.3403459,0.2381839,0.07524032,0.3942336,-0.30398002,0.24652043,0.12502654,0.32494512,0.09597315,0.29457155,-0.08671725,0.2878747,0.1721206,0.12845418,0.2720806,0.3764087,0.81604475,2.9151304,2.0015914,-3.9635398,,0.29036364,20.260239,0.45799604,0.23219676,0.8353392,0.23283114,0.082844436,13.17562,AVARAGE
364,0.9574432,-0.3704958,0.10880043,2.3844652,,0.26414686,0.4328326,0.19284803,0.3778599,1.1602727,0.33478564,0.18527421,0.58207697,0.46475437,0.10503283,0.36112306,,0.46475437,0.10503283,0.25882712,0.08821045,0.46370366,-0.33478564,0.31479073,0.17966773,0.3952494,0.07489856,0.358217,-0.13106212,0.35997498,0.20296992,0.13114418,0.3229277,0.42315054,0.731456,3.5136082,2.1600714,-0.053789556,,0.3650505,23.712675,0.5136098,0.3116422,0.873748,0.29081473,0.3341232,18.011513,HEALTHY
365,1.3163158,-0.32279333,0.093606286,3.1923862,,0.32601324,0.5127593,0.2352974,0.4726843,1.5840884,0.4117608,0.17413788,0.8340754,0.57379925,0.38554588,0.4517869,,0.57379925,0.38554588,0.31723478,0.11413091,0.5768776,-0.4117608,0.3969692,0.24411681,0.43321413,0.048923954,0.44357088,-0.17327105,0.43540943,0.26781788,0.10722805,0.33945492,0.50088984,0.636204,4.703839,2.5839038,0.85664165,,0.45102733,26.983541,0.6064671,0.39436698,0.9208043,0.28333163,0.484352,22.235554,HEALTHY
366,0.9529352,-0.3661878,0.10985361,2.6135395,inf,0.25720325,0.43064472,0.19407639,0.37408164,1.1629648,0.3460597,0.18331265,0.52800965,0.4576527,-0.06280319,0.3586356,inf,0.4576527,-0.06280319,0.26501927,0.09217504,0.48302782,-0.3460597,0.30692685,0.18160957,0.38455105,0.06175037,0.36647812,-0.1504441,0.35296437,0.21011318,0.12735616,0.31740406,0.45799845,0.7193452,3.378766,2.1628702,0.3273505,-inf,0.36716738,22.518711,0.52117133,0.30488434,0.89512014,0.3145473,0.3438024,17.670238,AVARAGE
367,0.7906471,-0.4236188,0.10512305,2.598797,,0.18347137,0.37351766,0.13873199,0.27444458,0.9598345,0.29890433,0.16381174,0.35195535,0.31066898,-0.40058678,0.26276353,,0.31066898,-0.40058678,0.23152493,0.07567215,0.37738955,-0.29890433,0.22609934,0.10833771,0.31740445,0.10365855,0.2790491,-0.071290895,0.27151388,0.16938825,0.13397992,0.26768765,0.3586335,0.8430045,2.7384765,1.9596355,6.9501143,,0.2731662,18.033655,0.44651198,0.21516071,0.8249329,0.2214767,0.1753859,12.19894,AVARAGE
368,1.0333087,-0.3748983,0.09641338,2.9795363,,0.25675258,0.44424617,0.18875328,0.37476778,1.240915,0.35349405,0.16718008,0.6080579,0.4513358,0.06855008,0.3569582,,0.4513358,0.06855008,0.27571285,0.090631135,0.48223406,-0.35349405,0.31733137,0.18184796,0.3715923,0.07282586,0.36330324,-0.13289708,0.35208598,0.20768686,0.11485269,0.30280128,0.44877368,0.7304687,3.6668677,2.2407687,-2.6312132,,0.36342925,23.690577,0.5285321,0.30630615,0.8806385,0.2646642,0.32926303,17.497473,UNHEALTHY
369,1.0852363,-0.35913888,0.09311713,3.1038291,inf,0.2732094,0.47635967,0.198619,0.40098065,1.2904811,0.36412558,0.17207141,0.67966616,0.48793018,0.11878244,0.38296434,inf,0.48793018,0.11878244,0.28770742,0.08972302,0.5162567,-0.36412558,0.36578068,0.21260446,0.38468102,0.07400648,0.38875997,-0.15933967,0.37564242,0.20543268,0.11148064,0.31529558,0.4862122,0.683421,3.944026,2.2903109,0.14917983,-inf,0.38851738,26.303488,0.5588376,0.32332388,0.877997,0.28365633,0.3777834,18.815655,AVARAGE
370,0.98614615,-0.37570685,0.09970453,2.710164,,0.25056154,0.44816548,0.18148732,0.3668572,1.1681917,0.33771867,0.1761291,0.5863176,0.44149837,-0.021783462,0.351172,,0.44149837,-0.021783462,0.26933095,0.08014418,0.4680172,-0.33771867,0.33035386,0.18234439,0.37490088,0.090452656,0.3553481,-0.1296945,0.34988543,0.18205212,0.12437344,0.31167257,0.44249442,0.7288853,3.5578742,2.1679623,1.5184968,,0.3564533,26.457207,0.523566,0.2945345,0.8456856,0.27451053,0.17397057,17.10187,AVARAGE
371,0.8261364,-0.3919186,0.12050364,2.1982381,,0.22828767,0.3932772,0.1687838,0.32496512,0.9998013,0.30788225,0.19298628,0.4439769,0.3965366,-0.13917226,0.3112257,,0.3965366,-0.13917226,0.23907666,0.07760515,0.41073623,-0.30788225,0.25914723,0.13643108,0.3777458,0.09067486,0.31516612,-0.108043365,0.31159854,0.17379154,0.149492,0.31855902,0.39928624,0.7936424,2.91454,1.9996859,-1.4653074,-inf,0.3191975,16.923708,0.47032064,0.26845548,0.8456058,0.28630435,0.28606477,15.434999,HEALTHY
372,0.9226011,-0.41275918,0.11027052,2.8587248,inf,0.19931105,0.369363,0.15271358,0.29362956,1.1181816,0.32462072,0.16301367,0.377724,0.3298845,-0.32732138,0.2806092,,0.3298845,-0.32732138,0.25000635,0.085833065,0.39371392,-0.32462072,0.20126772,0.099923745,0.33481526,0.085038975,0.2935748,-0.06409576,0.28632268,0.19566949,0.13551694,0.27628338,0.36101204,0.8579992,2.9024909,2.117861,-0.35114518,-inf,0.29011118,16.8838,0.45401147,0.24046975,0.858837,0.21974581,0.22872432,13.057769,AVARAGE
373,1.3528261,-0.3517167,0.09327617,3.719543,,0.284851,0.4619193,0.21417737,0.4214675,1.6325473,0.41455948,0.15063547,0.67365295,0.4839842,0.06686137,0.4029044,,0.4839842,0.06686137,0.31739268,0.11877599,0.53908056,-0.41455948,0.30436528,0.19245888,0.38812786,0.032455295,0.40605226,-0.12963672,0.39096612,0.27980912,0.10330372,0.2979264,0.45620555,0.71008533,4.4062448,2.6324444,-7.223598,,0.40575615,28.042568,0.56670994,0.35677558,0.95371985,0.23009148,0.3725083,18.982718,AVARAGE
374,1.218387,-0.34128565,0.100018926,3.0668657,inf,0.29912987,0.47645462,0.22028461,0.43391702,1.4714413,0.3923328,0.17340355,0.73405135,0.5224144,0.2459925,0.41413718,,0.5224144,0.2459925,0.3012899,0.10831312,0.53943294,-0.3923328,0.34937173,0.21515755,0.41374525,0.04627576,0.41191268,-0.15645668,0.40154848,0.25324076,0.114629455,0.32795018,0.47641522,0.67739445,4.2891607,2.4713485,-0.038281035,-inf,0.41655004,29.674507,0.5715697,0.3627654,0.9278452,0.27182707,0.4259888,20.298233,HEALTHY
375,0.9086082,-0.37486345,0.10970205,2.324408,,0.2553789,0.43508017,0.18483986,0.36507428,1.0952325,0.3224145,0.19101602,0.5802056,0.45427102,0.08022854,0.3486356,,0.45427102,0.08022854,0.25157917,0.08100657,0.4536503,-0.3224145,0.32181993,0.17832057,0.39090517,0.08759092,0.3486363,-0.14200105,0.3438828,0.18676421,0.13553913,0.32647955,0.4367707,0.73400366,3.3928423,2.0950298,0.39790285,,0.35411605,20.019073,0.5087932,0.29822862,0.85277075,0.29239023,0.3310257,17.541039,HEALTHY
376,0.6313635,-0.46107188,0.1134591,2.130682,,0.13737948,0.32221854,0.10543048,0.20722762,0.7530219,0.23643988,0.16996111,0.2655003,0.22699058,-0.51222736,0.19854148,,0.22699058,-0.51222736,0.1902809,0.051926047,0.28536287,-0.23643988,0.1839309,0.07020843,0.28855562,0.12363738,0.21124607,-0.029872507,0.225706,0.12187063,0.15122415,0.25439858,0.27486908,0.9151918,2.3044949,1.7527109,-0.16194104,,0.20642865,16.152287,0.37623358,0.14755993,0.79242545,0.1713122,0.07103605,8.989796,HEALTHY
377,0.78056866,-0.40129292,0.10732078,2.2246351,,0.21095914,0.4102996,0.15401614,0.30972257,0.9396838,0.29417786,0.18304403,0.44295457,0.37187952,-0.22440714,0.29663974,,0.37187952,-0.22440714,0.23251484,0.06958952,0.40436596,-0.29417786,0.2902961,0.14708339,0.35029063,0.11201182,0.30581954,-0.112924345,0.3007248,0.15929382,0.13936257,0.29938838,0.4019088,0.7791179,2.9484773,1.9395303,0.026230086,,0.3049628,20.479696,0.47504914,0.24295013,0.8084285,0.265852,0.26486325,14.402944,HEALTHY
378,0.9773903,-0.37410384,0.1066275,2.6366942,,0.24821429,0.43917686,0.18098101,0.36150202,1.1827918,0.34145343,0.1815566,0.554113,0.43214202,-0.04990406,0.34572977,,0.43214202,-0.04990406,0.2651808,0.08817352,0.4614283,-0.34145343,0.30722058,0.16815239,0.38184732,0.08943729,0.35060996,-0.12434634,0.34344995,0.20563696,0.13364883,0.31562003,0.43214107,0.74832255,3.472453,2.182679,-0.55920875,,0.35203877,23.80305,0.51737124,0.29424438,0.8495143,0.26995045,0.341691,16.808222,
379,0.8472656,-0.40570438,0.108097054,2.4062808,,0.21353701,0.39309248,0.15704234,0.31052312,1.0385303,0.30789745,0.17399001,0.4528805,0.36544406,-0.16344103,0.29669514,,0.36544406,-0.16344103,0.2367293,0.08131785,0.39773607,-0.30789745,0.25498927,0.12907,0.35030964,0.09870185,0.30189803,-0.08632519,0.29966748,0.19154768,0.13681073,0.29057628,0.3698853,0.8135853,3.0687647,2.038362,-0.11188841,,0.30302858,21.043169,0.4651107,0.25153053,0.834128,0.23288423,0.24375612,14.2973385,HEALTHY
380,0.7119744,-0.42221096,0.12625569,1.9517164,inf,0.19123378,0.33728144,0.14420328,0.27299178,0.891558,0.28006402,0.1849004,0.34273252,0.31946146,-0.28554806,0.26133627,inf,0.31946146,-0.28554806,0.2080086,0.08021659,0.3457387,-0.28006402,0.1951825,0.092681974,0.3477952,0.09139084,0.2653377,-0.051310632,0.27300358,0.17988124,0.15660273,0.29020965,0.30680612,0.8704926,2.5802836,1.8912964,1.4913357,-inf,0.26851216,16.742682,0.41182315,0.22123778,0.844386,0.22517894,0.19588076,12.603455,HEALTHY
381,0.8101094,-0.37362483,0.13583884,1.9485593,inf,0.26323366,0.39412728,0.19362733,0.35896787,1.0090083,0.3144644,0.2165415,0.48630923,0.46486124,0.14902617,0.34329966,,0.46486124,0.14902617,0.23517041,0.088255,0.4310201,-0.3144644,0.26796424,0.1505644,0.42474738,0.07373588,0.33790436,-0.12644081,0.34138018,0.19901031,0.16152655,0.35314316,0.40813115,0.7690625,2.9527137,2.0089755,-0.34459224,-inf,0.35014838,14.844881,0.4780958,0.3073622,0.8754027,0.34096125,0.3276662,17.993843,AVARAGE
382,0.9216266,-0.38027656,0.1237971,2.3474822,inf,0.24752115,0.38991395,0.18522492,0.34943783,1.146865,0.3366362,0.18861191,0.4485898,0.4211745,-0.065404385,0.33438283,inf,0.4211745,-0.065404385,0.25053078,0.098170884,0.43278944,-0.3366362,0.2378865,0.13215162,0.394593,0.06999747,0.33438635,-0.09805082,0.3349268,0.22532724,0.14709131,0.3189629,0.38554227,0.8005375,3.0828097,2.1466844,-1.2302798,-inf,0.34108427,19.448355,0.47991595,0.29776624,0.8832501,0.2859187,0.31375393,16.511442,AVARAGE
383,0.6781252,-0.43953818,0.11716143,2.1188362,,0.16220492,0.33104664,0.12366784,0.23954448,0.83830327,0.269218,0.17190775,0.26795346,0.26728153,-0.48726642,0.22990917,inf,0.26728153,-0.48726642,0.20475225,0.07148667,0.32189342,-0.269218,0.17963094,0.07356662,0.31244028,0.11059473,0.24201304,-0.036231313,0.24771485,0.16041778,0.15026952,0.2653327,0.2950408,0.9038398,2.3699539,1.838086,0.547435,,0.2393879,13.656291,0.39978737,0.18489113,0.8109665,0.2050099,0.15258507,10.596118,AVARAGE
384,1.1386907,-0.34651676,0.10271392,2.9495964,,0.28727832,0.47052887,0.21096557,0.41674364,1.3718944,0.37834367,0.17949928,0.6554911,0.50547737,0.13558112,0.39854264,inf,0.50547737,0.13558112,0.29182228,0.101445206,0.5245111,-0.37834367,0.34315255,0.20425668,0.4078988,0.061470896,0.4000026,-0.15647154,0.38934815,0.23319103,0.12063861,0.3285052,0.47585866,0.6936918,3.9373403,2.371743,1.4312745,,0.40335372,27.699444,0.56139195,0.3437477,0.8999278,0.30106974,0.4167994,19.590036,AVARAGE
385,1.116194,-0.3440321,0.10617048,2.833025,inf,0.29695344,0.46691966,0.21827455,0.42504475,1.3579224,0.37694785,0.184458,0.6790797,0.5242843,0.27282733,0.40511674,inf,0.5242843,0.27282733,0.28662208,0.10525943,0.52631116,-0.37694785,0.34457564,0.20840228,0.4194148,0.054051336,0.40329078,-0.16096202,0.39614093,0.24186106,0.12247583,0.33517438,0.47114372,0.6893887,3.9576077,2.3578115,-5.9292555,-inf,0.40947536,24.95707,0.5599053,0.35359251,0.9141129,0.30763766,0.4206158,20.295622,HEALTHY
386,1.1442277,-0.3518173,0.10105915,3.0065835,,0.28665587,0.45622033,0.21336359,0.4158204,1.3950729,0.38120013,0.17084786,0.6532628,0.50096875,0.18188371,0.39660242,-inf,0.50096875,0.18188371,0.28920448,0.10848454,0.52173567,-0.38120013,0.3276264,0.20180866,0.40092215,0.044480793,0.3972473,-0.14782843,0.3891168,0.25101933,0.11429393,0.3158042,0.45595545,0.69922763,4.018345,2.394961,0.08129609,-inf,0.40070644,33.748165,0.5530783,0.3454475,0.93054736,0.28141853,0.3824406,19.459848,AVARAGE
387,1.2464334,-0.3479471,0.09569385,3.350782,0.28466275,0.28231707,0.47510886,0.20774782,0.41589895,1.5061555,0.4014357,0.16315156,0.6474065,0.4856036,0.035177454,0.3979913,inf,0.4856036,0.035177454,0.307853,0.111765735,0.53356767,-0.4014357,0.32573617,0.19394241,0.3947847,0.060740568,0.40285015,-0.13714415,0.388045,0.25992385,0.1124676,0.3109647,0.4680035,0.70554376,4.122515,2.5061557,-0.09194295,0.73507345,0.40272158,28.195944,0.57027364,0.34716618,0.9006825,0.26327625,0.393079,18.966385,HEALTHY
388,0.74950707,-0.3997205,0.1220623,2.0651135,,0.22110195,0.38434252,0.16205911,0.3118299,0.9251701,0.29369038,0.19751754,0.41237137,0.388564,-0.13410266,0.29877546,,0.388564,-0.13410266,0.22369018,0.07765901,0.39412937,-0.29369038,0.2546551,0.13032238,0.373573,0.09810746,0.30287114,-0.10444521,0.30186278,0.17576557,0.15250283,0.31594393,0.3833007,0.8038142,2.7564352,1.9250374,0.1482168,,0.30738515,17.370565,0.45677483,0.2558869,0.83345556,0.2905094,0.25766084,15.064799,HEALTHY
389,0.9058048,-0.39269263,0.10545953,2.7134864,,0.22325909,0.4080525,0.1670158,0.32850486,1.1032822,0.32995233,0.17106931,0.44530153,0.38678917,-0.21582387,0.31416523,,0.38678917,-0.21582387,0.2539668,0.08650839,0.43625376,-0.32995233,0.26647148,0.14398672,0.35240078,0.08537353,0.32664588,-0.11019959,0.31559992,0.19751422,0.1291787,0.2914867,0.41312423,0.7821477,3.107277,2.103081,-0.8204135,,0.32381567,21.493195,0.49000603,0.26595768,0.85622764,0.2638076,0.2895446,15.068951,AVARAGE
390,1.070818,-0.36632118,0.102227084,2.8539789,,0.2595462,0.4422915,0.19239585,0.38063914,1.2969838,0.3635335,0.17031574,0.5593319,0.44858778,-0.056847617,0.36453485,,0.44858778,-0.056847617,0.28014544,0.09813871,0.4855131,-0.3635335,0.30079687,0.17267208,0.38179147,0.07091801,0.36899284,-0.12393604,0.36052716,0.22633678,0.12229484,0.30776116,0.43665257,0.7393243,3.6244519,2.29686,-0.4816083,,0.37012976,29.327442,0.53088146,0.31350234,0.8802414,0.27469686,0.35693598,17.490635,AVARAGE
391,0.75086415,-0.42876992,0.124258354,2.059249,,0.17923816,0.34698433,0.13244358,0.2580461,0.92106414,0.27796078,0.18443592,0.33812764,0.28932935,-0.35710916,0.24700895,,0.28932935,-0.35710916,0.212638,0.07427166,0.3275285,-0.27796078,0.18813914,0.07568182,0.34360087,0.11808824,0.25073093,-0.028218925,0.26240712,0.1704317,0.164392,0.29002386,0.29128453,0.90431744,2.5692856,1.9208689,14.733557,,0.25308388,16.143984,0.41173908,0.20568718,0.80176556,0.1957452,0.18166715,11.555045,HEALTHY
392,0.91368204,-0.40675518,0.11719231,2.4571233,,0.21170208,0.37128097,0.15948358,0.30590567,1.118732,0.31525862,0.1748777,0.4369628,0.35037002,-0.19011874,0.29217112,,0.35037002,-0.19011874,0.2399645,0.087823495,0.3866178,-0.31525862,0.2140423,0.107507035,0.3572834,0.085593194,0.29501864,-0.055765096,0.30144745,0.2051012,0.14564243,0.2927191,0.33560213,0.85434324,3.049665,2.118355,0.24250343,,0.29753587,18.449781,0.45048013,0.24978569,0.8600728,0.21168393,0.24159023,13.86787,HEALTHY
393,0.8891646,-0.4013188,0.11522396,2.3947968,inf,0.2166337,0.37999323,0.16208893,0.31360078,1.0877603,0.31834787,0.17520317,0.42983752,0.3630202,-0.21322788,0.30000123,,0.3630202,-0.21322788,0.24264331,0.08714364,0.39903852,-0.31834787,0.22727089,0.11672769,0.35904038,0.08692556,0.30445468,-0.072719656,0.3039121,0.19883856,0.14243829,0.29529947,0.35859028,0.8290044,3.0102656,2.0875309,0.34730834,-inf,0.30659303,20.607162,0.46017194,0.25987485,0.85355896,0.23387583,0.25622436,14.307416,AVARAGE
394,0.79303074,-0.40095347,0.119333744,2.1176758,,0.22012036,0.38803855,0.1609791,0.31284177,0.97097325,0.29789683,0.19184357,0.4387335,0.38026297,-0.11616535,0.29912245,,0.38026297,-0.11616535,0.22789249,0.07895157,0.3924414,-0.29789683,0.25465217,0.1286161,0.37134898,0.10061596,0.3015139,-0.08888736,0.30648226,0.1780353,0.1512518,0.31188416,0.3648236,0.8120054,2.8797467,1.9707241,-1.572919,,0.3059468,18.315773,0.4589977,0.25398248,0.8300647,0.26495045,0.2525769,14.829946,HEALTHY
395,0.87002075,-0.40556192,0.11025645,2.362248,,0.21464323,0.39847785,0.15416354,0.30917898,1.0569097,0.3083162,0.17881663,0.45828223,0.3612752,-0.13844652,0.2950321,,0.3612752,-0.13844652,0.2376121,0.08154698,0.38904378,-0.3083162,0.2507775,0.11845845,0.359908,0.115479864,0.29722556,-0.06600463,0.30507258,0.18699893,0.14531542,0.29850915,0.34765238,0.836984,3.0345092,2.0565772,0.23072855,,0.30033147,20.506395,0.46501455,0.24932683,0.80743694,0.22527482,0.24346447,14.215604,HEALTHY
396,0.8872291,-0.40996924,0.10323863,2.7394037,,0.19777529,0.39717543,0.14751717,0.2967345,1.0689219,0.31459695,0.16540591,0.39879918,0.33562398,-0.35795555,0.28441322,,0.33562398,-0.35795555,0.2462392,0.07895766,0.40101057,-0.31459695,0.24758424,0.1211079,0.3305467,0.10627201,0.29846635,-0.0785396,0.2941514,0.18184324,0.13279882,0.277005,0.37449595,0.8262027,2.975961,2.068708,-0.10770465,,0.29335028,19.883211,0.46935776,0.23155546,0.820346,0.22820778,0.2408796,13.169563,AVARAGE
397,0.8707911,-0.39219385,0.110507786,2.330411,,0.22852534,0.41639426,0.16512768,0.33060464,1.0643884,0.31210992,0.18598458,0.48990357,0.39613384,-0.10810392,0.31660303,,0.39613384,-0.10810392,0.2429923,0.08004755,0.41533414,-0.31210992,0.28446066,0.14483793,0.37147704,0.107021704,0.31828165,-0.09800782,0.32169482,0.19377927,0.14297634,0.31099164,0.3892116,0.78904337,3.1675494,2.064208,-0.82147837,,0.32169154,20.12689,0.48480815,0.26506975,0.8184031,0.26206326,0.3825416,15.43037,AVARAGE
398,1.0926044,-0.37366176,0.10979449,3.0188158,,0.24996403,0.42446527,0.18783936,0.36362872,1.3486893,0.36223343,0.17426442,0.51073223,0.42579335,-0.07264054,0.34798518,inf,0.42579335,-0.07264054,0.2769964,0.10138199,0.4653551,-0.36223343,0.26240495,0.14817223,0.38198176,0.07069859,0.3528413,-0.10406604,0.34744522,0.2563323,0.13203762,0.30836248,0.41970837,0.7786843,3.5239568,2.3485608,2.152777,,0.35398784,19.355398,0.5139458,0.30172873,0.8860208,0.26535255,0.34251687,16.68572,
399,0.7205899,-0.43030745,0.1146644,2.090739,,0.1782526,0.36025366,0.13169424,0.26076555,0.9092424,0.27254656,0.17796941,0.35826057,0.2973099,-0.31230208,0.24949697,,0.2973099,-0.31230208,0.20667978,0.074705325,0.33597985,-0.27254656,0.21710892,0.0938838,0.330073,0.11968783,0.2549087,-0.043010894,0.268258,0.18869059,0.15187584,0.27845183,0.3014438,0.8772251,2.6933713,1.9088748,-0.1639888,,0.25522384,19.09896,0.42098355,0.19988477,0.79901195,0.19792514,0.17731737,11.735575,HEALTHY
