ARI_2_mean,ATSAVI_mean,blue_mean,CRI_2_mean,DATT_mean,DVI_mean,ENDVI_mean,EVI_mean,EVI_2_mean,GCI_mean,GNDVI_mean,green_mean,MCARI_mean,MCARI_1_mean,MCARI_2_mean,MSAVI_mean,MTCI_mean,MTVI_1_mean,MTVI_2_mean,NDCI_mean,NDRE_mean,NDVI_mean,NDWI_mean,NEXG_mean,NGRDI_mean,nir_mean,NPCI_mean,OSAVI_mean,PSRI_mean,RDVI_mean,RECI_mean,red_mean,rede_mean,RERI_mean,RGVI_mean,RVI_1_mean,RVI_2_mean,R_MCARI_MTVI2_mean,R_TCARI_OSAVI_mean,SAVI_mean,SAVI_2_mean,SIPI_mean,SPVI_mean,SRPI_mean,TCARI_mean,TSAVI_mean,TVI_mean,HEALTH_STA
100,0.243861,,0.38965935,0.4471321,0.4847109,0.25635973,0.12789093,3.5128448,0.29308873,0.29101884,0.11983588,0.4373356,0.49334243,0.62731194,1.9626333,0.28523216,0.5404774,0.62731194,1.9626333,0.09992674,0.04148483,0.31494895,0.073221974,0.20883982,0.2336341,0.50599307,0.040393278,0.2617895,0.112838745,0.26796624,0.088549025,0.27592978,0.4962743,0.44139695,0.6474175,1.9396542,1.1763306,1.1141756,inf,0.29004624,3.0758471,0.19812866,0.20341986,1.4393988,0.6247249,0.76072687,21.975332,HEALTHY
101,0.22465102,,0.40918726,0.4108099,0.36653107,0.24001956,0.105626784,4.395818,0.27204585,0.27147883,0.11307537,0.43460545,0.4243784,0.5806711,1.7877482,0.26577902,inf,0.5806711,1.7877482,0.09226185,0.040918104,0.29209402,0.08352118,0.17519411,0.20984378,0.49000883,0.021610241,0.24338073,0.117725,0.24332938,0.08723466,0.292448,0.47444376,0.40268505,0.68892705,1.7826566,1.1393434,1.1412623,3.1052568,0.27033928,2.7231743,0.17437606,0.19328566,1.4296484,0.57442194,0.75954884,20.395563,None
102,0.23984069,,0.39937475,0.4383688,inf,0.24184935,0.11383777,3.2629886,0.27790108,0.30112115,0.12345829,0.42049086,0.4310448,0.57495594,1.7411871,0.27058524,0.57364637,0.57495594,1.7411871,0.09627275,0.04556013,0.2997346,0.10793701,0.17729998,0.20959476,0.47306108,0.012555142,0.24898945,0.15622666,0.24798013,0.09769834,0.2914049,0.4553392,0.40546277,0.70718354,1.7689016,1.1371517,1.3341117,2.9460883,0.2755037,2.7484112,0.18765865,0.20533407,1.4085815,0.561927,0.7665842,20.30475,None
103,0.23662667,,0.38560703,0.42388597,inf,0.25163293,0.13242127,inf,0.28900823,0.26904228,0.112275355,0.43588722,0.5031823,0.6190127,1.9380559,0.28091648,0.44280368,0.6190127,1.9380559,0.09877301,0.03080957,0.3101913,0.08870589,0.21841641,0.23433213,0.48596296,0.01730909,0.25794834,0.13476874,0.2560963,0.06474018,0.28100976,0.48294336,0.4430885,0.6614676,1.8547674,1.1210902,0.87411255,3.087873,0.2857693,2.8970268,0.19926198,0.19843559,1.4060452,0.6208306,0.77391225,21.6394,None
104,0.20416985,,0.4026475,0.3810449,0.414868,0.23172781,0.10953406,4.9907236,0.26648292,0.242267,0.10231754,0.43869644,0.4467521,0.58616215,1.6780965,0.26067817,0.3588453,0.58616215,1.6780965,0.08613807,0.029289894,0.28991812,0.102123044,0.19634911,0.22479483,0.46610853,0.01827569,0.24055557,0.14290087,0.23811756,0.06145954,0.29188347,0.4679094,0.42543826,0.68461347,1.71766,1.0721655,0.9872341,3.3687527,0.2656863,2.6423635,0.17099275,0.17379364,1.4131532,0.5963377,0.7720641,20.333418,None
105,0.2298797,,0.40639022,0.38155013,inf,0.28095385,0.13752526,inf,0.31187165,0.27985066,0.11614523,0.47291693,0.5489164,0.6885304,2.3051233,0.30285808,0.28829342,0.6885304,2.3051233,0.09420276,0.031956382,0.32388642,0.07324766,0.22318979,0.24284644,0.5481255,0.03360973,0.27252707,0.123730265,0.2884566,0.06714379,0.2941681,0.5374023,0.4507666,0.62992823,1.9873962,1.1755929,0.856731,inf,0.30641225,3.003192,0.20797269,0.21837454,1.4112215,0.6815215,0.7665371,24.111351,AVARAGE
106,0.22140972,,0.41814417,0.36923155,0.475255,0.24732715,0.11846074,3.8416598,0.27328572,0.2687425,0.11175093,0.45229828,0.46248108,0.59028447,2.1838863,0.26589495,0.51594514,0.59028447,2.1838863,0.09100733,0.030256292,0.28527978,0.09082308,0.18334855,0.20428072,0.496266,0.016192976,0.23988315,0.10183671,0.23607104,0.06351311,0.3108654,0.49118516,0.40222314,0.70311135,1.7181818,1.1005754,0.87010944,inf,0.26957908,2.540266,0.18640071,0.20599742,1.3784304,0.5934743,0.79203004,20.797754,AVARAGE
107,0.22393249,,0.37788883,0.4265725,inf,0.23577105,0.123441644,4342358500.0,0.27559173,0.2785837,0.115553685,0.41597223,0.44114867,0.57146347,1.5972923,0.26862842,0.5461649,0.57146347,1.5972923,0.092526615,0.04189155,0.30165634,0.101843394,0.19840604,0.21926229,0.46017024,0.016697384,0.24936682,0.12451599,0.24265504,0.089429505,0.27934283,0.4531872,0.4264087,0.68842566,1.7759196,1.115568,2.623002,inf,0.2740982,2.7966013,0.19211061,0.18998046,1.3867087,0.5732525,0.77027124,20.051401,AVARAGE
108,0.14896856,,0.4129883,0.28494874,inf,0.17375982,0.09058521,inf,0.19892967,0.17821772,0.07793362,0.4374955,0.30601415,0.45798326,1.2827415,0.19641143,0.72270495,0.45798326,1.2827415,0.06526219,0.023144735,0.22098602,0.09823215,0.16580579,0.18255223,0.4212289,0.018533228,0.18288615,0.12524699,0.17378727,0.048106655,0.32097042,0.42783445,0.3453032,0.7500789,1.4080317,0.96782875,4.319297,inf,0.20130445,2.0569322,0.13788763,0.13152212,1.3176093,0.47526875,0.8022568,15.699893,UNHEALTHY
109,0.21991195,,0.4141296,0.37483123,0.45483547,0.2505023,0.11727729,4.767276,0.2808704,0.26977777,0.111762464,0.45255974,0.47913417,0.61349285,1.9962317,0.27352187,0.48199484,0.61349285,1.9962317,0.09037522,0.032442756,0.2963297,0.10332403,0.19576524,0.22158326,0.4929925,0.022379616,0.24823748,0.1534884,0.24829307,0.06856182,0.3013989,0.49069443,0.42322326,0.6826157,1.7636205,1.095879,0.9674511,3.3886635,0.2775345,2.6590567,0.18565837,0.20205958,1.4077531,0.616196,0.7748919,21.464952,None
10,0.20072363,,0.4295746,0.3457204,0.25938392,0.26244527,0.11582136,inf,0.2882148,0.23371057,0.09959593,0.4847647,0.5165273,0.6665691,2.3562114,0.2813434,inf,0.6665691,2.3562114,0.08504509,0.02333882,0.30193663,0.071986094,0.20783691,0.23686384,0.5373462,0.0201226,0.25373906,0.11125209,0.26763648,0.048422962,0.30343598,0.5361548,0.4406427,0.6386399,1.8699281,1.1244963,0.7535131,3.4060206,0.28510293,2.784787,0.17667519,0.18891777,1.4423978,0.67606574,0.7610145,23.124094,AVARAGE
110,0.18325211,,0.41115168,0.33713987,0.6066911,0.21246246,0.105305225,4.0959888,0.24093352,0.21030559,0.090172,0.45191377,0.39225477,0.5447967,1.6191639,0.23651132,inf,0.5447967,1.6191639,0.078848995,0.027273715,0.26122954,0.08599289,0.18807274,0.2105123,0.46847993,0.027583769,0.21744828,0.12665617,0.21370782,0.057056487,0.3057049,0.4704581,0.39065745,0.69169205,1.6357408,1.0448214,0.98059547,3.6154702,0.24111935,2.4327908,0.15968901,0.15819553,1.3757596,0.55615425,0.7826207,18.832117,UNHEALTHY
111,0.24008396,,0.38334316,0.425161,0.22590111,0.28428042,0.1424169,3.7358658,0.3217202,0.30211556,0.12464906,0.44897825,0.53968936,0.6903279,2.181704,0.31245172,0.24225032,0.6903279,2.181704,0.0968659,0.03720651,0.34048593,0.06575442,0.22726494,0.2486457,0.5397071,0.025828527,0.28436533,0.099500105,0.300779,0.078729026,0.27038532,0.52059823,0.45721683,0.61603725,2.0795634,1.2238902,0.979543,2.6768804,0.3168707,3.266864,0.21526793,0.22096793,1.4395208,0.6746953,0.7628887,24.245794,AVARAGE
112,0.2195129,,0.38096362,0.39843562,inf,0.24680272,0.12744384,2.6261027,0.28525683,0.27004638,0.112423114,0.4320053,0.47836655,0.60885185,1.808682,0.2776114,0.3383006,0.60885185,1.808682,0.09048283,0.030231573,0.30838615,0.08572799,0.21235856,0.23393092,0.48384276,0.013660257,0.2558991,0.11833811,0.2560863,0.06349214,0.27332014,0.47959954,0.43740255,0.64840585,1.8757848,1.1293551,2.708684,inf,0.28269777,2.948657,0.19547357,0.19365127,1.4207867,0.60908395,0.7725804,21.26618,AVARAGE
113,0.28271767,,0.3736455,0.50153506,inf,0.26899147,0.14213122,2.2624652,0.30995026,0.3263247,0.13192223,0.42946535,0.545739,0.6466364,2.0783813,0.2998828,inf,0.6466364,2.0783813,0.11337011,0.03519031,0.33045015,0.09366605,0.22457395,0.24261443,0.49862894,0.040497158,0.2748552,0.12947811,0.27600694,0.074473344,0.2687272,0.49038747,0.4565422,0.64461523,1.9840102,1.176156,1.5801351,inf,0.3046676,3.1863542,0.22098365,0.2261735,1.4241078,0.6368364,0.77657944,22.74547,None
114,0.21634921,,0.39902407,0.38677472,0.51807517,0.2534066,0.1258991,inf,0.28687403,0.25302616,0.10614087,0.4548281,0.48911935,0.6342194,2.0079148,0.27929637,inf,0.6342194,2.0079148,0.09102194,0.03663663,0.30498683,0.082600236,0.21636827,0.23782384,0.50079095,0.023621267,0.25470766,0.108128704,0.25693762,0.07759094,0.28578427,0.4950196,0.43570158,0.6432436,1.8577119,1.108547,0.8164818,inf,0.28368863,2.8472373,0.19087817,0.19381008,1.4248805,0.6305116,0.7670819,22.06935,AVARAGE
115,0.18592606,,0.41216806,0.33379012,inf,0.22267498,0.106935576,inf,0.24966936,0.25143138,0.10544601,0.44309947,0.39483234,0.54899955,1.7618369,0.2446547,inf,0.54899955,1.7618369,0.07845334,0.052910052,0.26789343,0.11693467,0.18057469,0.19964781,0.459585,0.013412377,0.2236696,0.13963507,0.22041301,0.1162658,0.31486258,0.45898527,0.3883587,0.7309334,1.574469,1.0460553,1.1794055,inf,0.24907231,2.322661,0.16694918,0.18074046,1.3411747,0.55619276,0.77903914,19.145,HEALTHY
116,0.22393128,,0.3822275,0.3950412,0.2634707,0.2567625,0.1341087,1.9622073,0.2956199,0.26813543,0.11164391,0.43770394,0.5121527,0.6337398,1.8897015,0.2873549,0.26083076,0.6337398,1.8897015,0.092345476,0.028194621,0.31712204,0.08750148,0.22210881,0.24101998,0.49292275,0.033959854,0.26377517,0.14618984,0.2657857,0.059142277,0.27513367,0.4876043,0.44918403,0.6433102,1.9087936,1.1335485,1.0159581,3.302363,0.29219887,2.9964588,0.20283866,0.19835025,1.4164232,0.63292336,0.77295053,22.14249,AVARAGE
117,0.22312875,,0.40872946,0.38939893,0.5381931,0.24222398,0.12114176,inf,0.27312222,0.27108258,0.11250458,0.4466355,0.4581599,0.58674103,1.8578521,0.26647452,0.60051495,0.58674103,1.8578521,0.09199294,0.033570085,0.290479,0.10266901,0.19358154,0.21141413,0.4834342,0.017113082,0.24278831,0.14766221,0.23919857,0.07092651,0.3086787,0.48133466,0.4159311,0.7052082,1.7112973,1.0945376,1.3819442,3.152423,0.27065045,2.579745,0.18671115,0.19749145,1.3620212,0.5943351,0.77644616,20.57885,AVARAGE
118,0.2590121,,0.3866577,0.43843853,0.37379292,0.29125923,0.14789295,inf,0.32873547,0.31085798,0.1267674,0.45304847,0.6017335,0.7048026,2.4182146,0.31769064,inf,0.7048026,2.4182146,0.104511455,0.03538537,0.3438408,0.07890217,0.2361561,0.25452456,0.53937805,0.038764127,0.28787553,0.13908875,0.30239102,0.07518577,0.27360147,0.5279344,0.47308198,0.61758304,2.0935302,1.207322,0.9551744,3.4650722,0.32180738,3.3041148,0.22365582,0.23163664,1.441322,0.6929349,0.7726905,24.768902,None
119,0.25852472,,0.3936871,0.47889817,0.52732813,0.2330731,0.11188406,3.8830676,0.270756,0.29742825,0.121344715,0.4121251,0.4377905,0.5496213,1.6685667,0.26338458,inf,0.5496213,1.6685667,0.10506299,0.034064513,0.29387107,0.101862915,0.17135572,0.20650478,0.45567334,0.024760641,0.24348277,0.124977395,0.23344405,0.07187513,0.28476694,0.44950137,0.41198605,0.7059999,1.7403282,1.113887,1.1381813,inf,0.26845342,2.7345915,0.18642382,0.2006341,1.4232429,0.54931134,0.7914632,19.43289,None
11,0.1618792,,0.40177163,0.32354707,inf,0.18179742,0.09142129,inf,0.21098262,0.20364824,0.08775972,0.4153081,0.31351322,0.46361288,1.2788962,0.20776254,0.740122,0.46361288,1.2788962,0.06953142,0.033008702,0.23655154,0.10123606,0.16171409,0.18449788,0.41673043,0.016417732,0.19486734,0.15712741,0.18635112,0.06996876,0.3039233,0.4189795,0.35510126,0.7528415,1.466458,1.00986,1.2507269,inf,0.21332933,2.198919,0.14273039,0.1404494,1.3508991,0.47505283,0.7892392,16.030977,AVARAGE
120,0.20692672,,0.40553814,0.3779283,0.5246853,0.21280546,0.10942505,2.269183,0.24348837,0.24379663,0.102490686,0.43693396,0.39660293,0.5232995,1.5658885,0.23830104,0.5602253,0.5232995,1.5658885,0.08695716,0.02647685,0.26441815,0.103593595,0.17778985,0.19739597,0.45175874,0.019767115,0.21968822,0.12357525,0.21150231,0.055336438,0.31126088,0.45635372,0.39062527,0.72455233,1.5867383,1.042873,1.1642863,3.6641688,0.24302353,2.3859324,0.17143145,0.17453969,1.340766,0.5365423,0.7864995,18.280281,AVARAGE
121,0.22525668,,0.42496395,0.3854149,inf,0.25363785,0.108142614,inf,0.2817569,0.26779047,0.11149723,0.45786414,0.47418293,0.6160477,2.0540838,0.27467722,inf,0.6160477,2.0540838,0.09294702,0.03131684,0.2962581,0.081000455,0.18194015,0.21882033,0.5144742,0.026011553,0.24856968,0.10611004,0.25320077,0.065900415,0.3007999,0.5063427,0.4197211,0.6688279,1.8193891,1.133109,1.1334847,inf,0.27856067,2.7252054,0.17640725,0.20349588,1.4436096,0.6177532,0.7711671,21.621412,None
122,0.2614222,,0.3611896,0.4701896,0.22666009,0.26957205,0.14426692,inf,0.31602883,0.31102964,0.12730506,0.4129545,0.5395887,0.6408135,1.8808804,0.30593592,0.22701025,0.6408135,1.8808804,0.10516569,0.03050449,0.34155408,0.09252687,0.22218445,0.2438173,0.48846042,0.026532155,0.28265056,0.11522002,0.2814748,0.06398133,0.25964084,0.4757323,0.46167237,0.64206684,2.0152385,1.188537,1.6436619,2.6420288,0.31124198,3.3124619,0.22327498,0.2182035,1.4229856,0.62707394,0.7710781,22.633379,None
123,0.2554902,,0.36668468,0.44355837,inf,0.27840576,0.16259696,1.6100945,0.3191163,0.31228423,0.12700917,0.4358545,0.57851124,0.68173873,2.2579336,0.3086971,inf,0.68173873,2.2579336,0.10262223,0.038577165,0.33870223,0.102947004,0.25372222,0.25283045,0.49833068,0.023232806,0.28207257,0.17723584,0.28390434,0.082115844,0.27338514,0.4890527,0.46693227,0.6515194,1.9702208,1.1551248,0.8646195,2.876656,0.31324676,3.1764443,0.23402677,0.22204378,1.3729937,0.6719235,0.77018857,23.864885,AVARAGE
124,0.15653579,,0.43198806,0.30465665,0.67108214,0.1561784,0.083064444,2.6679068,0.18029979,0.1848763,0.079991855,0.42808908,0.2617377,0.38465422,1.1019378,0.17809984,inf,0.38465422,1.1019378,0.068325676,0.021792853,0.20202947,0.12830319,0.1308033,0.14751431,0.38147315,0.016191589,0.16676621,0.13382769,0.1609651,0.04527855,0.35300577,0.39405623,0.31497753,0.8325358,1.1937535,0.8984764,2.050879,inf,0.18291287,1.7100127,0.13364717,0.12943727,1.2607967,0.40859973,0.8499372,13.410263,AVARAGE
125,0.18895622,,0.40098634,0.34346226,0.52261907,0.21840382,0.11349788,3.4633672,0.2466483,0.24034704,0.101422966,0.4405833,0.3939786,0.5471969,1.7079122,0.24178095,inf,0.5471969,1.7079122,0.0789587,0.03350595,0.2665354,0.099904016,0.1903204,0.20424011,0.46140724,0.01645683,0.22195046,0.12742642,0.2168435,0.07081574,0.30660424,0.46030873,0.38894495,0.7167107,1.6094115,1.0549235,0.84579057,inf,0.24636626,2.4057686,0.17074132,0.17335564,1.3377295,0.5557196,0.7753596,19.021236,AVARAGE
126,0.22998378,,0.38529423,0.42713967,inf,0.24195594,0.12197391,3.131863,0.27452877,0.26653928,0.111455046,0.42957616,0.45124608,0.59361285,1.9912429,0.26762524,inf,0.59361285,1.9912429,0.095608234,0.03821366,0.2953547,0.076630704,0.20018525,0.21904618,0.48843595,0.020335749,0.24568398,0.13037421,0.24771182,0.0813066,0.27994728,0.47832885,0.41582263,0.6763946,1.8228682,1.1457523,1.140107,2.9252038,0.2725345,2.8165913,0.18497065,0.19107808,1.3980367,0.59185684,0.7680094,20.782598,AVARAGE
127,0.18807544,,0.42371857,0.32559413,inf,0.21435055,0.10574613,2.8856077,0.23694777,0.2562077,0.10672457,0.44915614,0.37568748,0.51599556,1.7602742,0.23243627,inf,0.51599556,1.7602742,0.0792752,0.057580832,0.25114584,0.11300627,0.16750343,0.18194532,0.46065372,0.015727067,0.21073523,0.12805603,0.20387323,0.12757415,0.3305906,0.46128318,0.3680867,0.754706,1.5076393,1.0361091,1.402074,inf,0.23610719,2.177504,0.16716743,0.18477154,1.3124238,0.5321391,0.7986571,18.08791,AVARAGE
128,0.19304967,,0.35387737,0.40464824,0.55936617,0.18970536,0.10577743,1.5506781,0.22946484,0.23847295,0.10103402,0.37647343,0.33230382,0.46808532,1.1648928,0.22445779,inf,0.46808532,1.1648928,0.08113768,0.036441304,0.26387864,0.093436845,0.17433941,0.19608751,0.40539342,0.025561593,0.21473043,0.12358265,0.20388211,0.07741028,0.26186958,0.399961,0.37859702,0.7161112,1.6334982,1.0802511,1.6298875,2.9423869,0.2315695,2.6285033,0.16324507,0.15171234,1.3774977,0.47019,0.77560765,16.34691,AVARAGE
129,0.19888903,,0.3967122,0.37234443,0.6824169,0.22353673,0.103820816,inf,0.25582895,0.26777688,0.11148589,0.42838678,0.39898375,0.5472812,1.5900595,0.2505647,inf,0.5472812,1.5900595,0.08306744,0.055230144,0.27882025,0.08420553,0.17528675,0.20397843,0.47597292,0.020276915,0.23137124,0.10384977,0.23117842,0.12177913,0.28896153,0.46780768,0.3990169,0.69122386,1.7401727,1.129659,4.8255706,inf,0.25564158,2.6540782,0.16817065,0.18159711,1.3982395,0.5525924,0.7696628,19.138817,AVARAGE
12,0.18276846,,0.3873256,0.36496365,0.48519897,0.20845617,0.09976595,4.1804094,0.24716124,0.21640527,0.09289264,0.42264563,0.39841676,0.5398977,1.3145971,0.24205987,0.4827733,0.5398977,1.3145971,0.07885991,0.027837306,0.27756512,0.082388476,0.19084877,0.22659126,0.44772127,0.025437089,0.22790197,0.11258744,0.22388749,0.058289826,0.27100676,0.45132303,0.41861284,0.6546434,1.7416902,1.0694518,1.436938,inf,0.24834326,2.737327,0.15719901,0.1521674,1.4550647,0.5515701,0.7596362,18.603348,None
130,0.18080072,,0.41039467,0.34751338,inf,0.18289043,0.088480726,3.156064,0.2111642,0.21817641,0.0930622,0.41523743,0.30135262,0.44376826,1.3151397,0.20752777,0.6430343,0.44376826,1.3151397,0.07580373,0.027004527,0.23428185,0.088122584,0.14294389,0.1692466,0.4280751,0.014928815,0.19357583,0.12231772,0.18156044,0.056371354,0.31548318,0.42275926,0.33404827,0.7704663,1.4725883,1.039584,2.397439,inf,0.21268213,2.188757,0.14557245,0.1514057,1.3359354,0.44685748,0.81336266,15.559276,HEALTHY
131,0.17495376,,0.440411,0.31362587,inf,0.21021736,0.10016943,4.1735063,0.23118508,0.20604251,0.088652015,0.47153696,0.36546895,0.53177625,1.7231591,0.22771867,0.71607155,0.53177625,1.7231591,0.07546637,0.031878624,0.24603896,0.08570724,0.17258956,0.19030961,0.48613957,0.017850608,0.20646615,0.12255728,0.20421705,0.0672896,0.33690286,0.4869249,0.36439404,0.72702587,1.5533121,1.0417454,0.89002335,inf,0.23134859,2.2226827,0.15110902,0.16045067,1.3398036,0.5408977,0.7820756,18.449709,AVARAGE
132,0.24664944,,0.38880825,0.45003912,inf,0.26107317,0.13095954,inf,0.29587868,0.29950872,0.12302793,0.43779054,0.50172144,0.6301071,2.0771084,0.28780335,0.5919501,0.6301071,2.0771084,0.10092662,0.044585213,0.31513354,0.0870064,0.20795201,0.2261562,0.5052722,0.01633966,0.26279277,0.12246766,0.26575437,0.09569125,0.28239483,0.4952623,0.44143212,0.6654295,1.8983144,1.1719432,1.2220808,inf,0.2923144,2.9581335,0.20261055,0.21098427,1.4051282,0.62966365,0.7615592,22.153645,AVARAGE
133,0.1839772,,0.39916548,0.3294956,0.66763884,0.22025448,0.11639528,2.7806885,0.24959761,0.22676401,0.096513234,0.43739974,0.40592128,0.5513616,1.7796926,0.24432564,0.5392865,0.5513616,1.7796926,0.07735434,0.03180444,0.2696465,0.09348628,0.19358557,0.20664307,0.46053556,0.015338328,0.22441578,0.14998224,0.21941017,0.06701363,0.30179107,0.4567613,0.39121735,0.71110326,1.6342092,1.0578382,1.0243822,3.1682558,0.24894941,2.4636204,0.17447317,0.1697199,1.3517547,0.5603473,0.77709764,19.181805,AVARAGE
134,0.1944784,,0.4046183,0.38131893,0.46631104,0.18863137,0.098435484,inf,0.22287886,0.2212281,0.09416843,0.41120827,0.35039535,0.462625,1.263198,0.21826966,0.5577733,0.462625,1.263198,0.083496846,0.021299336,0.25019455,0.12706903,0.15880148,0.18274036,0.39651227,0.018230703,0.20550196,0.13315953,0.19222297,0.044130377,0.3121271,0.4068895,0.37911278,0.76945865,1.4166496,0.9694745,1.5450419,inf,0.22408313,2.1625404,0.15891983,0.1529437,1.3413086,0.4822212,0.8144572,16.179604,HEALTHY
135,0.1939342,,0.40769255,0.36259097,inf,0.21454807,0.099250175,inf,0.24573605,0.2334941,0.09909749,0.437319,0.38846776,0.53661126,1.4870319,0.24116576,0.4975699,0.53661126,1.4870319,0.08188406,0.027798217,0.26834667,0.081735596,0.17336203,0.20609494,0.4697725,0.032586858,0.22276096,0.10328247,0.21996143,0.05816382,0.29434526,0.4701345,0.39573893,0.6863855,1.6900231,1.086202,6.3563566,inf,0.24610732,2.5495067,0.16057692,0.16738138,1.4121672,0.5485794,0.77384263,18.663694,AVARAGE
136,0.16553012,,0.41581085,0.3201637,0.7763734,0.18627363,0.092010245,3.0956397,0.21290874,0.19804,0.08587518,0.43133163,0.32396546,0.46424434,1.3621572,0.20984443,0.94661176,0.46424434,1.3621572,0.072182216,0.033103194,0.23506737,0.10208111,0.15447187,0.17606057,0.42779356,0.018966982,0.19475952,0.11855181,0.18404262,0.07027707,0.3234443,0.4320705,0.35476884,0.7644889,1.433162,0.9994246,1.382913,inf,0.21470521,2.1061757,0.14515677,0.14365341,1.320666,0.48413852,0.8015909,16.160395,None
137,0.20678619,,0.41190395,0.37540415,0.6592122,0.22106849,0.10453189,inf,0.25328806,0.24245946,0.101948604,0.44326618,0.42569193,0.5473594,1.6306854,0.24760105,0.7192316,0.5473594,1.6306854,0.08741775,0.025119442,0.27422884,0.09147884,0.1792799,0.20816028,0.4675459,0.013137188,0.22797015,0.09620187,0.22126643,0.05237624,0.3003263,0.47465774,0.40954772,0.6873872,1.6838031,1.0656413,1.7280687,inf,0.25233176,2.5512812,0.16770183,0.17540745,1.4077176,0.56323814,0.7799836,19.088457,AVARAGE
138,0.18782178,,0.43370056,0.32849905,inf,0.22216818,0.10223995,4.859329,0.24387538,0.22008778,0.09422847,0.46576715,0.3937961,0.55785453,1.8942409,0.23942742,inf,0.55785453,1.8942409,0.080199294,0.03236004,0.25788805,0.07356478,0.17523703,0.19996545,0.49875212,0.017681696,0.21659647,0.11223251,0.21732658,0.06836839,0.31956905,0.49380782,0.37583748,0.7015911,1.6510175,1.0779672,0.75414747,inf,0.24306576,2.3920696,0.15907088,0.17295244,1.3815576,0.56276256,0.7780472,19.38356,HEALTHY
139,0.23901147,,0.37970373,0.43732497,inf,0.24660529,0.1289175,inf,0.28127787,0.2753638,0.11453212,0.4244493,0.46272764,0.5970089,1.8939787,0.27398953,0.48664477,0.5970089,1.8939787,0.098846555,0.035423994,0.3020427,0.07841905,0.2024134,0.21954784,0.48661837,0.02442395,0.25136173,0.1128342,0.2514472,0.07487931,0.2773531,0.4763921,0.42351434,0.6747533,1.8406305,1.1522142,0.9080286,inf,0.27881107,2.8496377,0.19630225,0.19764803,1.3918706,0.5942267,0.77339673,20.968119,AVARAGE
13,0.17730677,,0.420222,0.37163845,inf,0.17699882,0.07300144,3.0232532,0.20156313,0.21263987,0.09134801,0.41310462,0.29540306,0.4427831,1.4708356,0.19903322,inf,0.4427831,1.4708356,0.07557354,0.032401174,0.22550148,0.083953984,0.13334815,0.16596685,0.42939547,0.016478138,0.18599138,0.121516116,0.17689899,0.068308115,0.30946848,0.426129,0.3364524,0.77458346,1.4638804,1.0547612,1.546071,inf,0.20424816,2.1847522,0.12266051,0.13949965,1.3847044,0.45805633,0.7910989,15.403833,None
140,0.2442807,,0.39866617,0.42573342,inf,0.27260542,0.13792999,inf,0.30974844,0.28525612,0.118039526,0.4620353,0.55188483,0.67233,2.137464,0.3006413,inf,0.67233,2.137464,0.1007216,0.031312324,0.3278362,0.08541894,0.22845212,0.24868055,0.52123266,0.028958827,0.27376822,0.12403842,0.27936327,0.06582373,0.28766084,0.51765114,0.46132997,0.6309037,1.9661067,1.1481402,0.9983169,3.149355,0.3049092,3.0743964,0.21021608,0.21194068,1.4246619,0.66982186,0.7688625,23.490063,HEALTHY
141,0.23254468,,0.36202723,0.43807536,inf,0.23978114,0.12965429,1.6086545,0.28481334,0.26953638,0.11256776,0.40266943,0.47233638,0.584588,1.533447,0.27699548,0.29934916,0.584588,1.533447,0.09633272,0.028955529,0.31436723,0.09780819,0.21053752,0.23203509,0.45466417,0.017965501,0.25882724,0.13552444,0.25366727,0.06063587,0.26341066,0.44842258,0.44273484,0.6705476,1.8524137,1.130389,1.2238933,2.7485802,0.2830051,2.9948523,0.1990671,0.18780498,1.4057026,0.5822751,0.77336544,20.489511,HEALTHY
142,0.2082636,,0.41309413,0.3953754,0.78836066,0.2073441,0.10720453,2.3628168,0.23666015,0.23427527,0.098815605,0.4451555,0.39450207,0.52554077,1.5726818,0.23218977,0.61242396,0.52554077,1.5726818,0.089381315,0.027995396,0.2579033,0.11909105,0.18612637,0.20216142,0.4416563,0.020113466,0.21422695,0.15206163,0.20653197,0.058903594,0.31678456,0.45433065,0.39658666,0.7311802,1.5236086,1.0044755,1.1140097,3.891246,0.23692298,2.2710836,0.16459316,0.16518326,1.341876,0.54730123,0.7944917,18.193632,HEALTHY
143,0.23436125,,0.37611982,0.4515415,inf,0.21650109,0.10672276,3.293523,0.2583268,0.27494305,0.11347503,0.39585218,0.4093869,0.51964456,1.4139105,0.25154465,0.4466601,0.51964456,1.4139105,0.095851906,0.029208465,0.28844488,0.08870702,0.17297271,0.20844585,0.4370937,0.01883463,0.23662455,0.1024602,0.22442842,0.06121808,0.2670298,0.43272048,0.40951738,0.6884092,1.7571203,1.1117635,1.3200454,inf,0.25770944,2.8423038,0.17650184,0.17974058,1.4407483,0.52153796,0.783406,18.273745,AVARAGE
144,0.3010161,,0.39065987,0.5116296,0.34666967,0.29731283,0.13088578,6.190996,0.33924314,0.35660762,0.14192697,0.4284168,0.6040108,0.6974392,2.2861345,0.3271573,0.28100005,0.6974392,2.2861345,0.11789301,0.03688911,0.35584795,0.093355834,0.20685464,0.24918495,0.5265417,0.015912257,0.297318,0.12051753,0.30643994,0.0781286,0.26261225,0.5100484,0.4758807,0.6297006,2.1227381,1.240725,1.6311957,2.5887222,0.33143148,3.4248052,0.21710515,0.24954651,1.5147771,0.67514163,0.76829183,24.732965,HEALTHY
145,0.14988013,,0.40556127,0.27722186,inf,0.18441546,0.103667386,1.7699131,0.20942923,0.17887329,0.0782759,0.44211817,0.33632836,0.4758037,1.3963321,0.20650075,0.8325235,0.4758037,1.3963321,0.06624532,0.021298258,0.22971116,0.09559535,0.17653821,0.18460838,0.43100813,0.016212171,0.19085704,0.10646715,0.17902926,0.044186994,0.31829748,0.4437716,0.36226103,0.73701197,1.4434954,0.9753931,1.0014352,inf,0.21108177,2.102315,0.15071072,0.1373644,1.3002187,0.5017918,0.7976596,16.402893,HEALTHY
146,0.21650225,,0.40151212,0.37394428,0.48076478,0.25770512,0.13094196,8738969000.0,0.29045647,0.25567338,0.10715405,0.45892432,0.5152778,0.6430854,2.103611,0.28259018,0.42875195,0.6430854,2.103611,0.09037866,0.029381229,0.30750665,0.085383624,0.21959288,0.23711407,0.5055387,0.018465461,0.2570883,0.12024152,0.25957355,0.061638456,0.2906157,0.5036507,0.44185284,0.64820963,1.8594795,1.1109413,1.3553531,inf,0.2868034,2.852094,0.19719109,0.19686374,1.4118401,0.64718366,0.7710629,22.38792,HEALTHY
147,0.22295626,,0.4072298,0.3995169,0.62148994,0.23191927,0.112317786,3.4205751,0.26640216,0.27977327,0.11495772,0.43117365,0.43155503,0.5578472,1.6907359,0.25976005,inf,0.5578472,1.6907359,0.09056177,0.03654478,0.28748482,0.10120651,0.17919546,0.20704812,0.46375465,0.02278782,0.23894134,0.121560074,0.2292293,0.07762925,0.29965764,0.46058813,0.40656438,0.70860976,1.6955532,1.0886438,2.6365113,3.1963832,0.2644566,2.6110926,0.18253258,0.19315912,1.3994672,0.5613674,0.7856803,19.598852,HEALTHY
148,0.25568748,,0.39112893,0.44858798,inf,0.26622093,0.12813391,3.212631,0.30429146,0.30326247,0.12436835,0.43464908,0.5276722,0.64497274,2.0846488,0.29497236,0.41585177,0.64497274,2.0846488,0.10379639,0.034131423,0.32412088,0.10425423,0.2104954,0.23875284,0.49496156,0.022268657,0.2699582,0.15229398,0.2723225,0.07217663,0.2777435,0.4874761,0.45065337,0.65708435,1.9102454,1.1484739,0.9821932,inf,0.29978108,3.001386,0.20440601,0.21830831,1.4426877,0.6389852,0.7675438,22.652216,HEALTHY
149,0.1574075,,0.43238845,0.2987088,0.7154583,0.18296501,0.09288334,3.3832648,0.2070577,0.18036883,0.07854617,0.45336452,0.33347815,0.47364303,1.4398054,0.2041908,0.8126943,0.47364303,1.4398054,0.070128866,0.024916658,0.22696732,0.109866805,0.16472216,0.18188965,0.4268225,0.02308517,0.18859603,0.14255685,0.18133426,0.0520126,0.34075895,0.4395615,0.360456,0.76439583,1.3742763,0.9474955,2.6202447,inf,0.20869085,1.9881235,0.14140877,0.13671967,1.3090417,0.49916342,0.8065474,16.315807,HEALTHY
14,0.1367164,,0.46278226,0.26113588,1.1932368,0.15871848,0.0724998,5.258934,0.17776221,0.16423933,0.072228864,0.45285296,0.2696284,0.41417506,1.2449943,0.17643733,0.76989585,0.41417506,1.2449943,0.060728166,0.020596597,0.19580366,0.1159551,0.13234349,0.15810245,0.40879226,0.013072196,0.16288705,0.14077565,0.1598201,0.042675424,0.35931396,0.42388004,0.31540194,0.80800533,1.2345849,0.90887177,0.8644813,inf,0.18048036,1.7337427,0.11823977,0.12224032,1.3215591,0.43974245,0.8323429,14.202808,AVARAGE
150,0.2397608,,0.37813008,0.43436354,inf,0.25305966,0.13127162,3.4823782,0.29237127,0.286522,0.11819518,0.43278334,0.50768423,0.6213659,1.8650494,0.28429303,0.4656621,0.6213659,1.8650494,0.098477,0.03471883,0.31549904,0.07518007,0.21628295,0.23729587,0.49725127,0.033201963,0.26181033,0.09953945,0.26642457,0.07350991,0.27075902,0.49222896,0.45020932,0.6392721,1.9458288,1.1647462,1.6949399,inf,0.28930393,3.0914264,0.20066115,0.20138858,1.425378,0.62394685,0.77326834,21.735376,HEALTHY
151,0.3034727,,0.3674979,0.5806998,0.38213375,0.27497163,0.123335876,26133070000.0,0.32188085,0.37062266,0.1475726,0.3963245,0.5408988,0.6405626,2.0355031,0.31158566,inf,0.6405626,2.0355031,0.11928462,0.0511195,0.3503872,0.09408959,0.1959445,0.2377257,0.4885945,0.03416162,0.28900015,0.1614872,0.28909048,0.11082194,0.24978755,0.4710426,0.46915668,0.65960085,2.0543306,1.2537458,1.7553843,2.6137772,0.31737056,3.466873,0.2092335,0.23392673,1.5045975,0.6293412,0.7655424,22.757864,None
152,0.23908299,,0.39182627,0.43503225,inf,0.26459584,0.12420725,4.101077,0.30232102,0.28694847,0.118828855,0.44582054,0.50803137,0.651587,1.9410576,0.29443872,0.2240114,0.651587,1.9410576,0.09760454,0.033039015,0.32427275,0.07424662,0.21147218,0.24123883,0.51696056,0.03131868,0.2698032,0.11299273,0.27895543,0.069548965,0.2766309,0.50574297,0.44976562,0.63325787,1.9768301,1.1822768,1.2765095,2.8021045,0.29917595,3.1159847,0.19553034,0.20415479,1.4454054,0.64662886,0.7552506,22.785069,None
153,0.25733286,,0.3599493,0.49895182,inf,0.22554433,0.12382845,1.8018737,0.2630571,0.3050612,0.12464456,0.3868212,0.4251094,0.5268175,1.9145937,0.25541395,inf,0.5268175,1.9145937,0.10345739,0.037119295,0.28967202,0.08761668,0.18363324,0.19782005,0.44845942,0.028260497,0.23852716,0.12528974,0.23059443,0.078804314,0.26876324,0.43713993,0.40154564,0.72100157,1.7683369,1.1672151,1.0842723,inf,0.26145437,2.834949,0.19134654,0.196667,1.3698975,0.52689123,0.7846488,18.679935,AVARAGE
154,0.24639565,,0.36046648,0.4527164,inf,0.23903175,0.13759771,1.497693,0.27551174,0.28425097,0.117259115,0.40954357,0.48030207,0.57355857,2.1215215,0.2669225,inf,0.57355857,2.1215215,0.101225264,0.032664347,0.29785895,0.08437276,0.20720083,0.21635081,0.46211758,0.03453456,0.24669915,0.10457773,0.23907661,0.068732135,0.2719866,0.4569884,0.4246869,0.68915725,1.8036652,1.1302825,1.1261117,inf,0.27232867,2.8600452,0.20559739,0.19971925,1.356844,0.5765492,0.7924975,20.190065,UNHEALTHY
155,0.26404467,,0.3559965,0.49882013,0.40025938,0.25348395,0.14029619,1.7591618,0.30290422,0.31043336,0.1267065,0.4058462,0.5090442,0.6080376,1.5840646,0.29390278,0.40111098,0.6080376,1.5840646,0.107354484,0.039012313,0.33384824,0.11234617,0.22095947,0.24077663,0.46199104,0.04108706,0.27458516,0.1477461,0.26830292,0.08327883,0.26342732,0.4578551,0.46292734,0.66251266,1.9236495,1.154423,2.3282058,inf,0.29989415,3.1935773,0.21657817,0.20540972,1.3954244,0.603518,0.76726854,21.40502,AVARAGE
156,0.20370291,,0.390786,0.35865727,0.48383275,0.2635303,0.13461572,2.5838523,0.29836562,0.23774262,0.101019576,0.4644637,0.5342607,0.67031693,2.0136714,0.29086235,0.2844608,0.67031693,2.0136714,0.08725425,0.03158311,0.31786877,0.0754119,0.23687516,0.25230944,0.517647,0.019561477,0.26534736,0.11165261,0.27422535,0.06654763,0.28129855,0.5190564,0.46679124,0.6174764,1.9335544,1.1239985,1.0085164,3.333368,0.29536363,2.9774535,0.19568641,0.18762413,1.4158564,0.6815424,0.7524762,23.24474,AVARAGE
157,0.23025367,,0.38347444,0.45694208,inf,0.21620688,0.09373993,4.3525443,0.25587365,0.28160736,0.11641816,0.39262548,0.39422137,0.5229334,1.3613464,0.25008628,0.4602507,0.5229334,1.3613464,0.094417036,0.038435027,0.28618473,0.10316499,0.16065936,0.20504968,0.43638918,0.023198204,0.23499417,0.14283428,0.22870599,0.081725985,0.27364087,0.4305065,0.40857846,0.7176171,1.7076358,1.1213461,1.4032116,inf,0.25625536,2.7257063,0.16230845,0.17878588,1.4373083,0.52733904,0.7665235,18.35767,None
158,0.27116913,,0.3469312,0.56172305,inf,0.21741349,0.12444596,1.2701143,0.260768,0.3149358,0.12799154,0.37616023,0.39095336,0.50899464,1.4565856,0.25381225,inf,0.50899464,1.4565856,0.10860056,0.043125283,0.29431152,0.09179837,0.18020917,0.19846338,0.43275583,0.03348587,0.24029122,0.13427104,0.22925043,0.09220461,0.26276484,0.41862988,0.39950994,0.71925014,1.7716961,1.1680552,2.0100756,inf,0.2604971,2.9481435,0.19585115,0.18926936,1.3567151,0.50079715,0.7773717,18.037096,None
159,0.21552259,,0.38499838,0.38931456,0.67877716,0.24057877,0.12479993,inf,0.2764884,0.2529159,0.10603308,0.44131178,0.48025575,0.6017882,1.7493929,0.2695802,0.62041533,0.6017882,1.7493929,0.0913532,0.034309167,0.29859683,0.101214826,0.21430105,0.23083805,0.47417623,0.037204947,0.2481265,0.13831557,0.24570557,0.07277225,0.28983673,0.4811524,0.44242635,0.6723096,1.7681209,1.0832316,0.9946801,3.4106512,0.27454305,2.729035,0.18749166,0.18557045,1.3673894,0.61614686,0.7710696,20.94435,AVARAGE
15,0.17105609,,0.43686265,0.31956172,0.92886096,0.19330655,0.0903545,4.3600354,0.21636894,0.19056046,0.082741246,0.46485963,0.34760106,0.4945484,1.4754919,0.21353024,0.8156454,0.4945484,1.4754919,0.07541405,0.026302736,0.23447075,0.09277128,0.16249765,0.18739602,0.4635803,0.016219456,0.19568332,0.09882974,0.18981689,0.05499026,0.328772,0.47187656,0.36462033,0.7174087,1.5106066,1.0081222,0.9525198,inf,0.2176599,2.1775079,0.1398866,0.14573865,1.3599724,0.5158618,0.7953765,17.064983,AVARAGE
160,0.16727582,,0.39657828,0.32701677,0.7925114,0.18103622,0.09589442,2.0485358,0.2111291,0.20116082,0.08680997,0.4245466,0.3213022,0.45806852,1.1618857,0.20789585,0.54486454,0.45806852,1.1618857,0.0722527,0.024468122,0.23644963,0.09248368,0.16390514,0.18331584,0.42761603,0.024160318,0.19489847,0.10918332,0.1849227,0.050978873,0.30796185,0.43419102,0.36218527,0.73495364,1.4983486,1.0163456,2.196708,inf,0.21334557,2.2391617,0.14765209,0.14093433,1.319041,0.47650427,0.7953661,15.87734,AVARAGE
161,0.23618962,,0.40155,0.41268966,inf,0.26731113,0.12676002,3.2167723,0.3005531,0.28763843,0.11910081,0.4565963,0.5123014,0.6499205,2.1184769,0.29233947,inf,0.6499205,2.1184769,0.09688161,0.038710266,0.31776762,0.08007068,0.20645073,0.23282425,0.52630687,0.027087687,0.26573837,0.10392902,0.27537528,0.0824829,0.29062432,0.51767397,0.44143534,0.6467607,1.9362565,1.1742231,1.723094,3.2025976,0.29660466,2.9762216,0.19841461,0.21192656,1.414531,0.64677936,0.76386625,22.806303,AVARAGE
162,0.24686685,,0.33629015,0.48696584,inf,0.23471284,0.15075855,1.0386257,0.27961838,0.28452936,0.11765445,0.39986065,0.48639947,0.57474387,1.7726523,0.27122867,0.439372,0.57474387,1.7726523,0.10204209,0.032000527,0.31105882,0.082217224,0.23171611,0.23264787,0.45366865,0.031544622,0.2549093,0.12074596,0.24984749,0.06732408,0.25449315,0.4518932,0.44795367,0.65863556,1.8958259,1.1470981,1.3851963,inf,0.277651,3.1670246,0.2160602,0.18813412,1.3534455,0.57943636,0.7784985,20.117132,AVARAGE
163,0.28679848,,0.3728876,0.5534045,0.27825224,0.25249854,0.10671982,5.8371377,0.30443066,0.33671087,0.13524412,0.38759246,0.49560064,0.594214,1.500899,0.29522324,0.31732342,0.594214,1.500899,0.11352012,0.036356553,0.3381133,0.07138971,0.1752947,0.2367953,0.47388572,0.011799821,0.27713647,0.10158037,0.27852565,0.07691174,0.24151286,0.45965883,0.45802528,0.63513184,2.0739691,1.2409843,1.740479,2.5836587,0.3015011,3.5568204,0.19057438,0.21104348,1.5715036,0.58155966,0.76982594,21.039621,AVARAGE
164,0.13676779,,0.4343586,0.27026483,inf,0.14633273,0.07772937,2.1361222,0.16510175,0.17421454,0.07616927,0.44670418,0.24831825,0.38183272,1.0507666,0.16429351,1.4108827,0.38183272,1.0507666,0.06064586,0.027572144,0.18424699,0.11575585,0.13773867,0.15102078,0.40459836,0.019544756,0.15276298,0.1414917,0.14894852,0.057904854,0.3588432,0.42207333,0.31012237,0.81687886,1.2169547,0.91738224,2.127961,inf,0.16852115,1.7060908,0.119900204,0.12028831,1.241164,0.4149349,0.8378178,13.089765,UNHEALTHY
165,0.3106433,,0.36408138,0.56256133,0.2514525,0.30394608,0.15066324,3.5481405,0.35929304,0.37009132,0.14654297,0.417835,0.6572507,0.7225848,2.2159312,0.34592584,0.25272855,0.7225848,2.2159312,0.12119956,0.038572345,0.38615876,0.09114227,0.24261326,0.27681333,0.5132088,0.025641246,0.319109,0.11809965,0.32294977,0.08193908,0.24184625,0.49888882,0.51183534,0.5951022,2.2746694,1.2548213,1.3515612,inf,0.35097268,4.000166,0.24131042,0.24540098,1.5427879,0.6991353,0.7711352,25.526392,AVARAGE
166,0.17517604,,0.38991496,0.34059456,inf,0.20392756,0.110254884,4.3704405,0.23817039,0.20764013,0.089527406,0.4354616,0.38736606,0.5240313,1.3354366,0.23371714,inf,0.5240313,1.3354366,0.07692894,0.031435095,0.2649474,0.095387615,0.19599576,0.21249872,0.4437116,0.021889182,0.21849006,0.117173284,0.20983021,0.06628927,0.2953224,0.45365542,0.4087846,0.6891604,1.6194823,1.0275527,1.2220086,inf,0.23938033,2.4747484,0.16366062,0.15077995,1.3564309,0.54599255,0.7813558,18.079851,AVARAGE
167,0.18394008,,0.40556028,0.35185936,1.1953893,0.17845479,0.093644775,2.38523,0.20283112,0.22963746,0.097194895,0.42198166,0.31271327,0.44313714,1.4048921,0.19987641,0.87262684,0.44313714,1.4048921,0.077309325,0.032943938,0.2240448,0.100113936,0.15132317,0.16934523,0.42623967,0.02276586,0.18552904,0.12782732,0.17432165,0.06955593,0.31616423,0.42985004,0.3450474,0.7701392,1.4380764,1.0224571,3.0392685,inf,0.20459068,2.1281316,0.14882961,0.15417336,1.3122349,0.46638784,0.8031671,15.417676,UNHEALTHY
168,0.19850484,,0.37446043,0.4066709,inf,0.20550163,0.109514765,2.2130594,0.2420432,0.22636333,0.096831046,0.41761845,0.38488075,0.523311,1.3513393,0.23744346,0.57925576,0.523311,1.3513393,0.08530572,0.032558512,0.27249104,0.077216566,0.19234416,0.21246424,0.45095402,0.03534381,0.22362691,0.11372447,0.22013654,0.06877524,0.2775928,0.4519171,0.4083117,0.68090993,1.7168243,1.0978966,1.4099257,inf,0.24372959,2.69326,0.16450027,0.15282916,1.3748717,0.5379133,0.7614281,18.120384,AVARAGE
169,0.22109617,,0.37752843,0.43174723,inf,0.19264105,0.11074579,1.3719492,0.22830658,0.2607723,0.10800766,0.39656433,0.34682217,0.4582676,1.2967759,0.22305074,inf,0.4582676,1.2967759,0.091270246,0.030133633,0.25535953,0.111097485,0.16251908,0.17844926,0.4041382,0.021461764,0.209769,0.115824394,0.19187555,0.06329889,0.2995628,0.40522325,0.36948684,0.7673036,1.4917243,1.0268804,1.4794235,inf,0.22877002,2.3154743,0.17467023,0.16865927,1.2998209,0.46523973,0.8159459,16.141005,AVARAGE
16,0.20039193,,0.41525945,0.3604687,0.3863322,0.22910216,0.11182761,4.276015,0.25860202,0.23105948,0.09806131,0.4515667,0.4320836,0.57811683,1.8146869,0.25302625,inf,0.57811683,1.8146869,0.08492446,0.026771458,0.27770415,0.0878756,0.19399685,0.21693735,0.48039585,0.030137964,0.2315891,0.116472006,0.22972207,0.055916846,0.30085024,0.4793252,0.40687233,0.68252945,1.703537,1.0704948,1.0235724,inf,0.25749522,2.5593722,0.16789538,0.17421937,1.4148297,0.5859215,0.7696316,20.063065,AVARAGE
170,0.25872034,,0.38069457,0.45816305,0.44700828,0.24669956,0.12856144,1.9408127,0.28575933,0.32184747,0.12979715,0.4168255,0.46810067,0.5785727,1.7648447,0.27727255,0.58251244,0.5785727,1.7648447,0.10281195,0.040873047,0.30758208,0.0966238,0.18943918,0.21434246,0.476347,0.030575622,0.2553371,0.13849661,0.25026453,0.08762934,0.28235734,0.46593997,0.42044804,0.68941176,1.8385738,1.1562661,1.1419324,inf,0.2822172,2.9039676,0.20585448,0.21577257,1.385623,0.569828,0.77961165,20.482714,AVARAGE
171,0.24945314,,0.3661807,0.45668334,0.3785488,0.24517173,0.13801411,1.3231312,0.2866075,0.29401693,0.12041704,0.42363822,0.48655865,0.5953262,1.7700944,0.27820814,0.34430006,0.5953262,1.7700944,0.101272866,0.031305686,0.31152722,0.07951603,0.21656425,0.23136616,0.48310804,0.022858035,0.25768247,0.10614795,0.25820237,0.06578868,0.2714552,0.47659656,0.4372806,0.65100384,1.9193997,1.1573007,1.0637625,inf,0.28357798,3.0857284,0.20818692,0.20053014,1.3831488,0.59063524,0.7743698,20.885181,AVARAGE
172,0.21357636,,0.39006788,0.44594848,0.64636695,0.18873188,0.10615446,1.6638044,0.22005199,0.23665275,0.09960481,0.41090202,0.33963364,0.4694627,1.4588157,0.21586879,inf,0.4694627,1.4588157,0.09079047,0.0355917,0.24683839,0.11062151,0.16970526,0.18168183,0.4111824,0.029779145,0.20280048,0.15209596,0.19061023,0.07544272,0.31004134,0.41279528,0.3674011,0.77575374,1.457094,1.0157351,1.4400523,3.2756357,0.22153638,2.24476,0.16158119,0.15282178,1.299913,0.48192033,0.8074127,16.357853,None
173,0.1614103,,0.39843592,0.30896384,1.166281,0.19257303,0.107210115,2.1583984,0.22303455,0.1907041,0.08285122,0.44242552,0.36883855,0.4986225,1.3214395,0.21943006,inf,0.4986225,1.3214395,0.071508124,0.02727891,0.24754158,0.097663864,0.18759517,0.20113458,0.43868214,0.025689177,0.20459935,0.12513907,0.19503124,0.057306852,0.3074547,0.45459327,0.39410734,0.70664376,1.5383447,1.0007145,1.1605057,4.014895,0.2247457,2.2953422,0.1568208,0.14045408,1.3278642,0.5286537,0.7900985,17.176634,UNHEALTHY
174,0.1803493,,0.3873583,0.3766916,inf,0.1603383,0.086410254,1.809717,0.18728332,0.21357875,0.09121315,0.3897137,0.27576613,0.38997224,1.2703223,0.18439405,inf,0.38997224,1.2703223,0.07684797,0.029761976,0.21329193,0.101312995,0.13726209,0.15235038,0.38575536,0.023310803,0.17468981,0.13400377,0.15967436,0.06262942,0.31166035,0.38933328,0.3281796,0.8187251,1.333508,0.99947256,1.1156296,inf,0.19009906,2.007338,0.13687724,0.13735968,1.2773674,0.4148594,0.8276554,13.637425,AVARAGE
175,0.17375085,,0.38119665,0.35529014,inf,0.17463934,0.099377766,1.2729199,0.20500901,0.19813044,0.08597187,0.4018566,0.30893254,0.4319187,1.2569281,0.20150901,inf,0.4319187,1.2569281,0.07543787,0.024316639,0.23238876,0.09275076,0.15757626,0.17212094,0.40691122,0.024320314,0.19050767,0.11289562,0.17702723,0.05058532,0.30219296,0.40986902,0.3525365,0.7660527,1.4516006,1.0185075,1.2128476,inf,0.20743008,2.210004,0.15129209,0.13699248,1.296585,0.45167822,0.8022856,15.07328,AVARAGE
176,0.18303874,,0.37122738,0.35947844,0.67999697,0.19728306,0.109563544,1.1493851,0.23371589,0.21610633,0.09253801,0.41570002,0.3698093,0.49400625,1.2002608,0.2291339,0.8487485,0.49400625,1.2002608,0.07903061,0.02922081,0.2631236,0.08474219,0.18720806,0.20457083,0.43747923,0.02174929,0.216013,0.105696104,0.20644735,0.06149945,0.28209922,0.4435226,0.40037838,0.68764937,1.6547213,1.0617902,3.10752,inf,0.23531276,2.5659347,0.16523752,0.15071192,1.3435953,0.5136414,0.7791242,17.159729,AVARAGE
177,0.31721786,,0.37756255,0.58960074,0.31552878,0.27445635,0.12159169,4.288245,0.3222559,0.3790852,0.14963095,0.40171733,0.5385608,0.6381945,2.0305462,0.31113848,inf,0.6381945,2.0305462,0.122553125,0.043418303,0.34931788,0.08327391,0.1881506,0.23886293,0.49764952,0.01795383,0.28829682,0.10791477,0.29300302,0.09270538,0.24883547,0.4775423,0.45919004,0.63653004,2.116691,1.2641941,1.3012484,2.5894742,0.3167725,3.5863552,0.21070108,0.23889758,1.5465574,0.61315465,0.7736116,22.679617,AVARAGE
178,0.31812602,,0.3942779,0.5901519,0.36277586,0.27092588,0.1139908,4.635923,0.31805578,0.39161715,0.15287292,0.40526822,0.52119,0.62161964,1.9326273,0.307247,0.4542144,0.62161964,1.9326273,0.12189903,0.047854252,0.34525162,0.096039645,0.16979115,0.22962463,0.49490318,0.04251626,0.28479996,0.12931174,0.28675342,0.10325432,0.2622497,0.4786519,0.45417482,0.65617424,2.061341,1.2574415,1.9144502,2.8048563,0.3128155,3.5051234,0.20547406,0.24144371,1.5508329,0.59999627,0.77320737,22.154799,AVARAGE
179,0.17301312,,0.41062215,0.33697462,inf,0.19591033,0.09465188,6461860400.0,0.22242369,0.21401288,0.09161776,0.4452994,0.34863326,0.5034127,1.4891385,0.2191781,0.65830183,0.5034127,1.4891385,0.07386069,0.029248962,0.2448788,0.08696328,0.17138098,0.19388078,0.45850518,0.022980362,0.20297946,0.11165641,0.19841975,0.06141801,0.31074739,0.46284628,0.37186208,0.71402943,1.5709996,1.0466512,1.1987547,3.8409219,0.22405727,2.341906,0.14650258,0.14962952,1.3493203,0.52005637,0.77541524,17.369968,None
17,0.21140133,,0.38243046,0.4515812,inf,0.17760731,0.08823122,2.9365559,0.21234016,0.25426957,0.10649769,0.3758095,0.30951935,0.42671686,1.2604774,0.20784958,inf,0.42671686,1.2604774,0.087869026,0.03531643,0.2433843,0.10152532,0.14320467,0.1723175,0.39338693,0.019345485,0.19827017,0.12318463,0.1819948,0.074801475,0.2816158,0.39095706,0.35522285,0.77078944,1.5018944,1.0599838,1.1505182,3.2582438,0.2143666,2.3807702,0.14926548,0.15537976,1.3942285,0.43804088,0.8162776,14.987659,UNHEALTHY
180,0.24924383,,0.3878999,0.44855228,inf,0.26619083,0.12407689,3.6974103,0.30646363,0.30028388,0.12336688,0.42524096,0.51619637,0.6384443,1.9303565,0.2975158,inf,0.6384443,1.9303565,0.101533726,0.040963758,0.32872862,0.09613813,0.20146257,0.23620804,0.49486572,0.02951318,0.273195,0.14162792,0.2747408,0.08750297,0.27279174,0.48419082,0.45336953,0.65851873,1.9368234,1.1742351,1.0300864,2.8294327,0.30248782,3.0773275,0.20023172,0.21410929,1.4570264,0.6329069,0.76481086,22.49928,AVARAGE
181,0.28000486,,0.38051075,0.5446042,0.33211872,0.25591302,0.10958479,inf,0.30557066,0.33776474,0.13528104,0.4055788,0.50707597,0.61918455,1.7545527,0.29616374,0.36816472,0.61918455,1.7545527,0.1103803,0.040767588,0.33802912,0.07205021,0.19005077,0.24673085,0.4852895,0.017214933,0.2773184,0.1028721,0.28201923,0.086843826,0.24737304,0.47158888,0.45911366,0.62605953,2.0841372,1.228337,2.1303902,2.68951,0.3023534,3.580554,0.19043769,0.21006146,1.5740488,0.60488224,0.7680212,21.753494,AVARAGE
182,0.22620776,,0.36055273,0.4735336,0.59165615,0.18148074,0.11076937,1.1906257,0.21844271,0.2760194,0.113831446,0.37668437,0.31799677,0.42912498,1.1852708,0.21358845,inf,0.42912498,1.1852708,0.092174575,0.034503955,0.2504233,0.09573782,0.163557,0.17380376,0.40076193,0.024837838,0.20390034,0.13743748,0.18625444,0.073066734,0.283465,0.39874578,0.3604765,0.76921076,1.5382164,1.0818752,1.947769,inf,0.22019571,2.4523644,0.17105603,0.16327451,1.308528,0.4387619,0.8027425,15.142112,AVARAGE
183,0.26756352,,0.37175748,0.48234493,inf,0.259038,0.13498084,2.5960832,0.29819164,0.32102296,0.13053502,0.4159325,0.49330482,0.6158908,2.0600326,0.28875712,inf,0.6158908,2.0600326,0.106441855,0.036023565,0.32033718,0.084116206,0.20688348,0.22862591,0.49059635,0.038641796,0.26581237,0.17078306,0.2685226,0.076009974,0.27078068,0.47330654,0.43086988,0.6695541,1.9339086,1.1903212,1.0026509,2.842521,0.2939916,3.0916123,0.21020915,0.2195506,1.4074185,0.5988347,0.77329564,21.742981,AVARAGE
184,0.26654932,,0.3991543,0.4745137,0.28929037,0.27250335,0.11386893,6.2875896,0.3171509,0.31996003,0.12976857,0.42668477,0.5449653,0.65287393,1.8217185,0.3075146,0.3128437,0.65287393,1.8217185,0.10716259,0.034910772,0.34077594,0.089804485,0.19425793,0.24723823,0.5022379,0.049912866,0.28279147,0.11694921,0.28562096,0.07382111,0.2656772,0.49426222,0.47025368,0.6326304,2.029073,1.1921965,1.0282658,inf,0.31237912,3.3013756,0.1969134,0.22204827,1.5385057,0.64612323,0.7643907,23.004564,AVARAGE
185,0.28335497,,0.3577837,0.5399033,0.65521276,0.245231,0.13154891,1.9642233,0.2942028,0.3505804,0.13975671,0.3942894,0.46236685,0.5673597,1.4050457,0.2856347,0.50999874,0.5673597,1.4050457,0.111546546,0.045874704,0.326025,0.11466508,0.1952343,0.22068779,0.45746973,0.025198283,0.26768306,0.1430611,0.26114082,0.09883183,0.26587877,0.44647777,0.44076794,0.68087184,1.9010655,1.1859155,1.5604655,3.0161903,0.29173678,3.1694798,0.21200842,0.21578644,1.3876363,0.5567843,0.7728665,20.168808,AVARAGE
186,0.38486448,,0.37148282,0.68289506,0.35593748,0.30928123,0.13969955,inf,0.3687925,0.46094996,0.17462827,0.3998443,0.6585326,0.6937564,1.9801028,0.35399556,inf,0.6937564,1.9801028,0.14370787,0.048658036,0.39485103,0.10492818,0.20041734,0.25826696,0.5212178,0.039838947,0.32636732,0.11899595,0.33300048,0.10528997,0.24447902,0.50317335,0.5084307,0.61350864,2.3614817,1.3489727,1.8152766,2.7139487,0.3587972,4.21874,0.24466442,0.28036964,1.5755693,0.6525664,0.7761878,24.907484,AVARAGE
187,0.22595786,,0.4054088,0.37088168,0.31638664,0.28964278,0.14073412,3.696635,0.31849694,0.26030096,0.109553665,0.4812643,0.5780969,0.7148175,2.410301,0.30943456,0.23841746,0.7148175,2.410301,0.09475223,0.02818549,0.32920733,0.06987482,0.23271598,0.2510477,0.5584932,0.056353197,0.27750298,0.14609031,0.29575923,0.058920164,0.2936895,0.55235577,0.4670657,0.6178415,2.004236,1.169268,0.72012,3.0044289,0.3128394,3.0113769,0.21011604,0.21687745,1.4083246,0.714419,0.7625087,24.985807,AVARAGE
188,0.27986038,,0.3938549,0.5190963,0.52143216,0.2575772,0.10629275,5.169392,0.3020082,0.33127227,0.13309081,0.41600102,0.5266288,0.61190456,1.7201469,0.29300264,0.4306424,0.61190456,1.7201469,0.11302213,0.038847383,0.32798854,0.082038276,0.17867489,0.23378855,0.49376222,0.029607655,0.27125356,0.1252244,0.2758572,0.08291428,0.2638397,0.49313942,0.46843013,0.6439136,2.0072234,1.2115303,1.5327141,inf,0.29839218,3.274323,0.18680076,0.21640126,1.5321454,0.61541784,0.7750656,21.590027,AVARAGE
189,0.26284438,,0.36142126,0.4623773,0.24609555,0.28171155,0.15132251,1.5242332,0.3278451,0.31585166,0.12908918,0.42283753,0.5699854,0.6698843,1.9597181,0.31716666,inf,0.6698843,1.9597181,0.105680965,0.033697985,0.35099456,0.08041976,0.2335273,0.25213006,0.51093274,0.0376412,0.29139024,0.12764323,0.2972138,0.07108102,0.2582936,0.49654973,0.47439218,0.6221988,2.1011758,1.2187978,1.2100548,inf,0.32211596,3.4316134,0.23185815,0.22654118,1.4286973,0.65654576,0.76707953,23.661629,AVARAGE
18,0.2448651,,0.4173537,0.4539223,inf,0.24817689,0.09999598,5.5009284,0.28222883,0.29394788,0.12141337,0.43479034,0.45864934,0.59670496,1.9268737,0.27502775,inf,0.59670496,1.9268737,0.10017148,0.040738743,0.30334046,0.08204719,0.1679698,0.216501,0.5027302,0.037369423,0.25235134,0.12604693,0.25920868,0.08698228,0.28555134,0.49208304,0.42152873,0.6711887,1.8733106,1.1794418,1.1792657,2.9332507,0.27987993,2.9022024,0.171934,0.20367177,1.4945022,0.59371173,0.76664835,20.992682,UNHEALTHY
190,0.2826914,,0.37736943,0.5127457,0.33186036,0.28526115,0.14015657,3.4227881,0.3293564,0.33824557,0.13606212,0.42757744,0.57737356,0.6855242,2.0550458,0.31923088,inf,0.6855242,2.0550458,0.11338826,0.047230646,0.35197106,0.09969223,0.22269276,0.25123495,0.51053566,0.032423556,0.29253513,0.16106501,0.2983152,0.102075174,0.2634632,0.5001475,0.483394,0.63762814,2.0626383,1.2164634,1.9429173,inf,0.32393023,3.3706791,0.22037335,0.22900078,1.4659295,0.67804664,0.7593308,24.138828,AVARAGE
191,0.19739291,,0.35433275,0.41683516,inf,0.18329072,0.110519975,1.3461277,0.22061864,0.23369601,0.09923976,0.38532573,0.3311948,0.4525145,1.2030084,0.21585265,inf,0.4525145,1.2030084,0.08370618,0.031818386,0.25353563,0.08579931,0.17570238,0.1905594,0.40952793,0.027627302,0.20634075,0.13235414,0.19484425,0.0670246,0.2730343,0.4087912,0.3758901,0.7246118,1.6036836,1.0737722,3.1381214,inf,0.22271286,2.560118,0.16659512,0.14943092,1.331153,0.46340117,0.79302293,15.779037,AVARAGE
192,0.16392808,,0.41876456,0.31078297,inf,0.18837558,0.10263079,2.373057,0.20986646,0.19111922,0.08279058,0.45948803,0.3469891,0.495702,1.5853825,0.20723937,inf,0.495702,1.5853825,0.072185956,0.028255416,0.22787353,0.08886253,0.17883815,0.18849425,0.45701942,0.028824601,0.19003476,0.1425966,0.1860604,0.059350736,0.3283241,0.46688542,0.3639053,0.73347545,1.4845709,1.005198,5.709481,3.9333866,0.21134213,2.1481962,0.1479242,0.1420506,1.3054811,0.52043784,0.78504676,16.980358,HEALTHY
193,0.16706708,,0.40964714,0.3340957,1.1515412,0.1880757,0.09683273,inf,0.21712402,0.19877133,0.08562226,0.4425876,0.3553406,0.49366444,1.3907249,0.21369071,1.0359968,0.49366444,1.3907249,0.07421885,0.034910135,0.24153268,0.1056538,0.17853223,0.19793496,0.43053666,0.024727767,0.1994378,0.13200532,0.19046554,0.07422894,0.3133521,0.4484845,0.386121,0.72549385,1.4884984,0.9861107,1.9149109,inf,0.21896753,2.2267528,0.14635256,0.13950811,1.3454268,0.52082396,0.7872975,16.928286,AVARAGE
194,0.30450955,,0.3633261,0.5867405,0.20605636,0.27708378,0.12943578,11824902000.0,0.33271936,0.35939074,0.14351547,0.40496218,0.56707036,0.6590888,1.7108735,0.32219994,0.23867388,0.6590888,1.7108735,0.12000542,0.039494876,0.36625463,0.06862149,0.21111688,0.25944752,0.5040365,0.013438986,0.30084065,0.10120754,0.31040254,0.08387877,0.23951006,0.48986444,0.49151367,0.60131764,2.2294505,1.281831,1.7783695,inf,0.32816705,3.8753574,0.2165463,0.22535314,1.5467505,0.6416406,0.7659989,23.27723,AVARAGE
195,0.26453584,,0.36186582,0.4736771,inf,0.2659854,0.15418248,1.1613415,0.30679527,0.30490285,0.124367304,0.43424526,0.5517886,0.6455216,2.0415018,0.29716203,0.43058142,0.6455216,2.0415018,0.10777671,0.0324832,0.3280617,0.08659646,0.23935066,0.24247052,0.4994802,0.025124064,0.27267948,0.098834924,0.27393767,0.068457365,0.27132806,0.49635664,0.46428913,0.63938004,1.975349,1.1649691,1.048051,3.1879697,0.3019834,3.1739998,0.22520994,0.21475188,1.3662866,0.6423261,0.7706576,22.660446,HEALTHY
196,0.21130034,,0.42934114,0.42967153,inf,0.19594216,0.081582054,4.2404084,0.23054892,0.25265446,0.10547693,0.42136645,0.35414293,0.48261744,1.3249323,0.2260478,0.8127162,0.48261744,1.3249323,0.088957936,0.033882897,0.25949034,0.119356275,0.14644562,0.19179218,0.418784,0.028251866,0.21283194,0.14033428,0.20025429,0.07170154,0.307522,0.42905575,0.38775504,0.7410311,1.5135034,1.0158123,1.1908274,inf,0.23192057,2.3696475,0.14613445,0.16165781,1.4463516,0.5020409,0.80101645,16.825426,AVARAGE
197,0.23000762,,0.36420283,0.45331722,inf,0.21283199,0.12389017,1.1400926,0.25367057,0.2759018,0.11408621,0.40673536,0.41366822,0.5153144,1.354901,0.24745016,0.92924523,0.5153144,1.354901,0.096041314,0.03699673,0.28402176,0.1123891,0.19711414,0.2079768,0.4297311,0.01917816,0.23294893,0.1258151,0.21912387,0.07872383,0.2802654,0.43719035,0.42242706,0.701276,1.6779205,1.0736295,1.5614829,inf,0.25361377,2.6864758,0.18982804,0.17896783,1.3355777,0.5319698,0.78316253,18.065893,AVARAGE
198,0.26511562,,0.3863119,0.4770436,inf,0.2620586,0.13908027,2.959448,0.29686493,0.30330127,0.12431054,0.4433537,0.51468027,0.64012104,2.229076,0.28795034,inf,0.64012104,2.229076,0.107545264,0.033825994,0.31588647,0.08383006,0.22072151,0.23510523,0.5110737,0.039593272,0.2632253,0.16839014,0.2716437,0.071260795,0.28534073,0.50057214,0.43932688,0.6605375,1.9256957,1.1744883,0.9435619,inf,0.29272437,3.0092309,0.2069049,0.21437214,1.3910965,0.6304987,0.77041095,22.420492,HEALTHY
199,0.28049406,,0.3649197,0.5164937,0.4178701,0.25477347,0.13873056,1.6502542,0.29527578,0.3355132,0.13501225,0.4089754,0.48072562,0.5912361,1.9083964,0.28624356,inf,0.5912361,1.9083964,0.110663004,0.039941378,0.31913638,0.075536124,0.19637346,0.21606168,0.4935471,0.029681154,0.2643019,0.14130054,0.26749426,0.08483547,0.27279845,0.475721,0.4285966,0.67897123,1.9503752,1.2269763,1.2595896,inf,0.2915535,3.1464262,0.21539298,0.22001351,1.3750882,0.5772541,0.7705464,21.006758,HEALTHY
19,0.20075803,,0.40937784,0.35472584,0.451958,0.24178793,0.117277145,4.016491,0.2726507,0.23603228,0.100326195,0.45887536,0.4660118,0.6060521,1.9218383,0.26623964,inf,0.6060521,1.9218383,0.084861696,0.026188092,0.29087582,0.08204301,0.2008993,0.2249041,0.4988708,0.017109187,0.24293217,0.08696453,0.24491188,0.05459336,0.29664105,0.4971295,0.4216889,0.65801585,1.7930646,1.0969982,0.8084618,3.2607381,0.27058244,2.7086108,0.17934424,0.18291268,1.4101149,0.6126404,0.7675992,21.078228,AVARAGE
1,0.23957326,,0.4118031,0.42856345,0.18190354,0.28347883,0.107992634,inf,0.32285142,0.28434083,0.118486606,0.45006192,0.56136006,0.6968353,2.1555495,0.31354776,0.21624717,0.6968353,2.1555495,0.09865829,0.03337052,0.3431531,0.05769585,0.19935584,0.25638646,0.5394424,0.016378298,0.28617796,0.09071713,0.3048199,0.07030478,0.2652632,0.52648246,0.47293952,0.6017245,2.1074896,1.2190657,1.8435581,2.6943276,0.31822926,3.3181458,0.18292466,0.2126894,1.5702348,0.68752295,0.75991106,24.39548,None
200,0.3094778,,0.34670818,0.55575895,inf,0.28872845,0.1677121,1.4342456,0.33720064,0.36502028,0.1451282,0.41462836,0.5884117,0.6774997,2.08774,0.32544136,inf,0.6774997,2.08774,0.121024705,0.043173786,0.36082432,0.08543533,0.24339533,0.2522006,0.51336914,0.049823444,0.29921883,0.15412332,0.30763477,0.09237601,0.2546573,0.49512908,0.47754988,0.6287806,2.1616085,1.2620534,1.2045329,inf,0.33042356,3.6149263,0.25069094,0.2419807,1.3962429,0.6529515,0.77476263,24.014544,HEALTHY
201,0.21240562,,0.40263128,0.37699285,inf,0.24768978,0.1261593,inf,0.28102365,0.24435824,0.103412114,0.46215314,0.4796361,0.62618214,1.8935931,0.2740438,inf,0.62618214,1.8935931,0.09015563,0.034436222,0.29986793,0.07728332,0.21681222,0.2375801,0.50835526,0.047326364,0.25029713,0.101100236,0.25680476,0.07298787,0.29031813,0.5053066,0.43148595,0.6369568,1.8663638,1.1132809,1.2600275,inf,0.27849436,2.8425283,0.18952326,0.18770343,1.414313,0.62495685,0.7660101,21.722832,None
202,0.1932824,,0.39723703,0.3498958,0.5624379,0.22379668,0.11562027,2.5454018,0.2525886,0.24287583,0.10281219,0.43974066,0.41239035,0.5550922,1.844964,0.24702872,inf,0.5550922,1.844964,0.08125762,0.033620197,0.2718355,0.08295104,0.18965372,0.20629466,0.4743484,0.023886763,0.2264812,0.105459325,0.2224046,0.07116281,0.29696885,0.47226506,0.39536345,0.6943116,1.6903923,1.0862867,1.0870632,inf,0.25161377,2.5434532,0.17697132,0.17892563,1.3635608,0.5644786,0.78020644,19.337736,UNHEALTHY
203,0.27288026,,0.37453654,0.47576544,inf,0.26637658,0.13912973,1.8007522,0.305662,0.34711635,0.13905476,0.4119187,0.50644886,0.61801136,2.0443957,0.29558352,inf,0.61801136,2.0443957,0.107250646,0.050529983,0.3245758,0.10019603,0.20182908,0.22251368,0.48766154,0.022355208,0.2703873,0.15499137,0.26812908,0.109529264,0.27562737,0.46943128,0.4319468,0.68985426,1.9093543,1.1918335,1.4073117,2.7641456,0.30026737,3.0263371,0.2205524,0.23509511,1.3893106,0.5996512,0.7833323,21.953941,AVARAGE
204,0.15730159,,0.39838195,0.318031,inf,0.15598011,0.08705414,inf,0.18329245,0.19604777,0.08457442,0.40103883,0.2510053,0.38353118,0.99625427,0.18086782,0.66385776,0.38353118,0.99625427,0.067159645,0.02410002,0.20862673,0.10656489,0.1373161,0.15261416,0.38072824,0.013523357,0.17117207,0.12619409,0.15662616,0.050176438,0.32242927,0.38614386,0.31366614,0.8161727,1.2834158,0.9557911,2.343164,inf,0.18635045,1.8931154,0.1389108,0.13068627,1.2687607,0.39761373,0.8385013,13.39144,AVARAGE
205,0.2422156,,0.40684894,0.44103524,0.6426253,0.24518311,0.117620595,3.5650442,0.27731937,0.28302485,0.11703252,0.43924987,0.44901577,0.5932284,1.9750506,0.27010286,0.56816036,0.5932284,1.9750506,0.09978304,0.04228139,0.2960562,0.10438313,0.18966632,0.21445201,0.48311406,0.035130918,0.2469136,0.14140178,0.24599966,0.0906436,0.2991628,0.47489107,0.41093382,0.6986091,1.7516526,1.1140918,0.88768,inf,0.27466205,2.674979,0.18616612,0.20106985,1.3967088,0.58646387,0.7747988,20.8415,None
206,0.2041162,,0.38001662,0.40657106,inf,0.19002497,0.1057937,1.6026196,0.2209764,0.24238777,0.102250986,0.40040636,0.33114037,0.46268538,1.3981702,0.21669778,0.5188814,0.46268538,1.3981702,0.08499152,0.028669292,0.24621311,0.08639716,0.16706157,0.18011339,0.42637715,0.01703844,0.20282657,0.13058853,0.18932398,0.0599687,0.29439348,0.42150345,0.35642847,0.75765496,1.545798,1.0735693,1.3912104,inf,0.2221748,2.365724,0.16244982,0.16073656,1.3202013,0.47085637,0.7991927,16.199594,AVARAGE
207,0.1816839,,0.40640393,0.33841145,0.59277254,0.20516708,0.104046874,inf,0.23438673,0.22612312,0.096188165,0.43375912,0.37242478,0.51769936,1.5175403,0.23004186,inf,0.51769936,1.5175403,0.076786414,0.028134363,0.25581223,0.11302517,0.17969684,0.1982058,0.43638247,0.017842727,0.21243398,0.14325269,0.20581485,0.05887085,0.31038293,0.44059548,0.38163587,0.73545814,1.5211456,1.0107069,1.8407059,inf,0.23484094,2.2671866,0.15999958,0.16262445,1.3434389,0.5304762,0.7892854,17.95271,None
208,0.12348414,,0.4519853,0.25665155,inf,0.13916218,0.067134425,3.2901113,0.15692572,0.1481104,0.065884605,0.44606683,0.23132476,0.36685622,1.0455729,0.15644695,inf,0.36685622,1.0455729,0.056246728,0.02533847,0.1761246,0.12356787,0.12656046,0.14289378,0.3883507,0.017900664,0.14586356,0.14978376,0.14903896,0.053006683,0.37151197,0.4066004,0.29794002,0.8460847,1.1352341,0.88144714,0.7606303,inf,0.16070569,1.5763918,0.10414538,0.10570729,1.2509911,0.3977491,0.85431826,12.559084,AVARAGE
209,0.24243306,,0.37499553,0.4602308,0.47569117,0.24257758,0.13029765,2.3458822,0.28319904,0.29980242,0.122545004,0.41896144,0.4758304,0.59804136,1.7817984,0.27561623,0.57345897,0.59804136,1.7817984,0.0984848,0.04361652,0.30976534,0.090835154,0.2106985,0.23045565,0.47324622,0.031791873,0.25581864,0.14290437,0.25444707,0.09371921,0.27031422,0.46671242,0.4377087,0.6678326,1.8707702,1.1503129,1.563254,inf,0.28108805,3.0209184,0.19895257,0.1960475,1.4186878,0.59758276,0.76848125,20.914284,None
20,0.23196423,,0.37195483,0.49433637,0.4170182,0.20769212,0.10335437,2.1980314,0.2480671,0.27826458,0.1159254,0.39490402,0.354487,0.50291556,1.3337966,0.2426609,0.495393,0.50291556,1.3337966,0.09487062,0.040363085,0.28213978,0.08212159,0.16788751,0.19983979,0.44721672,0.02858262,0.23029488,0.1368599,0.22862092,0.08576758,0.27278253,0.4330981,0.3870742,0.7044481,1.7622329,1.1616124,1.6657472,2.7427144,0.24949309,2.860298,0.16875319,0.16970421,1.3985921,0.49621367,0.76527196,17.666346,AVARAGE
210,0.23238735,,0.388964,0.44344097,inf,0.22185929,0.11530126,2.838244,0.25006977,0.24685986,0.10410415,0.4234133,0.41388506,0.5432615,1.9593647,0.24423979,inf,0.5432615,1.9593647,0.09923755,0.038822398,0.27004492,0.081851155,0.18373919,0.20136836,0.46677202,0.028901018,0.22454612,0.12962049,0.22068447,0.08271682,0.28968078,0.4615338,0.3964453,0.7105398,1.686649,1.1043407,0.82966816,inf,0.24911484,2.5647388,0.17414264,0.1799908,1.3704115,0.55138505,0.7787747,19.018236,UNHEALTHY
211,0.19103523,,0.431447,0.3575773,0.8598346,0.21987289,0.09790835,4.3943725,0.24432671,0.24870943,0.1044823,0.4602813,0.39303467,0.5553729,1.8133181,0.2402618,inf,0.5553729,1.8133181,0.08054174,0.046497554,0.26249292,0.09652798,0.17268631,0.20042114,0.48415875,0.023490239,0.2192357,0.15839058,0.2198144,0.10071934,0.32087633,0.48480532,0.38991958,0.7168191,1.621458,1.0756767,1.177219,4.408832,0.24437958,2.3936822,0.15774766,0.17465112,1.375735,0.5699258,0.77301574,19.245022,AVARAGE
212,0.18929313,,0.38418925,0.368875,inf,0.19977169,0.11610936,1.6799264,0.23158024,0.23299481,0.09850399,0.4131777,0.35395414,0.4972336,1.4954724,0.22699781,0.6188539,0.4972336,1.4954724,0.0791949,0.035805408,0.25646695,0.101468414,0.18485284,0.19253598,0.42531678,0.022582658,0.21165688,0.1705248,0.2015106,0.07605275,0.30163726,0.42207104,0.36965707,0.7538164,1.5312667,1.0387757,0.9247582,inf,0.23234712,2.3460839,0.17155547,0.15884973,1.3104982,0.5033583,0.7880778,17.326614,AVARAGE
213,0.30034804,,0.34957263,0.5689038,inf,0.27662507,0.16899782,1.5445961,0.32929376,0.3648512,0.14462312,0.40686935,0.56701183,0.6561637,1.9087807,0.31815305,0.4355157,0.6561637,1.9087807,0.11778184,0.046473727,0.35877,0.12142935,0.24922003,0.2537665,0.4755442,0.014986422,0.2955586,0.18658422,0.29165238,0.10032042,0.25954175,0.4645664,0.47880444,0.65702087,2.0374043,1.1970748,1.8037379,3.0939014,0.32369342,3.5060554,0.25053415,0.23069566,1.3903493,0.63652176,0.7749278,23.172937,AVARAGE
214,0.1723745,,0.4125944,0.3292742,0.8135777,0.1868419,0.09959798,2.3103635,0.21161063,0.19929668,0.08593351,0.43634933,0.33239385,0.4784186,1.5018035,0.20829993,inf,0.4784186,1.5018035,0.07507637,0.0288259,0.23159696,0.10464448,0.16984876,0.18367839,0.4258712,0.02363697,0.19238645,0.13910162,0.1823747,0.060523584,0.32377884,0.4316016,0.35445863,0.7631176,1.4183959,0.9797223,1.4610643,3.7891827,0.21286727,2.0742042,0.15086275,0.14723341,1.3080511,0.49315697,0.8046744,16.511667,UNHEALTHY
215,0.1663213,,0.43024814,0.31439894,0.6662011,0.1899528,0.089654356,inf,0.2161469,0.19691889,0.08527395,0.43771473,0.35266253,0.4897979,1.4447631,0.2128862,0.6529086,0.4897979,1.4447631,0.07274723,0.025829293,0.23756422,0.121053144,0.1623492,0.1887302,0.41877487,0.0232964,0.1970685,0.16619076,0.19495006,0.054031212,0.33045414,0.43100834,0.37391758,0.77318585,1.3926363,0.9614109,1.0088748,3.8681967,0.21764527,2.0453446,0.14345011,0.144986,1.3438727,0.51578254,0.78898233,16.88897,UNHEALTHY
216,0.18610865,,0.4120978,0.33816582,0.49150217,0.21544129,0.11634566,2.2951913,0.24008396,0.2176788,0.093134,0.45889723,0.39927354,0.55556905,1.7861632,0.23592035,inf,0.55556905,1.7861632,0.07950258,0.024728214,0.25767007,0.091589175,0.20093732,0.20663388,0.47368056,0.015869614,0.21530582,0.15377721,0.21199103,0.051465727,0.31969047,0.47629762,0.3876081,0.7186991,1.5876185,1.0414866,0.94608426,3.6118028,0.24004424,2.330868,0.16641958,0.16360247,1.3173892,0.5688465,0.77459985,19.179062,AVARAGE
217,0.2230662,,0.36536673,0.43002626,inf,0.22237054,0.12111296,1.7166829,0.25954255,0.26622587,0.11099296,0.4040713,0.4054086,0.5400774,1.6851945,0.25283086,0.5248101,0.5400774,1.6851945,0.09197079,0.035926796,0.28583592,0.08151297,0.19224119,0.21055062,0.45159915,0.026052602,0.23570816,0.11234094,0.22823668,0.075968556,0.27111158,0.44144967,0.39858186,0.69265634,1.7591065,1.122855,1.3977165,inf,0.25859073,2.7822223,0.1855777,0.18206993,1.3770659,0.5351738,0.78238994,18.939613,AVARAGE
218,0.19677633,,0.39206886,0.3895907,inf,0.19241616,0.102504775,2.8045971,0.22609013,0.23445669,0.098926045,0.40499094,0.35655585,0.4744965,1.4727303,0.2210367,0.59565395,0.4744965,1.4727303,0.08254402,0.030410515,0.25337428,0.11690343,0.16523731,0.18651615,0.40338224,0.01706416,0.20798326,0.12748298,0.19514096,0.063835695,0.30169773,0.40458122,0.37535182,0.76253766,1.473969,1.0054681,0.80720764,inf,0.22692695,2.2886155,0.16245544,0.15685596,1.34149,0.48803338,0.80510813,16.566257,AVARAGE
219,0.19797592,,0.35849944,0.40649915,inf,0.2089154,0.12639561,5008414700.0,0.24962728,0.23447618,0.09988405,0.40883458,0.408563,0.5266527,1.474197,0.24364743,inf,0.5266527,1.474197,0.08446308,0.02873337,0.28252646,0.094049826,0.20805675,0.21775362,0.43409738,0.02193945,0.23087084,0.11355066,0.22448029,0.060139738,0.27280685,0.4374271,0.42097804,0.68071985,1.7202269,1.0790609,1.9137193,inf,0.250423,2.772477,0.18506622,0.15870017,1.3493118,0.5398983,0.7795738,18.284275,AVARAGE
21,0.19795577,,0.43243152,0.32793373,0.49574345,0.26575324,0.11976331,inf,0.2916876,0.24546883,0.10392753,0.48601857,0.512324,0.66819996,2.234489,0.2845558,inf,0.66819996,2.234489,0.08323044,0.03285555,0.30315182,0.08687841,0.21016979,0.23657526,0.53314316,0.018276136,0.2555015,0.12453515,0.26494226,0.06923825,0.3078496,0.52901626,0.4359297,0.64551646,1.8427843,1.1073668,0.9885465,3.3669353,0.28789827,2.7188232,0.18383938,0.1995231,1.4335743,0.67205787,0.7590737,23.22118,AVARAGE
220,0.20904133,,0.4067063,0.37671822,0.27450314,0.23839857,0.11080302,3.338552,0.2704444,0.25464925,0.106959976,0.4406388,0.4389052,0.58791494,1.7600093,0.2643488,inf,0.58791494,1.7600093,0.08677538,0.0298705,0.29087898,0.11091609,0.18903008,0.21663938,0.47392157,0.026172474,0.2423004,0.1528962,0.24221045,0.062655814,0.3035719,0.47107324,0.41464886,0.70442265,1.6962435,1.0837256,8.341813,inf,0.26900637,2.572738,0.17539068,0.18646923,1.3796306,0.59133947,0.76703835,20.546272,AVARAGE
221,0.26001653,,0.384364,0.47489434,inf,0.23893726,0.12294138,3.1354463,0.27527004,0.31324676,0.12722972,0.40801215,0.44229013,0.55465686,1.9874562,0.26693243,inf,0.55465686,1.9874562,0.1029866,0.03637935,0.29748023,0.107644364,0.17896245,0.20166731,0.45806086,0.026872016,0.24645016,0.13864818,0.23967476,0.076958,0.28904387,0.445269,0.40099898,0.7247204,1.7439842,1.1377635,0.91651213,2.6639364,0.27213797,2.7634823,0.19782536,0.21002209,1.3755598,0.5476176,0.7905058,19.699362,AVARAGE
222,0.23543474,,0.38161275,0.43620434,0.6445223,0.24579391,0.13036537,1.9256979,0.2789865,0.28416005,0.117827706,0.43107572,0.4693903,0.5965864,2.177954,0.27115947,0.8793562,0.5965864,2.177954,0.097911656,0.05263064,0.30013427,0.07873915,0.20290591,0.22061262,0.49414238,0.019425653,0.24930166,0.10471938,0.25244126,0.11499095,0.27877674,0.4842913,0.42030343,0.66850436,1.8635882,1.1619501,1.039927,3.2473118,0.27628672,2.9156816,0.1987141,0.20083469,1.3948638,0.59312195,0.7677262,20.906626,AVARAGE
223,0.27124628,,0.3689481,0.50870353,0.4718244,0.25126666,0.13259427,2.1931608,0.2922847,0.33939618,0.13673002,0.40151602,0.4588717,0.57899225,2.0012963,0.28290743,inf,0.57899225,2.0012963,0.10725397,0.05491262,0.3174808,0.097379364,0.18947981,0.21211685,0.47358128,0.023926996,0.2622634,0.12968683,0.25787124,0.11997309,0.272802,0.45373678,0.41513723,0.6958726,1.8843861,1.1982481,24.754805,inf,0.28858927,3.0647767,0.21232536,0.22107553,1.3936571,0.5588534,0.7757595,20.61529,AVARAGE
224,0.20041029,,0.3687059,0.4098478,0.4073129,0.19347465,0.11196486,1.1143628,0.234341,0.25135955,0.10564606,0.38014442,0.3377353,0.46538287,1.124782,0.22911112,0.523939,0.46538287,1.124782,0.08283287,0.03275774,0.26791182,0.121578835,0.17140238,0.19065958,0.39192382,0.021387108,0.21839868,0.19598508,0.20730829,0.069116965,0.28899905,0.38907608,0.3771931,0.77408946,1.5166678,1.0392923,1.5676317,inf,0.2358894,2.4138358,0.1752391,0.1597942,1.3207763,0.4676014,0.79815793,16.37386,AVARAGE
225,0.23944351,,0.38851953,0.45683157,inf,0.23124872,0.12568235,4.282872,0.26583046,0.28543904,0.117338605,0.42813626,0.4375117,0.5672742,1.8311762,0.2591168,inf,0.5672742,1.8311762,0.098673925,0.043612015,0.28855073,0.08807714,0.2004047,0.2154947,0.4727517,0.020108463,0.23921542,0.12697504,0.23486067,0.094022915,0.28512764,0.46865356,0.41191474,0.6876798,1.7741306,1.1249392,0.94262683,inf,0.2641631,2.7732635,0.19053292,0.19202656,1.3924603,0.56832665,0.7795332,19.822178,AVARAGE
226,0.22158289,,0.3975468,0.40613312,0.57689893,0.23245606,0.12150476,inf,0.26184842,0.25286,0.10606866,0.43829834,0.44504973,0.574373,2.0183837,0.25529656,0.5233573,0.574373,2.0183837,0.09366036,0.034241132,0.2802652,0.09725322,0.19578399,0.21128309,0.47028577,0.024270047,0.23363377,0.14063695,0.23107365,0.072289415,0.29864684,0.46974435,0.41126376,0.70220804,1.6894464,1.0790527,0.9097876,3.2226005,0.25988394,2.5647767,0.18356964,0.18720879,1.3666328,0.5825052,0.7778646,20.049032,AVARAGE
227,0.21806243,,0.38862836,0.4184791,inf,0.21859838,0.11438216,2.8394923,0.24807608,0.23821986,0.10073223,0.42462242,0.42191178,0.54783034,1.9665854,0.24229355,inf,0.54783034,1.9665854,0.09313545,0.03244619,0.26929623,0.09180377,0.19139558,0.20665868,0.45356366,0.029598946,0.2234844,0.15356599,0.21799706,0.06867994,0.29258767,0.45572057,0.40136033,0.72023433,1.6442056,1.0735751,1.273786,inf,0.24730647,2.51855,0.17181297,0.17120247,1.359019,0.5604591,0.7856233,19.033968,AVARAGE
228,0.21673349,,0.3710937,0.4130864,0.47352916,0.2240314,0.115365766,3.0025878,0.25874957,0.25729275,0.10811658,0.4063405,0.40954807,0.55269897,1.7466656,0.25243974,inf,0.55269897,1.7466656,0.090100974,0.033101995,0.28348732,0.086889416,0.19319654,0.21305418,0.45446607,0.015901988,0.2343982,0.13879234,0.23159665,0.06976636,0.27016234,0.44527063,0.4018083,0.69297695,1.747268,1.1181962,1.1682726,inf,0.25802255,2.727818,0.17699362,0.18085511,1.3934299,0.55042917,0.7737459,19.304638,AVARAGE
229,0.18010005,,0.42957896,0.32096645,inf,0.22067799,0.10796378,inf,0.24412632,0.21380383,0.09159106,0.46741742,0.42248455,0.5658223,1.9496112,0.23954165,0.7118424,0.5658223,1.9496112,0.077751435,0.028483506,0.26010567,0.10012262,0.18990976,0.20666884,0.4740314,0.019144626,0.21777168,0.14244318,0.21450192,0.059765395,0.32491302,0.48197395,0.39856032,0.7147027,1.5731417,1.0213245,0.9790913,inf,0.24348447,2.3017876,0.16183572,0.16626787,1.3562894,0.58620936,0.78250825,19.54599,AVARAGE
22,0.28081483,,0.39377353,0.5106798,inf,0.26932904,0.1126161,inf,0.31007174,0.34290582,0.13853753,0.41127053,0.4958136,0.62090945,2.0698009,0.3001736,0.3558042,0.62090945,2.0698009,0.110475324,0.043649986,0.33236548,0.06999326,0.17085311,0.22233559,0.51252407,0.029396545,0.27594733,0.09837754,0.28546003,0.09336285,0.26426136,0.48711115,0.43070072,0.6567929,2.046592,1.2638384,1.1046978,2.604749,0.30535188,3.2937572,0.19559287,0.23088753,1.5185171,0.59620637,0.7748839,22.112432,AVARAGE
230,0.19527355,,0.3634801,0.3960348,inf,0.18777113,0.107997395,1.7831476,0.2237888,0.23805127,0.10095781,0.38096234,0.33794934,0.45520124,1.3448673,0.21875513,0.6352908,0.45520124,1.3448673,0.08186296,0.031166809,0.2540616,0.10184692,0.16997266,0.1834571,0.3966337,0.020094924,0.20757355,0.11810275,0.19068104,0.06548689,0.2795287,0.39465842,0.37098876,0.7551616,1.5264829,1.0455753,1.0810652,inf,0.22514898,2.4140265,0.1673635,0.15619867,1.3356192,0.46768475,0.80468374,15.967515,AVARAGE
231,0.2736961,,0.36888134,0.49128887,inf,0.25830954,0.1402093,2.0738907,0.29548636,0.33381644,0.13453196,0.4093872,0.5139947,0.6093865,2.4113362,0.28504232,0.58479655,0.6093865,2.4113362,0.108276725,0.042653345,0.3161627,0.098333426,0.20968932,0.22181678,0.47509938,0.025218787,0.262248,0.12063063,0.25718397,0.09117291,0.27157122,0.4613539,0.430597,0.69102985,1.8723481,1.1685296,1.0006248,inf,0.29036412,3.0240808,0.21450245,0.22649026,1.3943499,0.5976323,0.78417856,21.545221,AVARAGE
232,0.28624636,,0.37073666,0.5721011,0.602643,0.22810872,0.120582625,inf,0.27061233,0.32521367,0.13110134,0.39063695,0.43996146,0.53824073,1.7336849,0.2624868,inf,0.53824073,1.7336849,0.11490914,0.03807003,0.30036244,0.11053372,0.1820688,0.2074575,0.4343971,0.027402518,0.24634679,0.13519809,0.23241302,0.08075739,0.2700608,0.4279567,0.4179428,0.7144377,1.7562177,1.1295136,1.2274109,inf,0.26864237,2.9125483,0.19600086,0.20098706,1.4174646,0.5342177,0.7857871,19.039112,AVARAGE
233,0.2208784,,0.3891662,0.46906972,inf,0.18498032,0.10431891,3.1634104,0.21643558,0.23539695,0.099538624,0.3967562,0.3314604,0.45276892,1.4399344,0.21210678,inf,0.45276892,1.4399344,0.09529286,0.039653823,0.24361874,0.11901878,0.1633373,0.17658055,0.39614797,0.028549626,0.19983435,0.15959907,0.18786123,0.08472153,0.30626798,0.39654818,0.36465263,0.7943457,1.419017,1.007674,1.1286042,3.110996,0.21793787,2.1885839,0.1607679,0.15487386,1.3118311,0.4666221,0.8101979,15.82986,HEALTHY
234,0.22850764,,0.37579906,0.4220997,0.4141183,0.2423143,0.14011289,1.4207474,0.28101617,0.27880663,0.11530018,0.41558716,0.45666683,0.58633435,1.7807646,0.2735548,0.4608071,0.58633435,1.7807646,0.09308932,0.03754695,0.3050213,0.11223015,0.21215557,0.2202806,0.4547314,0.018642526,0.2527276,0.18238631,0.24660245,0.07993467,0.29009384,0.4453803,0.42045426,0.7192242,1.7286158,1.1020881,1.2599287,3.0126078,0.2787017,2.7203028,0.20695886,0.19354168,1.3354865,0.5818003,0.7823672,20.603397,AVARAGE
235,0.16600928,,0.41953215,0.3151606,inf,0.19373289,0.093778014,3.2820137,0.21878323,0.19584812,0.08452708,0.4481697,0.35487217,0.5065471,1.498409,0.21564703,inf,0.5065471,1.498409,0.072514094,0.026041633,0.23923767,0.09885464,0.17401044,0.19705361,0.44567,0.022524076,0.19888403,0.13205789,0.19495448,0.05443214,0.31369448,0.4543898,0.37655702,0.71885425,1.5105505,1.0006548,1.2147481,inf,0.22024569,2.2222517,0.14346333,0.14497589,1.365488,0.5282142,0.7823533,17.408918,AVARAGE
236,0.2716871,,0.37234634,0.5074797,inf,0.25039557,0.13185196,4.2416935,0.28542885,0.3052033,0.12471401,0.41049266,0.4909845,0.5950039,2.2841837,0.27638116,inf,0.5950039,2.2841837,0.11112678,0.04235635,0.30608132,0.0929074,0.19947484,0.21607652,0.47335577,0.03415061,0.2541186,0.13744259,0.2500275,0.090594105,0.2736262,0.46330407,0.42765617,0.69619036,1.8312081,1.1559111,0.9727608,inf,0.28152832,2.9142041,0.20349817,0.21194158,1.3930072,0.5901561,0.7782296,21.00859,HEALTHY
237,0.21048582,,0.39585575,0.37620634,inf,0.23349492,0.11972236,3.1063912,0.26602763,0.25594625,0.107026465,0.43650538,0.44229898,0.5794395,1.862218,0.25937012,inf,0.5794395,1.862218,0.08696291,0.02986874,0.2862196,0.09552583,0.1996586,0.21906164,0.4705803,0.023891049,0.23816638,0.13330738,0.23464027,0.06262465,0.2906512,0.4666152,0.4102609,0.6853754,1.7305195,1.0840803,1.7203403,inf,0.26413095,2.6483834,0.18215095,0.18588512,1.3937082,0.58136946,0.77435917,20.17957,AVARAGE
238,0.21422468,,0.38731915,0.3948911,inf,0.21316019,0.115802765,inf,0.2447733,0.25283515,0.10574539,0.41707355,0.39955488,0.5167162,1.8024879,0.23869143,inf,0.5167162,1.8024879,0.088599145,0.028412633,0.26701137,0.095022626,0.17990479,0.19436648,0.44197735,0.027484452,0.22106674,0.12093501,0.20981918,0.05949857,0.29526824,0.43995976,0.38495496,0.72755957,1.6158535,1.0667574,0.93207616,inf,0.24383892,2.4874942,0.17858148,0.17699747,1.3461899,0.52688605,0.8016752,18.1283,HEALTHY
239,0.19759363,,0.3908052,0.39224645,0.56038666,0.19968516,0.10913023,2.2496505,0.23471542,0.22779267,0.09670853,0.41379875,0.37875003,0.4976757,1.3925692,0.22975218,0.60170615,0.4976757,1.3925692,0.08479243,0.028971598,0.26214704,0.11647257,0.18161345,0.1987273,0.41515684,0.02574448,0.21560928,0.15117183,0.20447858,0.060914893,0.30060378,0.4219878,0.3968682,0.7430698,1.5204427,1.0103931,1.8103327,inf,0.23557429,2.346935,0.16671732,0.15768541,1.3410523,0.5157891,0.80029243,17.316065,AVARAGE
23,0.1977654,,0.44985217,0.3292729,0.38591403,0.26763156,0.10337112,8.403755,0.29054636,0.2345337,0.09987454,0.49588153,0.51116925,0.6824323,2.368908,0.28384542,0.32352427,0.6824323,2.368908,0.08368358,0.030549271,0.30104396,0.064120404,0.19883531,0.2402033,0.55537003,0.03687391,0.25411713,0.12498436,0.2729344,0.06411959,0.30617896,0.5479032,0.43293557,0.6291712,1.8966653,1.1334013,0.7220448,3.263636,0.2870451,2.7827365,0.16479145,0.19459765,1.4924762,0.68243,0.759801,23.623922,AVARAGE
240,0.13045415,,0.46509832,0.26248217,1.4101737,0.14401835,0.069120474,2.7314847,0.16009824,0.14981042,0.06640849,0.45483387,0.25360596,0.38134718,1.223264,0.15943147,inf,0.38134718,1.223264,0.060465842,0.027132835,0.17705172,0.121794194,0.12697588,0.14696349,0.39533404,0.018762678,0.1472881,0.13025355,0.14622289,0.057106934,0.36933663,0.4194564,0.31026044,0.82865703,1.1529593,0.8778899,1.016505,inf,0.1632593,1.5973852,0.10970469,0.11137243,1.2910501,0.42147365,0.8548159,13.0308695,AVARAGE
241,0.26590133,,0.3859226,0.48635098,inf,0.24755432,0.11844143,inf,0.28128368,0.31564918,0.12814467,0.407934,0.4507175,0.5796085,2.1531494,0.27271238,inf,0.5796085,2.1531494,0.10599072,0.040697068,0.30093968,0.10800566,0.17911944,0.20591225,0.4652579,0.025510836,0.25029677,0.15834488,0.24520724,0.08682576,0.28573614,0.45152822,0.40507206,0.7278865,1.7508947,1.1443167,1.0541184,inf,0.2777439,2.7309303,0.19223592,0.21535443,1.3876126,0.5659155,0.7858712,20.538067,AVARAGE
242,0.18502368,,0.40494004,0.3697071,0.68167543,0.19256538,0.1038195,7647175700.0,0.22128773,0.20537859,0.08849052,0.4380624,0.3613158,0.50878376,1.4735241,0.2177391,0.72655284,0.50878376,1.4735241,0.08129446,0.029219296,0.24543871,0.10909248,0.19212309,0.20346497,0.43058643,0.020146344,0.20281762,0.16772915,0.19700336,0.06144983,0.30969307,0.44024864,0.3837366,0.7312103,1.4975516,0.99264735,1.6876276,inf,0.22298071,2.2469075,0.1494943,0.14459406,1.3408437,0.5272783,0.7820856,17.433023,AVARAGE
243,0.21983999,,0.3954829,0.380919,0.3466319,0.25863475,0.13478649,inf,0.29034948,0.26012227,0.108945206,0.4548659,0.5174888,0.648176,2.2325535,0.2823538,0.3231813,0.648176,2.2325535,0.09125452,0.027614344,0.3071079,0.08650237,0.22485323,0.23774253,0.50300074,0.0335243,0.25677973,0.12135664,0.25942215,0.057715226,0.28686062,0.49905157,0.4400118,0.65184456,1.8545177,1.1127132,0.8527859,2.9771798,0.2866266,2.8496745,0.19839352,0.19850647,1.4065356,0.6499605,0.7659321,22.54959,HEALTHY
244,0.22122012,,0.36879522,0.47477126,inf,0.18210997,0.1014482,inf,0.21862644,0.2567683,0.10689259,0.3773746,0.32752994,0.43790543,1.3332806,0.21347933,0.7494518,0.43790543,1.3332806,0.09216765,0.03365914,0.2506087,0.10725195,0.15744099,0.17814502,0.39035013,0.0155886,0.20386979,0.12717977,0.18773,0.07107659,0.2799289,0.39117524,0.36769837,0.76120096,1.5157049,1.0483207,2.7453842,inf,0.2201505,2.4437504,0.16353908,0.1576366,1.3567954,0.4489179,0.81182355,15.3934765,AVARAGE
245,0.19826278,,0.3693761,0.3823428,0.40501195,0.20708814,0.116882056,1.7648795,0.24283431,0.23867726,0.10104877,0.40462947,0.37621248,0.51038766,1.4466519,0.23743498,inf,0.51038766,1.4466519,0.083386734,0.029946435,0.26966044,0.08978484,0.18593192,0.2021491,0.43526235,0.023883991,0.22214471,0.13388105,0.21313651,0.06281711,0.2777201,0.4318294,0.3900943,0.705871,1.6606168,1.0764393,1.2184598,inf,0.24318704,2.5835307,0.17778376,0.166006,1.3559299,0.5165565,0.7790523,17.83084,HEALTHY
246,0.2746115,,0.34663194,0.529113,0.36312926,0.25412208,0.13929817,1.8091537,0.3006477,0.3378053,0.13587947,0.3945976,0.500831,0.60111743,2.0331728,0.29046094,0.38791516,0.60111743,2.0331728,0.10806228,0.041338064,0.33088133,0.08020286,0.21045378,0.23376963,0.47415867,0.028717423,0.27160543,0.09486559,0.27256152,0.08797584,0.24652472,0.4575606,0.44312268,0.6461042,2.026979,1.2194326,1.1349053,inf,0.29675448,3.4599857,0.21791054,0.2156018,1.4343423,0.5838282,0.77692354,21.240305,HEALTHY
247,0.16600499,,0.42420098,0.30729434,0.8971564,0.19792952,0.09762127,4.436593,0.22139907,0.18644565,0.08121754,0.45003265,0.3693001,0.5195427,1.6977986,0.21798658,inf,0.5195427,1.6977986,0.073504016,0.024254479,0.2397555,0.10625318,0.17931053,0.19726062,0.43795258,0.029759208,0.19991717,0.17465281,0.19644688,0.050680988,0.32699102,0.448412,0.3758936,0.7511566,1.4453698,0.9736639,1.0843368,inf,0.2222804,2.1005967,0.14716254,0.14617264,1.3320713,0.5410154,0.79340273,17.833485,AVARAGE
248,0.20140958,,0.4055126,0.35765225,0.9511171,0.24274217,0.12754802,2.724948,0.27158573,0.229715,0.09797291,0.4674419,0.4684698,0.6154673,1.921908,0.26570892,inf,0.6154673,1.921908,0.08671483,0.030756671,0.28828427,0.0808452,0.21578088,0.22694041,0.5047417,0.050993975,0.24141917,0.12132891,0.24515636,0.06480865,0.30250397,0.50804436,0.42777497,0.66020095,1.7757429,1.0896744,6.766578,3.6453276,0.26973367,2.645195,0.18648566,0.18037939,1.3681022,0.62754166,0.77264345,21.343534,HEALTHY
249,0.25129667,,0.42302918,0.4532066,inf,0.2402802,0.10762106,4.497842,0.2730733,0.31309858,0.12695499,0.4301271,0.43759233,0.5611429,1.8396143,0.26575214,inf,0.5611429,1.8396143,0.10094194,0.04019034,0.29210198,0.11856191,0.16314758,0.19851756,0.46341306,0.01798023,0.24334967,0.14540523,0.2353021,0.08575925,0.31405413,0.45994836,0.40561473,0.74176735,1.6509302,1.0951263,0.8796119,inf,0.27030408,2.5229619,0.18351026,0.21161203,1.399413,0.5605335,0.78791255,19.889456,AVARAGE
24,0.26074028,,0.40563563,0.47222766,0.34336665,0.25725186,0.108540446,7.7732253,0.29668722,0.30940396,0.1263106,0.4239363,0.494534,0.6133477,1.9531661,0.28770408,0.40967765,0.6133477,1.9531661,0.10518558,0.04013831,0.3186895,0.09310603,0.17988178,0.22737823,0.48993227,0.0225265,0.26466122,0.1136462,0.26460263,0.085502185,0.2751394,0.47664046,0.43623546,0.663586,1.9113778,1.169709,0.98661405,inf,0.29279488,3.0268698,0.18614338,0.21466205,1.5111952,0.6019843,0.77676034,21.633041,AVARAGE
250,0.2280723,,0.3662527,0.45830786,inf,0.22486743,0.118007936,2.409753,0.2693694,0.28434306,0.11742189,0.40390304,0.42703643,0.5553581,1.394005,0.26275092,0.52587116,0.5553581,1.394005,0.09360219,0.041518286,0.3030583,0.085121825,0.19891062,0.22672677,0.4534546,0.02232072,0.24798715,0.11772478,0.24398465,0.08891927,0.2602083,0.44892237,0.4320484,0.660164,1.8559412,1.1468122,1.261076,inf,0.26932052,3.0604014,0.18479834,0.17965566,1.4387803,0.5587251,0.76285774,19.402615,HEALTHY
251,0.2613101,,0.36862147,0.51040834,inf,0.2583797,0.13314849,2.838736,0.30287117,0.3146672,0.12872651,0.4206771,0.49999306,0.62465084,1.7320446,0.2947939,0.581098,0.62465084,1.7320446,0.10640808,0.04386426,0.33219433,0.08360087,0.21257173,0.23849578,0.49476498,0.06361546,0.27396598,0.15937793,0.27928624,0.094402835,0.26599738,0.48598555,0.46120596,0.64513236,1.9906167,1.2075174,1.4478568,inf,0.3005388,3.262937,0.20856266,0.20623468,1.4230067,0.6215425,0.7630257,21.94466,AVARAGE
252,0.18440561,,0.3817664,0.36418197,inf,0.1862557,0.112615265,0.7881138,0.22054654,0.22704343,0.09650085,0.41501197,0.34808084,0.45833567,1.2048187,0.21627985,1.1544884,0.45833567,1.2048187,0.07946707,0.030518731,0.24803974,0.11987369,0.17705663,0.18281619,0.40146017,0.022274032,0.2037241,0.11535671,0.18682958,0.06438063,0.30943894,0.41840824,0.3824225,0.7578442,1.4367393,0.9793691,1.3287591,inf,0.22203352,2.190002,0.16945684,0.15216616,1.2714845,0.4854191,0.81727713,15.987038,AVARAGE
253,0.18801235,,0.40632978,0.34887496,inf,0.20398179,0.11166993,inf,0.23116145,0.2199685,0.09379838,0.4427939,0.37928012,0.5130319,1.6172512,0.22695324,0.63604134,0.5130319,1.6172512,0.08048664,0.027468117,0.25165465,0.10300763,0.18205908,0.19342576,0.44856808,0.025128815,0.20917018,0.14583255,0.20392923,0.05758908,0.32183966,0.45530823,0.38244703,0.74106157,1.522962,1.0238057,0.85151255,inf,0.23162869,2.2577293,0.16679835,0.16061042,1.3003801,0.53264725,0.7853728,17.794855,HEALTHY
254,0.2533526,,0.3895957,0.48083586,0.8265726,0.20864175,0.109766714,2.442927,0.24515094,0.31421322,0.1263283,0.4000291,0.37572783,0.48156622,1.4610676,0.23885216,0.75588953,0.48156622,1.4610676,0.100403845,0.041901335,0.27088282,0.11464442,0.1590829,0.18195091,0.42254856,0.024727307,0.2231486,0.15399939,0.20734201,0.08962175,0.3039932,0.41873556,0.37964302,0.7720637,1.5608513,1.0773096,1.0711488,inf,0.24436127,2.4463713,0.1817433,0.19390757,1.3289013,0.48579216,0.8104615,17.114235,HEALTHY
255,0.20755851,,0.4113629,0.39477575,0.719513,0.18869857,0.102703296,1.4645469,0.2182266,0.2527346,0.10541541,0.4220553,0.32516274,0.44118544,1.2952901,0.21412139,0.8590687,0.44118544,1.2952901,0.08641794,0.034334138,0.24045649,0.12056252,0.14842007,0.16250984,0.41471365,0.023691751,0.19900484,0.14602773,0.18546444,0.07274256,0.33688697,0.420471,0.35153332,0.8052215,1.3833094,1.0007898,0.9021066,inf,0.21900298,2.046347,0.16457145,0.16826755,1.2645671,0.45799407,0.82822835,15.622827,HEALTHY
256,0.34379268,,0.36773473,0.58847517,0.39982757,0.30962414,0.15622829,2.7686856,0.35704583,0.4225937,0.16315845,0.4158395,0.6370707,0.7027797,2.3245938,0.3429153,0.35955155,0.7027797,2.3245938,0.13063332,0.049260106,0.37490252,0.11644018,0.2192566,0.24713121,0.52249664,0.03264643,0.312446,0.12691851,0.31688973,0.10650296,0.2627983,0.50423527,0.48792392,0.6443834,2.178073,1.281426,0.976865,3.240484,0.347288,3.6450634,0.25216797,0.2762635,1.4418806,0.67077523,0.77668905,25.144167,AVARAGE
257,0.21159078,,0.38633427,0.39290354,0.5564598,0.21469809,0.12036926,1.3767384,0.24953404,0.24070807,0.10119094,0.4291892,0.4217597,0.5305604,1.568502,0.2435437,inf,0.5305604,1.568502,0.089745276,0.025713958,0.27337694,0.090757445,0.193241,0.20704286,0.45143265,0.014860423,0.2261425,0.10248792,0.21733733,0.05363958,0.29587916,0.4568887,0.41173255,0.69783956,1.6664044,1.0602325,1.0505701,inf,0.24881826,2.5661309,0.18167153,0.17210446,1.3421612,0.54688126,0.7882912,18.51393,UNHEALTHY
258,0.23218597,,0.3414399,0.45540103,0.4530898,0.21894148,0.13670303,0.8372538,0.26397985,0.27440864,0.11378067,0.38533536,0.41976297,0.5295635,1.3566587,0.2568926,0.38680476,0.5295635,1.3566587,0.09585617,0.031768274,0.2964694,0.095257305,0.20791736,0.21638514,0.4258615,0.03152759,0.24260834,0.13994785,0.23013864,0.06681099,0.26000014,0.42215186,0.42123467,0.69261825,1.7614164,1.1065247,1.53235,2.8682613,0.26334766,2.888135,0.20412149,0.17980722,1.3447406,0.52994543,0.78143525,18.590973,AVARAGE
259,0.27971926,,0.38080364,0.51353276,0.32463354,0.2656788,0.12670158,inf,0.30521116,0.33835152,0.13626447,0.41680863,0.49714056,0.6216235,2.0335915,0.29588,inf,0.6216235,2.0335915,0.11063295,0.045470964,0.3277171,0.072475985,0.19036655,0.22465873,0.5081617,0.049894493,0.2720307,0.11857863,0.27954027,0.09786161,0.2686336,0.48793554,0.4369416,0.6597498,2.004104,1.2406685,2.2641098,2.773937,0.30101192,3.2203095,0.20649315,0.22563267,1.4451126,0.60336787,0.7731551,22.045801,HEALTHY
25,0.23563322,,0.4085332,0.413242,0.3174178,0.25996345,0.11400631,6209985000.0,0.29226512,0.2815907,0.11680883,0.44448528,0.5042626,0.6362789,2.2082074,0.28401682,0.3766727,0.6362789,2.2082074,0.09665517,0.03256252,0.3098006,0.07501665,0.19348429,0.23056355,0.51363486,0.02453498,0.25879723,0.10441703,0.2679134,0.06854205,0.28097075,0.504576,0.43503317,0.6505882,1.9152852,1.1673912,1.1057346,inf,0.28858653,2.9448435,0.18385401,0.20714547,1.4772774,0.6337362,0.7732351,22.27319,AVARAGE
260,0.22655459,,0.38755924,0.43921286,0.6973983,0.21990517,0.11358516,2.8869808,0.25362697,0.27054837,0.111943446,0.41722006,0.40857956,0.53818834,1.6363274,0.2479016,inf,0.53818834,1.6363274,0.09436142,0.04338837,0.27770036,0.09508761,0.18258262,0.2030355,0.4528676,0.033281434,0.22980338,0.12888674,0.22246948,0.0935634,0.2900263,0.45103547,0.40497035,0.71694994,1.6751889,1.0987746,1.1718962,3.3574665,0.2531313,2.5951633,0.1781134,0.18044598,1.3664356,0.54541975,0.78149337,18.84328,HEALTHY
261,0.36707625,,0.3487894,0.66691774,0.25131935,0.3184053,0.16385265,inf,0.3802712,0.44215053,0.17002498,0.39363804,0.6944531,0.7300234,2.2561316,0.36483717,inf,0.7300234,2.2561316,0.13817948,0.045670185,0.4088229,0.11480036,0.24294001,0.27696297,0.5068186,0.019939391,0.33700615,0.1606268,0.33687,0.0979072,0.23074122,0.4861268,0.52031314,0.60832655,2.3702533,1.314477,1.065897,2.3927565,0.36970356,4.407047,0.26589358,0.27506837,1.5491607,0.6902822,0.78047526,26.039547,AVARAGE
262,0.21591422,,0.35718364,0.41673848,0.6389461,0.21711496,0.13536109,0.69780093,0.25752503,0.26640317,0.110623956,0.40972772,0.41823763,0.5343127,1.425492,0.25124437,0.45503813,0.5343127,1.425492,0.089286156,0.03093887,0.28668904,0.09975343,0.2112881,0.21419708,0.4381949,0.023082107,0.2356226,0.13288508,0.224976,0.06513325,0.27904436,0.44147265,0.4175325,0.6967172,1.7089272,1.0825064,1.3897429,inf,0.25716683,2.7305877,0.1977542,0.17532226,1.312448,0.5438973,0.7838288,18.651625,AVARAGE
263,0.23668987,,0.38369167,0.45552555,0.6805877,0.2119448,0.10951109,2.3882413,0.24972302,0.27919787,0.1149047,0.40402788,0.3931722,0.501232,1.4432962,0.24348283,inf,0.501232,1.4432962,0.097583495,0.038520917,0.2768221,0.1011218,0.16745794,0.19433515,0.4334599,0.016677037,0.22781628,0.12315191,0.21393198,0.08209843,0.2887184,0.43326667,0.3975328,0.7263944,1.6486425,1.0864625,1.8234451,inf,0.24917182,2.610107,0.1797469,0.18215497,1.3692449,0.510152,0.79448086,17.700293,UNHEALTHY
264,0.2985529,,0.33588794,0.55460644,0.3460697,0.26794642,0.14819103,1.3662606,0.3176463,0.3545265,0.14178658,0.38402852,0.5485912,0.6220475,2.062118,0.30619016,0.47589839,0.6220475,2.062118,0.11733498,0.03973573,0.34699562,0.08497505,0.21781005,0.2366926,0.47526675,0.03354956,0.28544506,0.082977794,0.2832697,0.08465942,0.23892833,0.45958704,0.4637862,0.64682704,2.076944,1.2421602,1.5346,2.427281,0.31242204,3.5333352,0.23192851,0.2288088,1.427617,0.60502017,0.7781381,22.112616,HEALTHY
265,0.16575254,,0.37657022,0.3309699,0.743349,0.19331142,0.109908275,1.6474782,0.22843544,0.21291336,0.09143859,0.4192059,0.36319408,0.50137025,1.2215686,0.22439824,1.0069118,0.50137025,1.2215686,0.071823366,0.03396828,0.25814605,0.10541687,0.19557273,0.20782667,0.42098594,0.03040711,0.21178125,0.15891802,0.20266668,0.07219883,0.2909024,0.43201494,0.3997564,0.7120621,1.559127,1.0148963,1.0427892,inf,0.23058261,2.405823,0.16194153,0.14455867,1.3285841,0.5236055,0.77718824,17.262869,HEALTHY
266,0.22759596,,0.35493645,0.47755504,0.5539017,0.20705162,0.10088398,3.0465274,0.25534558,0.2818611,0.11596749,0.368903,0.3894489,0.505434,1.1750045,0.24875769,0.40451995,0.505434,1.1750045,0.09257621,0.032309845,0.2953718,0.0930134,0.17420848,0.21695396,0.40864828,0.02253375,0.23913635,0.14392653,0.22542512,0.06802367,0.24655478,0.40525576,0.42073908,0.68908393,1.7685959,1.1185449,1.8541133,2.7000716,0.25637954,3.028304,0.17190361,0.16836104,1.474898,0.5090546,0.7776614,17.70576,AVARAGE
267,0.18677104,,0.41750997,0.34075361,0.68229425,0.22371858,0.10611872,inf,0.25230408,0.22562647,0.09608732,0.45979366,0.42603156,0.5671309,1.7106076,0.24755715,0.70221037,0.5671309,1.7106076,0.07996188,0.025610859,0.27223042,0.087817706,0.18660931,0.21246047,0.48424307,0.018019833,0.2268698,0.10781139,0.22668546,0.05343689,0.30794594,0.49333462,0.41431105,0.6800877,1.6860203,1.0675458,0.94188386,inf,0.25202438,2.5204,0.16363092,0.16858289,1.3900299,0.5900526,0.76766944,19.649773,AVARAGE
268,0.17929602,,0.40583435,0.33195335,0.5440089,0.21881843,0.11060612,3.1649928,0.24802245,0.21616516,0.09266517,0.4518285,0.41517833,0.56924933,1.7296864,0.24330702,0.5819713,0.56924933,1.7296864,0.07735487,0.032204654,0.2694114,0.08318417,0.1995535,0.21965507,0.47317728,0.03318668,0.22394924,0.12925704,0.2237159,0.06793103,0.3004706,0.47544986,0.40942654,0.681204,1.6760684,1.0560633,0.9746791,inf,0.24807072,2.5277138,0.16414839,0.16135432,1.3823094,0.5846219,0.766965,19.622734,HEALTHY
269,0.2245721,,0.35447788,0.43527097,0.37955818,0.22827268,0.14199136,0.8172419,0.27002007,0.2647014,0.11075204,0.409795,0.45200986,0.5589251,1.5722852,0.26296863,0.46198854,0.5589251,1.5722852,0.093850456,0.026322385,0.29961127,0.09840244,0.21846873,0.2206545,0.44728407,0.03257907,0.2463227,0.122130156,0.23748979,0.054895803,0.27638212,0.4502966,0.43642262,0.68864906,1.7611891,1.1022344,1.6312551,inf,0.26907954,2.8273597,0.2058784,0.1803771,1.319592,0.5695377,0.7718909,19.58696,AVARAGE
26,0.19167256,,0.45107397,0.3351014,0.65370744,0.24557813,0.092625365,inf,0.27397048,0.23314643,0.098924465,0.47999167,0.47729152,0.6315836,1.9915292,0.26790556,0.6673463,0.6315836,1.9915292,0.0823531,0.03961412,0.29019392,0.08026294,0.18334563,0.23484772,0.5148663,0.02191015,0.24313273,0.08506185,0.24960348,0.084850244,0.30029482,0.5188232,0.43110767,0.6367221,1.8144087,1.0881361,1.5539746,inf,0.27188373,2.7086782,0.15464438,0.18153897,1.5311115,0.6420647,0.76175,21.802885,AVARAGE
270,0.25587142,,0.34678814,0.4902168,inf,0.24055246,0.14082156,1.1124747,0.28392413,0.30824476,0.12626879,0.39883816,0.4698528,0.57389367,1.850228,0.2752097,0.3551098,0.57389367,1.850228,0.10313082,0.033422787,0.31294036,0.08027026,0.21059631,0.22362262,0.46647546,0.02504604,0.25727507,0.10017062,0.2552102,0.07032664,0.2562112,0.45646882,0.43123043,0.66124284,1.9259084,1.182854,1.3834704,2.96366,0.28133973,3.1777031,0.21384235,0.20224357,1.379303,0.56759804,0.7755797,20.246258,HEALTHY
271,0.20283845,,0.40809193,0.3461679,1.1028183,0.23994854,0.1311337,2.0947635,0.26446736,0.23200563,0.09856303,0.4763756,0.49060747,0.60492337,2.178223,0.2582248,0.93177974,0.60492337,2.178223,0.088264026,0.030337606,0.2771921,0.08622998,0.21557964,0.21966861,0.5023106,0.02059126,0.23301816,0.10544614,0.23193829,0.06397607,0.31267303,0.51717186,0.42941928,0.67251277,1.7160422,1.0617169,0.8719093,4.2059216,0.26178288,2.5261526,0.18997554,0.18610944,1.3331672,0.6341196,0.78584355,20.989435,HEALTHY
272,0.1895298,,0.40491349,0.36348727,0.7920361,0.1957619,0.10419248,1.9439019,0.22351336,0.2192424,0.09367283,0.44021305,0.357685,0.49243808,1.4653034,0.219755,inf,0.49243808,1.4653034,0.08172432,0.024040554,0.24517442,0.091919556,0.17642097,0.18990783,0.44995803,0.023979604,0.2033712,0.11162893,0.19621904,0.05004036,0.3157189,0.45886979,0.37566447,0.7290736,1.5419673,1.0348812,2.275912,inf,0.22455472,2.288256,0.15663914,0.1555709,1.318047,0.51262695,0.79163086,17.085913,HEALTHY
273,0.2730739,,0.37068376,0.5303498,0.36693275,0.23811476,0.12507465,2.0518718,0.28867358,0.3281458,0.13192824,0.38409668,0.46993405,0.5579434,1.5496054,0.2794416,inf,0.5579434,1.5496054,0.108545005,0.035863273,0.32281008,0.14367625,0.19349463,0.22264776,0.41335088,0.014590978,0.26377,0.18542607,0.25114316,0.07590887,0.2786369,0.41183206,0.44154847,0.7362678,1.7232045,1.0937244,1.3329109,2.547995,0.28604442,2.9234757,0.20460832,0.20383705,1.3991349,0.5501993,0.7839089,19.777275,AVARAGE
274,0.26683563,,0.401721,0.48525617,0.2951945,0.2699462,0.11364713,6.401548,0.31346017,0.32725206,0.13271146,0.42710268,0.52639574,0.6441187,1.9751925,0.30365694,0.31783754,0.6441187,1.9751925,0.10627663,0.03848331,0.33819127,0.08575712,0.18911587,0.24192022,0.50710857,0.030242234,0.2800654,0.13088502,0.2872195,0.08165152,0.26741657,0.49384382,0.45537916,0.6349018,2.0412524,1.2133636,1.4333766,2.7905345,0.30893937,3.3376906,0.19444501,0.22196618,1.5412729,0.6293305,0.7662352,22.714619,AVARAGE
275,0.23848508,,0.3693935,0.4689128,0.8831047,0.19754493,0.107671194,1.7729509,0.2385897,0.29913962,0.121360384,0.3850438,0.35307387,0.45567805,1.2162653,0.23248635,1.0526503,0.45567805,1.2162653,0.095799156,0.041919377,0.26984397,0.10578637,0.15416493,0.18146539,0.4109864,0.02762355,0.22043286,0.101824,0.20249268,0.089844674,0.28141895,0.40927976,0.37839827,0.737478,1.6173773,1.0860403,1.5022639,3.5623865,0.23878011,2.6109455,0.18029365,0.17955633,1.3551519,0.45961794,0.80819523,16.181171,HEALTHY
276,0.25825205,,0.36709964,0.47901508,0.44514516,0.23476426,0.13165855,11217119000.0,0.28003687,0.31305927,0.12627044,0.4018537,0.4651717,0.5552122,1.6235363,0.27134484,0.5017552,0.5552122,1.6235363,0.102850124,0.030409943,0.3088577,0.10306887,0.1972492,0.21856064,0.44362867,0.014787197,0.25384852,0.111033745,0.24079227,0.063887514,0.2736148,0.4402074,0.4295069,0.69005483,1.8050635,1.1180133,1.2060789,inf,0.27718592,2.981415,0.20783402,0.20144148,1.3881541,0.55129534,0.78569204,19.59895,AVARAGE
277,0.26588777,,0.3791929,0.53726363,0.47688112,0.2232192,0.09846856,inf,0.26661488,0.33553317,0.13445927,0.3820224,0.407348,0.5256262,1.4299309,0.25976202,inf,0.5256262,1.4299309,0.1052167,0.04764523,0.2992831,0.10410692,0.15830371,0.2046882,0.43762338,0.027535798,0.24491538,0.17664368,0.23683411,0.10266782,0.26664382,0.42691356,0.41445836,0.72101134,1.7754133,1.1680964,1.7108012,inf,0.26616117,2.9434474,0.17390096,0.19595204,1.4641064,0.52404827,0.7725943,18.598034,AVARAGE
278,0.1972256,,0.39874792,0.36223578,1.3538221,0.22623919,0.11685119,2.6001434,0.25818983,0.2527278,0.10574678,0.450873,0.44208717,0.5740633,1.6515747,0.2528633,inf,0.5740633,1.6515747,0.08496742,0.05232687,0.2799243,0.09887112,0.20381631,0.22271366,0.47630936,0.033595942,0.23273726,0.1489399,0.23211592,0.11527678,0.2957675,0.48676592,0.42992452,0.6716714,1.7196506,1.0759724,9.508444,inf,0.2577104,2.6007676,0.17813893,0.17835683,1.3798652,0.5976249,0.77124226,19.869,HEALTHY
279,0.2832179,,0.3961784,0.52755195,inf,0.25468618,0.10761778,inf,0.30182216,0.34043238,0.13639148,0.39905268,0.4936861,0.59248763,1.5924022,0.29270977,0.27982184,0.59248763,1.5924022,0.11217459,0.03571871,0.33013973,0.123501554,0.17074423,0.2257919,0.4619462,0.01847798,0.27222055,0.17195146,0.26876214,0.075547606,0.27244204,0.4548217,0.4503136,0.6924679,1.8874657,1.1740077,1.2960854,2.6694295,0.29831222,3.1136746,0.19085206,0.21857144,1.5080194,0.5841709,0.7742637,21.039059,AVARAGE
27,0.2319342,,0.38534743,0.41391587,0.3975598,0.24864341,0.12374307,2.7419152,0.28547296,0.28770927,0.11843413,0.42482135,0.45765498,0.59948575,1.8509755,0.27755392,0.34839973,0.59948575,1.8509755,0.09351035,0.033433363,0.30679506,0.092443064,0.19732738,0.22399439,0.47991624,0.026056604,0.25503722,0.12746309,0.25272363,0.07044173,0.27774715,0.46760574,0.41969576,0.6706707,1.837951,1.1347339,1.0067623,inf,0.28246325,2.873588,0.19561501,0.20388933,1.4158806,0.5890718,0.7778112,21.07703,AVARAGE
280,0.2700612,,0.38941562,0.50868964,0.32568476,0.25418895,0.114740916,3.9148467,0.29949966,0.33023328,0.1331055,0.4116525,0.48118427,0.6000864,1.6428837,0.29092628,0.32257724,0.6000864,1.6428837,0.10682697,0.035419922,0.32782298,0.111693524,0.18257263,0.22738189,0.47207186,0.022463964,0.27038878,0.13975081,0.26750848,0.074896306,0.2753966,0.4618425,0.44427776,0.67696726,1.8962154,1.1719835,1.5532256,2.7449918,0.2965269,3.1211233,0.1956235,0.21286322,1.4653846,0.59065396,0.76770514,21.232138,HEALTHY
281,0.32288608,,0.35482618,0.6344882,0.34763426,0.272795,0.13881192,2.7936873,0.32941946,0.375218,0.14818452,0.39431006,0.56683844,0.6427071,1.9869933,0.31745893,inf,0.6427071,1.9869933,0.12585226,0.0448565,0.36536777,0.08932206,0.21745925,0.2560356,0.48265323,0.025561545,0.29844648,0.110541895,0.2993158,0.09624464,0.23772176,0.46866927,0.482413,0.61783606,2.1932456,1.260377,1.5191475,2.4409564,0.3240579,3.9860349,0.22690164,0.22906679,1.5294628,0.6182922,0.7706458,22.750391,AVARAGE
282,0.28934395,,0.37801674,0.5466671,inf,0.26633,0.12027076,3.7756817,0.31437173,0.3476263,0.13884254,0.40497154,0.5370389,0.6366686,1.8324692,0.30477518,0.27596205,0.6366686,1.8324692,0.11411885,0.03829526,0.34265664,0.09413028,0.1994795,0.24323015,0.480683,0.025930457,0.28271368,0.18067083,0.28125373,0.081305884,0.25529385,0.4698642,0.46855322,0.6561281,2.015377,1.2087258,1.4689349,2.6529245,0.31020427,3.388496,0.2025304,0.21990684,1.5184789,0.6287729,0.7678966,22.456118,AVARAGE
283,0.3090333,,0.36403245,0.6193462,inf,0.2486218,0.10493255,inf,0.2991622,0.37005824,0.14664619,0.3657047,0.4722368,0.5686803,1.751094,0.28929526,inf,0.5686803,1.751094,0.12016329,0.04708323,0.3343339,0.10652811,0.16135348,0.2181101,0.44465855,0.02434335,0.2729825,0.15088885,0.26393923,0.101643756,0.2438626,0.42752138,0.43944022,0.6925619,1.9491614,1.2276385,1.5170453,inf,0.2961557,3.4174347,0.19227062,0.21901052,1.5309926,0.55181384,0.76827407,20.311657,HEALTHY
284,0.3076552,,0.33857313,0.606468,0.31413436,0.27217725,0.154611,2.0093644,0.3273485,0.35894862,0.14434576,0.39481708,0.5516798,0.63968414,1.8956846,0.31632885,0.38230813,0.63968414,1.8956846,0.12154597,0.04263026,0.36331964,0.08565371,0.23075932,0.2514226,0.48836413,0.037970297,0.2972146,0.14147666,0.3003262,0.0909631,0.24167663,0.47070137,0.4789718,0.6275948,2.16628,1.2692001,3.74764,2.3012328,0.3230488,3.8195221,0.23945254,0.22440024,1.4409064,0.6206317,0.76286936,22.66347,AVARAGE
285,0.18569683,,0.38847694,0.40584388,inf,0.1682335,0.074583754,4.4008455,0.20473383,0.22682981,0.09591092,0.38049442,0.29921192,0.4190062,0.9911495,0.20087361,inf,0.4190062,0.9911495,0.07973042,0.034173913,0.23886754,0.11010024,0.13622445,0.1797173,0.3786256,0.018373452,0.19364388,0.13029139,0.17870192,0.072769105,0.28229627,0.38931605,0.3672563,0.75918067,1.4533098,1.005534,1.3300366,inf,0.20785713,2.311118,0.13370769,0.13721569,1.4136978,0.43900844,0.8029752,14.5725975,HEALTHY
286,0.30047718,,0.35154566,0.563132,0.4122186,0.2593553,0.14489032,1.5328115,0.30745596,0.34556752,0.13840236,0.40065444,0.5170296,0.6065155,1.8668582,0.29718375,inf,0.6065155,1.8668582,0.11893044,0.042540465,0.33612278,0.08881325,0.21189982,0.2332355,0.47926632,0.03793872,0.27674618,0.11118237,0.27484787,0.09106118,0.2584134,0.46573097,0.45016602,0.65718377,2.015969,1.2178172,1.3580332,inf,0.30303437,3.391095,0.22741759,0.22289625,1.4018786,0.5882363,0.77325,21.511974,HEALTHY
287,0.19562368,,0.43592617,0.40984073,inf,0.17064486,0.07412743,inf,0.19813348,0.23752786,0.09897987,0.41476798,0.29786578,0.41962996,1.2964313,0.19479415,inf,0.41962996,1.2964313,0.084990315,0.046921276,0.2221393,0.13736391,0.12772565,0.16183147,0.38033053,0.020512244,0.18280038,0.15916342,0.17641097,0.102492936,0.33541235,0.39794743,0.34640518,0.8276162,1.2624158,0.9320053,1.1330454,inf,0.19999537,1.8800867,0.13423005,0.14940016,1.3466938,0.44229612,0.8375262,14.614884,None
288,0.33071855,,0.3690115,0.5919901,inf,0.2747577,0.13011351,3.5771356,0.3178708,0.39712232,0.1552207,0.3966403,0.52224004,0.61682445,2.1487784,0.30616847,0.60048175,0.61682445,2.1487784,0.12686674,0.052077513,0.3393759,0.07853627,0.18090837,0.2209321,0.50477016,0.022148157,0.28156605,0.1054648,0.28678566,0.11295937,0.2579888,0.48077217,0.440392,0.6661808,2.079243,1.2882864,1.3260382,2.8600066,0.31142554,3.4205608,0.22074553,0.2536922,1.4605465,0.5886389,0.7753767,22.124125,UNHEALTHY
289,0.32245442,,0.33276916,0.6194614,0.34184223,0.2490558,0.13515805,1.3486037,0.30249128,0.39416477,0.15410428,0.35718802,0.46199554,0.55265856,1.5916934,0.29195696,inf,0.55265856,1.5916934,0.121654145,0.04472083,0.33726326,0.084614575,0.18087438,0.21233754,0.45160848,0.030127363,0.27539986,0.09412478,0.2659107,0.09568312,0.23896778,0.4252994,0.4249408,0.6835319,2.0286481,1.2749902,2.6016164,2.2535863,0.29859608,3.5807052,0.22494438,0.23051652,1.4267049,0.52208954,0.777704,19.883348,AVARAGE
28,0.1644147,,0.41695517,0.3347342,0.76684606,0.1626221,0.0888907,inf,0.18937962,0.19311361,0.08343009,0.42257228,0.27662614,0.41068584,1.1479768,0.18669915,inf,0.41068584,1.1479768,0.07175568,0.024228692,0.21345016,0.11327938,0.1507101,0.16496095,0.39509183,0.030602233,0.17566483,0.11718014,0.16293305,0.050455444,0.32564783,0.40434265,0.32941884,0.7832393,1.3215649,0.94414854,1.4383646,inf,0.19200008,1.941382,0.13537918,0.13226056,1.3185978,0.42718807,0.82496285,14.209565,AVARAGE
290,0.24242541,,0.36382118,0.4742114,inf,0.22364414,0.12369395,1.5471381,0.2671907,0.29594648,0.12132169,0.40000847,0.42177472,0.5375775,1.3609799,0.26039642,0.6072665,0.5375775,1.3609799,0.09908364,0.038791742,0.29850438,0.10245455,0.19251193,0.21321258,0.44176295,0.02253219,0.2448219,0.12945804,0.23509216,0.08255217,0.2731998,0.4393936,0.42348707,0.6942292,1.7673142,1.1201552,1.5637046,2.9408503,0.2665345,2.882178,0.19392991,0.18804123,1.3726941,0.5407637,0.7758586,18.910513,HEALTHY
291,0.32592797,,0.33622465,0.6535183,0.37065905,0.25958347,0.13182923,3.1827366,0.32139796,0.39987016,0.15623829,0.35820577,0.5162541,0.59635335,1.5126956,0.31024718,inf,0.59635335,1.5126956,0.124579735,0.045869246,0.36373252,0.10074926,0.19690686,0.2446233,0.44831723,0.024890134,0.29507563,0.14484976,0.28637993,0.09829384,0.22314738,0.42975038,0.4728152,0.6415168,2.1455119,1.268946,3.684351,inf,0.31743148,4.0405636,0.22526681,0.22876544,1.5419947,0.570514,0.7716332,21.260462,UNHEALTHY
292,0.27807045,,0.40018824,0.4988635,0.29645455,0.26917434,0.113854334,5.5518217,0.30919245,0.34334245,0.13762337,0.42400697,0.5049299,0.62908477,1.8956686,0.30009115,0.30800056,0.62908477,1.8956686,0.10928905,0.037325475,0.33053505,0.096833035,0.17865746,0.22546686,0.50326574,0.02406166,0.27495125,0.11853893,0.2769491,0.07909716,0.27757585,0.48936987,0.44431692,0.66700035,1.9555695,1.208804,0.97076446,inf,0.30477196,3.122279,0.19670217,0.22920905,1.4806768,0.61735487,0.76558375,22.313679,AVARAGE
293,0.21356963,,0.41121772,0.45819068,1.0631754,0.17375335,0.07342078,5.6698995,0.2070994,0.25517666,0.10574434,0.38701084,0.30186963,0.41737857,1.181275,0.20299423,inf,0.41737857,1.181275,0.091182984,0.0492453,0.23597237,0.123695694,0.12147527,0.1652442,0.37824112,0.023413029,0.19281672,0.15011919,0.17835405,0.10763993,0.30370772,0.38714546,0.35454518,0.80367976,1.3744292,0.99191445,2.5891025,inf,0.20903751,2.131646,0.13727924,0.1535468,1.4003916,0.43276823,0.8225562,14.637104,AVARAGE
294,0.23557167,,0.34922704,0.46899354,0.51344895,0.22109637,0.12635764,1.0234735,0.26599813,0.29068306,0.12012802,0.38670528,0.4062716,0.5242443,1.3127834,0.25919133,0.49879366,0.5242443,1.3127834,0.09585592,0.03513401,0.29950973,0.0936292,0.19160853,0.20958993,0.43953255,0.031023983,0.24502288,0.14147992,0.23674056,0.074203975,0.2645075,0.4313493,0.41624933,0.6969755,1.7937908,1.150984,1.6623075,2.6842365,0.26588503,2.9220655,0.19631842,0.18445952,1.3563374,0.52446866,0.7740429,18.507881,AVARAGE
295,0.27107143,,0.36277544,0.5258464,0.61654943,0.24019638,0.12531091,3.1119432,0.28782374,0.309852,0.12572387,0.39678252,0.49650922,0.57917917,1.7594987,0.27844828,inf,0.57917917,1.7594987,0.1104282,0.036132887,0.31960666,0.09666373,0.2045647,0.234733,0.44827482,0.014276294,0.26180845,0.12789899,0.25285953,0.07673558,0.25515383,0.44800067,0.45264092,0.6612037,1.9020069,1.1428471,1.7733328,inf,0.28494373,3.2074597,0.20136538,0.2003495,1.4590138,0.5762853,0.7855308,20.362137,AVARAGE
296,0.22884707,,0.3779528,0.47641703,0.72362566,0.18143614,0.09495,1.9155008,0.21501237,0.26829195,0.11109664,0.38391605,0.3109194,0.426109,1.3213456,0.21030831,inf,0.426109,1.3213456,0.09391905,0.03272362,0.24410067,0.09754416,0.14554712,0.16681717,0.40670964,0.031208998,0.19949698,0.10980294,0.18407704,0.06898883,0.29217094,0.40372145,0.35034332,0.7757305,1.5114092,1.0753958,1.2583911,inf,0.21655262,2.368902,0.15548451,0.16338575,1.331517,0.4339225,0.8033783,15.073729,AVARAGE
297,0.29933432,,0.3700997,0.5369248,0.49793234,0.26989463,0.12694901,3.6851737,0.3182086,0.39038554,0.15290144,0.3964057,0.5069697,0.6162279,1.8014594,0.30735672,inf,0.6162279,1.8014594,0.11479156,0.05968025,0.34469268,0.09149197,0.1850357,0.23165938,0.49038598,0.04714747,0.28469935,0.14717916,0.28633204,0.13184483,0.25504017,0.4667491,0.4449294,0.6547905,2.0693085,1.2599133,1.4551895,2.825758,0.31287703,3.4619453,0.21887843,0.24356596,1.4884417,0.58830005,0.7728085,21.989338,AVARAGE
298,0.22123535,,0.38419828,0.4201348,0.62269753,0.20082349,0.10764968,1.6717569,0.236088,0.27011758,0.111562595,0.39987808,0.35581365,0.47002384,1.3335874,0.23071168,inf,0.47002384,1.3335874,0.090342164,0.03307309,0.26210693,0.101998925,0.15676354,0.17857017,0.42342755,0.022980215,0.21590818,0.123825006,0.20102026,0.06983506,0.2985053,0.4211426,0.3736442,0.75586957,1.5604377,1.0695497,1.9670347,inf,0.23628606,2.4116156,0.17440248,0.17523369,1.325605,0.47879058,0.80309546,16.646603,AVARAGE
299,0.28036037,,0.3980035,0.48869276,0.56309134,0.2761121,0.12645702,5.126651,0.31587058,0.36345077,0.14395927,0.43463582,0.5294088,0.6476877,1.9894418,0.3059558,0.72434974,0.6476877,1.9894418,0.110873856,0.060092773,0.3353364,0.102464475,0.19552387,0.23432192,0.51331246,0.038746808,0.27947554,0.15670843,0.28530854,0.13365059,0.2805576,0.50104445,0.45453557,0.6557941,1.9885926,1.2111754,1.0948554,inf,0.31054893,3.1547384,0.21185662,0.24172702,1.4609517,0.6341988,0.76842946,22.940708,AVARAGE
29,0.16588962,,0.429118,0.31700408,0.7535408,0.1776191,0.09167263,3.2227597,0.20383726,0.19046387,0.08252341,0.4329351,0.31531796,0.44464493,1.3180045,0.2007258,inf,0.44464493,1.3180045,0.07257387,0.019654306,0.22533394,0.12033369,0.15254758,0.16900238,0.4018571,0.01558909,0.18661326,0.1286708,0.17512035,0.040639583,0.33755466,0.412576,0.3498165,0.79187924,1.3108919,0.93216705,0.8209383,4.0468645,0.20555094,1.9027082,0.1443148,0.14090705,1.3078411,0.4686315,0.8331029,15.432209,AVARAGE
2,0.27690765,,0.38902226,0.5152809,inf,0.26780155,0.11973651,5530802700.0,0.3103837,0.3321766,0.13424832,0.42250317,0.5177572,0.64091337,2.041443,0.30071485,0.41860133,0.64091337,2.041443,0.11051794,0.04713148,0.33476037,0.08070781,0.19545801,0.2394861,0.50710803,0.023259124,0.2773388,0.12015547,0.28617913,0.1014983,0.26167828,0.48929933,0.4508458,0.6355249,2.0496569,1.2262833,1.2041315,2.6897032,0.30605534,3.3348856,0.19905517,0.2218652,1.5157633,0.6219639,0.76900506,22.58157,None
300,0.2779848,,0.38991946,0.5175107,0.27596676,0.26916936,0.10752171,6.39497,0.3161196,0.32325816,0.13116105,0.41347924,0.5243508,0.64217997,1.7708235,0.30677143,0.3086983,0.64217997,1.7708235,0.111409396,0.03656509,0.34334293,0.07755208,0.1871315,0.2450337,0.49852568,0.018803809,0.2838739,0.11785617,0.28851283,0.077439584,0.2538525,0.4846986,0.46536678,0.62930256,2.0684137,1.2242002,1.319691,2.5733683,0.3121626,3.4094367,0.18995479,0.21696606,1.5612702,0.6310539,0.76201487,22.656073,HEALTHY
301,0.25923237,,0.33157262,0.5441028,inf,0.21066311,0.124626935,1.1757829,0.25285336,0.31316397,0.12800543,0.35567683,0.37287942,0.48368055,1.6879336,0.24550083,inf,0.48368055,1.6879336,0.10275247,0.041004006,0.28827497,0.08698951,0.17443945,0.18838155,0.41720745,0.02745423,0.23414277,0.119803816,0.22056147,0.08713541,0.25071797,0.39804217,0.38221383,0.73279643,1.7528981,1.1789834,1.3658447,2.335238,0.2527641,2.9850736,0.19573168,0.18640691,1.353759,0.47677088,0.7813553,17.243439,None
302,0.26989767,,0.3472836,0.5539567,inf,0.21336642,0.121330105,1.6124216,0.25530815,0.33532876,0.13486075,0.36060506,0.38456935,0.4862798,1.6850567,0.24757087,0.7357933,0.4862798,1.6850567,0.105751015,0.048305616,0.28817564,0.0953719,0.16602618,0.1887142,0.42148554,0.032341253,0.23485835,0.14162198,0.2225615,0.104196824,0.25950807,0.4034254,0.38565955,0.7438813,1.7453651,1.182057,1.7001694,inf,0.2544424,2.9309185,0.19600005,0.19757554,1.3789517,0.4758785,0.7891503,17.351526,None
303,0.19461803,,0.3394001,0.44376507,inf,0.15733105,0.102511734,0.87855256,0.19755611,0.23961335,0.10110569,0.33951387,0.25992006,0.36970598,0.9061957,0.19292781,inf,0.36970598,0.9061957,0.08053063,0.034516778,0.23681945,0.10213234,0.14609125,0.16054606,0.3469899,0.021139033,0.18967734,0.13283165,0.16540828,0.07295312,0.26883927,0.34208813,0.333182,0.80646056,1.4137051,1.0303856,1.1758075,inf,0.20081393,2.3419292,0.16270544,0.13793963,1.3026525,0.37354317,0.8276794,13.077666,None
304,0.29148316,,0.3723951,0.5687689,inf,0.24301367,0.12715815,1.9902666,0.2869145,0.3668046,0.14552782,0.39574674,0.45272645,0.5621842,1.7716517,0.27823102,0.52344656,0.5621842,1.7716517,0.11295773,0.051109824,0.31673968,0.103981726,0.18134198,0.21133414,0.4648713,0.028919639,0.26017755,0.1480935,0.2567813,0.110650584,0.27396756,0.446748,0.42063266,0.706529,1.8766549,1.2102108,1.2604289,inf,0.2843101,3.1297596,0.2076831,0.2193218,1.4110765,0.546056,0.7705609,20.006798,None
305,0.27044037,,0.34057912,0.5354014,0.5248239,0.2425551,0.14045346,1.3774134,0.28925824,0.32994184,0.13369797,0.37515235,0.45097113,0.5655756,1.7665651,0.2800935,inf,0.5655756,1.7665651,0.10756249,0.047831982,0.32060006,0.100203596,0.20326124,0.21763302,0.4471243,0.03946235,0.26293424,0.13960087,0.25641665,0.102831796,0.24900368,0.42803732,0.4238159,0.6903361,1.9020827,1.1969693,1.5647043,inf,0.28658608,3.183968,0.21530467,0.20771368,1.3945211,0.5465706,0.7798033,20.077219,None
306,0.23484586,,0.3692893,0.47461173,inf,0.20733342,0.11613088,1.3967731,0.24779433,0.29706258,0.12156218,0.3857485,0.35776168,0.4871478,1.3119988,0.2418803,0.6138292,0.4871478,1.3119988,0.09372305,0.03733368,0.27865046,0.10844175,0.16928329,0.18832651,0.41979247,0.023856351,0.22822593,0.15112354,0.21462311,0.07921051,0.2849968,0.41009882,0.3777788,0.75529563,1.6255285,1.1052299,2.0410714,inf,0.24805793,2.6070416,0.18490371,0.18075652,1.3371786,0.48172918,0.7888714,17.230904,AVARAGE
307,0.21127158,,0.40243542,0.41017914,0.6907548,0.20117131,0.10663789,inf,0.23284103,0.25178552,0.10477319,0.42894077,0.36258143,0.4954691,1.3948271,0.22848964,inf,0.4954691,1.3948271,0.08824234,0.0311042,0.25684887,0.10804698,0.17618029,0.18961996,0.43487108,0.022763891,0.21240833,0.13783763,0.19975336,0.06571815,0.31575033,0.43905297,0.38131508,0.75077873,1.517928,1.0315634,1.0726168,3.5906856,0.23358802,2.2922838,0.16353858,0.16627985,1.3177239,0.51184386,0.7976057,17.304865,AVARAGE
308,0.26941153,,0.3758118,0.46374297,inf,0.283103,0.14832076,3.407144,0.31964773,0.32589978,0.13273028,0.43531185,0.56953377,0.66942406,2.4731472,0.3085918,0.34083435,0.66942406,2.4731472,0.10770244,0.03816843,0.33553022,0.06801764,0.22067893,0.23749162,0.53150994,0.02765516,0.28051656,0.098388076,0.29338285,0.080943875,0.27040407,0.5136266,0.45227787,0.639368,2.067537,1.2345278,1.0485364,inf,0.31315148,3.2542872,0.22567807,0.23538588,1.4143784,0.6524152,0.77467626,23.664894,None
309,0.29430297,,0.33321628,0.61058074,0.4719479,0.2364533,0.13667177,1.5458256,0.2869995,0.35223755,0.14098878,0.36444345,0.43808255,0.54522943,1.6566557,0.2776925,inf,0.54522943,1.6566557,0.115957014,0.056230303,0.32362902,0.08103947,0.19447246,0.21724947,0.4477161,0.035210755,0.26345518,0.12060812,0.25898644,0.12239573,0.24044889,0.42520708,0.42125833,0.68238485,1.9810069,1.2472609,1.5119553,2.586086,0.28477967,3.460311,0.21529344,0.20826748,1.4183537,0.52095914,0.78046465,19.409742,None
30,0.1619487,,0.43864468,0.29339167,inf,0.19663821,0.09217299,4.003532,0.22063135,0.1912368,0.082980916,0.46291116,0.3550417,0.5070907,1.5337955,0.21731976,inf,0.5070907,1.5337955,0.07078245,0.02541909,0.23858474,0.10217229,0.16962981,0.19346522,0.4535543,0.015382323,0.1991137,0.13039559,0.1925159,0.052999422,0.32936847,0.46205163,0.36656746,0.72470194,1.4867167,0.9855401,0.92321414,inf,0.22146662,2.149649,0.14424588,0.14903286,1.3651412,0.52463686,0.7952761,17.452755,AVARAGE
310,0.19093302,,0.37414756,0.36769894,inf,0.21237487,0.11276806,2.1692123,0.24879833,0.2501965,0.10535202,0.40620244,0.37660897,0.5182444,1.4181067,0.24339773,0.74435484,0.5182444,1.4181067,0.08007289,0.044947855,0.27559972,0.088981554,0.18350974,0.20218553,0.44125995,0.013865453,0.22728446,0.10552048,0.2162634,0.09700434,0.27843827,0.43608177,0.39129817,0.7058286,1.6783152,1.0917264,3.3547528,inf,0.24906759,2.606719,0.17619604,0.17082894,1.368179,0.5223628,0.77824265,18.142506,AVARAGE
311,0.22440322,,0.40569636,0.39408168,0.31681237,0.25599223,0.123354755,4.113212,0.2903497,0.26891696,0.11180095,0.4536412,0.49764752,0.6320758,2.040748,0.28247336,0.3995053,0.6320758,2.040748,0.09221562,0.030145884,0.3087967,0.08120617,0.20825368,0.23431948,0.5068695,0.030903887,0.25771913,0.12281267,0.26041627,0.063296825,0.29001936,0.49992773,0.43316495,0.65239745,1.8795841,1.1327317,0.82056284,inf,0.28683907,2.9037673,0.19218431,0.19946739,1.4323591,0.62958443,0.7696008,22.071703,AVARAGE
312,0.2749437,,0.3731809,0.49426892,0.28199613,0.26022163,0.13281319,inf,0.29989952,0.3296909,0.13326995,0.4083849,0.49973693,0.60811013,2.0827498,0.29017106,inf,0.60811013,2.0827498,0.10849894,0.03651135,0.3212888,0.08382505,0.19705735,0.22197421,0.49039775,0.035742152,0.26678997,0.12996984,0.26783395,0.07713913,0.2662967,0.47142002,0.42822677,0.67419064,1.9528822,1.2103463,1.4279857,2.529109,0.29525617,3.1319835,0.21129744,0.22358242,1.4285187,0.5914623,0.77694774,21.57397,None
313,0.2073006,,0.38935512,0.37696296,inf,0.23992884,0.12273751,2.347985,0.27749515,0.25874203,0.1085598,0.43354696,0.44986454,0.58625203,1.6556879,0.27060345,inf,0.58625203,1.6556879,0.08592863,0.03217356,0.3011677,0.08782277,0.1998184,0.2231238,0.48142225,0.034170397,0.24982008,0.11857735,0.24925935,0.06772374,0.2862433,0.47564295,0.4241467,0.6680807,1.8174357,1.1227396,1.0510088,inf,0.27576557,2.823522,0.18967044,0.18755756,1.3974488,0.58685666,0.76827526,20.545347,None
314,0.27900836,,0.3618104,0.5404274,0.295557,0.24964547,0.13737147,5082585000.0,0.297409,0.34300962,0.13758524,0.39733845,0.46581417,0.5781626,1.646206,0.28841007,0.40066907,0.5781626,1.646206,0.1091458,0.040370665,0.32794768,0.0911802,0.19631316,0.22001068,0.47400734,0.026181813,0.26952577,0.13253772,0.2671078,0.085752256,0.2665722,0.45575073,0.43135834,0.6785275,1.9601239,1.2220962,1.2879629,inf,0.29433966,3.2832484,0.21832393,0.21467374,1.402943,0.5600572,0.7771673,20.57214,None
315,0.22922307,,0.3966169,0.39347926,0.28147206,0.28054115,0.1375984,2.8770378,0.31617633,0.2731161,0.11399703,0.4531925,0.5528116,0.68412787,2.1815288,0.3070197,0.29637882,0.68412787,2.1815288,0.09496161,0.034625143,0.33244997,0.09816834,0.22560832,0.24569908,0.5163919,0.0294035,0.27839154,0.11897862,0.28250825,0.07312502,0.2868022,0.5070118,0.46200195,0.6475871,1.930696,1.1453741,0.89142656,2.9298172,0.31110692,2.9779038,0.2093016,0.21274893,1.4159168,0.6798417,0.76496613,24.002348,AVARAGE
316,0.16663697,,0.42941362,0.30006373,0.5666325,0.20492001,0.10362465,inf,0.23096402,0.20236076,0.087263666,0.45748195,0.3719549,0.5196716,1.6350675,0.22687532,inf,0.5196716,1.6350675,0.07145532,0.024835633,0.2495542,0.10429768,0.17751233,0.19513306,0.45195192,0.020741079,0.20806243,0.12849654,0.20159087,0.051762607,0.33108547,0.45658907,0.37353545,0.73495317,1.5001642,0.9971957,0.9035744,inf,0.23118979,2.1932614,0.15795134,0.15631463,1.3368824,0.53474087,0.7934902,17.977283,AVARAGE
317,0.22217466,,0.37619364,0.427374,inf,0.23668666,0.12757722,2.5140502,0.27741536,0.27506217,0.11426561,0.42140332,0.4484031,0.5808068,1.6472484,0.27036402,0.41890612,0.5808068,1.6472484,0.09123251,0.03577983,0.30507562,0.095996335,0.20696317,0.2257103,0.46589932,0.024631618,0.2516616,0.1388109,0.24781853,0.075794846,0.27820757,0.46014118,0.42868525,0.6744062,1.8155177,1.1244136,1.2827165,inf,0.27604493,2.899867,0.19331281,0.18662904,1.3909805,0.5796705,0.77319926,20.322403,AVARAGE
318,0.27374923,,0.37653348,0.4997278,inf,0.26155844,0.13082431,inf,0.30162755,0.32736188,0.13272622,0.41333544,0.5033136,0.61185616,2.0133405,0.29228207,0.4243339,0.61185616,2.0133405,0.10880318,0.036974907,0.32442984,0.080702245,0.19558807,0.22247232,0.4952618,0.016394041,0.2691141,0.112417825,0.27034938,0.078197636,0.26962543,0.4789378,0.43844408,0.66912526,1.9579154,1.213672,1.8854121,2.729976,0.29747584,3.1505651,0.20917325,0.22118287,1.4276903,0.60100114,0.76956636,21.69341,AVARAGE
319,0.2287377,,0.4031639,0.4124301,0.47755656,0.23301256,0.12038235,2.3442917,0.26452833,0.27253512,0.11300107,0.43320283,0.42921647,0.55686057,1.7780683,0.25819546,inf,0.55686057,1.7780683,0.09359379,0.029787026,0.28377935,0.08444231,0.18317503,0.20143688,0.4830199,0.024058357,0.23647587,0.14167787,0.23378201,0.062438756,0.3061214,0.4755002,0.40020525,0.71840173,1.7239522,1.1293855,0.87353146,2.966342,0.26267052,2.6189642,0.1849369,0.1930134,1.35823,0.55979043,0.7767423,19.615881,AVARAGE
31,0.20136783,,0.41577163,0.36920184,0.4751169,0.22508925,0.1038989,inf,0.25174913,0.23011512,0.09771863,0.45423138,0.4200138,0.5699475,1.8327338,0.24689783,inf,0.5699475,1.8327338,0.085693054,0.027235972,0.27005377,0.076773465,0.18360513,0.21081077,0.49040753,0.024256513,0.22551402,0.09540106,0.22720501,0.05692391,0.3001278,0.4904163,0.4029368,0.6787817,1.7137368,1.0911227,1.0485996,inf,0.25123325,2.551035,0.16149622,0.17147176,1.4074496,0.5828396,0.7796211,19.76528,None
320,0.22303456,,0.4020325,0.40325224,0.39252296,0.25446296,0.12602249,3.3248243,0.28904146,0.2606511,0.108957276,0.44607666,0.49032784,0.6327245,1.9392908,0.28168577,inf,0.6327245,1.9392908,0.09355524,0.03987282,0.30847588,0.10651499,0.21241091,0.2333273,0.48783574,0.02327135,0.257313,0.16034117,0.2598181,0.08498888,0.29534274,0.48181102,0.43888894,0.6798693,1.7955,1.1014394,0.9932465,inf,0.28613403,2.7636948,0.19159473,0.19301033,1.3996156,0.63150233,0.7654592,22.07894,None
321,0.28800172,,0.35141373,0.5309414,inf,0.2764786,0.17157656,1.1041547,0.32371655,0.34853676,0.13936432,0.4149939,0.56181884,0.65444994,2.137945,0.31254557,0.2618017,0.65444994,2.137945,0.1126644,0.037656665,0.3491322,0.097512886,0.24829137,0.24588652,0.49271375,0.028999507,0.2886378,0.17311746,0.2883017,0.079709776,0.26726192,0.47732648,0.46236414,0.661513,2.0389469,1.2127392,1.9182776,2.5826836,0.3177868,3.445679,0.24757935,0.22885156,1.3614147,0.6334718,0.77052057,23.13651,AVARAGE
322,0.20762137,,0.42402965,0.3875532,inf,0.21191365,0.104169056,3.295029,0.23792575,0.23337254,0.09903031,0.44755584,0.38136703,0.5224025,1.6799015,0.23357177,inf,0.5224025,1.6799015,0.088376656,0.027340814,0.2567973,0.10582941,0.1718115,0.19014771,0.45789078,0.021027757,0.21407597,0.14071852,0.20931768,0.057191446,0.33006874,0.46162885,0.38056594,0.7498502,1.5247533,1.0359819,1.114818,inf,0.23797482,2.2411919,0.1603413,0.16954617,1.3276389,0.53545356,0.7886477,18.240467,AVARAGE
323,0.20616132,,0.3846747,0.3899883,0.40699342,0.21476774,0.122295894,1.3687404,0.24889229,0.25108892,0.10533022,0.42080957,0.39740935,0.527679,1.6199346,0.24323268,0.43363613,0.527679,1.6199346,0.085309684,0.029092941,0.27375174,0.086400345,0.19165307,0.2025218,0.4522894,0.0168564,0.22614986,0.13541539,0.21760638,0.0609568,0.29525128,0.44828394,0.3932024,0.71759415,1.6636891,1.0875633,5.95586,3.1198423,0.24859491,2.5816345,0.18249989,0.1725083,1.339738,0.534949,0.78182125,18.452448,AVARAGE
324,0.2690784,,0.36258513,0.51115674,inf,0.2500005,0.13433881,2.1508942,0.2933452,0.3294794,0.13353491,0.40452155,0.4821057,0.5918475,1.9310877,0.28424072,inf,0.5918475,1.9310877,0.10695222,0.042861883,0.32164624,0.07870219,0.20254932,0.22583094,0.4816384,0.021441793,0.26484397,0.09544238,0.26583543,0.091644675,0.26017794,0.4661328,0.43401352,0.6604105,1.9704883,1.2128887,2.1942163,inf,0.29024214,3.258004,0.21022402,0.21238083,1.4259667,0.58007413,0.7675585,20.900106,AVARAGE
325,0.21196598,,0.40009388,0.4118228,inf,0.20715,0.11114954,2.681954,0.238772,0.2554217,0.1069441,0.42500994,0.37953633,0.5039993,1.4930599,0.23407729,inf,0.5039993,1.4930599,0.088795446,0.035682417,0.26238826,0.10317895,0.17305404,0.18931633,0.44737175,0.020863472,0.21717243,0.15076481,0.21121843,0.07564892,0.31412467,0.44846052,0.38757977,0.751695,1.5734049,1.0722039,2.037219,3.1746693,0.23916623,2.3863494,0.17185919,0.17114305,1.31867,0.5205483,0.78526795,17.648357,AVARAGE
326,0.32493225,,0.3357305,0.64892834,0.36304727,0.26151612,0.14864944,inf,0.3135614,0.38823813,0.15323229,0.3728314,0.5160935,0.5933911,2.0635102,0.30199942,inf,0.5933911,2.0635102,0.1258262,0.053122927,0.34762114,0.08863155,0.20415041,0.22567526,0.46742424,0.02079871,0.2840925,0.11732513,0.28013673,0.11533853,0.24230756,0.44436505,0.44995338,0.6693337,2.075327,1.2751192,1.3910979,inf,0.3088078,3.686489,0.23544002,0.23291183,1.4252613,0.5652542,0.7758437,21.234423,AVARAGE
327,0.20482254,,0.38752937,0.3919163,inf,0.21663098,0.11219848,1.5774004,0.24920338,0.2480365,0.104851164,0.42478532,0.3846074,0.5319226,1.4730897,0.24439208,0.4454124,0.5319226,1.4730897,0.08554659,0.030381577,0.2731298,0.081898205,0.18134739,0.20048138,0.46698502,0.02305576,0.2263233,0.122689165,0.22375575,0.06370471,0.29345313,0.46096075,0.39188796,0.7055986,1.6957517,1.1123352,2.070549,inf,0.24954246,2.581774,0.17232709,0.1716334,1.3501899,0.53761774,0.76875144,18.597645,AVARAGE
328,0.1841484,,0.4033029,0.36110193,inf,0.19336195,0.099470034,2.9078689,0.22133404,0.21491805,0.09219038,0.43270856,0.34570226,0.49028593,1.4496967,0.21774368,inf,0.49028593,1.4496967,0.079137355,0.028937455,0.24428917,0.08886976,0.17113975,0.19065858,0.44700423,0.026226988,0.20223258,0.1425697,0.19575378,0.06061381,0.3094051,0.4481075,0.36815992,0.73275054,1.549524,1.0464442,1.5244876,3.6463606,0.2228092,2.312439,0.15241161,0.15093672,1.3367873,0.50521815,0.77808464,16.98368,HEALTHY
329,0.298154,,0.35244352,0.57076335,inf,0.25990817,0.14328988,2.58441,0.30486757,0.35680512,0.14247799,0.39161465,0.50113505,0.6045865,2.0324626,0.29449877,0.4993099,0.6045865,2.0324626,0.11742763,0.049617194,0.33200273,0.09236008,0.20669624,0.22501539,0.47477058,0.02113793,0.27367544,0.123190425,0.2721173,0.10712454,0.25406787,0.45553243,0.44173855,0.67209214,1.9854571,1.2261629,1.3748558,2.5326004,0.30040675,3.3179853,0.22143097,0.22671802,1.4180189,0.5815541,0.770527,21.472445,AVARAGE
32,0.16431375,,0.42257896,0.31943998,0.64511794,0.18237412,0.08109768,4.031045,0.207262,0.19649954,0.08489804,0.42380542,0.30168885,0.45937768,1.3385938,0.20457324,inf,0.45937768,1.3385938,0.07036204,0.027872697,0.22862446,0.0949783,0.14213616,0.17440687,0.4291319,0.01875931,0.18961905,0.1385918,0.18329428,0.058322005,0.3182661,0.42569593,0.3383666,0.7698307,1.439649,1.0156282,0.98264545,3.5166037,0.20932825,2.1063485,0.13287154,0.14076601,1.357425,0.46689317,0.79589427,15.93957,AVARAGE
330,0.22370592,,0.35061392,0.4572212,inf,0.20729984,0.12743121,1.2280794,0.24980466,0.2801101,0.115726486,0.3783452,0.36549458,0.49560207,1.3752203,0.24333477,inf,0.49560207,1.3752203,0.08990449,0.035163693,0.28381926,0.0936973,0.18955892,0.20053701,0.41926283,0.022588046,0.23131111,0.15198162,0.21995088,0.07421133,0.26947364,0.40702593,0.3857622,0.7296709,1.6967094,1.1215143,1.2734861,inf,0.25018084,2.7976274,0.1914571,0.17365848,1.3426863,0.4870653,0.7817289,17.464582,AVARAGE
331,0.1777824,,0.3776057,0.36652794,inf,0.16622458,0.09123681,1.596022,0.19768031,0.21784699,0.09313635,0.38136753,0.2836894,0.40341195,1.1167315,0.19419104,1.0774058,0.40341195,1.1167315,0.07543335,0.036008064,0.22654065,0.097841315,0.14274369,0.16180694,0.38652128,0.015440136,0.18495998,0.12498613,0.16817234,0.076541044,0.29389945,0.38568038,0.3378152,0.7892676,1.412127,1.020176,1.4998244,inf,0.20035124,2.1737282,0.14697331,0.14020051,1.3147068,0.42023823,0.8142418,14.140224,HEALTHY
332,0.21228616,,0.39495414,0.4565488,inf,0.17601463,0.09916545,1.557907,0.20705374,0.23998195,0.10092942,0.4019707,0.31356785,0.4259617,1.2713323,0.2031855,inf,0.4259617,1.2713323,0.09134942,0.04208463,0.23414768,0.10389236,0.15180036,0.16574581,0.4023015,0.024839338,0.1918973,0.12868941,0.1747203,0.09034778,0.31202826,0.40569592,0.35678768,0.79262173,1.4169843,1.0197026,1.0227377,inf,0.20892301,2.1712513,0.15659738,0.15185547,1.307145,0.44399846,0.8207892,14.923712,AVARAGE
333,0.25265756,,0.3199665,0.5358166,0.30570003,0.2162709,0.14196593,1.0750577,0.26807272,0.3109453,0.1270663,0.36098564,0.39222685,0.5114786,1.2858715,0.2602272,inf,0.5114786,1.2858715,0.1004106,0.03916484,0.31010488,0.08913187,0.20637718,0.21755648,0.41986874,0.019474389,0.25050494,0.13448846,0.23936765,0.08297436,0.24045146,0.40293497,0.41113818,0.6832267,1.874775,1.1784538,2.421717,inf,0.2680951,3.3029864,0.21343574,0.18378864,1.3649216,0.49554247,0.7707264,18.077234,AVARAGE
334,0.19201533,,0.3357784,0.4568066,inf,0.16161157,0.10173569,1.1277058,0.20476067,0.23882337,0.10089116,0.3513518,0.27511898,0.39898944,0.8119752,0.20017393,inf,0.39898944,0.8119752,0.080414504,0.03762593,0.24814709,0.09147034,0.16197181,0.18245436,0.3678162,0.016671304,0.19804297,0.11275107,0.17938322,0.079980575,0.254316,0.36430362,0.35825047,0.73870647,1.5598648,1.0647542,1.7404602,inf,0.20872955,2.6564577,0.1601326,0.13314919,1.3523663,0.4020057,0.79679036,13.914858,AVARAGE
335,0.15536022,,0.4309518,0.3097109,0.703993,0.15509212,0.07609682,3.891362,0.17661682,0.17546219,0.07667889,0.42007577,0.25645486,0.3866516,1.1492721,0.17494407,inf,0.3866516,1.1492721,0.06864947,0.020495215,0.1972079,0.12491886,0.12771496,0.14544466,0.3781109,0.012819672,0.16315536,0.14549695,0.16125327,0.042457625,0.35517412,0.38893303,0.31117824,0.85867006,1.1634128,0.9034277,0.89415777,inf,0.17955676,1.6514426,0.12272533,0.12515555,1.2492157,0.41126707,0.8498295,13.473154,HEALTHY
336,0.14320423,,0.4344991,0.26209998,inf,0.19267868,0.09211068,inf,0.21472502,0.17557205,0.07711249,0.46259913,0.33851543,0.50574845,1.4649283,0.21237281,inf,0.50574845,1.4649283,0.063427374,0.033531677,0.23306651,0.0924532,0.1688571,0.19185115,0.45883432,0.02140489,0.19455448,0.13300017,0.19077387,0.071084864,0.32787916,0.4639675,0.3603396,0.7243504,1.4874017,0.99707043,0.9456399,inf,0.21650402,2.1373353,0.13923968,0.13776316,1.3522793,0.5223329,0.7721506,17.359442,HEALTHY
337,0.16401479,,0.38997453,0.3285691,0.56453735,0.17755258,0.0905149,inf,0.21188241,0.19913258,0.08593625,0.3986127,0.31631747,0.44619086,1.0823934,0.20803906,0.6580422,0.44619086,1.0823934,0.070959866,0.023927638,0.24181305,0.10955978,0.15719,0.18509467,0.3923832,0.01817336,0.19773936,0.12344223,0.18399012,0.04979955,0.29485077,0.4011964,0.36852607,0.7531661,1.4442188,0.98538405,1.383305,inf,0.21438788,2.2147381,0.14436632,0.13745062,1.3602792,0.4636652,0.80405414,15.489695,HEALTHY
338,0.2449801,,0.38124123,0.46192506,0.54214466,0.23940021,0.13447401,1.6342427,0.27821404,0.29386017,0.12095645,0.42187053,0.45816693,0.57732,1.7574924,0.27079108,inf,0.57732,1.7574924,0.10018237,0.041301675,0.30283454,0.095366634,0.20469433,0.21833305,0.4728993,0.02415271,0.25062212,0.16210434,0.24858822,0.088469446,0.2860286,0.46563876,0.42382544,0.69262844,1.8109077,1.1426793,1.6360813,3.317925,0.27604133,2.866555,0.20341507,0.19765742,1.3721508,0.5757653,0.7792216,20.291016,AVARAGE
339,0.17465429,,0.41303715,0.3352057,inf,0.18434948,0.1020594,3.2176204,0.21387859,0.20311038,0.086860366,0.4369166,0.3496595,0.47327098,1.3284419,0.21022746,1.0278349,0.47327098,1.3284419,0.076188326,0.023408234,0.23775837,0.10951219,0.1744186,0.1896224,0.4172738,0.027778065,0.19627865,0.12261713,0.1833617,0.048789527,0.31735277,0.43505213,0.37728667,0.73916596,1.4402964,0.9639962,1.5326813,4.481191,0.21537736,2.155984,0.15361011,0.14405064,1.3400655,0.50113875,0.81282645,16.319883,HEALTHY
33,0.18632127,,0.42532685,0.36264768,inf,0.2017422,0.094577655,inf,0.22560069,0.2096078,0.090190835,0.44829226,0.35453704,0.51660943,1.6673487,0.22230934,inf,0.51660943,1.6673487,0.08048695,0.03128556,0.24505703,0.09112169,0.16910353,0.1916185,0.4609408,0.022239592,0.20410992,0.14196952,0.20072982,0.065837994,0.32167068,0.46013638,0.36755583,0.7391128,1.532715,1.0405008,0.9583468,inf,0.22670819,2.2480664,0.14601418,0.15277588,1.3543414,0.5278627,0.77956694,17.858765,AVARAGE
340,0.25765333,,0.33352813,0.5181526,inf,0.23356299,0.13197559,1.6136338,0.2841679,0.3189367,0.12978137,0.3711111,0.44522658,0.55673903,1.5072254,0.27563548,0.40079352,0.55673903,1.5072254,0.10270821,0.04097211,0.32149294,0.078374036,0.20453337,0.22940814,0.4440722,0.023059426,0.26177004,0.110359915,0.2573889,0.08728465,0.23407784,0.42878708,0.43474272,0.65406233,1.9735965,1.2060797,1.5775982,inf,0.28279287,3.4129288,0.2060283,0.19613089,1.445141,0.5440529,0.77202463,19.645693,HEALTHY
341,0.26393473,,0.39085388,0.4844593,inf,0.24069668,0.116834976,3.6526148,0.27792868,0.31133446,0.12668525,0.41167814,0.455272,0.56063753,1.9393965,0.26953676,0.41778344,0.56063753,1.9393965,0.105491236,0.034918807,0.30133286,0.092208184,0.17294243,0.2050024,0.4740712,0.028350584,0.24938697,0.1127895,0.24691029,0.073706746,0.28350034,0.4632145,0.41268075,0.70022994,1.8209966,1.1685382,13.348272,inf,0.27500966,2.893186,0.19036892,0.20757203,1.4231184,0.55581,0.7821021,19.894817,UNHEALTHY
342,0.23025213,,0.38445798,0.43259618,inf,0.22157066,0.11596204,3.5747902,0.25485107,0.2802694,0.11579805,0.41678149,0.4141824,0.54152215,1.7785184,0.24857102,0.80200696,0.54152215,1.7785184,0.0942443,0.03985262,0.2781898,0.07980913,0.18607077,0.20658688,0.46657896,0.02089334,0.2302294,0.10892796,0.22726984,0.08503184,0.27951553,0.45914772,0.39855576,0.69353914,1.7599673,1.1347128,1.0674226,inf,0.25380695,2.7492628,0.17953388,0.1876527,1.4022728,0.54509366,0.7781698,18.945024,AVARAGE
343,0.23868464,,0.34885082,0.49284148,inf,0.20397827,0.11924154,1.3306551,0.24574134,0.2865116,0.11822887,0.37903997,0.36531013,0.48847085,1.3446918,0.23951949,inf,0.48847085,1.3446918,0.09678477,0.036080334,0.27938563,0.08371754,0.18029316,0.20026977,0.4272728,0.025584769,0.22773437,0.1325577,0.21803737,0.07619124,0.2622266,0.41590884,0.387652,0.7101968,1.7417715,1.1414033,1.3767442,2.791692,0.24631359,2.864741,0.18577752,0.17568016,1.3639411,0.48421526,0.7765511,17.189924,AVARAGE
344,0.21659791,,0.4202723,0.41373068,0.53812057,0.20086338,0.09702371,4.264352,0.2263295,0.24208431,0.10201769,0.43525502,0.34923643,0.4878391,1.6010168,0.22239378,inf,0.4878391,1.6010168,0.090986595,0.028968563,0.24614519,0.09280338,0.15533227,0.17638311,0.45533255,0.022873687,0.20470391,0.11415463,0.19632147,0.06075437,0.3240836,0.4534485,0.36062136,0.75823283,1.5232619,1.0611345,0.9709905,inf,0.22693013,2.2471962,0.15367061,0.1679218,1.334428,0.49750486,0.79489267,17.09262,HEALTHY
345,0.27915853,,0.3946042,0.4829567,0.34386092,0.26958928,0.13550755,4.4052505,0.30455974,0.32458237,0.13123967,0.43628517,0.5396516,0.63622135,2.3968744,0.2941031,0.5109394,0.63622135,2.3968744,0.11147134,0.034528416,0.32120323,0.088932,0.20256932,0.22651613,0.5105849,0.03280607,0.26808143,0.119986355,0.27297145,0.07290636,0.285164,0.50067496,0.44023874,0.6664873,1.9416406,1.1865255,1.9775087,inf,0.2987797,3.056794,0.21121703,0.23053129,1.4257721,0.62443596,0.77812296,22.495144,UNHEALTHY
346,0.22089441,,0.39340243,0.39582112,0.5006964,0.24494232,0.13781464,3.2303956,0.2799838,0.27073258,0.11204104,0.45086232,0.4840864,0.6096347,2.0109282,0.2722263,0.5813888,0.6096347,2.0109282,0.090743765,0.034714304,0.30006403,0.09740244,0.22176385,0.22979634,0.48330346,0.0346171,0.24966602,0.13864218,0.2467226,0.07351838,0.29733968,0.48158252,0.42860872,0.67296654,1.7887509,1.0911043,0.9448443,3.460015,0.27688736,2.78276,0.20133863,0.19435512,1.365245,0.61025757,0.7869057,21.235529,HEALTHY
347,0.19074258,,0.39517856,0.38010824,0.9798708,0.19034764,0.10371928,inf,0.22564797,0.22154495,0.09437918,0.41344073,0.35522416,0.47207478,1.2516577,0.22114871,0.77701724,0.47207478,1.2516577,0.08208544,0.026901033,0.25437072,0.10508934,0.17075111,0.19091994,0.4151985,0.023188585,0.20866312,0.11779663,0.1947041,0.056328513,0.30188456,0.425141,0.3870249,0.7393755,1.5172696,1.0161288,21.00652,3.646704,0.22715712,2.3392384,0.15984426,0.15083842,1.3544782,0.49349445,0.8087452,16.452864,HEALTHY
348,0.2699079,,0.35317394,0.55064815,inf,0.22846916,0.113401115,inf,0.27349034,0.33404323,0.13590662,0.3705096,0.3902239,0.51937026,1.6421232,0.26553765,inf,0.51937026,1.6421232,0.10591391,0.04533315,0.3083801,0.079175316,0.16007915,0.19652152,0.45551032,0.033227753,0.251596,0.09747877,0.25123075,0.096723005,0.25313133,0.42901343,0.3934153,0.69765925,1.9074602,1.2504101,2.4013584,2.2637546,0.2727043,3.1897912,0.1912976,0.20128007,1.4238334,0.49757653,0.770614,18.571608,HEALTHY
349,0.12803446,,0.4027111,0.2753909,inf,0.14439508,0.07835246,2.74866,0.17388482,0.15894692,0.07032814,0.40675217,0.24026951,0.37548918,0.82320327,0.17169064,1.1454238,0.37548918,0.82320327,0.056824435,0.020878917,0.20365468,0.115502656,0.1430073,0.16451639,0.36825666,0.019524094,0.1655383,0.13532296,0.1535788,0.043295477,0.3154106,0.3808809,0.32187238,0.7851997,1.2735541,0.91457874,1.0425787,inf,0.1781008,1.9019766,0.12203394,0.10672139,1.3113122,0.39423954,0.8280036,12.874561,HEALTHY
34,0.20307806,,0.3908115,0.38538718,inf,0.21701941,0.11243704,inf,0.25026718,0.23696853,0.100241005,0.43053335,0.41288587,0.5476982,1.7103183,0.24457088,0.5364262,0.5476982,1.7103183,0.0856913,0.029692305,0.274439,0.08548325,0.1916164,0.2135969,0.461116,0.02172614,0.2270043,0.12562864,0.22376026,0.062265072,0.28712443,0.45981124,0.4028722,0.6850554,1.7112217,1.0836939,2.385607,inf,0.2499552,2.6425002,0.17132887,0.16798358,1.3917483,0.555306,0.78430897,19.004509,AVARAGE
350,0.17453821,,0.42441997,0.35192287,inf,0.16966963,0.087971956,2.1615174,0.194711,0.20259377,0.08712483,0.42410123,0.27207443,0.42115018,1.1356958,0.1924161,inf,0.42115018,1.1356958,0.076191574,0.03742336,0.21691592,0.10867768,0.14422725,0.16127758,0.40780482,0.02178977,0.17939258,0.1482606,0.16970786,0.08016448,0.33914614,0.41119152,0.32341447,0.8118733,1.3161228,0.97098714,0.8833028,inf,0.19725645,1.9053395,0.13750358,0.13990198,1.2893478,0.4288308,0.820693,14.6602745,HEALTHY
351,0.21593894,,0.37285653,0.45043457,inf,0.19917096,0.11739282,1.3458186,0.23425248,0.24938335,0.10467181,0.41116756,0.3668206,0.4930402,1.4587128,0.22929141,inf,0.4930402,1.4587128,0.092099614,0.041873153,0.26259565,0.088566646,0.1875495,0.19616549,0.43721405,0.022143235,0.21562456,0.12095056,0.20502281,0.0906733,0.29130998,0.43982035,0.38936716,0.7262218,1.6269338,1.0841298,1.5322988,inf,0.2352443,2.5444977,0.17494419,0.16157497,1.3141019,0.50437117,0.7841591,17.193663,None
352,0.28330153,,0.40936288,0.5217997,inf,0.24304181,0.10493393,inf,0.28259,0.32574618,0.13039973,0.42129216,0.45171207,0.57378167,1.7783786,0.2742055,inf,0.57378167,1.7783786,0.112516746,0.039881025,0.30558372,0.103163645,0.16995594,0.21488526,0.46771184,0.0152337495,0.25318742,0.11925392,0.24452928,0.08501047,0.28848553,0.45859647,0.41433322,0.69623333,1.7985885,1.1323628,1.2257977,inf,0.27924824,2.8683748,0.18448342,0.21196865,1.4710153,0.5599909,0.7848642,20.260136,AVARAGE
353,0.22262987,,0.38354456,0.42769718,inf,0.21333224,0.11071116,2.9055579,0.24393162,0.29227045,0.11983898,0.40720654,0.37557107,0.50113803,1.7789493,0.23817791,1.3713105,0.50113803,1.7789493,0.0915573,0.05967,0.26687422,0.09573135,0.16646211,0.18423161,0.4503013,0.031849578,0.22082685,0.13723476,0.21214634,0.1321247,0.2957862,0.44196466,0.37745863,0.74867535,1.632653,1.1233811,1.073647,inf,0.24349438,2.5107863,0.17648508,0.18948166,1.3323759,0.5081004,0.7856008,17.723068,None
354,0.18550882,,0.4190856,0.35411695,1.03422,0.21034677,0.10726275,7542850000.0,0.23784845,0.21401863,0.09173722,0.4625543,0.39852074,0.54480946,1.6368377,0.2339992,inf,0.54480946,1.6368377,0.08010111,0.02495539,0.25905555,0.08737388,0.19004598,0.20707059,0.47654536,0.018440858,0.21540429,0.113559626,0.21396129,0.052029535,0.31632483,0.48536727,0.3989507,0.6965341,1.6254377,1.0512347,1.3301443,inf,0.23862875,2.4174278,0.15903674,0.15491363,1.3569227,0.5672256,0.77515036,18.779182,AVARAGE
355,0.2575828,,0.33922017,0.56203526,inf,0.1985945,0.116515204,1.2547584,0.24437962,0.31521052,0.12831824,0.35388044,0.35405374,0.45813107,1.2703187,0.23749726,inf,0.45813107,1.2703187,0.10433428,0.052870337,0.28337115,0.09938907,0.1667177,0.18949215,0.40018925,0.031707145,0.22890021,0.1301719,0.21380512,0.114958085,0.2562595,0.38910398,0.39239398,0.73868984,1.7035024,1.1476952,1.7488971,inf,0.2451333,2.9233787,0.18823746,0.18068907,1.3673923,0.45520896,0.79549223,16.290234,UNHEALTHY
356,0.2525844,,0.38526666,0.4853465,inf,0.23175457,0.11412448,2.7465699,0.2715747,0.30636656,0.12463672,0.41180256,0.4273279,0.5479471,1.6009223,0.26456413,0.46656674,0.5479471,1.6009223,0.10100808,0.03584995,0.29877,0.0799649,0.17438874,0.20544465,0.47345644,0.031279452,0.24636905,0.10744779,0.24315748,0.07585557,0.28122464,0.4634244,0.4112344,0.69276416,1.8335625,1.1780663,1.6424719,3.011087,0.2701627,2.9410183,0.18656997,0.19515234,1.4097902,0.5451427,0.77495754,19.38219,AVARAGE
357,0.21107699,,0.42131644,0.37989956,0.5452416,0.23205607,0.100241885,8.398875,0.26681608,0.26726145,0.11086837,0.44016963,0.41960117,0.5693376,1.5910416,0.26055035,inf,0.5693376,1.5910416,0.08614381,0.031973016,0.28865558,0.101807706,0.17405891,0.21488485,0.47094858,0.018286426,0.23987868,0.12864041,0.23622617,0.06734812,0.29885355,0.46670827,0.40613794,0.68711627,1.7220383,1.084584,0.8602311,inf,0.26537138,2.637311,0.16920418,0.18837097,1.453584,0.5678197,0.7704142,19.931684,AVARAGE
358,0.24379729,,0.40101594,0.47346455,0.37350044,0.2312144,0.09440703,5.1556845,0.27157694,0.28929588,0.118934296,0.4185211,0.41874823,0.57038915,1.5088332,0.2649206,0.39789492,0.57038915,1.5088332,0.0993448,0.037084013,0.29959875,0.087558426,0.17230898,0.22527297,0.46811903,0.028521648,0.24698341,0.11590738,0.24529529,0.078597754,0.26997897,0.45897698,0.4163491,0.6601966,1.8431995,1.1385047,1.20522,2.9760365,0.27064222,2.950465,0.16688424,0.18866648,1.516332,0.56104386,0.76128995,19.916355,None
359,0.16258252,,0.40231615,0.31958988,0.94486284,0.19013117,0.09727287,2.5968218,0.2212166,0.20084453,0.086720146,0.43239886,0.34869412,0.48991627,1.3004822,0.2175657,0.77990484,0.48991627,1.3004822,0.07040178,0.02263279,0.24730608,0.096554175,0.17488569,0.19673386,0.43078136,0.01806256,0.203769,0.09653201,0.19225003,0.046989005,0.30099648,0.4419792,0.382513,0.70989037,1.5357409,1.0070044,1.1902547,inf,0.22311786,2.3271468,0.14982142,0.14211191,1.366895,0.511751,0.7845596,16.897953,AVARAGE
35,0.16394612,,0.4223057,0.34147733,0.7565396,0.16604823,0.081241965,4.097175,0.19288304,0.19747993,0.085145116,0.42175445,0.28871667,0.42893377,1.2002977,0.19030674,inf,0.42893377,1.2002977,0.07135128,0.026680471,0.21797024,0.11664805,0.15019357,0.17421737,0.39746237,0.023350757,0.17921327,0.14393726,0.16960129,0.055799298,0.32028672,0.40929085,0.3427122,0.778832,1.3456504,0.9553886,1.2771782,inf,0.1957763,1.9960153,0.1298028,0.13199855,1.3559039,0.44995105,0.81958616,14.755366,AVARAGE
360,0.2530124,,0.34200838,0.5436905,0.80126244,0.21369825,0.13120237,2.2433226,0.2578161,0.27563965,0.1144773,0.38625035,0.42855844,0.5285487,1.6258631,0.2505581,inf,0.5285487,1.6258631,0.10611001,0.040762905,0.29350713,0.089459926,0.21338645,0.22418687,0.43018472,0.02899387,0.23870476,0.14016789,0.23064594,0.087051146,0.25400913,0.4278355,0.42756724,0.6855242,1.8045293,1.1327662,1.5853617,inf,0.25778246,3.045532,0.19387802,0.17238002,1.3819765,0.5340225,0.77640545,18.449308,AVARAGE
361,0.19043082,,0.3750979,0.39130446,0.7724938,0.19334525,0.10582916,inf,0.22493331,0.22236809,0.09504372,0.4121983,0.35677263,0.48472074,1.4871902,0.2208231,inf,0.48472074,1.4871902,0.0816989,0.029397404,0.2525011,0.0825208,0.17640163,0.18980545,0.437012,0.018040724,0.2075102,0.090280734,0.19880143,0.06169323,0.28909305,0.4409138,0.38303953,0.7218952,1.6000082,1.0745816,1.6396579,inf,0.22674,2.4701474,0.15890026,0.14855102,1.324831,0.505663,0.7776837,16.837357,None
362,0.20212673,,0.3878645,0.40186706,0.7443834,0.19696589,0.10011257,3.959874,0.23413481,0.24305397,0.10184922,0.40912515,0.37461853,0.4902764,1.3159312,0.22900645,0.5877094,0.4902764,1.3159312,0.08501768,0.025316857,0.2637615,0.10291349,0.17095812,0.19981363,0.41868111,0.021269698,0.21615033,0.11268475,0.20251009,0.05281059,0.2875064,0.42715058,0.3980289,0.71649724,1.58776,1.0352511,2.0282035,inf,0.23511916,2.50341,0.16163835,0.15868323,1.3871648,0.50830233,0.7882819,17.069002,AVARAGE
363,0.1787166,,0.41979972,0.34855494,inf,0.18158652,0.10214881,2.927479,0.20528561,0.21109669,0.09027739,0.42777693,0.31063068,0.44542736,1.5135652,0.20188688,inf,0.44542736,1.5135652,0.07841897,0.040891584,0.22386315,0.11699198,0.15889944,0.16460891,0.40304357,0.020492569,0.18614702,0.15066636,0.17127311,0.088639595,0.34355155,0.41115564,0.3358619,0.8243468,1.287979,0.9491734,0.8815631,inf,0.20622636,1.8603163,0.1564408,0.1533186,1.2562635,0.46094906,0.8435667,15.528451,UNHEALTHY
364,0.23537429,,0.41991916,0.43977115,0.6474886,0.2254416,0.093816414,5.269163,0.2603102,0.2693217,0.111119114,0.4345236,0.41837198,0.55965936,1.6082715,0.25416628,0.53227097,0.55965936,1.6082715,0.09793137,0.03396592,0.28302193,0.10972859,0.1724167,0.2158562,0.45349872,0.019391403,0.23474123,0.13794863,0.2263525,0.07186581,0.29577833,0.45562178,0.40872383,0.69742507,1.6706462,1.0560468,1.1391367,inf,0.25911397,2.5750663,0.16318434,0.18454365,1.4615549,0.5617546,0.78017336,19.485445,AVARAGE
365,0.34407842,,0.35637054,0.6995362,0.52186805,0.25167966,0.12465679,2.8023293,0.30423978,0.41274115,0.15956935,0.37139106,0.4972237,0.5754589,1.8694899,0.29353055,inf,0.5754589,1.8694899,0.1315389,0.058958862,0.341065,0.091163196,0.18128484,0.22511704,0.45870477,0.01948921,0.27764043,0.11141751,0.27201363,0.13004997,0.23941591,0.44180778,0.45010683,0.66659045,2.058787,1.2727108,1.8625383,inf,0.3004721,3.7517445,0.21534549,0.23149823,1.5302798,0.55388093,0.7772747,20.525244,None
366,0.32507098,,0.34998202,0.5890633,0.29553583,0.3041532,0.15871905,3.3742175,0.36061478,0.38889655,0.1530992,0.40854117,0.63986075,0.71723986,2.1023052,0.3473324,0.33418056,0.71723986,2.1023052,0.12607262,0.048135262,0.3882834,0.086561374,0.24663222,0.27404934,0.5126731,0.02313798,0.3207249,0.10091706,0.32473677,0.10423209,0.23467028,0.49305224,0.50561357,0.59384996,2.2981942,1.2795191,1.3220513,inf,0.35246274,4.031226,0.25086477,0.25219062,1.5200564,0.68565035,0.7705606,25.40022,AVARAGE
367,0.2487,,0.39511332,0.48417228,0.9634489,0.23226304,0.11325963,4262304500.0,0.2670323,0.33284333,0.13306902,0.42375332,0.4075955,0.54579955,1.7545745,0.2604217,1.2651526,0.54579955,1.7545745,0.100806184,0.071090296,0.29074705,0.103138246,0.17173971,0.19674079,0.47336844,0.030111901,0.24075666,0.1437222,0.2374807,0.16124006,0.30068985,0.46516445,0.4007046,0.7239661,1.7377498,1.1575881,1.3202772,inf,0.26555905,2.723222,0.1864421,0.20497045,1.3582221,0.5423931,0.7785547,19.301674,None
368,0.23513766,,0.3746353,0.4289055,0.9652145,0.23791035,0.13208671,1.6735686,0.27313733,0.3053808,0.12442273,0.42133445,0.45387006,0.5677815,1.9491209,0.26531827,1.1688251,0.5677815,1.9491209,0.09633866,0.060696803,0.295196,0.09148145,0.20093657,0.2129307,0.4763391,0.02571592,0.24477583,0.12974264,0.2421189,0.13452755,0.28500354,0.46848005,0.4155134,0.69433,1.8022077,1.1493039,3.1580005,3.3217342,0.27051964,2.826522,0.20260336,0.20561244,1.3512828,0.5678878,0.7813997,20.001324,AVARAGE
369,0.20311555,,0.38301665,0.38482672,inf,0.21901758,0.1306236,0.847759,0.2543534,0.26126626,0.10893249,0.43021557,0.4091636,0.5343723,1.5427507,0.24855687,inf,0.5343723,1.5427507,0.08605166,0.052032907,0.278414,0.11078016,0.2010543,0.20320296,0.44673336,0.025238475,0.23044206,0.13866428,0.22050767,0.11404072,0.3073982,0.45219648,0.40492326,0.7267969,1.6182418,1.0582012,0.9696715,inf,0.25368533,2.4867778,0.19333473,0.1784969,1.2870502,0.5457004,0.7886611,18.707026,AVARAGE
36,0.29468662,,0.36149126,0.5194694,0.24585082,0.30171904,0.16069853,2.221981,0.34844613,0.34044638,0.13705355,0.43512332,0.6269677,0.72528046,2.3630004,0.3359994,0.2527828,0.72528046,2.3630004,0.1169307,0.039654255,0.36919484,0.061489113,0.2509235,0.27003258,0.5389179,0.024722254,0.30716178,0.10563213,0.3240134,0.08425384,0.2501982,0.519548,0.49009278,0.58925915,2.256389,1.2614522,9.700697,2.4905431,0.3406683,3.7468097,0.24281816,0.23913188,1.4663302,0.69703233,0.77725273,25.54604,AVARAGE
370,0.19996946,,0.39508653,0.35980347,0.54042643,0.23532458,0.122058325,2.043678,0.26712775,0.25146356,0.1057288,0.44354177,0.44275174,0.5823092,1.7795904,0.26104748,inf,0.5823092,1.7795904,0.08411679,0.03773247,0.28736737,0.09276048,0.20151526,0.21709782,0.4806729,0.029153194,0.23935762,0.13507517,0.23791061,0.08046602,0.2981931,0.48095983,0.4176228,0.6876374,1.7313851,1.0944095,1.7864021,3.6647472,0.26571876,2.6249652,0.18401863,0.18416676,1.3593459,0.5917699,0.77028465,20.323318,AVARAGE
371,0.25483122,,0.42304263,0.44855773,0.29675868,0.26043424,0.10157624,inf,0.29355326,0.3026704,0.12380603,0.4405393,0.48214406,0.6241582,1.9998348,0.2854578,0.39146933,0.6241582,1.9998348,0.10273674,0.0380508,0.3110019,0.06473136,0.16819009,0.22408465,0.52289623,0.03047225,0.25989512,0.10603569,0.27242878,0.08068383,0.2820465,0.50600827,0.42634088,0.65096605,1.9523507,1.2030962,1.1002743,2.7953749,0.28982526,3.0108683,0.17648731,0.21509473,1.5271113,0.60998625,0.7661319,21.970984,AVARAGE
372,0.1571878,,0.40404797,0.3312839,inf,0.16123429,0.08505274,2.3655121,0.18892224,0.17913467,0.07821315,0.41162926,0.2770637,0.40954134,1.0884318,0.18629177,1.0140365,0.40954134,1.0884318,0.07053499,0.031423606,0.21475247,0.116927035,0.14673379,0.16649449,0.38305816,0.027383192,0.17622189,0.13269456,0.16556917,0.06634247,0.31915075,0.3942057,0.34039512,0.78951925,1.3040603,0.93482625,1.3748581,inf,0.19196068,1.931158,0.13305254,0.12602268,1.3016294,0.431144,0.8251869,14.169875,UNHEALTHY
373,0.14887317,,0.38710243,0.31653264,0.8351704,0.14740494,0.08861509,0.7287859,0.17574781,0.18179518,0.07920914,0.3915188,0.24274676,0.36435074,0.89599955,0.17339753,inf,0.36435074,0.89599955,0.06538053,0.02622552,0.20317152,0.108870745,0.13970968,0.15010318,0.3674592,0.019771028,0.16582945,0.13068356,0.15219054,0.054985512,0.31811938,0.3772767,0.31652358,0.8238449,1.2573532,0.945193,1.1614156,inf,0.17933865,1.8676038,0.13620481,0.120695494,1.2491374,0.3848915,0.8363242,12.671466,AVARAGE
374,0.22675107,,0.3859295,0.42319635,0.40959144,0.2535118,0.1221109,8557462500.0,0.2964001,0.26028427,0.10941932,0.43716076,0.5122691,0.6283905,1.6264262,0.28884187,0.3006784,0.6283905,1.6264262,0.0953469,0.025107026,0.32349303,0.08040304,0.21264817,0.24527565,0.49769038,0.019519068,0.26760805,0.11348059,0.2738799,0.052275218,0.2723279,0.4983151,0.4687443,0.6276264,1.9591112,1.1580428,1.0758239,inf,0.29435676,3.1184802,0.19120842,0.18890184,1.4517627,0.6374196,0.75382173,21.939997,AVARAGE
375,0.26216352,,0.39077684,0.49997985,0.42052704,0.24953134,0.109510414,7.4189525,0.29022145,0.31275725,0.12728776,0.41191775,0.4700961,0.6000065,1.8533149,0.28198695,0.41724724,0.6000065,1.8533149,0.10518948,0.04127728,0.31635505,0.08895291,0.18263303,0.22589543,0.47705153,0.019011445,0.26138568,0.11712909,0.2592244,0.087966695,0.26661584,0.4620357,0.43154073,0.668527,1.897475,1.1744324,1.1533014,3.1674812,0.2875288,3.0768044,0.18447657,0.2060905,1.4973583,0.5876017,0.7664271,21.102215,AVARAGE
376,0.22966298,,0.38308436,0.43534973,0.71141404,0.22713226,0.13077225,1.1688144,0.26256052,0.26846495,0.11147721,0.43293282,0.43557647,0.5506721,1.7653469,0.25575942,0.85623884,0.5506721,1.7653469,0.09616577,0.04224171,0.2858957,0.09498586,0.19983406,0.2085509,0.46830955,0.033386085,0.23673226,0.1212923,0.23201086,0.090810515,0.30016434,0.469678,0.4106592,0.7023523,1.7271467,1.1038682,1.719985,3.330086,0.26096305,2.689322,0.19511071,0.18533653,1.3204573,0.555048,0.7814444,19.31945,None
377,0.26607755,,0.35447335,0.5415449,0.5692469,0.21335775,0.12135053,1.7896966,0.25987777,0.30807048,0.12520786,0.37813514,0.40209356,0.5092334,1.2948225,0.252631,inf,0.5092334,1.2948225,0.1076813,0.03903865,0.29470393,0.09865251,0.18703668,0.21332717,0.42223942,0.031123577,0.24015783,0.14946203,0.22824673,0.082912154,0.26120538,0.41494843,0.41324535,0.7058658,1.7685838,1.1316195,1.462754,inf,0.2594425,2.949819,0.19494857,0.1866549,1.3994986,0.50393844,0.78295195,17.939957,AVARAGE
378,0.2700519,,0.38289657,0.5260381,0.6840024,0.23751493,0.11248835,3.5424495,0.27965128,0.3095445,0.12588614,0.4080876,0.46740073,0.5831024,1.6730937,0.27210036,0.65700626,0.5831024,1.6730937,0.1111617,0.05007242,0.308531,0.10701869,0.19281991,0.22932446,0.45440224,0.017933441,0.25397748,0.14835845,0.24849604,0.10971693,0.26702213,0.4519541,0.44228247,0.67952394,1.8225753,1.1313571,1.523725,2.9378757,0.27800322,2.9723022,0.18628487,0.19741525,1.4712291,0.5833058,0.76882225,20.3888,AVARAGE
379,0.21161394,,0.40211707,0.40909022,0.5878621,0.20855922,0.1002744,3.1323972,0.24203451,0.26310316,0.1092628,0.42133543,0.37304333,0.50386024,1.4885824,0.23684052,inf,0.50386024,1.4885824,0.08686329,0.0317756,0.2671539,0.08910411,0.16172627,0.1900653,0.45328405,0.014420532,0.22057627,0.104468256,0.2123561,0.066896506,0.30041388,0.45155346,0.38283348,0.7235867,1.6457006,1.096802,1.165911,inf,0.24222676,2.5384176,0.1637229,0.17241563,1.3774947,0.51177686,0.783893,17.68407,AVARAGE
37,0.23933074,,0.41367802,0.40499783,0.28419784,0.28692448,0.12757461,7.598195,0.31837517,0.27017316,0.11270349,0.47425768,0.57741994,0.7123308,2.3675017,0.30918598,0.3270641,0.7123308,2.3675017,0.1001392,0.037211843,0.33070734,0.0661076,0.22194597,0.25392655,0.5515453,0.02248677,0.27821144,0.102279365,0.29576048,0.07888802,0.28367874,0.5433543,0.46860194,0.61020666,2.031982,1.1749539,0.8733698,inf,0.31276524,3.0928574,0.19788691,0.21550927,1.4819039,0.70713377,0.76385844,24.86086,AVARAGE
380,0.18932638,,0.3958623,0.38193485,1.0408286,0.19657284,0.10705641,inf,0.22769387,0.22176139,0.094703935,0.42599595,0.3668528,0.49955997,1.4691939,0.22347586,0.9415374,0.49955997,1.4691939,0.08297149,0.043808687,0.25328523,0.10014824,0.18334757,0.19766699,0.43465889,0.03386341,0.20884275,0.15528296,0.20189725,0.09430877,0.30631024,0.43999937,0.39277843,0.7359649,1.544409,1.0339462,1.3039197,inf,0.22902118,2.3488607,0.15941155,0.15313135,1.3315258,0.5212476,0.7850948,17.287046,AVARAGE
381,0.27497572,,0.39926425,0.53109545,0.36772102,0.23406354,0.09606891,4.113315,0.27570388,0.3502111,0.13947341,0.39448696,0.39127487,0.5333568,1.599127,0.2679291,inf,0.5333568,1.599127,0.10521541,0.046265665,0.30483353,0.08665679,0.14113867,0.1967901,0.47017893,0.024022654,0.25058508,0.116916746,0.24878515,0.09910696,0.2749581,0.44383335,0.3876205,0.70429313,1.8656824,1.223989,2.2749481,inf,0.27397388,3.0504632,0.17622669,0.21150522,1.5024467,0.50847375,0.77637,19.0417,HEALTHY
382,0.28304607,,0.3831933,0.5137105,0.58184195,0.24193995,0.112866126,5.2183213,0.28738388,0.36244088,0.14266516,0.3929902,0.46878228,0.56432146,1.7087566,0.27794617,inf,0.56432146,1.7087566,0.10897772,0.048696127,0.3147354,0.11223105,0.17402238,0.22039899,0.44853014,0.02384997,0.25915205,0.15812981,0.2487062,0.10537766,0.2661725,0.43695122,0.425795,0.69553936,1.8531554,1.1591798,1.4221493,inf,0.28366247,3.069205,0.19893695,0.22304435,1.489567,0.5512548,0.79143864,20.014658,AVARAGE
383,0.20328382,,0.43874064,0.37002695,0.5721892,0.21755132,0.08238256,6.7154813,0.24879682,0.256645,0.10694073,0.43555686,0.40043896,0.53945214,1.581822,0.24355283,0.75783217,0.53945214,1.581822,0.08417642,0.03334328,0.27056763,0.119612336,0.15370604,0.20493169,0.44447792,0.01895165,0.22466479,0.16513187,0.21953619,0.07049143,0.31251475,0.4479892,0.3983418,0.73405427,1.5654193,1.030632,1.0714409,inf,0.24842016,2.3623455,0.14956686,0.17779255,1.4549897,0.5516811,0.78149945,18.78746,AVARAGE
384,0.1974538,,0.38870677,0.4009696,inf,0.1959568,0.108109996,inf,0.22950943,0.23582886,0.09975334,0.4195906,0.36214906,0.48973227,1.4602023,0.22492908,inf,0.48973227,1.4602023,0.08329631,0.028329184,0.2570817,0.09355037,0.17843112,0.19248988,0.43373898,0.020609256,0.21125454,0.10823801,0.19976854,0.05931024,0.29904327,0.43801534,0.3818662,0.72864115,1.5794358,1.0538881,1.1459812,inf,0.23071292,2.449019,0.16331638,0.1546365,1.3366389,0.5046521,0.7935946,17.032677,HEALTHY
385,0.20288052,,0.36118603,0.43024623,inf,0.18260878,0.11267579,1.147177,0.22012383,0.24725042,0.10396872,0.38842496,0.3227961,0.444549,1.0963519,0.21570395,inf,0.444549,1.0963519,0.08519654,0.036481872,0.25314832,0.10456994,0.17308359,0.18352763,0.40288627,0.025805948,0.20613785,0.15192522,0.19343436,0.07767552,0.28809616,0.40484527,0.37240767,0.754812,1.5337412,1.0566325,1.4402301,inf,0.22248463,2.4294481,0.17116313,0.1520217,1.2914283,0.4573479,0.7900414,15.559019,AVARAGE
386,0.23076935,,0.38525638,0.42146847,inf,0.21673574,0.13121639,1.2361434,0.2490621,0.2771614,0.114086516,0.42029122,0.40558904,0.5151056,1.7166218,0.24273305,inf,0.5151056,1.7166218,0.09451821,0.034770746,0.2698702,0.11083622,0.1878014,0.19166148,0.43885022,0.028375488,0.22396211,0.15906776,0.21312758,0.0736938,0.31340975,0.43971705,0.38783455,0.75951797,1.5641222,1.0563622,0.81887347,inf,0.24754187,2.3845527,0.19627008,0.18946202,1.2733185,0.5237015,0.8066724,18.146574,HEALTHY
387,0.2648435,,0.33232847,0.5529519,inf,0.22723883,0.13594085,1.2014973,0.28167886,0.33486617,0.13541518,0.3678816,0.4218012,0.5302276,1.3658288,0.27295136,inf,0.5302276,1.3658288,0.1041205,0.04031056,0.32473993,0.1033233,0.19809781,0.22153178,0.43097657,0.019166382,0.26236606,0.14117245,0.25505418,0.085642934,0.24764735,0.41633967,0.4270231,0.6794255,1.9242072,1.200425,2.0212936,inf,0.28092182,3.418906,0.21412475,0.19486691,1.3900172,0.51331395,0.7757857,18.818733,HEALTHY
388,0.28595373,,0.40030825,0.49619645,0.35235244,0.30087224,0.13042504,inf,0.3413435,0.33845773,0.1365885,0.44456175,0.6027182,0.7154811,2.3921287,0.3299124,0.33802733,0.7154811,2.3921287,0.11352464,0.04048576,0.35793948,0.07126554,0.21081151,0.2540906,0.54552066,0.028393101,0.29924804,0.10061783,0.3137161,0.08609182,0.26665366,0.52606666,0.47580388,0.6134947,2.1613257,1.250956,0.9435675,inf,0.33393934,3.47598,0.21546708,0.2427717,1.5299835,0.6935431,0.76846814,25.27558,AVARAGE
389,0.3305365,,0.32211885,0.6613069,0.33215374,0.26333946,0.16040057,1.1625999,0.3252782,0.3986199,0.1566628,0.37112206,0.5361403,0.6055209,1.6453912,0.31367192,0.33146802,0.6055209,1.6453912,0.12683587,0.0422683,0.3675162,0.10792932,0.22779481,0.24668325,0.4601295,0.037249904,0.29825234,0.13166784,0.29352832,0.090119556,0.23458959,0.44353038,0.47562698,0.64263767,2.1576571,1.2753708,1.6083359,2.2353404,0.32106665,3.9833126,0.24984798,0.23003092,1.4231563,0.5789833,0.7717469,21.585098,HEALTHY
38,0.21306033,,0.40531352,0.39473236,inf,0.21888256,0.10168982,2952064500.0,0.2537939,0.25295976,0.10620157,0.42021668,0.39700106,0.5279666,1.4834608,0.24812075,0.3820712,0.5279666,1.4834608,0.08840833,0.027127707,0.27774504,0.09419757,0.16412659,0.198824,0.45296767,0.024017517,0.2299787,0.1229056,0.22070073,0.056659132,0.2957552,0.4481524,0.3947325,0.7148219,1.6631632,1.0853648,1.3795843,inf,0.2532845,2.5518174,0.16870917,0.17783232,1.4079409,0.53231394,0.7834565,18.567549,AVARAGE
390,0.17483354,,0.40069294,0.34801066,inf,0.17214704,0.09620891,1.6307294,0.19988923,0.20583732,0.088165395,0.42090663,0.30638146,0.4308147,1.2256498,0.19685245,inf,0.4308147,1.2256498,0.07535369,0.02544711,0.22412276,0.09128312,0.15482987,0.16950358,0.41835406,0.020193929,0.18461238,0.09480645,0.17022257,0.053139303,0.31544855,0.42619073,0.34767854,0.76195776,1.4341698,1.0065861,1.2473527,inf,0.20208666,2.141164,0.14875981,0.13907413,1.301107,0.4538247,0.8114361,14.954352,AVARAGE
391,0.18028374,,0.37279853,0.41731957,1.2998857,0.147264,0.09285254,1.4451221,0.18055844,0.20936996,0.08953794,0.38319963,0.252356,0.36764959,0.83499265,0.1774889,1.1071253,0.36764959,0.83499265,0.07929137,0.036977503,0.21368971,0.1293645,0.14969404,0.15969673,0.35074675,0.026214836,0.17259377,0.13946721,0.1591321,0.079015985,0.30608794,0.36396998,0.3346599,0.81201035,1.2679656,0.9326436,1.0225444,inf,0.18439898,1.9614298,0.14486982,0.12484935,1.2568849,0.38755652,0.8415381,12.7497225,HEALTHY
392,0.21823654,,0.38946813,0.39796463,1.0972974,0.2171778,0.1235156,inf,0.24877365,0.26336038,0.108878806,0.42179543,0.39890125,0.5152173,1.7795006,0.24235329,1.040006,0.5152173,1.7795006,0.09102571,0.04451159,0.26855135,0.10169074,0.18019952,0.18876837,0.44040117,0.025867013,0.22315165,0.108020626,0.2066965,0.09597999,0.30738777,0.44049037,0.381953,0.74416107,1.5750343,1.0504956,0.9290046,inf,0.24703425,2.395482,0.18917954,0.1858461,1.3045403,0.5197853,0.8107254,18.165276,HEALTHY
393,0.2200872,,0.3556137,0.436229,inf,0.21281935,0.117404245,1.0294354,0.2556074,0.26998672,0.1122795,0.3915373,0.38566998,0.5087019,1.2305366,0.24940689,0.41724378,0.5087019,1.2305366,0.09063384,0.03316478,0.28813192,0.07505322,0.18144909,0.20634682,0.44371995,0.0162355,0.2358288,0.089802854,0.22839068,0.069872044,0.26420718,0.4366829,0.40793127,0.6826713,1.7912685,1.1437081,2.0346754,inf,0.25599426,2.887725,0.18462346,0.17534985,1.3750417,0.5113057,0.7739172,17.928272,AVARAGE
394,0.25951073,,0.3857186,0.48638162,inf,0.25581214,0.12726845,2.378079,0.295979,0.29513657,0.12142773,0.43026716,0.50248146,0.6149153,1.8338345,0.28785563,0.426079,0.6149153,1.8338345,0.106922135,0.039603315,0.31997895,0.0815535,0.20139831,0.22883701,0.49979624,0.023988651,0.26534766,0.11551585,0.26964658,0.0845572,0.2790565,0.49269858,0.45098478,0.65765625,1.936928,1.1846621,1.0611318,inf,0.29297036,3.0827415,0.1988225,0.20423628,1.4218713,0.614061,0.7637844,21.643503,HEALTHY
395,0.23699458,,0.38264266,0.49462464,1.0636489,0.18230799,0.0950597,3.399107,0.22461492,0.29054305,0.11800473,0.36752972,0.32242143,0.42521822,1.12832,0.21866241,inf,0.42521822,1.12832,0.09618073,0.042669363,0.26049384,0.12962458,0.14283854,0.17703246,0.3650009,0.015650626,0.21069479,0.14362125,0.19174549,0.09188767,0.28725493,0.36882234,0.3673834,0.7888084,1.4484394,1.0101696,1.4176518,inf,0.22574493,2.392976,0.16786219,0.16706023,1.3927873,0.4277059,0.82535374,15.060001,HEALTHY
396,0.16984525,,0.3882898,0.3195725,1.16763,0.19914874,0.12079764,0.73866045,0.22912103,0.20238318,0.08728346,0.43964332,0.37281597,0.50306255,1.5115517,0.22469428,inf,0.50306255,1.5115517,0.07464946,0.03313586,0.25140563,0.096322864,0.19487873,0.19631644,0.44120687,0.032716464,0.20834632,0.11710456,0.19932088,0.07013532,0.3121983,0.4527965,0.38440725,0.7210314,1.5412505,1.0114285,2.0626466,inf,0.22971262,2.300001,0.17283605,0.15158592,1.2786316,0.52202535,0.7979539,17.429274,HEALTHY
397,0.18978046,,0.40139678,0.3639074,2.0603375,0.19877158,0.115588315,1.135446,0.22967786,0.25350907,0.10546151,0.4243503,0.35167098,0.47746506,1.5006745,0.22477174,1.4223185,0.47746506,1.5006745,0.08134661,0.062207367,0.2520906,0.123047866,0.17391522,0.1795699,0.4155074,0.020341277,0.20865375,0.14226903,0.19486372,0.13896847,0.32815656,0.41985455,0.36798438,0.7867377,1.422143,0.9946084,1.8276188,4.1903367,0.22976023,2.130823,0.17667906,0.16978917,1.2633102,0.48889652,0.81839174,16.759678,HEALTHY
398,0.23568632,,0.36975875,0.44975463,0.76678705,0.22339946,0.13445193,1.1796649,0.26091975,0.26417953,0.109868445,0.42632905,0.44128248,0.5484437,1.6700182,0.25415453,1.1590247,0.5484437,1.6700182,0.09965418,0.036681343,0.28585953,0.09902247,0.21180739,0.21690696,0.45156282,0.034395285,0.23616903,0.121739805,0.22446586,0.07819373,0.28691137,0.45768458,0.42015418,0.68828344,1.7148075,1.0730728,1.1366851,3.500611,0.25951684,2.6913648,0.19846314,0.18271211,1.3255476,0.55860406,0.795605,19.144367,HEALTHY
399,0.29848218,,0.3498664,0.6260886,inf,0.21085362,0.10472108,3.1813927,0.26442325,0.38888898,0.15122762,0.34382084,0.38011247,0.47525558,1.2254808,0.25603724,inf,0.47525558,1.2254808,0.11241692,0.05456555,0.30817893,0.109501794,0.14905791,0.20029207,0.40051,0.021585193,0.24781415,0.12569255,0.22878826,0.119112805,0.24265818,0.3852218,0.401466,0.7206793,1.8235705,1.1959922,2.868445,2.6335764,0.26396543,3.3397188,0.19246869,0.20229967,1.495928,0.4594519,0.79107124,17.007614,HEALTHY
39,0.19050837,,0.4460927,0.3275429,0.4709833,0.21419369,0.09643196,4.8101845,0.23685014,0.23282894,0.098518975,0.46313053,0.3719641,0.51928383,1.7025542,0.23250623,0.48423678,0.51928383,1.7025542,0.079587966,0.027543835,0.25123876,0.0924275,0.15379852,0.18225352,0.4805201,0.019894943,0.2108118,0.09611378,0.2038696,0.05758611,0.3347903,0.4779001,0.36388093,0.73029906,1.5575012,1.0472624,0.8881739,inf,0.2361566,2.2449174,0.15620193,0.17700785,1.3700943,0.5287374,0.79526895,18.210394,AVARAGE
3,0.22648291,,0.394007,0.4129384,0.3159341,0.24673788,0.112738244,4.890542,0.28109574,0.27564728,0.114727885,0.42512366,0.453473,0.5986231,1.9463902,0.27380085,0.27958825,0.5986231,1.9463902,0.09228086,0.032022398,0.30263045,0.07395432,0.18558511,0.21905176,0.4912069,0.012074248,0.25157213,0.09744163,0.2538754,0.06720502,0.2768604,0.47665405,0.4163223,0.67191786,1.8564742,1.1638186,1.018188,2.6466334,0.2787973,2.8887208,0.18162711,0.19641566,1.4460113,0.59185046,0.7583052,21.025345,UNHEALTHY
400,0.309266,,0.3389471,0.6120668,0.36391205,0.24684948,0.14691709,1.5778307,0.29910707,0.35955933,0.1433982,0.38079602,0.50084233,0.5701146,1.68142,0.289267,0.5806927,0.5701146,1.68142,0.12165394,0.037958853,0.33518794,0.104265444,0.20881388,0.22475646,0.4529505,0.027354611,0.27337676,0.1232115,0.26557136,0.08053418,0.2528999,0.4443838,0.45405492,0.67770237,1.9724783,1.2190756,3.9427288,2.7139876,0.29609886,3.4473352,0.22906525,0.2153659,1.3896064,0.5627559,0.7753242,20.28261,HEALTHY
40,0.21525311,,0.4145075,0.37702337,inf,0.22881168,0.11379656,3.951611,0.2562778,0.2624636,0.1096912,0.44356418,0.4161621,0.55057687,1.882622,0.25020617,inf,0.55057687,1.882622,0.08873178,0.031240314,0.27257255,0.092062406,0.17660347,0.19585909,0.4805246,0.022738317,0.22795142,0.1135485,0.22343421,0.06563403,0.31192288,0.4743585,0.38768148,0.7171034,1.6646152,1.0922484,1.4973613,inf,0.2543882,2.4733784,0.17662485,0.1921279,1.365642,0.5545878,0.7905274,19.350801,HEALTHY
41,0.17801358,,0.4257853,0.32956272,inf,0.2014589,0.0923626,5.5861125,0.23038842,0.21511415,0.09191092,0.4423739,0.3631897,0.5063989,1.449147,0.22626826,inf,0.5063989,1.449147,0.07597732,0.027090464,0.25173715,0.099064305,0.16252966,0.19340676,0.4455264,0.016845051,0.20902021,0.11632884,0.19927819,0.05663055,0.31473103,0.44788653,0.3755117,0.7229996,1.5357748,1.0138304,1.166234,inf,0.2309914,2.2830882,0.15037654,0.15699631,1.3885366,0.5194027,0.7895286,17.583548,AVARAGE
42,0.23227873,,0.37185764,0.46364436,inf,0.22227082,0.117820315,inf,0.2612029,0.26028726,0.10900009,0.40768605,0.4203229,0.55338913,1.5878508,0.25487533,0.45085338,0.55338913,1.5878508,0.09743416,0.034444883,0.29003882,0.09027764,0.19824864,0.21954292,0.4480426,0.0228525,0.23855454,0.13456117,0.233179,0.0727723,0.27108628,0.44307825,0.41679353,0.68760467,1.7566216,1.10833,1.1110235,inf,0.26085854,2.8102036,0.17997232,0.17507906,1.4012569,0.5532274,0.7713375,19.287067,AVARAGE
43,0.2237214,,0.39315605,0.40950862,0.45266947,0.23723891,0.12560771,2.3069394,0.27097064,0.2631193,0.10992409,0.4338973,0.45923868,0.58451074,1.8697028,0.26417872,inf,0.58451074,1.8697028,0.0931951,0.030503098,0.29176524,0.10597704,0.20274255,0.21654749,0.4641777,0.022874262,0.24268542,0.15240453,0.23607105,0.06403974,0.29716843,0.46382925,0.4208402,0.7071581,1.6956503,1.0784785,0.94109255,3.0683215,0.26897094,2.594824,0.18968002,0.18822308,1.3595917,0.5912462,0.7880587,20.408594,AVARAGE
44,0.21335658,,0.4076013,0.37646276,inf,0.24178559,0.111150734,5.87315,0.27484614,0.2598506,0.10902088,0.43461472,0.44677824,0.59108675,1.7837255,0.26818153,0.34156382,0.59108675,1.7837255,0.08799089,0.028948788,0.29454172,0.10241,0.18629701,0.21741356,0.47660786,0.027052794,0.24554108,0.1300802,0.2438579,0.060559053,0.29407257,0.46827456,0.41348487,0.6933306,1.7391715,1.099245,1.3268585,inf,0.2727973,2.6418731,0.17707358,0.19168001,1.4202579,0.58980924,0.7691498,20.713526,HEALTHY
45,0.22016913,,0.39257,0.4456586,0.68973166,0.20717283,0.09950601,3.9182649,0.24236158,0.24104962,0.101654485,0.4105529,0.3831822,0.5113215,1.4737911,0.23707925,0.71321326,0.5113215,1.4737911,0.094422616,0.039415196,0.26911643,0.09352077,0.16868444,0.20083916,0.43818974,0.028864462,0.22173765,0.120569006,0.21284986,0.08394919,0.2852382,0.43654507,0.39805594,0.7129925,1.6449051,1.0749989,1.2565148,inf,0.24282585,2.5517247,0.16016547,0.16480674,1.4120415,0.5190273,0.7859512,17.854908,AVARAGE
46,0.17645721,,0.43561158,0.32921568,0.76168746,0.1872053,0.092978135,inf,0.21043558,0.19882685,0.08583137,0.4562467,0.3296326,0.46212843,1.4165955,0.20746508,1.2086221,0.46212843,1.4165955,0.07747386,0.025368623,0.22863743,0.11461969,0.15468684,0.17144518,0.43499318,0.017126314,0.19058555,0.10260875,0.17810354,0.052968152,0.34189725,0.4477271,0.3538119,0.75902367,1.3862168,0.96224236,1.5529771,inf,0.2116686,1.9851207,0.1450901,0.15059766,1.3098696,0.48806164,0.8181127,16.088781,HEALTHY
47,0.23989922,,0.4164649,0.40068194,0.431544,0.2729648,0.118165724,5.36596,0.3059861,0.28916842,0.11934224,0.44749504,0.52798927,0.6572884,2.17353,0.2969748,0.34526384,0.6572884,2.17353,0.09764502,0.034628358,0.32029992,0.094140254,0.19362754,0.23252514,0.5138886,0.04012897,0.26868266,0.12224937,0.27350572,0.07315746,0.2890693,0.50221056,0.44081792,0.6618034,1.8989766,1.1530051,0.7519589,3.0006707,0.3009135,2.898658,0.19383352,0.2184637,1.4703174,0.6492649,0.7734526,23.12144,HEALTHY
48,0.179562,,0.4238387,0.3077943,0.7530165,0.23620847,0.11545925,inf,0.26093575,0.21750626,0.09333219,0.47360012,0.4596636,0.6092469,2.0340333,0.25551704,inf,0.6092469,2.0340333,0.07744948,0.030058084,0.2754139,0.10287896,0.20701839,0.22322443,0.48872495,0.024236241,0.23123336,0.14409114,0.23268582,0.063223146,0.31359842,0.49518505,0.4170302,0.6822843,1.6605759,1.0345365,0.7849796,4.2598658,0.25929922,2.4302812,0.17148091,0.17536038,1.3807214,0.626825,0.7750299,21.020475,HEALTHY
49,0.20028362,,0.43342218,0.3467495,0.4808027,0.25451535,0.10895837,inf,0.2845241,0.2392564,0.10158933,0.47587064,0.49242195,0.6445576,2.0118308,0.2779986,inf,0.6445576,2.0118308,0.084971614,0.03394047,0.30130222,0.08735374,0.20159914,0.23704037,0.5174724,0.04939623,0.25232866,0.12204852,0.25960442,0.07175547,0.30174217,0.51589274,0.43620828,0.64411926,1.8350002,1.1031716,0.9575735,inf,0.28203264,2.757125,0.17177989,0.18738893,1.4702076,0.65198624,0.7614668,22.368692,HEALTHY
4,0.14762573,,0.42300925,0.29378468,inf,0.1726723,0.08113402,3.6654406,0.1981909,0.17997573,0.0787668,0.43143958,0.29405472,0.4457834,1.2623243,0.1958192,0.5618785,0.4457834,1.2623243,0.06410401,0.022072617,0.22153357,0.09182195,0.14742635,0.17549784,0.42548075,0.02069075,0.18295535,0.1199593,0.1742517,0.045763463,0.31803527,0.42868948,0.33825725,0.7526129,1.4311213,0.9955684,1.4077038,inf,0.20091344,2.103032,0.12952024,0.12848328,1.3578112,0.46159774,0.7996017,15.371819,UNHEALTHY
50,0.21304473,,0.43168673,0.35778576,0.5129991,0.26637745,0.118246645,311621150.0,0.29471716,0.25503224,0.107320614,0.4826968,0.5283128,0.67611694,2.2529697,0.28716448,inf,0.67611694,2.2529697,0.089639775,0.034468535,0.3078563,0.09821372,0.21548633,0.24307302,0.5236625,0.021616276,0.25881678,0.13778609,0.26631632,0.07297679,0.30322534,0.52318275,0.4443681,0.64392203,1.8461982,1.0963589,0.7514059,inf,0.2907467,2.765708,0.18382095,0.20188214,1.4554075,0.68069404,0.7626563,23.450848,HEALTHY
51,0.17607203,,0.39530376,0.39106092,0.71359354,0.16465062,0.08153992,2.1084476,0.1936962,0.20390995,0.08784467,0.40111932,0.29134437,0.42086962,1.2278246,0.19097662,inf,0.42086962,1.2278246,0.07677712,0.029097507,0.2226976,0.10491779,0.14626944,0.17011234,0.39464673,0.021220645,0.1818143,0.15512177,0.17169514,0.061141726,0.30814856,0.40271407,0.3481703,0.7918132,1.3846891,1.0000205,1.1833363,inf,0.197098,2.1153395,0.1291681,0.12777296,1.3170698,0.4439254,0.8029788,14.549871,None
52,0.3042583,,0.36435968,0.58271974,0.28403735,0.2604892,0.12039754,22046128000.0,0.308699,0.35788238,0.14321476,0.39027467,0.4763683,0.60290724,1.7407256,0.29905072,0.40059766,0.60290724,1.7407256,0.11853474,0.048182473,0.33938015,0.07805932,0.18281324,0.2292106,0.48747924,0.041692432,0.27912116,0.13851777,0.2852711,0.103729464,0.24862169,0.4597451,0.43632522,0.6511348,2.0688622,1.2697048,4.514316,inf,0.30523318,3.472341,0.20491555,0.22499375,1.498211,0.57297075,0.7667676,21.453672,UNHEALTHY
53,0.31474674,,0.34710357,0.6243608,0.37164977,0.2722619,0.15027137,2.1662772,0.32588226,0.36361,0.14562789,0.40075454,0.557532,0.63902247,1.8375899,0.31520244,0.43939847,0.63902247,1.8375899,0.1253331,0.046658687,0.35995704,0.08242737,0.2237199,0.2485539,0.4938322,0.017507551,0.29510745,0.09637521,0.29857746,0.10034483,0.24431568,0.4802883,0.48549205,0.62165225,2.1596284,1.2680937,1.8202717,inf,0.32155654,3.7638094,0.23575543,0.22716667,1.4544961,0.62223905,0.761515,22.639854,None
54,0.25384364,,0.36145437,0.47126362,0.24998906,0.27183703,0.14188275,inf,0.32217598,0.29515266,0.122114636,0.41303852,0.5516861,0.6628271,1.7138312,0.31255648,0.20214295,0.6628271,1.7138312,0.103932865,0.033434726,0.35184252,0.097196445,0.23453565,0.26053753,0.48366132,0.046184167,0.2902694,0.15076579,0.28967008,0.07056329,0.25262874,0.4733346,0.48221004,0.6280723,2.0388052,1.1781863,2.949991,2.4994175,0.31825563,3.389277,0.21879993,0.20801567,1.4621971,0.6529458,0.75941217,23.248266,None
55,0.3018436,,0.3744156,0.5663725,inf,0.27742925,0.12944484,4.6835194,0.32457656,0.35670555,0.14235255,0.41613528,0.54979086,0.6573717,1.8888558,0.31456003,0.4762453,0.6573717,1.8888558,0.11940696,0.04904189,0.35095328,0.06615051,0.20424151,0.2460505,0.5161278,0.03117861,0.29038733,0.08735544,0.30168694,0.10571585,0.25197214,0.49838927,0.4728815,0.6197607,2.1535084,1.2727072,1.2615186,inf,0.31977963,3.5937765,0.21268155,0.22978975,1.509192,0.6378245,0.7582658,23.242899,UNHEALTHY
56,0.2757845,,0.4340879,0.45435253,0.43018007,0.2953353,0.10997317,13.92966,0.33354896,0.3218408,0.13015515,0.4570321,0.62794554,0.71198505,2.3475044,0.3219132,0.39946455,0.71198505,2.3475044,0.11181484,0.035407342,0.34684545,0.10477837,0.19515233,0.25646052,0.5294487,0.015680676,0.29091868,0.12341482,0.29950744,0.07505332,0.27844265,0.5283524,0.48873162,0.61962056,2.0503771,1.1710819,0.7921437,inf,0.3257798,3.220712,0.1947341,0.24072525,1.5962747,0.70671153,0.7730506,25.03367,UNHEALTHY
57,0.27547795,,0.40907273,0.49398527,0.22655599,0.29007846,0.1018433,inf,0.33399594,0.3136397,0.12845652,0.4300109,0.59769654,0.6978305,2.2494876,0.32296243,0.22476345,0.6978305,2.2494876,0.11198888,0.03327074,0.3566451,0.075679585,0.18769468,0.2602865,0.5243062,0.022921192,0.2962713,0.092301235,0.30991346,0.070108384,0.25122705,0.51375127,0.4907671,0.59993786,2.1532257,1.2313907,1.1649152,2.8207123,0.32811445,3.509384,0.18509594,0.22774495,1.6471343,0.6881674,0.7738151,24.57099,None
58,0.2646017,,0.36094096,0.49957258,inf,0.25193316,0.13192232,inf,0.29928172,0.32090282,0.13057035,0.4002726,0.47359607,0.59541416,1.5993929,0.29036388,0.35810462,0.59541416,1.5993929,0.10555099,0.038345337,0.32916063,0.09031828,0.20307428,0.2320319,0.47223482,0.037766986,0.27092218,0.12667195,0.26820308,0.0814279,0.25749752,0.45655167,0.43974066,0.65477574,1.9660386,1.1930453,1.1899117,2.7364337,0.29631838,3.2547822,0.2107803,0.21126716,1.4376128,0.57857007,0.76749736,21.055635,AVARAGE
59,0.28089187,,0.37439635,0.54948,inf,0.26127848,0.13210274,3.4433122,0.31139344,0.32786584,0.13307814,0.41329983,0.5269694,0.624449,1.7706863,0.301865,0.366322,0.624449,1.7706863,0.11297397,0.03789994,0.3442143,0.10815025,0.20976463,0.24426393,0.4793026,0.014919214,0.28250283,0.156709,0.28320894,0.08046436,0.26656345,0.47118747,0.47136664,0.65058523,1.9998355,1.1945459,2.703033,inf,0.30813125,3.397384,0.21344517,0.21161877,1.4567953,0.61528057,0.7615667,22.019833,None
5,0.15221538,,0.41866797,0.3158802,inf,0.16628355,0.083272465,2.6814795,0.19211169,0.17965674,0.07843032,0.43302098,0.29779184,0.44156632,1.2475094,0.18985325,0.7542512,0.44156632,1.2475094,0.06692617,0.022807445,0.2168842,0.096184686,0.15585235,0.17887318,0.417816,0.018420754,0.17847832,0.11470618,0.16919993,0.047396358,0.31558686,0.42865655,0.34670466,0.74721605,1.41538,0.9789354,1.413148,inf,0.19521143,2.0983527,0.12872991,0.122662105,1.3552089,0.4654801,0.79671115,15.099055,UNHEALTHY
60,0.15806293,,0.39883506,0.3541022,0.94064283,0.1446054,0.068839155,3597484000.0,0.17671065,0.19302088,0.08332302,0.3797783,0.25776884,0.3683748,0.8638858,0.17383088,1.3712839,0.3683748,0.8638858,0.069908544,0.02405406,0.20936862,0.14641623,0.1283085,0.1602789,0.33160838,0.019247677,0.16909519,0.14225176,0.16121635,0.05017958,0.30456182,0.35370445,0.34333938,0.81983083,1.1956843,0.879864,2.6245935,inf,0.1807041,1.8453808,0.121312365,0.11870662,1.3512889,0.3992348,0.8523996,12.732704,UNHEALTHY
61,0.20978852,,0.3867639,0.42103094,inf,0.19693974,0.10129827,2.1569555,0.23133579,0.25523677,0.10692782,0.4049536,0.33522874,0.48016226,1.2195736,0.22699982,0.4711873,0.48016226,1.2195736,0.08683334,0.0337769,0.259313,0.0906481,0.16242953,0.18903178,0.43653652,0.026752906,0.2132309,0.16746871,0.20723566,0.071257055,0.29220343,0.4303027,0.37267843,0.73421997,1.6125548,1.0937324,1.7833045,3.072184,0.232863,2.488381,0.16195896,0.16439357,1.359529,0.48424718,0.7770087,16.809343,AVARAGE
62,0.18281136,,0.39924565,0.3732433,0.98553944,0.18497196,0.094346605,3.3245907,0.2171518,0.204209,0.088057846,0.42128465,0.3329706,0.47381422,1.1809766,0.21362427,inf,0.47381422,1.1809766,0.080231376,0.031020937,0.24467166,0.09870861,0.16849913,0.19341134,0.422028,0.03509015,0.20111246,0.12946595,0.19070354,0.06553469,0.29983616,0.42921752,0.37586495,0.7248161,1.5168235,1.0108844,1.4608822,inf,0.2194561,2.3020868,0.1470823,0.1412763,1.3669927,0.48880845,0.7820685,16.365479,None
63,0.1605792,,0.37781006,0.37383482,1.4951054,0.13596943,0.0679979,2.77003,0.1677891,0.19877928,0.08540887,0.37256268,0.2343698,0.34568545,0.85180205,0.16494115,inf,0.34568545,0.85180205,0.07036312,0.03681761,0.20192714,0.119687654,0.1272492,0.15782875,0.3453725,0.01844624,0.16214485,0.091030724,0.14487873,0.07882247,0.28299224,0.35809615,0.32444355,0.77721727,1.3068823,0.94295913,13.8252535,inf,0.17218198,2.0591505,0.118438035,0.11361261,1.3655014,0.37140596,0.83802956,11.894638,None
64,0.15601364,,0.42226228,0.30919766,1.1709981,0.16807981,0.08354859,3.7000332,0.196904,0.19049849,0.082342595,0.42917672,0.30459064,0.42731616,1.1235638,0.194072,1.0148892,0.42731616,1.1235638,0.068526715,0.02641793,0.22248219,0.12829357,0.14970158,0.17124513,0.39031667,0.014364883,0.18287686,0.108173855,0.17165539,0.055369634,0.32742637,0.4095932,0.3557846,0.7734224,1.3143878,0.9201755,0.93496805,inf,0.19954675,1.9459947,0.13453624,0.13086636,1.3274076,0.459323,0.83012336,14.782757,HEALTHY
65,0.23898043,,0.4272918,0.4055844,0.669448,0.25264916,0.110715106,inf,0.28170937,0.27596948,0.1139435,0.45404586,0.49642232,0.61218107,2.0544667,0.27411664,inf,0.61218107,2.0544667,0.099020384,0.030806705,0.29551014,0.099312626,0.1829691,0.21595554,0.49681553,0.021065941,0.24800153,0.12777922,0.24634868,0.0648445,0.30590358,0.49950966,0.42907304,0.6890533,1.7570231,1.1013024,1.1291982,3.5817199,0.2779349,2.6364455,0.18134733,0.20734863,1.4301904,0.62158716,0.7727779,21.47392,UNHEALTHY
66,0.2177304,,0.42031407,0.38232666,0.48623446,0.2518154,0.104916796,inf,0.2840436,0.2597553,0.10873725,0.45335844,0.47941297,0.6241034,1.9324064,0.2770676,0.49503717,0.6241034,1.9324064,0.09052772,0.030007271,0.302292,0.092761286,0.18737292,0.22832441,0.49760672,0.0401092,0.25254548,0.10315357,0.25411013,0.06297522,0.29338583,0.4945174,0.4313285,0.6605588,1.8092943,1.1067594,0.9285377,3.0998955,0.2814105,2.7512538,0.17278892,0.19412526,1.465092,0.6258997,0.76400304,21.777044,AVARAGE
67,0.3810451,,0.35735887,0.6853363,0.18099779,0.345591,0.16155544,5.0767794,0.40990502,0.46920758,0.17885652,0.41314012,0.7564089,0.7962213,2.474257,0.39260754,0.22317024,0.7962213,2.474257,0.14157936,0.05248457,0.43593925,0.072190486,0.24722087,0.29784703,0.56148577,0.017775953,0.360515,0.1487077,0.38283557,0.11391964,0.22252166,0.5294438,0.54000807,0.5510808,2.6538537,1.4152136,1.2635393,2.2368374,0.39702243,4.946508,0.26944822,0.29303184,1.6315318,0.73732513,0.7868717,28.379805,AVARAGE
68,0.3008862,,0.398576,0.5616362,inf,0.27893305,0.10878614,5.320556,0.32928303,0.3516447,0.14097379,0.41483274,0.5660255,0.65717155,1.836591,0.31875104,0.3793499,0.65717155,1.836591,0.11969874,0.041261483,0.35729104,0.098826244,0.18603064,0.24940325,0.4984071,0.02888567,0.29506683,0.12194013,0.29567358,0.08808079,0.25597543,0.48751897,0.48379108,0.62899,2.1008675,1.2277442,1.5264469,inf,0.32409704,3.545261,0.19524252,0.23075016,1.6050427,0.6452728,0.7650456,23.250845,None
69,0.19017206,,0.4082271,0.36880282,inf,0.19108075,0.09118018,inf,0.22151002,0.22078042,0.09393674,0.4225566,0.3415772,0.47047466,1.3263174,0.21743733,inf,0.47047466,1.3263174,0.08154956,0.026603943,0.2454685,0.10102193,0.15287882,0.18368098,0.4279545,0.030031886,0.20277764,0.12947163,0.18997374,0.055620074,0.30831316,0.43260494,0.3689937,0.74166965,1.5052508,1.0196564,1.1766136,inf,0.22269134,2.261001,0.14959793,0.15529092,1.3627253,0.48582086,0.7994791,16.426579,HEALTHY
6,0.15891427,,0.4239502,0.2939922,inf,0.21461459,0.09927963,14498039000.0,0.23977342,0.18106772,0.079313464,0.46652728,0.41469687,0.5677385,1.817174,0.23590226,inf,0.5677385,1.817174,0.07025626,0.019655062,0.25917506,0.076150574,0.19083998,0.21596183,0.48181915,0.014018517,0.21612898,0.10589506,0.2168659,0.04063055,0.30594075,0.49174473,0.4059448,0.67358214,1.6510684,1.0403304,0.8704732,3.3848972,0.24039778,2.4361215,0.14800958,0.1448065,1.4067224,0.5927942,0.7655149,19.47309,AVARAGE
70,0.25049525,,0.3855824,0.5258812,0.7168881,0.2162255,0.092366464,3.5946944,0.2619165,0.29305553,0.11997495,0.3962887,0.41927552,0.5335343,1.3528847,0.25532424,inf,0.5335343,1.3528847,0.103180826,0.03992186,0.29825208,0.092982456,0.1684555,0.22245473,0.43799588,0.022585774,0.2428719,0.12805615,0.23600957,0.0851058,0.2581123,0.43797675,0.43342134,0.6680286,1.8238351,1.132668,1.5565681,inf,0.26229888,3.0681875,0.16113923,0.17583854,1.5363691,0.5403081,0.77542603,18.634771,AVARAGE
71,0.16339405,,0.40041643,0.33668485,0.8731865,0.17706157,0.08366228,3.061704,0.2068306,0.19095382,0.08284728,0.42013913,0.3129777,0.46009687,1.1360382,0.20402429,0.8844874,0.46009687,1.1360382,0.07165645,0.025405232,0.23364194,0.09117825,0.1597545,0.18892466,0.42186317,0.021849548,0.19210559,0.14355433,0.18368092,0.053116765,0.2999572,0.43003494,0.36504912,0.7314092,1.496526,1.0128753,1.708924,3.828861,0.20973134,2.2531765,0.1324723,0.13143487,1.3630172,0.479648,0.78195286,15.841589,HEALTHY
72,0.28645796,,0.37360442,0.5404091,inf,0.2694946,0.107823834,inf,0.32362,0.35696,0.14255767,0.38881162,0.5263783,0.63435686,1.765416,0.31274864,0.28903165,0.63435686,1.765416,0.11143702,0.044484254,0.3570766,0.063474365,0.18108627,0.25132322,0.48940355,0.011244131,0.29290095,0.09614977,0.30084515,0.09530794,0.23148577,0.46535623,0.4648941,0.6108739,2.1933365,1.2772614,2.17333,2.2552507,0.3191808,3.7948616,0.19659446,0.22513983,1.63172,0.60715055,0.7727676,22.470232,AVARAGE
73,0.2156449,,0.36973187,0.46312755,inf,0.18124825,0.09407737,2.1322417,0.21895346,0.27201682,0.11234451,0.38087764,0.3189417,0.4399423,1.1526489,0.21433276,0.93163943,0.4399423,1.1526489,0.08844794,0.039098132,0.25285718,0.10040341,0.1520534,0.18031476,0.3990356,0.018034087,0.20537448,0.11743252,0.18877338,0.0833766,0.27690828,0.3992985,0.36993572,0.74526685,1.555041,1.0673008,2.0604796,inf,0.22117019,2.5226402,0.15866785,0.15754743,1.3681325,0.45137873,0.7960388,15.403452,AVARAGE
74,0.2663472,,0.3796963,0.49612352,0.45444477,0.2552712,0.13811095,1.8585701,0.29237005,0.30670547,0.12572642,0.43646687,0.4947869,0.61952287,1.988162,0.28424388,0.35624564,0.61952287,1.988162,0.108375646,0.034122773,0.31463426,0.084576055,0.21641804,0.22935244,0.5024414,0.031907618,0.2613449,0.15408628,0.26610795,0.071994595,0.28393513,0.4946581,0.44057143,0.66548455,1.9068725,1.1771165,1.3183603,inf,0.28931722,2.999383,0.20754552,0.20920843,1.3750287,0.6159459,0.76347136,21.7285,AVARAGE
75,0.26722252,,0.38296118,0.4664399,inf,0.2703131,0.12835461,3.2619295,0.31426606,0.33589083,0.13562573,0.41285568,0.5121064,0.6263522,1.8310114,0.3041514,0.3627442,0.6263522,1.8310114,0.1057698,0.038848415,0.33581805,0.10592028,0.19379298,0.23090222,0.48448598,0.014229547,0.27917182,0.12999779,0.27391222,0.08256977,0.2715945,0.4709588,0.44578117,0.6703019,1.9372991,1.1785077,1.6439369,inf,0.30895376,3.0947907,0.21364361,0.23249169,1.4484065,0.60894513,0.77746016,22.262512,AVARAGE
76,0.27257648,,0.3688077,0.50919795,0.3057381,0.2620658,0.13049814,3.0297904,0.30728364,0.3238335,0.13139817,0.410748,0.51285046,0.6188421,1.8590308,0.29776216,0.37329027,0.6188421,1.8590308,0.10886562,0.035778314,0.33411282,0.07476226,0.20154472,0.23426667,0.49513876,0.031147523,0.27599353,0.12722677,0.28001422,0.075684436,0.2608294,0.4809598,0.4519619,0.6475528,2.0301712,1.2254022,3.4645658,inf,0.303356,3.342223,0.21021399,0.21625862,1.446414,0.60656214,0.76966625,21.88754,AVARAGE
77,0.2250559,,0.34892553,0.47155556,0.5538881,0.2059553,0.11480027,inf,0.25214952,0.2679851,0.111449964,0.38364118,0.37563577,0.50037235,1.0782003,0.24617575,inf,0.50037235,1.0782003,0.09301798,0.032736357,0.28952733,0.0825175,0.18416183,0.21226797,0.42917097,0.029676095,0.23539327,0.11386217,0.22600447,0.06902968,0.25602007,0.4236677,0.41041076,0.6777365,1.7938387,1.1348776,2.0622365,2.9465737,0.25339657,2.9809995,0.18327415,0.16672568,1.3948369,0.5002615,0.7711483,17.53799,HEALTHY
78,0.2626086,,0.3448406,0.53044844,0.47426125,0.22081888,0.1207854,1.0883698,0.26901096,0.322381,0.13064657,0.37430853,0.40216908,0.5114684,1.2065502,0.26169178,inf,0.5114684,1.2065502,0.10520351,0.040627923,0.30499133,0.095079325,0.17784417,0.2050529,0.43303472,0.017699182,0.24864945,0.09659698,0.23644276,0.086630315,0.2558247,0.42408904,0.4185855,0.6932278,1.8269727,1.1726472,2.42899,inf,0.2686572,3.0511508,0.19821261,0.1939848,1.3819864,0.507315,0.77146155,18.179941,AVARAGE
79,0.20776153,,0.3818063,0.37411916,0.6708875,0.24888831,0.13586658,1.5985329,0.2862059,0.24877077,0.10507568,0.4446718,0.4960371,0.62118256,1.759926,0.27913007,0.5561828,0.62118256,1.759926,0.08792443,0.027956288,0.30902144,0.096617244,0.22562139,0.23630024,0.4849599,0.03235282,0.25678608,0.1289845,0.25530255,0.05860873,0.2863892,0.48952904,0.4521045,0.6572027,1.8205081,1.0999278,1.299828,inf,0.28412008,2.8188438,0.19958594,0.18601196,1.367372,0.6345075,0.76234835,21.64011,AVARAGE
7,0.19066869,,0.40775537,0.3710334,0.5481045,0.19941318,0.09811189,2.8656738,0.2256665,0.22684547,0.0966868,0.4202918,0.3518321,0.48912695,1.8496073,0.22120059,inf,0.48912695,1.8496073,0.08020151,0.029758878,0.2474855,0.09868898,0.1577602,0.17853518,0.4376396,0.020197423,0.20495573,0.118889675,0.19600733,0.06240436,0.30895486,0.43496153,0.3583002,0.75904363,1.5162436,1.0504129,2.7529626,3.2824485,0.22628014,2.2823985,0.15548147,0.15982485,1.350508,0.49976668,0.79505324,17.08523,UNHEALTHY
80,0.30479768,,0.40494448,0.5388686,0.2991093,0.29302052,0.10360805,inf,0.34228164,0.37450328,0.14772843,0.415494,0.58212674,0.68447423,1.9719182,0.3305643,0.2760085,0.68447423,1.9719182,0.117765255,0.04534142,0.36571828,0.06675968,0.17657977,0.2544075,0.52846926,0.015741974,0.30355746,0.09872707,0.3183537,0.09744174,0.24762337,0.50473535,0.4783247,0.6070748,2.2428007,1.2983944,25.142464,inf,0.33543402,3.7418616,0.19352734,0.24641854,1.660152,0.65557927,0.7727969,24.299288,AVARAGE
81,0.16673799,,0.44477007,0.29724407,0.6748376,0.21875283,0.10324477,9076518000.0,0.24454916,0.19097874,0.08320578,0.47736263,0.41107443,0.55888397,1.6593103,0.24049588,0.67324585,0.55888397,1.6593103,0.07352222,0.022665704,0.26220307,0.10925187,0.18326536,0.20596448,0.47169733,0.02569169,0.2193003,0.11384038,0.21615979,0.04715047,0.33591536,0.4855747,0.4023651,0.71003306,1.5451689,0.9967449,0.863485,inf,0.24457811,2.2405663,0.15667547,0.15657213,1.3663185,0.58261824,0.7843788,19.336967,AVARAGE
82,0.15000568,,0.41010255,0.318301,inf,0.15439877,0.08202767,2.7877753,0.18101595,0.17573744,0.07676661,0.41759375,0.265886,0.40716797,1.0264654,0.17898323,0.9436531,0.40716797,1.0264654,0.06716337,0.03127936,0.20711617,0.107043654,0.15094566,0.17115721,0.3904746,0.021740578,0.16972648,0.14663695,0.15978284,0.06595357,0.31927964,0.40124133,0.3337327,0.78104717,1.3205484,0.9427411,1.5020244,inf,0.18457466,1.9565953,0.1261198,0.11859729,1.3176346,0.42901623,0.81453675,13.937631,AVARAGE
83,0.20584455,,0.3695992,0.408937,0.45868647,0.21597931,0.1155675,2.0315714,0.25670716,0.24428889,0.10291102,0.4134375,0.40763548,0.5415425,1.3108206,0.25105515,0.4547235,0.5415425,1.3108206,0.08672575,0.030900465,0.2883345,0.08350586,0.19708283,0.22209962,0.45232257,0.04697453,0.23649512,0.12779924,0.23408563,0.06504391,0.27048403,0.45306194,0.42388898,0.6642891,1.7821772,1.1093622,2.6228352,inf,0.25747055,2.8456838,0.17533614,0.16451176,1.399209,0.55078673,0.7633083,18.839842,AVARAGE
84,0.17622736,,0.39403513,0.34829685,0.5162652,0.17382438,0.096070826,inf,0.20478402,0.21393819,0.091479816,0.40038967,0.29784596,0.42639267,1.1298455,0.20127274,0.53354025,0.42639267,1.1298455,0.074823186,0.024211591,0.23118283,0.10272728,0.15143275,0.17041811,0.39640978,0.028862046,0.18987605,0.14930932,0.17589244,0.05038705,0.3074819,0.398321,0.3457897,0.78102344,1.403288,0.99348974,1.4289099,3.322136,0.20697168,2.1117709,0.15213186,0.14395966,1.3162465,0.44125086,0.8111296,14.904702,HEALTHY
85,0.3357367,,0.3752338,0.60492855,0.24112764,0.30751204,0.13202672,7.173594,0.3645453,0.4037715,0.15808202,0.40369865,0.6471479,0.7145504,2.0953605,0.35094315,inf,0.7145504,2.0953605,0.12870647,0.045254096,0.39120367,0.087979674,0.21026255,0.26923013,0.51689583,0.02007252,0.32342812,0.11506918,0.3294088,0.09697339,0.23406906,0.494397,0.504344,0.5980143,2.3301299,1.305229,1.9926934,inf,0.35578,4.113989,0.23026186,0.25968325,1.6301708,0.68040246,0.77463865,25.4046,AVARAGE
86,0.21811667,,0.37469155,0.39933893,0.56662935,0.2540417,0.13610035,2.4641612,0.29452962,0.2579628,0.10851332,0.43705288,0.5041057,0.63200164,1.7285298,0.2870418,0.37611094,0.63200164,1.7285298,0.091838226,0.031690076,0.31929076,0.092969276,0.22807279,0.24351197,0.4872754,0.03891119,0.2648104,0.12096573,0.26561823,0.066816665,0.27479038,0.48788846,0.45978332,0.64236355,1.8901682,1.125542,1.1218069,inf,0.29224345,2.9749062,0.20272589,0.18939935,1.3932288,0.64000076,0.7612504,22.045437,AVARAGE
87,0.22853917,,0.3790211,0.4188978,0.65297264,0.22993328,0.1223906,inf,0.26556608,0.28814915,0.11835552,0.42467555,0.43146542,0.55865234,1.566095,0.25924227,inf,0.55865234,1.566095,0.09301337,0.03556588,0.2888062,0.093597256,0.19524087,0.21219948,0.47223365,0.024273485,0.23949225,0.13321406,0.23752649,0.07533436,0.287516,0.46938396,0.417376,0.6907037,1.766698,1.1273856,1.2227097,3.276164,0.2642987,2.7388964,0.18915918,0.19332957,1.3522812,0.56567776,0.76600385,19.59087,AVARAGE
88,0.17307985,,0.4302618,0.3242941,inf,0.20585692,0.10155765,3.563245,0.22860736,0.19853605,0.08587457,0.46981847,0.38093376,0.53963447,1.6579281,0.2255862,0.50556225,0.53963447,1.6579281,0.075718895,0.026763607,0.24676529,0.08389576,0.18420617,0.20241052,0.4815315,0.030295577,0.20612767,0.15940718,0.20777972,0.055978436,0.32561663,0.48866004,0.3871674,0.70816416,1.5795578,1.0396887,3.8847558,inf,0.22970061,2.293938,0.14845271,0.14969124,1.3525729,0.563293,0.7714485,18.552439,AVARAGE
89,0.27035943,,0.37124655,0.5175049,inf,0.25613323,0.1106032,inf,0.30758014,0.34131247,0.13694106,0.39275563,0.49203137,0.60842305,1.6429518,0.29793072,0.44382638,0.60842305,1.6429518,0.10612612,0.042798437,0.340932,0.07801034,0.18562236,0.24359934,0.47521785,0.024774676,0.27949393,0.11188461,0.28161365,0.09167698,0.23967798,0.45788032,0.45395792,0.62522036,2.0814204,1.2305758,1.8906218,2.4868743,0.30432615,3.5641947,0.19421773,0.21402247,1.5737172,0.58909273,0.77622086,21.473478,AVARAGE
8,0.21823916,,0.3864025,0.4378192,inf,0.21900897,0.10371691,2.9175434,0.25800216,0.2679101,0.111642525,0.41182366,0.39923906,0.5458984,1.5300694,0.25206655,inf,0.5458984,1.5300694,0.08993049,0.03842867,0.28793633,0.093188986,0.182357,0.2164725,0.44957504,0.024662483,0.23653044,0.13191707,0.23089534,0.081834115,0.27275828,0.44311637,0.40652367,0.6839696,1.7541405,1.1119204,2.3306303,3.1092408,0.25820228,2.8042467,0.16867621,0.173681,1.4469066,0.54522276,0.77031714,19.005829,AVARAGE
90,0.19020721,,0.3853499,0.34130326,0.3460634,0.25106287,0.12845626,2.9097521,0.28883463,0.22206679,0.09511658,0.4520118,0.51490915,0.6481294,1.8338193,0.2817116,inf,0.6481294,1.8338193,0.081691146,0.024095975,0.31174827,0.07262651,0.23429342,0.25314358,0.49679416,0.024366,0.25912267,0.08815016,0.2648236,0.05012181,0.27284837,0.4992061,0.46192017,0.6172256,1.9066377,1.1047082,2.0167935,3.1168022,0.2867513,2.9606662,0.18854333,0.17380002,1.4316701,0.6588296,0.75651,22.391928,AVARAGE
91,0.17789826,,0.37912202,0.3550795,0.47267964,0.19959635,0.10480533,1.7050914,0.23422118,0.21209818,0.09106558,0.41993955,0.36117363,0.5075454,1.212707,0.23018463,0.5378948,0.5075454,1.212707,0.07668094,0.027739625,0.2622061,0.09177838,0.18521082,0.20417756,0.4376631,0.021268358,0.21590485,0.105944134,0.20790122,0.05806736,0.28745314,0.4415714,0.39541566,0.69843906,1.6196356,1.0498639,1.3087147,inf,0.23602888,2.4811466,0.15810674,0.14839576,1.347202,0.5215028,0.77582586,17.601288,HEALTHY
92,0.23248976,,0.37953565,0.443466,0.4757748,0.24362125,0.119587965,inf,0.2824415,0.2645356,0.11072632,0.42675018,0.46968603,0.6006197,1.6842655,0.27560398,0.4368547,0.6006197,1.6842655,0.09728256,0.032915965,0.30834368,0.08089269,0.20323244,0.23028354,0.48518738,0.03853751,0.25518638,0.13170125,0.2566843,0.06937198,0.27167517,0.48028442,0.4425977,0.65386146,1.8796972,1.149901,13.411103,inf,0.2810361,2.97147,0.18603621,0.18634866,1.4258007,0.6049597,0.75707436,21.002613,None
93,0.22776353,,0.37872946,0.41279203,0.4339635,0.24069345,0.13217928,1.3091284,0.2773375,0.2726897,0.11317221,0.42881143,0.45812374,0.58715117,1.7243028,0.2701785,inf,0.58715117,1.7243028,0.09403081,0.032616597,0.29995042,0.09932693,0.20978211,0.22155511,0.4694413,0.03354467,0.2490107,0.14029337,0.24421789,0.06876136,0.28863308,0.46711108,0.42723787,0.6873566,1.7626573,1.1021861,1.2014198,3.1733935,0.27523255,2.734852,0.19759,0.19333138,1.348652,0.5886092,0.7749366,20.565691,HEALTHY
94,0.11892924,,0.43545717,0.24560127,inf,0.1372984,0.072088026,4.031195,0.1576256,0.14252208,0.06357893,0.4331612,0.24447855,0.36779505,1.050632,0.15662138,inf,0.36779505,1.050632,0.05521532,0.026204728,0.17915201,0.14461268,0.13779119,0.14772502,0.35738134,0.017680816,0.14752476,0.13774624,0.1533424,0.05493648,0.3610657,0.38287947,0.31536403,0.8505834,1.0769005,0.8315346,0.76964056,inf,0.16141519,1.5176369,0.10825518,0.10230965,1.2386633,0.40909085,0.87185013,12.510412,None
95,0.22947858,,0.38606748,0.43138474,inf,0.23115396,0.11744705,2.580664,0.2699469,0.26999068,0.112492695,0.41378212,0.44296724,0.55825174,1.69361,0.26276448,0.33887714,0.55825174,1.69361,0.094684266,0.027006771,0.2964461,0.10632315,0.18607819,0.21283442,0.45216975,0.026702875,0.24461003,0.12332349,0.23776671,0.056329057,0.28250343,0.44934812,0.42122707,0.6966039,1.7412223,1.1017765,2.5652602,inf,0.26849416,2.7565546,0.1868651,0.18681502,1.4056826,0.56221247,0.7773902,19.611626,HEALTHY
96,0.18767224,,0.3571692,0.3830258,inf,0.17911534,0.1101499,0.693385,0.21579404,0.23076013,0.09768018,0.3813855,0.31519613,0.4357718,1.0988593,0.21128187,0.7589028,0.4357718,1.0988593,0.07918737,0.030248325,0.2472053,0.09517002,0.16956022,0.18176845,0.3945857,0.022952737,0.20157443,0.12676102,0.18445747,0.06352196,0.27917272,0.39572498,0.36520502,0.747202,1.5198567,1.0371627,1.3785094,inf,0.21784896,2.3894308,0.16812503,0.14915922,1.3094469,0.44776005,0.8000946,15.262735,AVARAGE
97,0.18364474,,0.42679992,0.3323087,0.70928943,0.21258575,0.10459821,3.9607015,0.24008787,0.21752632,0.09258701,0.45406505,0.39513597,0.53871614,1.6249231,0.23561917,inf,0.53871614,1.6249231,0.07874079,0.027147911,0.25949275,0.1115874,0.17958799,0.20149273,0.45184425,0.029351423,0.21621837,0.12963851,0.21093978,0.056855146,0.32508022,0.46237698,0.3933331,0.7288651,1.5238557,1.0015249,0.93558437,3.9556963,0.24008831,2.246124,0.15929122,0.1624515,1.3536713,0.55601865,0.78301966,18.67798,AVARAGE
98,0.14755347,,0.37861907,0.32815835,inf,0.1447256,0.08259083,1.4355781,0.17424922,0.179511,0.07849188,0.38373128,0.23239793,0.36812553,0.78492063,0.17209375,0.7337345,0.36812553,0.78492063,0.06440569,0.024392383,0.20409094,0.102368586,0.14091563,0.15881786,0.36992225,0.018621687,0.1659277,0.16007769,0.1551142,0.050790492,0.30239683,0.37435257,0.31560183,0.8036329,1.3147012,0.9705549,1.7693253,inf,0.17853987,1.9753155,0.12731414,0.114485934,1.280692,0.38216534,0.8197762,12.716917,AVARAGE
99,0.1744124,,0.40479168,0.32607806,0.67807114,0.21510471,0.10416105,4.234217,0.24710846,0.2089499,0.08960958,0.44452456,0.40585816,0.5622622,1.4903464,0.24267301,0.40972194,0.5622622,1.4903464,0.07501637,0.026458453,0.27092543,0.08606443,0.19528718,0.22267719,0.46346608,0.038922742,0.22461282,0.13135982,0.22405319,0.05529145,0.29278567,0.4669747,0.41113394,0.67373586,1.6788712,1.0488269,1.2660893,inf,0.24776922,2.5478616,0.15868558,0.15382239,1.408913,0.57639766,0.7598092,19.34609,HEALTHY
9,0.24533918,,0.4082876,0.43223423,0.5262996,0.25804067,0.11341589,4.964252,0.2922126,0.2937279,0.12077628,0.4381024,0.4916032,0.6231662,2.1333725,0.28373918,inf,0.6231662,2.1333725,0.09949882,0.03915547,0.3103254,0.08010365,0.1879668,0.22639786,0.50501996,0.025213446,0.25895023,0.11572375,0.26327363,0.083426304,0.28144115,0.49209708,0.42645752,0.66059333,1.9025443,1.1671078,0.99755836,2.9236288,0.28828812,2.9489136,0.18698928,0.21097682,1.479646,0.6153376,0.77460784,21.894056,AVARAGE
