ID,OSAVI_mean,ATSAVI_mean,TVI_mean,CRI_2_mean,R_MCARI_MTVI2_mean,blue_mean,NPCI_mean,R_TCARI_OSAVI_mean,RERI_mean,rede_mean,MSAVI_mean,SAVI_mean,ARI_2_mean,TCARI_mean,TSAVI_mean,red_mean,NDRE_mean,RDVI_mean,NGRDI_mean,DVI_mean,NEXG_mean,MCARI_mean,RVI_1_mean,GNDVI_mean,RVI_2_mean,SPVI_mean,RECI_mean,NDWI_mean,EVI_mean,PSRI_mean,RGVI_mean,ENDVI_mean,EVI_2_mean,MTCI_mean,DATT_mean,GCI_mean,SAVI_2_mean,MCARI_2_mean,MTVI_2_mean,NDCI_mean,MCARI_1_mean,MTVI_1_mean,green_mean,NDVI_mean,SIPI_mean,SRPI_mean,nir_mean,HEALTH_STA
128,0.36455274,,19.668913,2.666794,1.9823087,0.13313735,0.11565947,1.3115904,0.39949813,0.32232484,0.3741668,0.38024145,1.0984808,0.31557503,0.805503,0.16170606,0.12910183,0.3384796,0.1707216,0.29232308,0.24276847,0.49816647,3.0225463,0.37193486,2.3310287,0.3892123,0.30549082,0.0485398,0.21058592,0.24140951,0.9135076,0.3777168,0.3932839,inf,inf,1.3572859,18.565409,1.5155023,1.5155023,0.27241963,0.50457865,0.50457865,0.18621022,0.46333453,0.47088492,0.8643533,0.4221724,AVARAGE
116,0.4108768,,22.934444,2.549303,3.4329696,0.12767841,0.101430625,1.0369952,0.4408512,0.36493093,0.43033877,0.433917,1.1636748,0.37206224,0.81031543,0.15264665,0.12838826,0.4011478,0.18390161,0.34153366,0.28108183,0.5956596,3.4643157,0.39796412,2.4403117,0.4419306,0.3000198,0.050662786,0.2368272,0.19112295,0.7921479,0.4387263,0.45293143,inf,inf,1.4555331,21.355074,1.5622269,1.5622269,0.29061115,0.58731246,0.58731246,0.2003993,0.51557416,0.5356527,0.86679894,0.4770689,AVARAGE
86,0.35905,,18.796284,2.2409303,3.7076907,0.14113967,0.099305086,inf,0.40646124,0.31831405,0.36325216,0.3709273,0.91029173,0.3368405,0.8009649,0.16299099,0.116930366,0.32695502,0.16614749,0.27710927,0.22803557,0.44424295,2.8333995,0.34404033,2.1184425,0.3578925,0.27180022,0.03526774,0.21184714,0.24206243,0.8638581,0.35370636,0.3793891,inf,0.4654025,1.164914,18.578623,1.1240618,1.1240618,0.24574836,0.48419133,0.48419133,0.19444332,0.45927706,0.45517683,0.9100354,0.4045143,None
212,0.43336627,,25.76062,2.1920831,2.8452158,0.13246864,0.10489115,1.1048702,0.47238082,0.40249237,0.46288505,0.4646161,1.1362582,0.4243607,0.81872714,0.15348467,0.12502952,0.436916,0.211562,0.37728944,0.32579258,0.7195711,3.6887038,0.39168665,2.4061437,0.4739012,0.29369694,0.067705564,0.26115957,0.1971281,0.71982056,0.45992517,0.49000952,inf,inf,1.4211621,19.1679,1.8278905,1.8278905,0.2876407,0.6648294,0.6648294,0.22135815,0.5359885,0.5551096,0.89282876,0.51881796,AVARAGE
2,0.3899874,,23.656132,1.9831957,2.5600982,0.17277896,0.07652823,1.3220127,0.49938428,0.4178864,0.4113321,0.41575086,0.92250335,0.43457976,0.80788016,0.17270724,0.08214223,0.38442943,0.22065462,0.33622986,0.2799782,0.7502134,3.2468066,0.32887748,2.064896,0.40461686,0.1842454,0.038102597,0.2775803,0.16567138,0.7292088,0.35037348,0.43490756,inf,inf,1.0887375,17.023054,2.0931246,2.0931246,0.2648376,0.6202487,0.6202487,0.24374281,0.48606074,0.46435863,1.0529994,0.48803136,None
108,0.37567878,,21.87737,2.1338956,2.695481,0.1380226,0.12461244,inf,0.43515557,0.37231526,0.39428112,0.39928538,0.97956955,0.38203222,0.809542,0.17277813,0.10486256,0.3606887,0.18756859,0.3192553,0.2800757,0.5947541,3.048313,0.34944794,2.1805263,0.40890115,0.2402314,0.051366463,0.21976748,0.21475296,0.83595425,0.40426052,0.4160184,inf,inf,1.2057214,15.248759,1.8270236,1.8270236,0.26298603,0.56608576,0.56608576,0.21603797,0.4687546,0.48689547,0.8361578,0.4622895,None
195,0.44022956,,24.622427,2.8325965,7.991433,0.12850215,0.10135242,1.0169517,0.48847893,0.377254,0.46653554,0.4663405,1.3920197,0.34850636,0.8288888,0.14813381,0.117454454,0.4196896,0.20293087,0.3679285,0.28631765,0.79752284,3.9203877,0.41844913,2.5982635,0.48073253,0.27413443,0.060697384,0.26212502,0.2699605,0.7900814,0.4388623,0.49312082,inf,inf,1.6644385,35.77105,1.7145919,1.7145919,0.32631844,0.6291288,0.6291288,0.19171236,0.5501707,0.54628444,0.92065287,0.47966486,AVARAGE
291,0.38787234,,22.221752,2.318265,2.369558,0.13819186,0.11732898,1.2413787,0.4235934,0.36727437,0.40942916,0.4137057,1.0910944,0.38045055,0.80678624,0.17359711,0.12815168,0.3756509,0.16198915,0.33213004,0.2561837,0.53940207,3.063369,0.37775856,2.3371081,0.4349908,0.30389538,0.049432453,0.22531772,0.27570823,0.87140715,0.40916875,0.43032417,inf,inf,1.3617668,15.439766,1.4921961,1.4921961,0.27705958,0.56823426,0.56823426,0.20912899,0.48195487,0.49860075,0.8253939,0.47503915,AVARAGE
190,0.31459975,,18.070871,1.9910002,2.1550255,0.16579683,0.13544747,1.620215,0.40359268,0.35493296,0.32777572,0.3342658,0.86951256,0.34203216,0.8017889,0.20532176,0.087797105,0.28825903,0.13914357,0.2659478,0.18489684,0.4642638,2.3798165,0.3119461,1.9873332,0.35985228,0.19936325,0.045356795,0.19893712,0.2565478,0.98639035,0.30750033,0.34328294,inf,inf,1.0413011,9.0870075,1.4680048,1.4680048,0.24644142,0.46507007,0.46507007,0.21452062,0.39224675,0.39494032,0.85724306,0.41835552,HEALTHY
249,0.3815618,,21.910706,2.2413898,5.5048356,0.14259122,0.09777747,inf,0.4494818,0.37820068,0.40094587,0.40559906,1.0381199,0.38235313,0.8038948,0.16932286,0.10629142,0.37083176,0.1772779,0.32310852,0.26432383,0.58897394,3.0888684,0.36217102,2.2452738,0.41714737,0.24469729,0.041614108,0.2283144,0.21105677,0.8293982,0.39740145,0.42177758,inf,inf,1.260142,16.33694,1.5289736,1.5289736,0.2779463,0.5637627,0.5637627,0.21235317,0.4756007,0.49117616,0.8738152,0.46990773,AVARAGE
277,0.44042304,,24.528517,2.849316,3.1130245,0.13261051,0.08169852,inf,0.4709785,0.3726294,0.46412158,0.46601716,1.3637311,0.36757264,0.8220119,0.14080288,0.13042587,0.4295926,0.1900205,0.36799073,0.2589864,0.6992994,3.8194904,0.42610556,2.642604,0.47976622,0.30766842,0.05524819,0.27229252,0.23931618,0.77829754,0.42617452,0.4906403,inf,0.35825503,1.6667292,34.163086,1.7005832,1.7005832,0.32105786,0.6251138,0.6251138,0.18960854,0.55142105,0.5451649,0.976922,0.48814312,AVARAGE
268,0.43822587,,25.361614,2.4801126,3.6885145,0.1333445,0.09004999,1.0978757,0.48642427,0.3866187,0.46601114,0.46713862,1.2147334,0.4003989,0.8237634,0.15433998,0.11609164,0.4193352,0.20407137,0.37448734,0.30337518,0.7484994,3.6052134,0.39712954,2.4208076,0.47869202,0.26916158,0.05501167,0.2635397,0.33495665,0.7856005,0.43661433,0.49224606,inf,inf,1.480341,24.747683,1.6884389,1.6884389,0.30248424,0.6519268,0.6519268,0.20621517,0.5448052,0.5403484,0.9022941,0.48890987,AVARAGE
25,0.3965421,,23.10378,2.1197262,2.6495092,0.14341688,0.083696626,1.1161159,0.44172025,0.38693482,0.41901898,0.42312676,1.0499444,0.38853654,0.81234646,0.16121238,0.11605141,0.39975843,0.187434,0.34076542,0.26817968,0.6170287,3.3734927,0.37360576,2.3080628,0.43558812,0.26928577,0.031515844,0.24443859,0.12928578,0.7618389,0.40942103,0.4431938,inf,inf,1.3116744,22.228144,1.8448343,1.8448343,0.27532423,0.5946778,0.5946778,0.21654944,0.49279645,0.5131222,0.920968,0.4941818,AVARAGE
40,0.39243484,,23.457552,1.807015,3.2331512,0.18214887,0.07849602,inf,0.518332,0.40891773,0.4138419,0.41736367,0.8966655,0.43247673,0.8053286,0.17175303,0.08614958,0.37630755,0.23026939,0.33203116,0.26852363,0.7720378,3.2086864,0.3197996,1.9878752,0.39516157,0.19524871,0.09736585,0.29745004,0.21693969,0.72228307,0.3297281,0.4359067,inf,inf,1.0672961,25.997736,1.6581504,1.6581504,0.25824377,0.6159006,0.6159006,0.24307498,0.4885782,0.45031407,1.1235355,0.46961474,AVARAGE
98,0.35050264,,21.074335,1.6624541,1.6734865,0.16081108,0.10206217,1.409461,0.39315072,0.3637193,0.3701633,0.37566864,0.7862927,0.39740932,0.7981022,0.19276033,0.112085246,0.3354437,0.16933107,0.3053229,0.24823244,0.48295563,2.6539335,0.32024938,1.976351,0.38867077,0.25810295,0.058668785,0.21775857,0.25697216,0.8649237,0.3596098,0.38853312,inf,inf,1.0302917,9.397407,1.6471908,1.6471908,0.22291493,0.54688597,0.54688597,0.2327085,0.43374208,0.4492319,0.8621325,0.45820224,AVARAGE
233,0.41136274,,22.777542,2.4744365,3.8429613,0.12802751,0.09054331,inf,0.47229415,0.36886403,0.43035644,0.43364167,1.1671569,0.36922872,0.81898296,0.15028837,0.114806786,0.39745718,0.19365704,0.3374702,0.2946492,0.65215594,3.4701464,0.38833904,2.3898568,0.43354034,0.26639947,0.057357516,0.23811585,0.23413315,0.78610945,0.43087244,0.45276237,inf,inf,1.414424,24.67135,1.3925481,1.3925481,0.29771167,0.58495975,0.58495975,0.19815014,0.51605916,0.52696985,0.88233423,0.4664642,AVARAGE
137,0.38282606,,22.854362,1.910836,1.7338792,0.14013527,0.119834445,inf,0.4371011,0.37984225,0.4053337,0.40949288,0.9276956,0.40469205,0.8149225,0.17368159,0.111364424,0.37280285,0.19597037,0.3305924,0.30071723,0.6041186,3.0942678,0.34388492,2.1426172,0.41786402,0.25694996,0.046773165,0.22636987,0.22039512,0.8013157,0.41479367,0.42766172,inf,inf,1.1626403,14.600318,1.7719263,1.7719263,0.25255442,0.59383786,0.59383786,0.22593074,0.47441345,0.49609616,0.8409469,0.4784816,AVARAGE
31,0.4185505,,23.698362,2.3047044,2.467839,0.16075973,0.07294318,inf,0.50673515,0.3823282,0.43649098,0.43920544,1.0631051,0.3827085,0.8239874,0.14689963,0.09787885,0.40259847,0.2374108,0.34040898,0.27472794,0.7866836,3.7031298,0.36116156,2.2393765,0.41760507,0.22292398,0.045325153,0.29918733,0.18589622,0.70282525,0.35366002,0.4606839,inf,inf,1.2694699,33.94984,1.721201,1.721201,0.28408006,0.61759424,0.61759424,0.21321353,0.52835685,0.48445398,1.1596688,0.4652306,AVARAGE
247,0.3596749,,20.68725,2.035014,2.8366823,0.13015743,0.1495817,inf,0.41574353,0.35516232,0.37626702,0.3815773,0.94329506,0.3588841,0.81271386,0.17901057,0.10457032,0.3388075,0.17635867,0.3028586,0.28428528,0.5421277,2.8774526,0.3376546,2.1108801,0.3930342,0.23970245,0.058918897,0.19781138,0.23891145,0.8690299,0.41397977,0.39631087,inf,inf,1.1587584,15.42921,1.674798,1.674798,0.25315553,0.53464085,0.53464085,0.2128622,0.44923103,0.47961912,0.7616075,0.44347563,HEALTHY
178,0.3296882,,19.982107,1.7708995,1.1845403,0.16384931,0.12465829,inf,0.37945452,0.36377987,0.34966418,0.3551273,0.8201236,0.368311,0.8013426,0.21139151,0.1032685,0.3100286,0.15167813,0.2922042,0.22773543,0.45885742,2.4570756,0.3115164,1.980029,0.38606402,0.2366765,0.043480534,0.1998099,0.27489072,0.9530439,0.33921817,0.36696985,inf,inf,1.0162585,7.065483,1.676947,1.676947,0.23123181,0.5167787,0.5167787,0.2304927,0.40625712,0.4177138,0.8109517,0.45195,AVARAGE
146,0.36916748,,20.600105,2.3335917,1.8418007,0.13942692,0.11083708,1.3853024,0.41261268,0.34050626,0.3823387,0.38746873,1.0066482,0.34758714,0.81351703,0.16863261,0.12192914,0.34532037,0.18558486,0.30085802,0.26869184,0.536501,3.0517213,0.3541659,2.2285695,0.390452,0.28813875,0.060257785,0.21632007,0.24379152,0.8644867,0.38173032,0.40198585,inf,inf,1.2633344,34.58628,1.5438482,1.5438482,0.25727877,0.5327778,0.5327778,0.20402004,0.46607584,0.47268125,0.87365305,0.43642986,AVARAGE
242,0.29864344,,17.38355,1.9639918,1.437163,0.15785716,0.1690426,1.9032257,0.37060857,0.35236937,0.31250364,0.31888613,0.86882186,0.33103713,0.8142005,0.22804448,0.08431368,0.26971033,0.13337338,0.25670898,0.20495866,0.41282552,2.1811035,0.3068477,1.9518188,0.35129717,0.18915795,0.071551755,0.16734962,0.26874658,1.0515217,0.33062032,0.32641065,inf,inf,1.0238793,6.7160797,1.4361812,1.4361812,0.24252255,0.44768715,0.44768715,0.2226489,0.37068132,0.3942631,0.72798115,0.4192353,AVARAGE
65,0.36579755,,20.320246,2.1436496,2.7945538,0.14638533,0.089247584,1.2070644,0.42383447,0.34645444,0.37678757,0.38375452,0.92329645,0.36886063,0.80199045,0.16618972,0.10846181,0.34412998,0.17104505,0.29830185,0.24148145,0.5069082,2.87868,0.3458098,2.109285,0.38066304,0.24806039,0.06736985,0.22210252,0.22571379,0.83803445,0.3709644,0.39539632,inf,inf,1.1634982,14.7442255,1.5404977,1.5404977,0.2525863,0.5238081,0.5238081,0.2073708,0.4618205,0.4726092,0.91247463,0.4331807,None
219,0.37021795,,20.961525,2.569388,2.1844254,0.13896045,0.13879864,1.4354143,0.4160914,0.359147,0.38911965,0.39380085,1.1963384,0.33815536,0.8127864,0.1797017,0.11723954,0.3507894,0.1568968,0.31466714,0.23190042,0.5523353,2.9801977,0.38313058,2.4127188,0.42787617,0.27355868,0.053789463,0.2132906,0.2388575,0.94810146,0.39339525,0.41008848,inf,inf,1.4374008,15.805775,1.6334708,1.6334708,0.29270086,0.53369904,0.53369904,0.19659999,0.4612855,0.48069715,0.8152535,0.45815623,AVARAGE
227,0.39800423,,21.802046,2.79747,3.0815887,0.13006778,0.10274355,1.0025948,0.45785454,0.37608603,0.41541892,0.42013654,1.2927203,0.35377103,0.810932,0.15546486,0.13025965,0.39783102,0.16646422,0.32985884,0.25907815,0.60262245,3.3774447,0.41203877,2.5570116,0.43221292,0.3114262,0.03961213,0.22835015,0.15022269,0.8293094,0.43175483,0.43703574,inf,inf,1.5600799,19.582174,1.4179728,1.4179728,0.31656283,0.5544902,0.5544902,0.19539943,0.499425,0.53350335,0.86332625,0.47969702,AVARAGE
95,0.38513175,,21.981535,2.2630284,13.881102,0.14866593,0.10250072,inf,0.45545167,0.37662098,0.4060927,0.40944806,1.0819254,0.36938658,0.8096321,0.17464681,0.09672515,0.36384186,0.17592065,0.32497066,0.24382618,0.63815844,3.1112826,0.3641034,2.2505922,0.4265331,0.22014125,0.048630588,0.23646635,0.24359982,0.8576378,0.37870494,0.4273731,inf,inf,1.3001878,23.080181,1.5287114,1.5287114,0.28399223,0.56445843,0.56445843,0.20838037,0.47947785,0.48025542,0.8957817,0.45896325,UNHEALTHY
93,0.38198078,,22.776808,1.7404394,2.6326933,0.1706048,0.078994356,1.319801,0.4468922,0.39426038,0.40342763,0.40767914,0.86546725,0.41527462,0.8052862,0.17748731,0.102601476,0.37808293,0.20171891,0.32709572,0.26384756,0.6139254,3.1400912,0.32951492,2.0667553,0.4012621,0.23422453,0.044352107,0.26079255,0.17364691,0.7442873,0.35762945,0.42465022,inf,inf,1.0843405,14.238502,1.694709,1.694709,0.24288695,0.59433407,0.59433407,0.24130863,0.47404927,0.46593693,1.0081961,0.48716712,AVARAGE
75,0.42499733,,23.93118,2.5926046,3.3594682,0.13232906,0.10027049,inf,0.48837614,0.38123953,0.44793606,0.4498718,1.2405901,0.36616454,0.82257223,0.15545611,0.105280936,0.40176567,0.19963026,0.35471815,0.2857746,0.7489081,3.5758107,0.3956662,2.4278173,0.46013337,0.24122483,0.052845772,0.25238356,0.23617944,0.798589,0.42195687,0.4730586,inf,0.31834474,1.482446,30.435831,1.691041,1.691041,0.31046784,0.61386126,0.61386126,0.19913593,0.5315975,0.5246928,0.90071654,0.47224537,AVARAGE
206,0.42543775,,24.237148,2.6356952,3.253623,0.12766139,0.09836191,1.0297089,0.4620756,0.3908165,0.45135328,0.45338896,1.3446511,0.370706,0.81586426,0.15115792,0.12327245,0.42807844,0.19166037,0.36353874,0.28905797,0.69662046,3.7468116,0.41723624,2.610019,0.4725408,0.28717846,0.04961279,0.24837098,0.15137358,0.77399945,0.45784053,0.47754243,inf,inf,1.6206764,37.866898,1.7309504,1.7309504,0.31760216,0.61873955,0.61873955,0.20154297,0.52918005,0.5568533,0.8763604,0.50626224,AVARAGE
58,0.3852894,,22.864008,2.089471,6.0129128,0.17214957,0.082997166,inf,0.5104725,0.4143165,0.40675017,0.41062835,0.98516977,0.42023453,0.8109435,0.17787147,0.07266305,0.36764017,0.19950823,0.32948777,0.25220066,0.7367997,3.0669765,0.33594865,2.0717666,0.40907222,0.16054775,0.07395787,0.26813638,0.21042976,0.78363585,0.3447537,0.42823264,inf,inf,1.1395175,15.973564,1.6840303,1.6840303,0.2806169,0.59499097,0.59499097,0.23316492,0.47929648,0.45786732,1.0180173,0.46953246,None
102,0.37420988,,21.813036,2.1162586,2.3789897,0.14308168,0.11850173,1.4853861,0.4231041,0.37059605,0.39502326,0.39939138,1.0005006,0.37938333,0.81019956,0.18221144,0.11336855,0.3585831,0.17089115,0.3215803,0.26571038,0.5623869,2.963412,0.3558711,2.2064297,0.419066,0.26300257,0.051769458,0.21744601,0.27085102,0.8741865,0.4004875,0.41551465,inf,inf,1.2446599,14.032616,1.6504141,1.6504141,0.26299936,0.5611001,0.5611001,0.21678281,0.46486712,0.48408672,0.82106227,0.46696764,AVARAGE
263,0.5126307,,28.953753,4.182569,2.8595586,0.10678678,0.078837276,inf,0.5250653,0.3942874,0.5500809,0.54494005,2.0198708,0.2948809,0.87559974,0.11153433,0.14216475,0.5043609,0.23022388,0.43803665,0.32124695,1.1417282,5.3118024,0.50614935,3.3207784,0.584509,0.34093696,0.054429475,0.30518824,0.24852538,0.7251703,0.51036537,0.5886529,inf,0.36325446,2.3460643,73.644035,2.3707702,2.3707702,0.40445587,0.7341085,0.7341085,0.16410543,0.64104867,0.6270017,0.9972654,0.52800727,AVARAGE
88,0.42671603,,25.577806,2.113165,3.2161303,0.14795811,0.0751079,1.167852,0.53534794,0.43730274,0.45530742,0.45694557,1.0952146,0.43913487,0.8167363,0.15746662,0.08090085,0.4282652,0.22734837,0.36926675,0.32214218,0.8638657,3.6492348,0.36415198,2.2513218,0.45106706,0.18052182,0.044954505,0.27320588,0.16612902,0.68638134,0.42317048,0.48114917,inf,inf,1.2663696,19.808828,1.7689159,1.7689159,0.29971457,0.66550905,0.66550905,0.23373897,0.52808607,0.5290174,0.97655696,0.513862,UNHEALTHY
76,0.44025615,,23.387121,3.426743,3.3396347,0.11770319,0.08065306,0.81883645,0.47935095,0.36724362,0.4577087,0.46044058,1.5473939,0.3232479,0.82903343,0.12858456,0.12792179,0.4365496,0.18665516,0.3555183,0.26064813,0.73034626,4.0656543,0.45721295,2.8418121,0.46937206,0.29938543,0.024074098,0.25628632,0.12321025,0.77631116,0.45307446,0.4841722,inf,inf,1.8428754,37.970528,1.7669691,1.7669691,0.35507402,0.5930219,0.5930219,0.17298889,0.5577885,0.57308847,0.9423397,0.47926623,None
285,0.4465325,,23.143576,3.7548277,3.083393,0.11996098,0.10665588,inf,0.4674173,0.32292396,0.45983452,0.46067062,1.5409032,0.30171815,0.8447039,0.123065166,0.14897284,0.4131034,0.2164716,0.34566948,0.27786353,0.72578025,4.19868,0.43748778,2.785019,0.4523045,0.36584315,0.05998081,0.2715569,0.31425554,0.8054036,0.4273566,0.4839923,inf,inf,1.8392918,68.05435,1.55309,1.55309,0.33381516,0.59107625,0.59107625,0.16402584,0.5737555,0.5482737,1.0507408,0.43487847,AVARAGE
173,0.3315625,,19.722246,1.8865435,3.0927603,0.16055058,0.12854852,inf,0.4126893,0.36916456,0.34964955,0.35479292,0.8693003,0.35880584,0.8142717,0.20509146,0.0876904,0.30564225,0.15815264,0.28695172,0.22305365,0.53265727,2.5576499,0.31187233,2.0015144,0.38376316,0.19825326,0.04863137,0.20148097,0.23941688,0.9374121,0.33503658,0.36767742,inf,inf,1.0420967,11.628439,1.7012825,1.7012825,0.2449047,0.51119614,0.51119614,0.22358179,0.41076928,0.41528323,0.8256871,0.4397831,UNHEALTHY
6,0.4509677,,25.472893,2.8787081,2.6574075,0.14346622,0.07612266,1.0177513,0.4869773,0.3900717,0.47654453,0.47724283,1.3933138,0.36502522,0.82529193,0.14015983,0.12906422,0.44846728,0.21252818,0.37840554,0.26202828,0.7940062,4.1159587,0.4292296,2.6739862,0.4874163,0.3042948,0.033318672,0.2982428,0.155442,0.72296673,0.4143997,0.5046622,inf,inf,1.681174,34.441383,1.884336,1.884336,0.3269422,0.65265083,0.65265083,0.19855379,0.56530523,0.5473571,1.0734892,0.50762635,UNHEALTHY
267,0.37224203,,21.085056,2.2476854,8.576453,0.13210696,0.135803,1.2156197,0.4283502,0.3598083,0.38944247,0.39485377,1.0092114,0.36928383,0.81147206,0.17463171,0.107855484,0.35207495,0.16412106,0.31326386,0.26431742,0.5462987,2.9005861,0.35975042,2.1973062,0.4096546,0.24873377,0.051206805,0.20935507,0.26151475,0.887252,0.4048938,0.40959126,inf,inf,1.249903,12.732199,1.5860835,1.5860835,0.26994658,0.54133403,0.54133403,0.20584191,0.46490243,0.48418227,0.78799915,0.44785175,None
167,0.38784945,,23.525738,1.9127421,1.8888888,0.15031628,0.10659517,1.3368312,0.4258793,0.3884642,0.41443646,0.41813734,0.97008514,0.40496618,0.80726016,0.18131451,0.11575103,0.38065344,0.18092193,0.3450476,0.26832873,0.60300696,3.1013265,0.35564297,2.2024627,0.44600412,0.26756445,0.037492305,0.2385624,0.2364943,0.82255673,0.39622667,0.43840852,inf,inf,1.2229958,11.822376,1.9224659,1.9224659,0.25828525,0.6067181,0.6067181,0.22681783,0.47769248,0.48793784,0.8675435,0.4958461,AVARAGE
10,0.2737453,,17.831827,1.1036017,1.4599369,0.22384879,0.0762821,inf,0.38582477,0.38882875,0.2887412,0.29517856,0.49998578,0.4098656,0.8001241,0.2429607,0.06970246,0.2550005,0.16253431,0.24355166,0.2093073,0.4196075,2.0239415,0.21779495,1.5538754,0.28880543,0.15462512,0.052044652,0.20737192,0.2054212,0.88275695,0.24227417,0.30030045,inf,inf,0.6122773,4.2441654,1.6159314,1.6159314,0.1702696,0.4759652,0.4759652,0.28303036,0.33697748,0.32107443,0.9556735,0.434928,AVARAGE
61,0.3915413,,21.842693,2.5129535,3.563225,0.14518389,0.086392485,1.1457064,0.47995552,0.3842067,0.40682858,0.41175905,1.1153964,0.37967283,0.8030246,0.15875606,0.09666299,0.38198885,0.18676326,0.3210633,0.25638196,0.64921063,3.2918081,0.37353584,2.3098977,0.41004837,0.21933222,0.043648668,0.24232134,0.16342326,0.7871859,0.38788837,0.42764488,inf,inf,1.321667,23.403954,1.5318245,1.5318245,0.29646635,0.5632502,0.5632502,0.2083754,0.49318528,0.49724677,0.9534287,0.46507505,None
259,0.44733754,,25.167664,3.1876454,2.6751106,0.11054509,0.12118513,inf,0.4788931,0.3687574,0.47037277,0.47206178,1.3808181,0.36206958,0.8421131,0.13625425,0.13798861,0.43300354,0.21085666,0.3736068,0.34115204,0.7665813,3.9618485,0.42906603,2.6566691,0.48183727,0.33258995,0.056862187,0.24985643,0.25830308,0.77634174,0.4891121,0.49847403,inf,inf,1.6900018,57.76613,1.9762186,1.9762186,0.32249844,0.644987,0.644987,0.18930796,0.56325495,0.5765627,0.8391989,0.48455086,None
300,0.45052162,,23.882256,3.4688263,3.5164104,0.10725486,0.10573508,0.8537053,0.4872894,0.35883725,0.46951205,0.46994442,1.5375084,0.32109806,0.8383976,0.12523307,0.13068973,0.4366088,0.20529579,0.35890865,0.3158302,0.7754046,4.2403793,0.45140764,2.8282268,0.47113198,0.3078889,0.054811604,0.2500442,0.21258277,0.7661527,0.48288482,0.4947547,inf,inf,1.8359375,910.0,1.5113614,1.5113614,0.3483997,0.60811573,0.60811573,0.17192777,0.5717656,0.5852741,0.8938991,0.47036847,HEALTHY
97,0.41752136,,24.187536,2.340024,2.3115933,0.15159452,0.08350673,inf,0.46156082,0.37812415,0.44029346,0.4432382,1.1079422,0.39855728,0.81983256,0.15473689,0.117811486,0.40725902,0.21099742,0.35367298,0.2697334,0.67795414,3.5331001,0.3807261,2.3365424,0.44564956,0.27402565,0.0635599,0.27826652,0.24098086,0.76295537,0.3868232,0.465432,inf,inf,1.3745239,21.23838,1.821915,1.821915,0.28201124,0.62540585,0.62540585,0.21235135,0.5218364,0.5070157,1.0237259,0.48346585,AVARAGE
71,0.37812638,,22.78911,1.978318,4.3432236,0.1676839,0.078202434,inf,0.4956119,0.43322852,0.40160766,0.40563852,0.9880541,0.42049214,0.805843,0.18047833,0.07065677,0.37943116,0.1925814,0.3302192,0.25814962,0.7272564,3.1466877,0.33745435,2.1196523,0.4120965,0.1560349,0.041692063,0.25100595,0.13188595,0.7606163,0.3663705,0.42357597,inf,inf,1.1320095,13.165383,1.8368845,1.8368845,0.2823045,0.5922404,0.5922404,0.24048552,0.4674395,0.4718913,0.97004604,0.49692497,AVARAGE
5,0.38263598,,21.464996,2.3568296,2.0724478,0.14085217,0.1055606,inf,0.44099525,0.3544136,0.3971498,0.40237045,1.0375319,0.35902506,0.8088562,0.16184707,0.112059,0.36072597,0.18837503,0.31472945,0.26008892,0.59756833,3.1708438,0.35961646,2.2312083,0.40452918,0.25940815,0.051185094,0.23340413,0.20867643,0.8234589,0.37852463,0.418798,inf,inf,1.270548,19.964338,1.7631112,1.7631112,0.27114412,0.5542619,0.5542619,0.20405617,0.48240757,0.4771855,0.91675955,0.44521612,AVARAGE
14,0.37713775,,20.88636,2.3508458,3.0152366,0.16362193,0.09448775,inf,0.49851677,0.37105596,0.3892565,0.39441177,1.0245508,0.3593125,0.81220144,0.17278476,0.07674056,0.3450114,0.19668052,0.30380464,0.23492168,0.6830986,3.0290945,0.34289798,2.0865824,0.38564542,0.17094779,0.07267619,0.2519012,0.24473576,0.8301577,0.33135703,0.40946853,inf,inf,1.1991905,20.650736,1.5374653,1.5374653,0.28284723,0.54131496,0.54131496,0.2096897,0.47747844,0.45000228,1.0244144,0.42390707,AVARAGE
260,0.46166366,,25.453207,3.508404,3.0981271,0.11564281,0.105727844,0.9149623,0.48115826,0.3705844,0.48820174,0.48762894,1.6161017,0.33076578,0.8443479,0.13051455,0.1395912,0.44932124,0.20047465,0.3841989,0.2961917,0.8115658,4.274788,0.46207178,2.9237669,0.5094081,0.3328906,0.047890842,0.27003217,0.23789181,0.7924654,0.47168678,0.5172647,inf,inf,1.9339511,37.84597,1.82936,1.82936,0.35456192,0.6463417,0.6463417,0.17503071,0.5796601,0.5801151,0.9297738,0.49412903,None
185,0.37341478,,21.313425,2.1401477,5.5968585,0.1339378,0.12602048,1.2579257,0.422827,0.34876242,0.38901708,0.3946876,0.9432034,0.37355438,0.8056037,0.16996361,0.11301515,0.34964362,0.18035136,0.31179434,0.28021297,0.53802013,2.9232059,0.34304312,2.1289713,0.3978023,0.26221773,0.042344987,0.21437107,0.29157376,0.859265,0.39838865,0.4093344,inf,inf,1.176427,16.744072,1.6354407,1.6354407,0.25217834,0.55093604,0.55093604,0.20952965,0.46840334,0.47798705,0.82046866,0.44108787,AVARAGE
163,0.3906845,,22.169666,2.385534,2.3450372,0.13417543,0.101890974,1.2851729,0.43395525,0.35617158,0.40737748,0.41259187,1.0489578,0.37023252,0.80473685,0.16125199,0.12301961,0.37184218,0.18701248,0.32640767,0.27791446,0.59082806,3.1945348,0.37114918,2.2959735,0.42142457,0.28934404,0.045788214,0.22838633,0.24700183,0.8408042,0.40668297,0.4302797,inf,inf,1.3218265,23.792747,1.8625388,1.8625388,0.27060854,0.5705089,0.5705089,0.20280312,0.49094802,0.49970627,0.8663463,0.4569791,AVARAGE
281,0.43604758,,23.852024,2.9952724,2.3845506,0.13790914,0.11122774,1.0072713,0.46181428,0.34934366,0.45701328,0.45809522,1.3858545,0.33108816,0.82930535,0.14425135,0.13448614,0.4105622,0.20616764,0.35613656,0.25536203,0.72408813,3.8617911,0.41677698,2.613477,0.4656787,0.3216566,0.051020097,0.2815395,0.31196868,0.82231534,0.39704654,0.48282024,inf,inf,1.6640756,37.118378,1.6769905,1.6769905,0.3169981,0.6099983,0.6099983,0.18280342,0.5499566,0.5195544,1.0409664,0.46067363,AVARAGE
278,0.52059776,,28.310074,4.0924387,3.7022073,0.101712845,0.11214646,inf,0.52070045,0.35890645,0.55383253,0.54485685,1.8855319,0.31368348,0.9046603,0.10051478,0.16049924,0.50004786,0.28051746,0.4201868,0.3808457,1.0865865,5.658247,0.48719662,3.1952875,0.54168534,0.39681107,0.07558468,0.31173676,0.3177654,0.66427803,0.5187357,0.5849454,inf,inf,2.241998,77.1043,1.7843487,1.7843487,0.37273303,0.725383,0.725383,0.16550404,0.65971303,0.6368172,1.0978826,0.49772456,AVARAGE
246,0.41040948,,23.887798,2.5873241,3.9257677,0.13703181,0.10447429,1.1749375,0.45347056,0.39288855,0.43720043,0.44008523,1.2864602,0.36527142,0.8123218,0.16514447,0.12971404,0.41006717,0.17696966,0.3593514,0.26627937,0.68158257,3.4862382,0.41040874,2.5544076,0.47527504,0.30877236,0.0419679,0.24398124,0.19048566,0.8326218,0.43044198,0.4634542,inf,inf,1.5636991,18.613104,1.9382259,1.9382259,0.31176224,0.60959685,0.60959685,0.2046879,0.50813824,0.53040254,0.86748046,0.5076555,AVARAGE
151,0.41620573,,21.291903,3.7280822,4.5397463,0.11928195,0.086527124,0.9246213,0.45394555,0.32881257,0.42139632,0.4265664,1.4143555,0.32193574,0.8267914,0.1294931,0.13665126,0.3974068,0.18878376,0.31771392,0.2590068,0.59079623,3.7684827,0.43051064,2.7053566,0.41437885,0.32445797,0.04766467,0.2389701,0.18521538,0.80025697,0.42530072,0.442334,inf,inf,1.7187343,54.020905,1.4457281,1.4457281,0.32218534,0.5444277,0.5444277,0.17229147,0.53924704,0.5415649,0.9564313,0.43464568,None
35,0.34052458,,19.71807,1.8018317,2.3012843,0.14635012,0.114633605,1.5234569,0.40588796,0.36777768,0.35526434,0.36139673,0.8287073,0.3682701,0.80634916,0.18484972,0.10005752,0.33065993,0.16811007,0.28643155,0.2549541,0.49397945,2.759844,0.3206634,2.0308468,0.36847967,0.22802173,0.032095533,0.19729635,0.16579862,0.8402213,0.38321552,0.37278372,inf,inf,1.0395786,10.010117,1.5508007,1.5508007,0.23665689,0.5120506,0.5120506,0.22505184,0.42481825,0.46168405,0.82053745,0.45187685,AVARAGE
50,0.29471222,,16.716225,1.7072861,2.3051515,0.17876881,0.10339082,1.5537372,0.3896567,0.35468498,0.30419984,0.3113967,0.7398559,0.3367298,0.79779184,0.21116485,0.07381445,0.26904652,0.13843873,0.24323273,0.17770481,0.4115664,2.2459745,0.28205088,1.8325087,0.32164833,0.16402432,0.050942414,0.18920667,0.20416325,0.94377685,0.2785306,0.31700534,inf,inf,0.8844319,6.562062,1.2350811,1.2350811,0.2240933,0.43280706,0.43280706,0.2265823,0.36870277,0.36867625,0.88741535,0.4082152,UNHEALTHY
223,0.43671054,,25.656744,2.557436,1.7352369,0.13713324,0.10485993,inf,0.47996953,0.39274743,0.46691525,0.46864355,1.289631,0.39170456,0.8244932,0.15622398,0.120962806,0.42585817,0.19316776,0.3828256,0.27786845,0.75610006,3.6166012,0.40751678,2.5116353,0.49764997,0.28311622,0.038488645,0.27084556,0.3256798,0.8108553,0.43023354,0.4957541,inf,0.36825213,1.546733,21.362839,1.9776928,1.9776928,0.31484938,0.65599936,0.65599936,0.20316952,0.54013413,0.5353587,0.9208675,0.50382483,AVARAGE
119,0.30046973,,17.690393,1.6959907,1.4317989,0.1633222,0.14792742,2.0283833,0.36442482,0.33807892,0.3133011,0.32001474,0.7321122,0.34356654,0.80919355,0.217462,0.095369354,0.26937088,0.14649424,0.25632185,0.2091243,0.40702823,2.1971695,0.2864424,1.8608365,0.341992,0.2175824,0.040610448,0.17973754,0.2819074,1.0091354,0.3093071,0.32751358,inf,inf,0.912218,6.259785,1.5527993,1.5527993,0.21210478,0.45970228,0.45970228,0.2239946,0.37388775,0.37965724,0.7888098,0.41108063,AVARAGE
127,0.43158615,,23.88064,2.698967,2.6564984,0.11655828,0.11627239,0.975925,0.4973985,0.36532113,0.45259658,0.45437667,1.2861601,0.33901545,0.8213043,0.14531608,0.10666949,0.4038685,0.21133637,0.3543729,0.32241833,0.8099104,3.7306778,0.40358895,2.4360955,0.45709935,0.24499051,0.06551034,0.24305323,0.30985928,0.797159,0.44690916,0.4791664,0.44958574,inf,1.5421547,82.71035,1.8256785,1.8256785,0.31530133,0.61251867,0.61251867,0.18855695,0.54273415,0.5434318,0.85152674,0.45432627,AVARAGE
21,0.40001792,,23.01138,2.247943,3.6030855,0.14952734,0.08418957,inf,0.46179333,0.38414788,0.42130756,0.42507505,1.0759938,0.38905406,0.8119923,0.16595921,0.10569194,0.38681456,0.18890817,0.33886483,0.25932217,0.6483254,3.280298,0.3701548,2.2804475,0.4344089,0.24170192,0.052714337,0.2508955,0.21364862,0.79602265,0.38953593,0.44416845,inf,inf,1.3110763,17.18435,1.6968143,1.6968143,0.2826987,0.5925897,0.5925897,0.21360636,0.49880216,0.49726757,0.9449392,0.47762945,AVARAGE
132,0.41509673,,23.664427,2.3678977,2.4637911,0.1301983,0.10922867,inf,0.47444412,0.37587813,0.4351807,0.4388686,1.1310027,0.38877523,0.8156919,0.1497823,0.11529684,0.4041984,0.21238518,0.34678644,0.3101987,0.68781996,3.5247185,0.38031593,2.3467276,0.43581828,0.26816025,0.077723995,0.24753031,0.22565317,0.75962853,0.43193355,0.45982265,inf,inf,1.3857373,26.17483,1.7663403,1.7663403,0.28718704,0.6110806,0.6110806,0.20726709,0.5204858,0.52958184,0.90886134,0.47489455,None
168,0.37840283,,22.566324,1.9351729,2.2290392,0.14087108,0.12124669,1.4000573,0.41185722,0.3789536,0.40187928,0.40636447,0.9562828,0.3980329,0.80626285,0.17953731,0.12717217,0.37426537,0.17919795,0.33143556,0.28371063,0.53835267,3.0210395,0.35758302,2.2140937,0.42609647,0.30033746,0.046051838,0.22000287,0.2191302,0.83590484,0.4191437,0.42338565,inf,inf,1.2229662,12.025661,1.7119809,1.7119809,0.2544986,0.58261347,0.58261347,0.22457208,0.46732157,0.501092,0.8122452,0.490373,AVARAGE
1,0.3777726,,21.77162,1.9622478,5.0845385,0.1827655,0.06523352,1.3917549,0.5130947,0.39971817,0.3928223,0.39745378,0.91032463,0.40867728,0.80609024,0.16286153,0.09191045,0.36889803,0.2229227,0.30880594,0.24435464,0.7179621,3.2337515,0.32103133,2.042208,0.36889842,0.21108767,0.062871344,0.29688314,0.14587194,0.71550745,0.3053086,0.41229826,inf,inf,1.0777975,25.63064,1.4857548,1.4857548,0.26188785,0.57195467,0.57195467,0.23371547,0.47506943,0.43137845,1.1821679,0.45833412,None
133,0.38483888,,21.856674,2.3196142,2.939998,0.13566484,0.116631836,1.2762874,0.4259128,0.36367872,0.40470782,0.408868,1.0948792,0.35251904,0.811965,0.17358576,0.11473272,0.3674225,0.17238666,0.32586017,0.2613939,0.58970153,3.1520104,0.37389076,2.3176541,0.43130952,0.26608285,0.037879057,0.22047769,0.23380622,0.86747295,0.4080148,0.42726728,inf,inf,1.3507206,16.917833,1.7518338,1.7518338,0.27909398,0.5591843,0.5591843,0.20381336,0.48012704,0.4948474,0.8233416,0.4636652,AVARAGE
207,0.43630448,,25.171024,2.4663212,40.911858,0.12919553,0.09852275,1.0638362,0.46028125,0.38438877,0.46365514,0.4653067,1.2483499,0.3847023,0.8223425,0.14732757,0.13357529,0.434937,0.20247069,0.37374523,0.29900396,0.7110062,3.8216732,0.4115958,2.5386264,0.48059094,0.3162967,0.057871953,0.26209825,0.1947583,0.7463232,0.4528871,0.4914337,inf,inf,1.5545192,25.453262,1.8775294,1.8775294,0.30208346,0.64538735,0.64538735,0.20451857,0.5423212,0.5556222,0.9117461,0.506748,None
237,0.38246834,,22.105824,2.431136,2.0694404,0.13792953,0.11061621,1.383599,0.42148292,0.36903864,0.4026125,0.40711027,1.108635,0.36559752,0.8118333,0.17254527,0.12048255,0.37113258,0.17513783,0.3275032,0.26657248,0.5792766,3.151735,0.37890062,2.3591342,0.4318426,0.27991718,0.05574365,0.22159928,0.21573813,0.867439,0.40884006,0.42506427,inf,inf,1.3738045,18.397726,1.8131644,1.8131644,0.27936444,0.5678657,0.5678657,0.20774463,0.47704726,0.499348,0.83600765,0.47472867,AVARAGE
209,0.41252598,,23.000128,2.9689698,2.5451007,0.12517242,0.10664242,0.99968565,0.45931402,0.37830785,0.43413562,0.4377134,1.393496,0.34205797,0.81599975,0.15203957,0.13023439,0.41041517,0.16917561,0.34891403,0.2631114,0.6643918,3.5818388,0.42722172,2.6608078,0.46428102,0.30973405,0.052293487,0.23622215,0.17261223,0.83651364,0.44395113,0.4594804,inf,inf,1.6699286,26.025303,1.7881836,1.7881836,0.3303374,0.58380336,0.58380336,0.18941188,0.51571184,0.5445799,0.85552764,0.48883405,AVARAGE
44,0.34755754,,20.146198,1.8209509,2.6973257,0.15501991,0.09982123,1.40829,0.39870098,0.36588058,0.36298975,0.36935174,0.83659303,0.37925127,0.7946935,0.1872757,0.108271435,0.3382974,0.16122407,0.29442412,0.24073958,0.46512252,2.7418468,0.32742175,2.0549538,0.37696698,0.247531,0.03771074,0.20955652,0.1972645,0.84236884,0.36656505,0.38052517,inf,inf,1.0713205,15.943735,1.5002273,1.5002273,0.23388486,0.52115875,0.52115875,0.22785099,0.43337545,0.45520875,0.8580326,0.45908508,AVARAGE
81,0.40334815,,22.697361,2.5162005,2.8442478,0.13698542,0.09300405,inf,0.49424464,0.38756794,0.4215578,0.42481464,1.164453,0.36617914,0.81778306,0.1537743,0.09215872,0.3899439,0.20385437,0.33237475,0.2858486,0.7370422,3.5170538,0.37439618,2.328552,0.42362076,0.20876534,0.06475821,0.24317881,0.16632558,0.761173,0.4101627,0.44459194,inf,inf,1.3624494,24.953432,1.6724291,1.6724291,0.30261627,0.58610886,0.58610886,0.20664966,0.50744367,0.5123764,0.9359362,0.46556717,None
83,0.39720887,,21.47722,2.660977,4.0761085,0.1385343,0.09059251,1.033916,0.47461355,0.36552912,0.41327775,0.416842,1.220918,0.339025,0.8104726,0.15426147,0.09796348,0.3763817,0.17715538,0.32143536,0.23604327,0.66413236,3.3832343,0.39041436,2.3942027,0.42252553,0.22317673,0.062041003,0.2409391,0.20987833,0.8276038,0.38912216,0.43462792,inf,inf,1.4535022,27.640722,1.4515768,1.4515768,0.3096437,0.5484477,0.5484477,0.19024725,0.5003536,0.5028472,0.9443547,0.44580576,AVARAGE
228,0.46562335,,26.576403,2.886188,2.6223593,0.13075475,0.076416604,inf,0.5037193,0.39294538,0.49555475,0.49489817,1.4337837,0.37271547,0.8356546,0.13443196,0.13206615,0.45887166,0.21782157,0.3949386,0.29512984,0.8554804,4.199078,0.43694794,2.6996348,0.5092769,0.31498176,0.055812925,0.29262552,0.23762086,0.7256815,0.44677734,0.5253264,inf,inf,1.7232839,35.63138,1.8555772,1.8555772,0.33614203,0.68043625,0.68043625,0.19388181,0.5808286,0.56940657,1.0058032,0.5106394,AVARAGE
216,0.38586485,,21.623932,2.3821833,2.6949396,0.13043846,0.12576665,inf,0.417026,0.3435525,0.4039777,0.4083395,1.1051854,0.3409328,0.81896734,0.16937909,0.12177294,0.35870835,0.17015609,0.32286015,0.2574802,0.5742857,3.1115558,0.37406692,2.3088536,0.42913055,0.2856603,0.039311722,0.21894588,0.2796374,0.8939594,0.4024461,0.4265593,inf,inf,1.3674887,18.44397,1.7494859,1.7494859,0.27620122,0.55316025,0.55316025,0.19522281,0.48318473,0.48543927,0.81238925,0.444425,AVARAGE
295,0.48086828,,27.6564,3.102192,2.3876915,0.13380103,0.074973285,0.871404,0.51147425,0.40428817,0.5155714,0.5136811,1.5673401,0.37781623,0.8421508,0.13280824,0.13056502,0.47781894,0.21106109,0.4151375,0.27609867,0.88410616,4.3405523,0.45848,2.837186,0.540506,0.30756745,0.06706547,0.31128377,0.26918575,0.7292931,0.44824812,0.54775393,0.49036545,inf,1.8721135,34.200558,1.879548,1.879548,0.3565817,0.7046389,0.7046389,0.19061269,0.5975886,0.58093727,1.0396335,0.52770114,AVARAGE
273,0.41566643,,21.88048,2.9663837,6.162978,0.13096651,0.1046479,inf,0.48483902,0.34406963,0.42801598,0.43148842,1.2681782,0.3371212,0.8163501,0.14612414,0.11080369,0.3813582,0.1946727,0.32585034,0.2594032,0.6797577,3.494913,0.39824933,2.439765,0.42383686,0.25720415,0.05748677,0.24916922,0.32377642,0.8460645,0.39496836,0.44950378,inf,inf,1.5160906,33.791378,1.3443512,1.3443512,0.3119161,0.5601853,0.5601853,0.18029122,0.52966285,0.50906223,0.95601684,0.42694786,AVARAGE
177,0.30951542,,17.943106,1.5778431,3.008566,0.15283106,0.14574759,1.6640316,0.3684457,0.34114307,0.32241827,0.32925305,0.69838953,0.35740152,0.7967434,0.20738988,0.09590083,0.28344893,0.14297223,0.2611915,0.22909887,0.38800204,2.2600095,0.2886645,1.8585056,0.34206888,0.21839683,0.039087567,0.17623952,0.28852654,0.96461695,0.34056258,0.3360975,inf,inf,0.89886016,5.6287737,1.2393959,1.2393959,0.20713706,0.46508938,0.46508938,0.22405761,0.3849122,0.40563405,0.7628756,0.41639432,AVARAGE
191,0.26639625,,16.548485,1.5665262,0.57706654,0.17315531,0.18369341,2.7659826,0.3087194,0.3160048,0.28099814,0.28731135,0.65606326,0.31473014,0.83621854,0.25754112,0.0961883,0.22536735,0.124297015,0.23801214,0.18406217,0.33531287,1.775598,0.26078293,1.7463567,0.34002984,0.22099905,0.052751698,0.15336353,0.36349732,1.1904613,0.2664842,0.29389068,inf,inf,0.816752,3.8148367,1.7540697,1.7540697,0.19134429,0.43052748,0.43052748,0.22420612,0.3281603,0.32223687,0.7025561,0.38822305,AVARAGE
232,0.26108518,,16.32774,1.3968306,1.0810653,0.18570659,0.15773368,inf,0.33900577,0.35966498,0.27640978,0.28245384,0.6201063,0.34576207,0.8109817,0.25836575,0.07678672,0.23225206,0.12252841,0.23497923,0.18046813,0.35751677,1.856831,0.25240222,1.7291328,0.3236698,0.17066728,0.03216212,0.1568468,0.27410692,1.0811456,0.27536726,0.2871641,inf,inf,0.7640955,3.8131258,1.5319273,1.5319273,0.19118033,0.4254786,0.4254786,0.24602035,0.32046524,0.33332554,0.7459381,0.41940734,AVARAGE
181,0.4326708,,23.354668,3.345501,3.4406133,0.124699034,0.08868311,0.9298072,0.46902364,0.35910726,0.45016092,0.45242456,1.4725175,0.32367504,0.8262012,0.13276011,0.12901402,0.42058656,0.19567831,0.35044318,0.25681162,0.73253715,4.018881,0.43850565,2.7596433,0.46306965,0.3043323,0.04732344,0.26115704,0.17485437,0.78787875,0.42744675,0.47620234,inf,inf,1.7705929,38.03298,1.8395625,1.8395625,0.33629492,0.5959923,0.5959923,0.17657489,0.54905564,0.5480415,0.98120385,0.46885687,None
136,0.43005946,,25.255598,2.2775114,2.4701192,0.12853873,0.08513408,1.0879631,0.48103023,0.39244184,0.4563974,0.458716,1.1302587,0.40923324,0.8207877,0.14939527,0.11481294,0.4245224,0.21806277,0.3692389,0.33402875,0.74493414,3.6700232,0.38407338,2.3648875,0.4617836,0.2657801,0.052761007,0.2538001,0.22074239,0.729527,0.45264205,0.48359662,inf,inf,1.3883697,24.27569,1.92989,1.92989,0.2889446,0.6531365,0.6531365,0.21480313,0.5347406,0.5464428,0.8864603,0.49923602,AVARAGE
41,0.26930264,,16.58195,1.3404633,1.6443207,0.19891791,0.13840826,2.0703516,0.36520875,0.3487006,0.28276148,0.28909636,0.57947946,0.3508038,0.8323893,0.26222467,0.068403184,0.22831847,0.1359229,0.23608021,0.18127486,0.4006031,1.772803,0.23656234,1.574441,0.31463206,0.15203737,0.05696803,0.17283653,0.2925067,1.0684283,0.24084325,0.29474568,inf,inf,0.71208405,4.0419917,1.6288576,1.6288576,0.18465315,0.4343817,0.4343817,0.24943008,0.3327792,0.31214458,0.8002587,0.3863621,AVARAGE
135,0.27705958,,17.238567,1.3429617,1.6472893,0.18612391,0.14925677,inf,0.3579175,0.35716954,0.29319865,0.29908156,0.6271655,0.35639915,0.8102577,0.25103647,0.07537852,0.24627745,0.13693388,0.24667798,0.1927286,0.39662325,1.9443717,0.25287706,1.6736151,0.3287669,0.16815509,0.056089673,0.17250402,0.27399215,1.0186898,0.27408183,0.30585587,inf,inf,0.77274203,4.3215423,1.5571376,1.5571376,0.19223823,0.45029202,0.45029202,0.25095266,0.34047624,0.33992076,0.78066134,0.41442874,UNHEALTHY
105,0.37844434,,22.074697,2.2352242,3.7838585,0.13729408,0.118263245,inf,0.43225697,0.3743802,0.39781183,0.402699,1.0397681,0.3686205,0.8115732,0.17054571,0.108903855,0.36850908,0.18654995,0.3243129,0.2749072,0.615237,3.1648278,0.36180294,2.2606719,0.42071784,0.24986781,0.038834956,0.2215513,0.19058914,0.83306897,0.40954396,0.4209678,inf,inf,1.2723863,19.590937,2.0026505,2.0026505,0.27219966,0.56924903,0.56924903,0.2123689,0.47231588,0.49632397,0.8421462,0.47169885,None
156,0.4233069,,24.687227,2.3299675,3.2805707,0.13525902,0.09724049,1.103372,0.45778954,0.38615596,0.44915518,0.4515963,1.1291449,0.4080747,0.815153,0.1579411,0.12508757,0.4152477,0.19511752,0.36356443,0.29748702,0.6607611,3.5051446,0.3899162,2.393315,0.46515188,0.29213175,0.03635292,0.25295264,0.25118047,0.7739454,0.43537685,0.4739919,inf,inf,1.4067178,25.838118,1.7183447,1.7183447,0.28691244,0.63485277,0.63485277,0.21315314,0.52621096,0.5333931,0.8895078,0.4988306,UNHEALTHY
257,0.45446348,,26.213068,2.955399,2.5633738,0.12986962,0.09376651,0.9729802,0.5063778,0.40234575,0.48486143,0.485046,1.4545783,0.3706162,0.8308643,0.14218076,0.117732584,0.44616517,0.20494585,0.39126304,0.29461128,0.8691462,4.0182657,0.42900997,2.6784246,0.50775176,0.2749193,0.054143805,0.27873755,0.2513751,0.76326436,0.44928896,0.51467353,inf,inf,1.7005559,39.298763,1.91276,1.91276,0.34138802,0.66989195,0.66989195,0.1961996,0.5651026,0.5590608,0.95356196,0.5095306,AVARAGE
269,0.4207993,,23.286074,2.8987124,2.4349275,0.12598115,0.099711165,1.0626767,0.44339144,0.35649014,0.44239458,0.44502348,1.3279368,0.3508737,0.82476693,0.15100846,0.13474308,0.40287325,0.17288849,0.35057536,0.26243156,0.63202655,3.5284011,0.41942996,2.6137114,0.46764374,0.32001546,0.031897955,0.24285512,0.28165084,0.8618969,0.43034494,0.46663666,inf,inf,1.6256448,26.390272,1.569099,1.569099,0.31259948,0.592448,0.592448,0.18494928,0.52705824,0.5301864,0.86754775,0.47157547,AVARAGE
138,0.3992513,,23.880789,1.888836,1.9188375,0.14652714,0.10888016,inf,0.4567367,0.39605045,0.4254455,0.42849866,0.96698415,0.42398968,0.81081533,0.17473209,0.10463966,0.38951093,0.19779418,0.3475143,0.2935619,0.6482246,3.186401,0.35154417,2.1687844,0.4371112,0.23877507,0.042081807,0.24444234,0.24112915,0.7824446,0.40973273,0.44846347,inf,inf,1.1955218,16.774374,1.6438426,1.6438426,0.2630217,0.61858463,0.61858463,0.22978294,0.492851,0.50010663,0.8778809,0.4928459,UNHEALTHY
112,0.3996389,,21.19171,2.9852202,8.232702,0.12997814,0.09111506,inf,0.4585113,0.34904507,0.4091639,0.41425714,1.2630455,0.3176623,0.8129918,0.14103673,0.11527544,0.38466042,0.19472112,0.3151883,0.25345656,0.65946496,3.633308,0.40029463,2.495383,0.41001388,0.26767942,0.044841234,0.23863384,0.15426484,0.793556,0.39973342,0.43162495,inf,inf,1.5099952,35.803017,1.8045616,1.8045616,0.30915093,0.54348695,0.54348695,0.1838613,0.51106286,0.5141917,0.97108954,0.4426122,None
194,0.43707353,,23.990505,2.8593266,2.884505,0.13114181,0.07857919,inf,0.47456938,0.3560263,0.45565918,0.4579567,1.2643623,0.36422932,0.8404664,0.13530424,0.13014807,0.41832137,0.21098933,0.3546599,0.28333798,0.6877265,3.8216398,0.40918812,2.5139453,0.45177406,0.30737692,0.075875595,0.27112475,0.27492714,0.7528256,0.42151964,0.48056084,0.54957277,inf,1.5651814,31.546976,1.5923858,1.5923858,0.30393758,0.6163177,0.6163177,0.1902081,0.55296034,0.54305756,1.0072976,0.4647869,AVARAGE
172,0.30688736,,17.03081,1.9691101,1.7614437,0.13848937,0.1542183,inf,0.39810914,0.31209418,0.31175345,0.31976378,0.7671102,0.32489637,0.8222135,0.19122994,0.09232081,0.26533645,0.15758057,0.2446239,0.24074031,0.4400684,2.2918718,0.28974342,1.8673095,0.3235767,0.212359,0.059442576,0.16792378,0.29477763,0.98733133,0.33395222,0.32667062,inf,inf,0.94506204,10.5813055,1.411451,1.411451,0.22071847,0.4438777,0.4438777,0.20170978,0.39009294,0.3979003,0.7597437,0.37163883,AVARAGE
248,0.32353106,,17.698538,2.000822,2.4848065,0.1425183,0.1386483,1.5004336,0.3843131,0.3268559,0.33261433,0.33991185,0.85453296,0.32818398,0.80772525,0.19218521,0.095616065,0.29096252,0.13773787,0.2624,0.21373227,0.41442677,2.408182,0.31721726,1.9956068,0.35304156,0.21653087,0.040857475,0.18017665,0.27929136,0.9763561,0.34497136,0.34742576,inf,inf,1.0496578,8.387311,1.222354,1.222354,0.23858309,0.45469648,0.45469648,0.20251876,0.40691388,0.41850796,0.7746953,0.4010735,AVARAGE
276,0.40234217,,21.455114,2.9127889,4.5235286,0.14138775,0.107440785,inf,0.460181,0.34898207,0.41722983,0.42075166,1.3000557,0.33438325,0.8198636,0.15539329,0.11633862,0.37495852,0.17643087,0.32260522,0.2249364,0.6279763,3.370337,0.40199476,2.4864805,0.42576566,0.2727994,0.06734177,0.2506979,0.27760616,0.87938845,0.3756377,0.43821505,inf,inf,1.5629164,25.158981,1.3927796,1.3927796,0.31172913,0.5466221,0.5466221,0.18400937,0.5087626,0.49531516,0.9672501,0.43720865,AVARAGE
149,0.3995086,,23.28935,2.1146898,2.1876729,0.13313629,0.111683,1.1620704,0.44768453,0.375269,0.42179942,0.4253897,1.0217524,0.38677895,0.8130515,0.1626079,0.11192025,0.38616842,0.19946662,0.34083548,0.30196485,0.6581929,3.3120728,0.3621164,2.2420716,0.4334071,0.25768772,0.036809687,0.23434202,0.23130727,0.7925597,0.4229802,0.4459056,0.6485418,inf,1.2670848,18.360773,1.8474228,1.8474228,0.26862305,0.6022218,0.6022218,0.21358201,0.49748734,0.5092799,0.85451114,0.47477737,HEALTHY
290,0.45437342,,24.446362,3.8296103,2.70664,0.12113814,0.13172698,0.9479903,0.4849009,0.34282494,0.47383562,0.47357458,1.6344142,0.31966397,0.84405935,0.12633736,0.15608664,0.4313607,0.22922541,0.36354402,0.30461127,0.7899469,4.303419,0.44425374,2.8862908,0.47351745,0.3910943,0.066301756,0.28407177,0.27591577,0.7928391,0.43604362,0.50010395,inf,inf,1.9324579,40.830185,1.6491599,1.6491599,0.34230664,0.6257085,0.6257085,0.17349829,0.5787758,0.55213565,1.0625218,0.46275887,AVARAGE
18,0.2545174,,14.631318,1.4462923,1.2063124,0.18428549,0.13141868,inf,0.3430684,0.3190802,0.25986844,0.26792008,0.5633656,0.30993643,0.8309473,0.23869489,0.06745259,0.21485363,0.12647848,0.20872647,0.16753148,0.3236055,1.7701066,0.23483671,1.6015332,0.28195092,0.1492459,0.04706263,0.1568609,0.2819979,1.0685945,0.23614375,0.27004117,inf,inf,0.6963959,4.3940682,1.2699119,1.2699119,0.18064712,0.38264728,0.38264728,0.22751293,0.3199191,0.30696043,0.81042695,0.36040512,UNHEALTHY
60,0.3769711,,21.524027,2.1023357,2.4767773,0.14771621,0.08936858,1.2948966,0.42248335,0.3550746,0.39244178,0.39746934,0.93002367,0.37387535,0.8113674,0.16481891,0.12182681,0.3618522,0.19282262,0.31201005,0.26915756,0.5605538,3.1377256,0.34785798,2.1685128,0.39497453,0.28679278,0.048048247,0.23359516,0.20399313,0.8009186,0.378131,0.4129619,inf,inf,1.1918999,21.779718,1.6757216,1.6757216,0.24810165,0.55877453,0.5587629,0.21456917,0.4739819,0.47755638,0.93125564,0.4533102,AVARAGE
101,0.3463172,,19.360165,2.1662514,19.363855,0.1438168,0.12817568,1.4170893,0.4009848,0.35104036,0.3587125,0.36505768,0.94025034,0.35050252,0.80569595,0.1843696,0.10797221,0.32721522,0.15837124,0.28571245,0.23642892,0.47106802,2.7458107,0.34344566,2.140597,0.37593895,0.24829376,0.044239923,0.1989598,0.21600637,0.899988,0.37597138,0.37578356,inf,inf,1.1702056,14.047597,1.439164,1.439164,0.25422195,0.4986468,0.4986468,0.21097563,0.43499178,0.4591676,0.81823975,0.43847543,None
129,0.34637207,,19.150785,2.209011,3.6676865,0.1388345,0.13362029,inf,0.41143742,0.3401907,0.3581295,0.36440116,0.9620991,0.34057468,0.8073261,0.18165115,0.10659834,0.31775948,0.15944076,0.2836562,0.23925427,0.49610993,2.6880598,0.3432449,2.1244833,0.37582684,0.24775407,0.05120344,0.19643378,0.25805983,0.9371012,0.36586425,0.375751,inf,inf,1.1975489,12.489027,1.4820482,1.4820482,0.2569433,0.4922147,0.4922147,0.20123899,0.435708,0.44621888,0.8019314,0.4179065,AVARAGE
117,0.37281016,,22.048685,1.996603,1.727875,0.14614937,0.1250699,1.5011013,0.41802454,0.3617149,0.3950293,0.39914656,0.9850941,0.36586204,0.8131101,0.18741502,0.10545054,0.34594527,0.18016784,0.32393464,0.26246336,0.5980898,2.9207227,0.3431932,2.1479504,0.42485714,0.24257328,0.047661778,0.22083288,0.26964334,0.8931755,0.37417978,0.41774058,inf,inf,1.2098709,13.436857,1.9166178,1.9166178,0.25585142,0.56809485,0.56809485,0.21553725,0.46186787,0.45765945,0.8239765,0.45608294,AVARAGE
213,0.37480834,,21.20508,2.5201914,4.8163333,0.12928455,0.13164148,1.3105503,0.43236887,0.3673076,0.39265814,0.3972153,1.1788894,0.3380916,0.817181,0.16983354,0.10666353,0.36133042,0.17414421,0.31528643,0.2653851,0.60935944,3.1611526,0.37819558,2.3770955,0.41949424,0.24450287,0.052247666,0.20973216,0.19596224,0.8766927,0.42052323,0.41450927,inf,inf,1.3981534,18.191517,1.7657483,1.7657483,0.2942954,0.54302704,0.54302704,0.19974443,0.4687853,0.5024999,0.7991778,0.4604577,AVARAGE
11,0.37371513,,21.608107,1.9661628,5.491258,0.1577264,0.075050846,1.2125576,0.45095938,0.37749124,0.38938537,0.3950633,0.8952884,0.39766383,0.80410117,0.16567105,0.09657796,0.36524776,0.19527866,0.31168014,0.25882104,0.5862563,3.075901,0.33494905,2.0842807,0.38614127,0.21821153,0.050558805,0.24407932,0.16137256,0.76517045,0.3576702,0.40964723,inf,inf,1.1064917,16.101303,1.6829387,1.6829387,0.25270367,0.56270194,0.56270194,0.22412993,0.46832782,0.46597055,0.9877274,0.46111193,AVARAGE
118,0.395542,,21.132471,2.5752888,9.09562,0.122930214,0.12852119,inf,0.44246125,0.33094296,0.40675256,0.41127658,1.1118172,0.3374045,0.8168536,0.1498983,0.118798316,0.36388618,0.1985222,0.311832,0.28318816,0.59494317,3.3087661,0.37566546,2.3135815,0.4016952,0.27681977,0.05844746,0.22473532,0.27393705,0.8430866,0.4111656,0.42732874,inf,inf,1.3720896,30.360857,1.4201794,1.4201794,0.27924806,0.5439239,0.5439239,0.1870109,0.50311273,0.5029264,0.870826,0.42344517,UNHEALTHY
284,0.48537222,,27.136337,3.6298704,4.025246,0.121680014,0.08107045,0.7945305,0.49020252,0.38091746,0.5181973,0.51481944,1.7696599,0.3247953,0.8480335,0.12454229,0.14767757,0.47935176,0.21719712,0.4101537,0.2874026,0.91153604,4.817794,0.4805304,3.0904672,0.54306996,0.356929,0.062232137,0.29933694,0.24023275,0.74497277,0.46720213,0.5511518,inf,inf,2.1170459,77.229225,2.0315611,2.0315611,0.3696397,0.68885016,0.6888365,0.17471088,0.6075053,0.59434384,1.0266873,0.5157915,AVARAGE
262,0.423512,,23.502338,2.7730286,3.305224,0.12885678,0.08635582,inf,0.46335098,0.3675529,0.4448519,0.44685072,1.2792859,0.35891777,0.8203152,0.14844725,0.12318071,0.4088589,0.18859196,0.34969038,0.27910164,0.6795539,3.6605926,0.4091491,2.5410178,0.45828962,0.28820503,0.03881123,0.24792789,0.25648728,0.80005693,0.4308943,0.46860558,inf,inf,1.5554593,44.043373,1.498715,1.498715,0.3096198,0.60152984,0.60152984,0.19252501,0.5315795,0.53473294,0.904896,0.47490823,AVARAGE
51,0.309057,,16.061213,2.6448026,1.5589117,0.12401579,0.15051979,inf,0.34765878,0.28097516,0.3072544,0.3171733,0.8987318,0.290148,0.81018883,0.16614173,0.12379876,0.27460602,0.14715266,0.23731829,0.21507782,0.35106388,2.4231396,0.33709523,2.1230521,0.32069558,0.28886303,0.04016558,0.1657891,0.27449375,1.0299637,0.34839803,0.32194114,inf,inf,1.1515572,48.76597,1.4349623,1.4349623,0.23628679,0.4146327,0.4146327,0.17458259,0.39978346,0.4242428,0.77333736,0.36482638,None
180,0.41493446,,24.066225,2.312497,1.840301,0.13315505,0.1075935,1.1739361,0.4347821,0.36830077,0.4388405,0.44206294,1.0988816,0.3947639,0.8152152,0.15920277,0.13616252,0.4027777,0.19011234,0.35544518,0.29103646,0.6115527,3.4057372,0.3875865,2.3858724,0.4574559,0.32454607,0.04407229,0.24585521,0.27740267,0.8070791,0.4308066,0.4636114,inf,inf,1.4051167,19.171896,1.8108488,1.8108488,0.2751404,0.61857784,0.61857784,0.20847277,0.5166377,0.5237723,0.8682466,0.48677158,AVARAGE
239,0.3390376,,18.69136,2.053529,2.2092645,0.14087027,0.12501404,1.6830513,0.3869409,0.32819802,0.34947616,0.35582256,0.89526236,0.3291318,0.8140128,0.18379065,0.11679429,0.3093538,0.15386319,0.27475944,0.23074473,0.4456355,2.6617315,0.33088127,2.1002061,0.3687882,0.2738256,0.03411091,0.19144411,0.25353396,0.92980176,0.36245498,0.3660972,inf,inf,1.1277885,14.617117,1.2862346,1.2862346,0.24048938,0.48122782,0.48122782,0.20170479,0.4272897,0.44054565,0.8059652,0.41615385,AVARAGE
162,0.3063606,,17.657265,2.2342687,1.8267051,0.15154733,0.15689908,inf,0.35756207,0.3287805,0.31728768,0.3249324,0.868395,0.32918528,0.80882704,0.20706365,0.10711354,0.2787367,0.13221368,0.26096287,0.2013855,0.38412222,2.2460036,0.32359096,2.0346565,0.35879827,0.2501706,0.049306717,0.17750101,0.29596296,1.0719765,0.32363296,0.33272368,inf,inf,1.0922096,9.423788,1.7482861,1.7482861,0.2381404,0.45439872,0.45439872,0.20510177,0.3838336,0.3968715,0.76639915,0.40729642,None
103,0.44142944,,25.17521,2.5880356,2.3694386,0.12987624,0.07984491,0.9748374,0.4728628,0.3957109,0.46903142,0.46980584,1.3082594,0.38419163,0.827223,0.14702249,0.12826549,0.44560078,0.20424616,0.37490726,0.30238095,0.7325645,3.9341612,0.4213255,2.6002285,0.4807019,0.3006567,0.04978129,0.26247656,0.14509209,0.7274822,0.46271592,0.49554655,0.5825129,0.3728911,1.604127,27.49565,1.7061303,1.7061303,0.31505704,0.6449424,0.6449424,0.20615567,0.54944336,0.5696707,0.91524976,0.5156369,AVARAGE
74,0.32009944,,18.959959,1.5212705,3.7148283,0.18234544,0.08474215,1.5300902,0.41463047,0.3732554,0.33302632,0.33949584,0.6862323,0.39172918,0.79824847,0.20216437,0.075219326,0.30143243,0.17284355,0.26797852,0.22844495,0.48140934,2.4773345,0.27573016,1.79658,0.3287427,0.16625409,0.051533222,0.21477376,0.1890099,0.83491164,0.30023304,0.3475926,inf,inf,0.8435102,8.338104,1.3687699,1.3687699,0.21038277,0.49791768,0.49791768,0.24704704,0.39935678,0.3935059,0.9401326,0.43468544,AVARAGE
92,0.35173845,,18.132381,2.7937348,10.5283375,0.11166298,0.13645971,1.1183997,0.40614775,0.29949257,0.35119176,0.360192,0.99044037,0.31658062,0.82083935,0.14676303,0.11599095,0.318547,0.17074122,0.26676577,0.2733882,0.44786143,2.844497,0.3545293,2.1903942,0.34645918,0.26880544,0.069479816,0.1833621,0.25179076,0.901487,0.4028846,0.36843807,inf,inf,1.2365433,29.785015,1.3209532,1.3209532,0.26013112,0.46697596,0.46697596,0.17653045,0.45546386,0.47993076,0.7842283,0.38108698,AVARAGE
122,0.3976659,,22.972063,2.0654876,2.4783804,0.13311143,0.10302177,1.1465647,0.43709987,0.36761668,0.4186972,0.42235795,1.0157698,0.37046203,0.8124408,0.16011304,0.11646392,0.38610187,0.20132916,0.3363304,0.2992481,0.6449707,3.3872366,0.3638696,2.2447515,0.42900413,0.27053225,0.04948165,0.23343,0.21280724,0.777157,0.42093512,0.4431242,inf,inf,1.2774712,23.668839,1.8934326,1.8934326,0.26482543,0.5936702,0.5936702,0.21116208,0.49622548,0.5120705,0.8700247,0.47150347,AVARAGE
218,0.37082493,,22.284065,1.9519917,1.6693459,0.15427417,0.10048902,1.5054954,0.4127874,0.39051774,0.39424255,0.39913908,0.9711515,0.390516,0.79938775,0.1869335,0.11512787,0.37128335,0.17088042,0.32870376,0.2558067,0.54790866,2.9979353,0.35613668,2.215366,0.42657086,0.26539963,0.03963776,0.22617722,0.17839268,0.8349495,0.39183354,0.41635182,inf,inf,1.2203549,10.864875,1.9021829,1.9021829,0.25911632,0.57415885,0.57415885,0.22912753,0.45747858,0.4849519,0.8595114,0.4985285,AVARAGE
226,0.35132962,,20.497946,1.99623,2.5101488,0.14730622,0.13248917,inf,0.4161753,0.3769744,0.37097937,0.37618667,0.95488197,0.37634957,0.80111784,0.19379999,0.107650384,0.33923757,0.15969156,0.30427077,0.25055465,0.51454806,2.7330892,0.34470513,2.1461182,0.39866528,0.24923657,0.07342557,0.20178348,0.23032306,0.9028561,0.3898242,0.38930172,inf,inf,1.1805992,10.887671,1.4797,1.4797,0.2591773,0.5269989,0.5269989,0.22154509,0.43489596,0.4688653,0.79044944,0.46538246,AVARAGE
179,0.41965142,,23.638088,2.5465972,3.0640235,0.1419175,0.079496235,1.0198107,0.46153063,0.36593792,0.43860096,0.44222987,1.163652,0.38086608,0.8220811,0.14730664,0.12204089,0.406205,0.20336364,0.3479327,0.26804382,0.66049755,3.5743163,0.39187413,2.4035938,0.44316718,0.28482,0.05709141,0.2679566,0.24138188,0.7680318,0.3974688,0.46324566,inf,inf,1.4395242,27.390667,1.7729639,1.7729639,0.29085883,0.6086017,0.6086017,0.20096226,0.528395,0.51584345,1.0041596,0.4714348,AVARAGE
147,0.41935015,,23.617481,2.3480437,3.5374777,0.12410728,0.121027805,1.2493647,0.45583746,0.36114904,0.43955967,0.44153184,1.109177,0.36876044,0.82344574,0.16178407,0.12186713,0.3929327,0.21778372,0.3445177,0.34133038,0.68985677,3.5839612,0.37441084,2.3274984,0.43735254,0.28484488,0.042930484,0.23203759,0.26077232,0.7776602,0.45299995,0.46333742,inf,inf,1.3686432,58.69632,1.6839277,1.6839277,0.2762586,0.6110489,0.6110489,0.20964812,0.52741295,0.53065866,0.81940794,0.466135,AVARAGE
142,0.39234376,,23.442606,2.2011013,1.9918666,0.14040972,0.1077072,1.2531996,0.4383748,0.38642105,0.41714188,0.42126545,1.089229,0.38361388,0.81352603,0.16976097,0.11527485,0.38733804,0.18823756,0.3458961,0.27766043,0.64931434,3.265819,0.37188357,2.3235438,0.448074,0.26857802,0.052445922,0.23623444,0.19979577,0.8217708,0.41218057,0.44289204,inf,inf,1.3425754,15.233029,2.135241,2.135241,0.27808416,0.60297805,0.60297805,0.21577363,0.48546523,0.5034655,0.8619517,0.49248147,HEALTHY
243,0.43557838,,25.575583,2.4074664,2.628574,0.13538374,0.08153031,1.0773404,0.45355695,0.3955368,0.46678573,0.4674789,1.2608759,0.38752955,0.82392955,0.15500048,0.13356231,0.43909913,0.19884738,0.38055953,0.29392907,0.71753114,3.8272865,0.4128578,2.5576892,0.49287656,0.3152634,0.043021843,0.26333568,0.18648717,0.7511445,0.44856513,0.49484068,inf,inf,1.5660982,31.5725,1.859204,1.859204,0.30273476,0.65524626,0.65524626,0.21062832,0.53830785,0.553453,0.9078876,0.52278525,AVARAGE
166,0.3458629,,18.700626,2.582724,4.331358,0.14184979,0.11424817,inf,0.42008632,0.34401098,0.35439837,0.3615053,1.0585276,0.32482108,0.80267346,0.17145228,0.095691815,0.32314762,0.152133,0.27878103,0.20744023,0.5116784,2.8055737,0.3600384,2.236529,0.375212,0.21672824,0.04721879,0.20351075,0.2044445,0.92791855,0.35383344,0.37236175,inf,inf,1.2682383,14.152278,1.5442667,1.5442667,0.2808724,0.4792275,0.4792275,0.19151813,0.43842545,0.45267755,0.8662802,0.41869277,None
30,0.31248868,,18.138952,2.0110033,1.6874827,0.15383111,0.12232884,1.6619068,0.3837758,0.3419871,0.32387143,0.33102685,0.82488716,0.3409188,0.8099804,0.19349423,0.09249424,0.2875582,0.15040883,0.26381576,0.21313706,0.4446117,2.4187083,0.3093616,1.9801185,0.3525386,0.20975527,0.043893673,0.18655995,0.227447,0.95963633,0.3269458,0.34014395,inf,inf,1.0167735,8.566051,1.7192154,1.7192154,0.23391196,0.4711175,0.4711175,0.21157259,0.39149073,0.40963322,0.82646596,0.41471255,AVARAGE
52,0.39705744,,23.043743,2.2955701,3.2737024,0.13122773,0.112744205,1.2124784,0.44534212,0.37188032,0.41792747,0.42215553,1.0774174,0.38978437,0.81019324,0.16307312,0.11592692,0.3827366,0.19317193,0.3381657,0.30395204,0.62121147,3.2348924,0.367743,2.2802677,0.42936027,0.2690824,0.06813306,0.22752418,0.24207316,0.8099773,0.4293008,0.44098735,inf,inf,1.3217909,18.743132,1.7766877,1.7766877,0.27466875,0.5946397,0.5946397,0.21338853,0.4953966,0.51356876,0.83304036,0.47231156,None
222,0.36933511,,20.679691,2.3365462,2.2830215,0.15739517,0.105890624,inf,0.42579708,0.36128688,0.38704532,0.3919207,1.0858558,0.35861862,0.8088891,0.17756677,0.10425815,0.34779805,0.15677796,0.31002438,0.19917981,0.533473,2.8893912,0.36539572,2.2649944,0.41125953,0.23903537,0.05731869,0.23816559,0.24207982,0.91091824,0.34220704,0.4062832,inf,inf,1.3127005,12.639972,1.3700341,1.3700341,0.28016314,0.52814466,0.52814466,0.20241368,0.4607087,0.4525848,0.93273026,0.44817954,AVARAGE
126,0.40319064,,23.690695,2.179914,2.7559803,0.1304833,0.113080986,1.1939005,0.43792677,0.38481623,0.4258062,0.4295682,1.0480603,0.3931358,0.8151252,0.16525249,0.12311923,0.40219265,0.20133722,0.34659943,0.31946373,0.63516,3.4501312,0.37289035,2.3141844,0.43811128,0.28705433,0.043063063,0.22946662,0.1700881,0.76046735,0.4564249,0.45060232,inf,inf,1.3257085,18.813925,1.9753199,1.9753199,0.26885664,0.6125327,0.6125327,0.22266947,0.5025384,0.53773016,0.8240108,0.49712002,AVARAGE
89,0.43421432,,24.2684,2.617178,8.604158,0.15304185,0.076239415,1.0872086,0.5308574,0.39469308,0.45314452,0.45483088,1.2099968,0.38764143,0.8236928,0.14318846,0.10243629,0.4210308,0.23596771,0.35128883,0.28039902,0.83085245,3.885206,0.3862285,2.3950424,0.43436015,0.2360689,0.05224307,0.29887512,0.1942027,0.6966357,0.38013202,0.47707182,inf,inf,1.4235462,31.651388,1.5931705,1.5931705,0.31043112,0.6297141,0.6297141,0.20961171,0.5489548,0.51346093,1.1361158,0.47621435,AVARAGE
55,0.42747223,,24.995214,2.4412127,2.1887498,0.13057539,0.10130384,inf,0.45872074,0.38680127,0.4548953,0.45720866,1.1846274,0.40406284,0.8213693,0.15833262,0.12455292,0.4183491,0.19179507,0.37053657,0.3003722,0.6777229,3.5254824,0.3995113,2.4386947,0.47717065,0.2909368,0.046062075,0.25013572,0.25148574,0.78849095,0.44633874,0.48131123,inf,inf,1.4706072,19.351522,1.8520473,1.8520473,0.29562473,0.64099705,0.64099705,0.21006772,0.5303749,0.53977436,0.8568152,0.5009706,UNHEALTHY
279,0.45787945,,26.45831,2.7793388,4.188004,0.13296263,0.0761687,0.968565,0.5026603,0.4038371,0.48960274,0.4892112,1.4075195,0.3854932,0.83245724,0.14241888,0.118012704,0.45381117,0.20731853,0.39430496,0.2918758,0.8345319,4.0361843,0.42872465,2.6512578,0.50864285,0.27354392,0.04693615,0.28439647,0.25109786,0.7379977,0.4467888,0.51903373,inf,inf,1.6750517,30.843039,1.8240317,1.8240317,0.33459038,0.67713237,0.67713237,0.20025219,0.5682326,0.56277025,0.96778876,0.51654935,AVARAGE
143,0.38469326,,22.319525,2.120273,2.3288982,0.14573261,0.114100024,1.341173,0.41936904,0.36538792,0.4064712,0.41015527,1.0276769,0.36885267,0.81433064,0.18271215,0.11576734,0.36282656,0.17927533,0.329212,0.26291206,0.5800126,3.0811815,0.35921037,2.2305038,0.43005386,0.2692395,0.055196315,0.22795312,0.24632667,0.8588184,0.39119294,0.42889467,inf,inf,1.28382,15.550532,1.745706,1.745706,0.26296496,0.57417583,0.57417583,0.2161249,0.47820893,0.47991535,0.8457703,0.46671999,AVARAGE
184,0.48010635,,26.575577,3.1069374,4.37728,0.1139041,0.08035572,0.8524241,0.5104125,0.38952422,0.5092668,0.50639755,1.5472906,0.3441643,0.8423246,0.12479442,0.13096166,0.47743106,0.23702222,0.39599365,0.34382597,0.91203135,4.68156,0.45521137,2.8407207,0.5088391,0.3075791,0.036781497,0.27989745,0.17178717,0.67926687,0.49864396,0.5386995,inf,inf,1.8500035,48.128563,1.7385392,1.7385392,0.35069805,0.6801329,0.6801329,0.18709916,0.60275936,0.60973716,0.9528125,0.5118004,AVARAGE
280,0.3929289,,21.334154,2.8412933,4.6328344,0.13871095,0.10064158,1.1590552,0.46809265,0.36535817,0.4084973,0.41208377,1.2707201,0.3334472,0.8165999,0.15667313,0.10534829,0.37259722,0.17474072,0.3182074,0.23433405,0.6596361,3.3769417,0.3916717,2.4659448,0.42289183,0.24397214,0.039390862,0.23809001,0.20241262,0.8493131,0.38304955,0.4293419,inf,inf,1.486741,22.750818,1.420677,1.420677,0.31394818,0.54583925,0.54583925,0.18957059,0.49575397,0.49202695,0.935905,0.44879276,AVARAGE
266,0.41981813,,22.541946,3.0114326,5.9852905,0.118545376,0.106337115,1.0111111,0.4631271,0.35080177,0.4366859,0.43946224,1.3436801,0.33099452,0.8264178,0.1402743,0.121341795,0.39887625,0.1854992,0.33821744,0.2749835,0.6699342,3.670731,0.41741022,2.595948,0.44739258,0.2832355,0.04242787,0.23902905,0.2397244,0.82732683,0.43669268,0.46025392,inf,inf,1.6194457,63.140846,1.5679786,1.5679786,0.32052496,0.5752147,0.5752147,0.17768319,0.5306369,0.53868926,0.88489485,0.45278266,AVARAGE
258,0.46706745,,27.104252,2.8895447,2.419356,0.13249727,0.10001578,1.0245798,0.48439917,0.3774765,0.50003284,0.49943712,1.4470987,0.36254835,0.8426109,0.14688744,0.13204336,0.4421528,0.2136537,0.40526086,0.29340446,0.8576376,4.0378704,0.42957926,2.6805227,0.5291764,0.31326088,0.05293172,0.29084322,0.37314752,0.80851287,0.43708915,0.533154,inf,inf,1.7444053,55.254417,2.154584,2.154584,0.32723287,0.6918873,0.6918873,0.19069283,0.57995784,0.54946023,0.96277595,0.4986247,AVARAGE
15,0.37239757,,21.329018,2.114401,3.03055,0.14907256,0.09952614,inf,0.44838005,0.37346265,0.38869432,0.39405066,0.9593546,0.38477597,0.8082146,0.16929899,0.10807396,0.35921103,0.18217808,0.31138346,0.2540774,0.5836385,3.0325744,0.34571823,2.1537206,0.3964736,0.25175008,0.041005053,0.23255925,0.19194326,0.81207263,0.37175173,0.40888608,inf,inf,1.1775635,18.546572,1.6153495,1.6153495,0.2637144,0.5519996,0.5519996,0.21610709,0.46641892,0.4705026,0.91882247,0.45677373,AVARAGE
78,0.41405258,,23.553022,2.27112,2.2426922,0.12748305,0.113623574,inf,0.45416299,0.36379308,0.43537864,0.43837634,1.0833331,0.38461718,0.819811,0.1589752,0.11909545,0.39216483,0.20226435,0.34584677,0.31431574,0.65483034,3.39427,0.37546107,2.2951026,0.43971768,0.2771029,0.045597304,0.23643307,0.29514402,0.7991393,0.4344408,0.45905924,inf,inf,1.3461576,35.727257,1.6587701,1.6587701,0.27678123,0.60700405,0.60700405,0.20711267,0.517877,0.52057767,0.8430611,0.46634454,None
4,0.39172637,,24.983242,1.5217248,3.3230197,0.18370812,0.067542896,1.459173,0.49645546,0.43524188,0.41768554,0.42166108,0.76704013,0.4991145,0.8011533,0.18519072,0.07891011,0.3909751,0.23797014,0.34636256,0.31706813,0.735982,3.1147027,0.3000375,1.9011261,0.3952039,0.1746387,0.057286885,0.2813006,0.19836009,0.6911681,0.3612063,0.44028994,inf,inf,0.9304279,11.594929,2.009969,2.009969,0.2327635,0.66289526,0.66289526,0.2750078,0.48291975,0.46630248,1.0332301,0.509486,AVARAGE
70,0.46054772,,26.317297,2.4495702,3.4706101,0.1339249,0.05774305,0.94109833,0.53468025,0.41218525,0.48807344,0.48721215,1.2362776,0.38941655,0.83067137,0.13204212,0.10405924,0.46217957,0.2540387,0.38252005,0.3457288,0.94497484,4.3151736,0.4029958,2.4645932,0.47018448,0.23709624,0.030314768,0.29119924,0.124004014,0.6345734,0.4478922,0.51582545,inf,inf,1.468519,56.50197,1.758414,1.758414,0.31739998,0.68243504,0.68243504,0.21142317,0.57614,0.56879693,1.0509535,0.5099424,AVARAGE
96,0.41985857,,25.201681,2.0499446,2.197357,0.14422762,0.10325234,1.2666099,0.44648376,0.38971174,0.45041895,0.45201188,1.0733752,0.41501707,0.81847864,0.1726255,0.12408507,0.40716326,0.1972623,0.37038416,0.29365885,0.671652,3.3853743,0.3759397,2.3092296,0.4745049,0.2900972,0.03407098,0.25649756,0.28672096,0.7958543,0.4170964,0.4762661,inf,inf,1.3450866,16.200893,1.8173922,1.8173922,0.2733603,0.6493077,0.6493077,0.22312035,0.5172102,0.51201135,0.8800728,0.50503343,AVARAGE
139,0.45343417,,26.410368,2.6260962,2.3525643,0.12684573,0.09876285,1.110761,0.47857952,0.39133012,0.48266655,0.48234192,1.297259,0.39049232,0.8340415,0.15058161,0.1341375,0.44497594,0.23490235,0.38673154,0.35642803,0.80974436,4.0782337,0.410429,2.5693917,0.48765185,0.31974062,0.044295847,0.2650658,0.24048892,0.72766924,0.47366783,0.5115814,inf,0.41638106,1.5955837,37.459473,1.9977005,1.9977005,0.30419236,0.6820737,0.6820737,0.21308704,0.5657393,0.5689633,0.8943188,0.51270455,AVARAGE
238,0.3516086,,20.078074,1.9965639,3.9118977,0.13017447,0.15840702,1.3970734,0.41366124,0.34050977,0.36498773,0.3707492,0.8756101,0.35987464,0.81940585,0.18290423,0.10138093,0.3217543,0.18212141,0.2901772,0.29320943,0.5141242,2.7211194,0.32179067,1.9930005,0.37198845,0.23209813,0.07975677,0.19139896,0.27504855,0.88528895,0.39819172,0.38339832,inf,inf,1.079915,15.305249,1.5107479,1.5107479,0.24110618,0.52172416,0.52172416,0.21397223,0.44162452,0.45953336,0.75086904,0.4197449,HEALTHY
203,0.43369833,,24.942822,2.4916315,3.2560325,0.12741868,0.08669159,1.0416777,0.48992315,0.4005587,0.46000835,0.46152505,1.2418629,0.3935945,0.8182882,0.14843196,0.1117622,0.43325195,0.20590398,0.36826092,0.31498674,0.7576321,3.7801437,0.40378898,2.4817634,0.47001925,0.25630447,0.037168335,0.25383675,0.16534874,0.728041,0.4614369,0.48603284,inf,inf,1.4903213,33.906837,1.6992122,1.6992122,0.31196907,0.6416153,0.6416153,0.20885234,0.53999937,0.5599818,0.88819,0.50586736,AVARAGE
272,0.39478713,,22.297787,2.5610106,1.9758501,0.14150494,0.10685062,1.2306894,0.435771,0.352924,0.41463116,0.41888195,1.1404356,0.3642341,0.81517804,0.16800432,0.11812243,0.36711517,0.16702689,0.33354518,0.24026673,0.5902967,3.079886,0.37950915,2.3522787,0.44091767,0.27591226,0.0416381,0.2392613,0.33260834,0.91598064,0.38255113,0.43713835,inf,inf,1.3976027,28.406055,1.628849,1.628849,0.2849411,0.56988716,0.56988716,0.1952034,0.49353603,0.48144668,0.88263285,0.4509836,AVARAGE
294,0.40808693,,24.399788,2.1299775,2.7899103,0.13527356,0.11088184,1.1657383,0.44573286,0.38413304,0.4348332,0.43784046,1.0467515,0.40632546,0.81447995,0.16690552,0.12006274,0.39928538,0.19623515,0.35786143,0.3100372,0.6490241,3.3354735,0.3678795,2.2701244,0.45377123,0.28010395,0.053851295,0.24016641,0.27673486,0.7893877,0.4340894,0.46030778,inf,0.39816153,1.3057581,16.939302,1.9267759,1.9267759,0.27028796,0.6299471,0.6299471,0.22098611,0.5050779,0.5194219,0.8423556,0.49378428,AVARAGE
148,0.3307149,,19.169361,1.795545,21.789738,0.14932302,0.13483448,inf,0.42491552,0.35794595,0.34355974,0.34992933,0.79731405,0.37026864,0.81085545,0.19648764,0.08621337,0.29958495,0.16920756,0.2757507,0.2564913,0.5113528,2.4976876,0.2974003,1.880005,0.35196823,0.19579175,0.07941193,0.19125,0.24631973,0.8962246,0.3546271,0.36051014,inf,inf,0.97379947,10.744301,1.5600526,1.5600526,0.23155792,0.4990497,0.4990497,0.22597438,0.41380984,0.42384154,0.7974599,0.4153739,AVARAGE
176,0.37590444,,22.351343,1.8482386,3.6910183,0.14409806,0.11253848,1.2923542,0.43092713,0.39021608,0.3967995,0.40230295,0.8796832,0.42585507,0.7991754,0.17989048,0.1102239,0.37404713,0.17182174,0.32569814,0.28498778,0.5249222,2.9162264,0.3433309,2.1097317,0.40905896,0.25264195,0.031600375,0.21914788,0.21206698,0.7949341,0.41730598,0.41624257,inf,inf,1.121049,9.235852,1.508929,1.508929,0.24793042,0.578349,0.578349,0.23497072,0.46570992,0.49876362,0.82052124,0.48833996,AVARAGE
229,0.36894304,,20.376257,2.6981006,2.4522526,0.13079755,0.13344888,1.2215693,0.41568348,0.35504502,0.38346875,0.38917273,1.1883043,0.33860135,0.8040721,0.16744794,0.1207101,0.35761744,0.160534,0.30593812,0.24690051,0.52010447,3.0523412,0.38719472,2.4279647,0.40764913,0.28214595,0.053076055,0.20680776,0.19530788,0.90245265,0.41233173,0.40327996,inf,inf,1.4415593,16.552177,1.5317101,1.5317101,0.29229644,0.5199773,0.5199773,0.1950117,0.4635936,0.49940574,0.81447875,0.45467377,AVARAGE
217,0.39177343,,23.457464,2.1045759,4.0855637,0.1437806,0.11661672,inf,0.46771574,0.40898845,0.4185485,0.42168102,1.0793469,0.39338067,0.81044084,0.17975374,0.09319494,0.38282523,0.18594618,0.34555507,0.2834042,0.71445644,3.2050524,0.35963514,2.2343242,0.44358417,0.21092598,0.053054314,0.233344,0.20705217,0.81254554,0.41620257,0.44276527,inf,inf,1.2699232,15.328889,1.9106765,1.9106765,0.28655174,0.6037325,0.6037325,0.22635365,0.48275846,0.4999606,0.84042835,0.49423283,AVARAGE
113,0.3925961,,20.265842,3.3660927,2.7652838,0.116355605,0.12232886,inf,0.4572132,0.3144256,0.39713666,0.40278658,1.2838335,0.29510215,0.82846594,0.13384943,0.113673225,0.35568473,0.19432557,0.30085224,0.26158297,0.6369325,3.465038,0.3941942,2.4589162,0.39581773,0.26449555,0.06673058,0.22525573,0.24660021,0.8601539,0.3983822,0.41909087,inf,inf,1.5363705,35.441757,1.6631546,1.6631546,0.3061937,0.51999134,0.51999134,0.16600364,0.50847065,0.5021183,0.92517376,0.39726973,AVARAGE
82,0.48233587,,27.488054,2.8149352,2.9427707,0.13133934,0.0667696,inf,0.5162025,0.3986077,0.5127186,0.509968,1.3971046,0.38677803,0.84217525,0.1279595,0.12967876,0.48007804,0.2572506,0.40278947,0.3397575,0.91362923,4.625125,0.4323415,2.683462,0.50312823,0.30528808,0.05133811,0.30694985,0.19682755,0.64293116,0.46124765,0.54248476,inf,inf,1.6962811,46.437706,1.8947334,1.8947334,0.32801613,0.7092691,0.7092691,0.20317945,0.6048724,0.58824825,1.0760187,0.5199713,AVARAGE
106,0.393739,,23.772367,2.0804088,2.3919837,0.1378178,0.113750696,inf,0.45196566,0.39702865,0.41798854,0.42235315,0.9790744,0.42170894,0.8060913,0.16928284,0.10659081,0.38920853,0.19455045,0.3458521,0.30452377,0.6434476,3.1910255,0.35471836,2.195581,0.43442273,0.2442839,0.04133943,0.23323563,0.19726633,0.78245664,0.42742735,0.44226512,inf,inf,1.2122331,13.118694,2.032192,2.032192,0.26618868,0.61640394,0.61640394,0.22803748,0.48770362,0.50997925,0.84240174,0.49357045,None
45,0.32733968,,18.51411,1.7793657,2.1054294,0.1534661,0.11647856,inf,0.3860534,0.34372956,0.33913127,0.34563404,0.79712605,0.34642825,0.8049922,0.19404918,0.102622226,0.30342373,0.1547328,0.26963767,0.22697188,0.4350959,2.5362527,0.3094856,1.9723343,0.35394078,0.23488352,0.038355272,0.19184883,0.22599967,0.9050974,0.3422932,0.35450545,inf,inf,1.0053097,9.582594,1.288632,1.288632,0.22593772,0.4790235,0.4790235,0.21829908,0.40980884,0.4233847,0.82792073,0.42412713,AVARAGE
236,0.31988415,,19.064398,1.7020669,2.0879438,0.1575103,0.14209917,inf,0.39078262,0.36433366,0.33723524,0.34303048,0.79864377,0.36097685,0.8071364,0.21233594,0.09719249,0.29469812,0.14935544,0.27851626,0.22702819,0.47418416,2.4071345,0.30435368,1.952189,0.3712656,0.22341734,0.045012213,0.18650363,0.23789452,0.95453006,0.34470546,0.35382742,inf,inf,0.9966884,6.905825,1.6620756,1.6620756,0.22788005,0.4924846,0.4924846,0.2281022,0.39539832,0.41178927,0.775223,0.43857077,AVARAGE
193,0.42073867,,23.094835,2.620794,2.87397,0.13273361,0.096254386,1.1033767,0.46890557,0.36528108,0.44121912,0.44325984,1.2498219,0.3478692,0.8163401,0.15378448,0.11433297,0.3968137,0.19174801,0.34464055,0.27036914,0.7008998,3.5980394,0.3988382,2.4693813,0.45028925,0.26496276,0.04529367,0.24895014,0.24354818,0.8089193,0.41301775,0.46489498,inf,inf,1.5061209,29.11318,1.5411263,1.5411263,0.30614278,0.59063,0.59063,0.19335747,0.52810276,0.51872116,0.9124805,0.46385527,UNHEALTHY
157,0.38835526,,20.763147,2.8295932,4.9065685,0.12890221,0.10252899,inf,0.439113,0.34022048,0.39677995,0.40293008,1.1158684,0.35791776,0.8040067,0.15195581,0.12217545,0.36572248,0.1812566,0.30621967,0.26915643,0.5251314,3.2105742,0.3799515,2.3586118,0.39354113,0.2855507,0.04587562,0.22101437,0.23597935,0.83553815,0.41077703,0.41536635,inf,inf,1.3771532,22.59409,1.3379223,1.3379223,0.28185675,0.5345673,0.5345673,0.19381538,0.49592772,0.50590724,0.8813704,0.43535691,AVARAGE
169,0.4058139,,22.331146,3.065238,5.25251,0.13138041,0.09612291,inf,0.43594903,0.34906054,0.4226416,0.4266301,1.3049635,0.3389029,0.8161497,0.14858292,0.13335428,0.39037028,0.17699954,0.33438557,0.24359989,0.6069324,3.4942951,0.41316155,2.58552,0.44464046,0.31633478,0.03749804,0.24257962,0.22503401,0.8543843,0.4057953,0.44623354,inf,inf,1.5973111,28.931479,1.7016963,1.7016963,0.30778238,0.56949747,0.56949747,0.18426287,0.51257783,0.5144267,0.92269725,0.46081257,AVARAGE
158,0.33709562,,18.788256,2.220256,2.5875077,0.13972905,0.13369724,1.406204,0.38501686,0.3321907,0.34801483,0.35491577,0.92303205,0.33423084,0.8100692,0.1805758,0.11189512,0.3128736,0.1536139,0.2775306,0.22885242,0.44612533,2.6478968,0.33887967,2.1290724,0.36970922,0.25982794,0.040485874,0.19321845,0.25213516,0.9474403,0.36333555,0.3652457,inf,inf,1.1557446,11.743036,1.5543187,1.5543187,0.2480956,0.48362893,0.48362893,0.20040387,0.42419124,0.44292113,0.8083142,0.41996986,UNHEALTHY
253,0.43940827,,24.191004,3.0750363,3.3154016,0.12254861,0.0858058,inf,0.4721156,0.3688967,0.46057925,0.46239826,1.4221896,0.33834475,0.82737887,0.134189,0.1304528,0.43373927,0.20477904,0.36220133,0.28938055,0.7478642,4.0643926,0.43390858,2.7107162,0.47231394,0.3073596,0.049279436,0.25997627,0.18163575,0.7593722,0.44769242,0.48802093,inf,inf,1.7227141,44.796837,1.8513583,1.8513583,0.32964218,0.61751676,0.61751676,0.18418092,0.5539511,0.56074196,0.9552088,0.48472396,AVARAGE
115,0.27376163,,16.375332,1.5707947,7.3163476,0.16821818,0.16460028,2.332926,0.34839526,0.33900863,0.2856239,0.29218933,0.67692494,0.33082014,0.8211763,0.23750444,0.08572044,0.23922783,0.14090343,0.23527375,0.20421869,0.37682316,1.9885758,0.26567733,1.7764204,0.31721476,0.19304524,0.051009744,0.15731375,0.27330658,1.0518886,0.29783872,0.2975529,inf,inf,0.8368518,5.593116,1.4455501,1.4455501,0.19849811,0.42743275,0.42743275,0.23289318,0.34005457,0.35519636,0.7415425,0.4025491,None
20,0.36257008,,20.4754,2.1123238,2.9131331,0.13256243,0.11435144,1.3523418,0.42326966,0.35583428,0.37473089,0.38104606,0.9254484,0.36396256,0.80880016,0.1670225,0.10818803,0.34856263,0.18447061,0.29748574,0.28475162,0.543976,3.0015934,0.34116194,2.1356516,0.37878045,0.24806075,0.038501978,0.20396209,0.17893165,0.8162522,0.40798542,0.3941978,inf,inf,1.1500757,14.866877,1.6590626,1.6590626,0.25201705,0.5316448,0.5316448,0.2121797,0.4572065,0.48799384,0.8234544,0.44442716,AVARAGE
155,0.35058823,,21.451433,1.6977245,2.08872,0.15864883,0.116051756,1.4708089,0.40792915,0.38003898,0.37287787,0.37818423,0.8170058,0.40394148,0.8002475,0.2007007,0.10405674,0.33637118,0.16165492,0.31193998,0.25542995,0.5063973,2.6096594,0.31627417,1.989808,0.40097207,0.23922221,0.042947724,0.21159022,0.27862802,0.8851053,0.36855158,0.39159748,inf,inf,1.0223662,15.207112,1.6785115,1.6785115,0.23352608,0.55632424,0.55632424,0.23672956,0.43130615,0.44709206,0.8189758,0.46955428,UNHEALTHY
165,0.40710592,,23.698763,2.4358118,12.1797695,0.13681582,0.09878266,inf,0.43352336,0.37458843,0.43064862,0.4341772,1.1472061,0.3754344,0.8145723,0.16254914,0.13330667,0.40075892,0.18746272,0.35098076,0.28348455,0.62839496,3.414508,0.39012915,2.415634,0.45523995,0.3175879,0.037853364,0.24204779,0.22330691,0.810784,0.42462644,0.45567176,inf,inf,1.4291513,29.127975,1.9351382,1.9351382,0.28456077,0.60926384,0.60926384,0.20946777,0.50688887,0.52127665,0.8778482,0.491871,AVARAGE
183,0.4664557,,27.550772,2.706807,2.9389236,0.13200141,0.06589146,0.9290337,0.4858859,0.40221503,0.49980605,0.4996623,1.365182,0.4004545,0.83308256,0.13798705,0.13467515,0.4702301,0.22079092,0.40756473,0.31264228,0.8245481,4.186303,0.43160746,2.6676953,0.52010185,0.3171648,0.040276416,0.29197288,0.21567014,0.7047203,0.4600155,0.53189385,inf,inf,1.6757592,31.593908,2.1425827,2.1425827,0.32139736,0.70707434,0.70707434,0.20563689,0.57845485,0.57599056,0.9807738,0.533208,AVARAGE
287,0.33655754,,18.722616,2.425948,2.8542693,0.1492879,0.12176267,inf,0.42198953,0.35453472,0.34806034,0.35463125,1.0040115,0.33431935,0.8029822,0.18302983,0.092348985,0.31272757,0.15112346,0.27767068,0.21676189,0.50500697,2.651742,0.33901572,2.1267383,0.36982524,0.21042462,0.055790253,0.20005679,0.21841857,0.93746,0.344892,0.36505687,inf,inf,1.1689613,17.075071,1.4246713,1.4246713,0.274693,0.48108846,0.48108846,0.20329292,0.423335,0.4331382,0.85718095,0.4221861,AVARAGE
261,0.46086743,,25.0859,3.8771045,3.5107553,0.11630017,0.09546339,inf,0.49335378,0.37427515,0.48362777,0.4842352,1.7870967,0.29702315,0.83880925,0.12421429,0.13610922,0.45569515,0.20455453,0.38107106,0.27632833,0.88878673,4.5396776,0.47709587,3.0764747,0.50788206,0.32566804,0.05573491,0.27404964,0.16340263,0.775669,0.46263018,0.51514924,inf,inf,2.0864131,48.08162,2.2203796,2.2203796,0.3765798,0.6355861,0.6355861,0.16770588,0.583043,0.58437926,0.9885888,0.49436104,AVARAGE
57,0.4250134,,23.015676,2.816952,3.933805,0.12238252,0.09106193,1.0205075,0.50727564,0.37347162,0.4405479,0.44302368,1.2539452,0.36050987,0.8211887,0.1402013,0.10289113,0.4068355,0.21402405,0.3375011,0.31316856,0.7530272,3.754409,0.39753217,2.4568527,0.42942026,0.23518877,0.051997244,0.2441315,0.20499499,0.74815065,0.4434109,0.4626347,inf,inf,1.47878,29.985426,1.4138641,1.4138641,0.3164117,0.5939115,0.5939115,0.1940406,0.5391964,0.5447153,0.9112249,0.4584285,None
49,0.340909,,21.280619,1.5346174,2.345311,0.16226286,0.1190518,inf,0.43246883,0.40013075,0.36230436,0.36749113,0.7533471,0.42122367,0.800193,0.20880558,0.07883368,0.32391167,0.18200752,0.3028438,0.27883127,0.5746839,2.5894327,0.28966478,1.8640878,0.37588716,0.17590803,0.056264944,0.20476523,0.22542544,0.8467964,0.36668077,0.38119486,inf,inf,0.91478246,7.195193,1.8637743,1.8637743,0.2251466,0.5576621,0.5576621,0.25372374,0.41972,0.4367448,0.81075317,0.4660566,AVARAGE
100,0.32634374,,19.792656,1.6128612,1.7677147,0.16524567,0.13059291,inf,0.41775292,0.37594742,0.34479308,0.35038024,0.7532575,0.3900567,0.8046735,0.21684359,0.07550064,0.29888222,0.16041505,0.28528535,0.2397535,0.5127698,2.367264,0.28843984,1.8299383,0.36701998,0.16778952,0.057467286,0.19687298,0.27276132,0.92859966,0.3278115,0.36147463,inf,inf,0.9151679,9.414758,1.6134148,1.6134148,0.22551447,0.5149671,0.5149671,0.23962376,0.4029853,0.40120584,0.8006303,0.43451393,AVARAGE
204,0.4159948,,23.147644,2.4909554,2.7351568,0.12593436,0.10519262,1.0785575,0.46492302,0.36447376,0.43613827,0.43910217,1.1839685,0.36374247,0.81844103,0.15235177,0.12024164,0.39564902,0.19311589,0.34375858,0.29229233,0.67681086,3.5020893,0.39147386,2.4117959,0.44458646,0.28261834,0.04578096,0.23921709,0.2519073,0.80277586,0.43088228,0.45991415,inf,inf,1.4523402,24.567875,1.610963,1.610963,0.2951846,0.59332794,0.59332794,0.19664569,0.5215743,0.52336,0.8644096,0.4644339,AVARAGE
251,0.40501103,,21.884066,2.994459,4.2059975,0.10989079,0.14478193,1.022564,0.4622049,0.34408888,0.41513482,0.42068666,1.1681484,0.35716102,0.84255964,0.14216074,0.12666914,0.38232303,0.1986881,0.321846,0.32572582,0.62335366,3.4181726,0.39215428,2.4115155,0.41027418,0.3026305,0.053953044,0.21831606,0.24054667,0.816649,0.46227497,0.43680224,inf,inf,1.4464096,37.19603,1.6526343,1.6526343,0.29319713,0.56444806,0.56444806,0.18907297,0.51751745,0.5395002,0.80232805,0.43832928,None
160,0.39888448,,22.272678,2.624193,2.065258,0.12961918,0.09476652,inf,0.4383295,0.35303646,0.4139235,0.4193933,1.1196291,0.3646314,0.80899674,0.15053542,0.12966624,0.3846487,0.1871717,0.32947102,0.27438354,0.5969137,3.3388672,0.38921267,2.3921046,0.42626938,0.30692655,0.044336848,0.23406284,0.22535776,0.8242911,0.4126566,0.43732974,inf,inf,1.4089952,25.081842,1.8657254,1.8657254,0.28374195,0.5720573,0.5720573,0.19516024,0.5037275,0.51195896,0.889297,0.45816454,None
225,0.40119463,,21.845427,2.6879568,2.9853146,0.13769057,0.08872074,1.0208302,0.45353734,0.3616999,0.4185634,0.42221907,1.2522979,0.33709586,0.8127764,0.15239732,0.11581759,0.38683346,0.17131934,0.328049,0.22729468,0.63156796,3.4446003,0.40197834,2.4861834,0.43675902,0.26931453,0.043667793,0.24457864,0.19298452,0.8296019,0.38957042,0.44095922,inf,inf,1.5049453,22.183437,1.5073303,1.5073303,0.31038868,0.55646193,0.55646193,0.18765967,0.5042861,0.5043521,0.94497687,0.45941758,AVARAGE
121,0.4189764,,24.667725,2.3485448,2.6538286,0.14282948,0.10046406,inf,0.4762367,0.3945726,0.44616994,0.4482715,1.199191,0.3674248,0.8228695,0.16109833,0.10370541,0.4067339,0.2050353,0.36362374,0.2781765,0.7928906,3.615706,0.3851404,2.3891847,0.47072637,0.23743667,0.052387826,0.2628588,0.21409681,0.78200734,0.40478727,0.4746219,inf,inf,1.4275001,24.446499,2.1217055,2.1217055,0.30125803,0.6339856,0.6339856,0.2095791,0.5196502,0.5113821,0.9430444,0.49249238,AVARAGE
68,0.25941262,,15.095019,1.7046096,1.0588222,0.16173168,0.1803915,2.5281284,0.294391,0.2996851,0.268366,0.2758115,0.6790791,0.29210743,0.8193546,0.23585576,0.108662106,0.22342356,0.11924009,0.22050145,0.17493972,0.28524643,1.8294246,0.27518544,1.8123939,0.31033576,0.24964637,0.051970106,0.14620532,0.33706492,1.164209,0.27727142,0.27912268,inf,inf,0.86635137,5.2264533,1.3581393,1.3581393,0.19300559,0.3909482,0.3909482,0.21193644,0.32349035,0.33643886,0.7144603,0.3784244,AVARAGE
56,0.42304626,,25.953558,2.039252,3.7559295,0.18060517,0.068203904,inf,0.5503494,0.4585161,0.45342463,0.45497522,1.0568789,0.46299425,0.80907017,0.16987202,0.07025078,0.4247117,0.22846466,0.37191853,0.27638495,0.9011327,3.5417016,0.35316315,2.1792624,0.449842,0.15475006,0.051107563,0.31649905,0.18495242,0.68816584,0.36091128,0.47905186,inf,inf,1.2030036,18.431732,1.8451029,1.8451029,0.29830268,0.67761534,0.67761534,0.24851824,0.52185744,0.4891151,1.1176264,0.52342457,AVARAGE
33,0.43982443,,24.994465,2.6694252,2.968481,0.13893344,0.07220785,inf,0.51752716,0.38418674,0.45945743,0.46194464,1.206824,0.37390018,0.830651,0.13417104,0.10477689,0.42390567,0.24123149,0.36255533,0.30728927,0.8682922,3.9689589,0.39117002,2.3963597,0.44925654,0.24012405,0.06675838,0.2883592,0.20227598,0.6981735,0.41201323,0.48763052,inf,inf,1.4454855,34.673637,2.1610105,2.1610105,0.30647942,0.6483285,0.6483285,0.20231105,0.556241,0.53705865,1.0831434,0.47352326,AVARAGE
255,0.43594122,,24.49752,2.944092,2.7144263,0.12719654,0.106838815,inf,0.47511744,0.3812437,0.46034274,0.46222994,1.3673846,0.37464967,0.82397425,0.14490655,0.12517771,0.42746753,0.18816163,0.36713415,0.2809616,0.7127116,3.752947,0.426872,2.6400723,0.4799677,0.2935746,0.034944955,0.26070932,0.22898096,0.79680145,0.44411066,0.48629448,inf,inf,1.6515917,24.40792,1.704031,1.704031,0.32638976,0.6252216,0.6252216,0.19233702,0.54517376,0.550256,0.9143053,0.49267673,None
298,0.49094182,,28.471811,3.4751582,2.904533,0.116100915,0.079228416,inf,0.51901937,0.41015446,0.52818996,0.5246234,1.7047907,0.34662268,0.8545354,0.12674834,0.13168903,0.49226883,0.22978789,0.42548814,0.33570296,1.0287466,4.8004346,0.47099516,2.9872813,0.55638385,0.31152418,0.04711731,0.29298982,0.23062037,0.7072787,0.49794412,0.5634022,inf,inf,2.005943,46.55499,2.1555989,2.1555989,0.37088066,0.72673583,0.72673583,0.18716462,0.61094207,0.6104131,0.956217,0.53675354,AVARAGE
53,0.40857035,,21.3264,3.1500754,16.971825,0.11695694,0.10583114,1.0469944,0.47466394,0.34651878,0.41780555,0.42194048,1.2901858,0.32887772,0.81887734,0.14107159,0.1144273,0.38408938,0.19296086,0.3166755,0.28575936,0.6539969,3.6211326,0.4037535,2.5184333,0.41288888,0.2659913,0.032122675,0.22539446,0.19878227,0.8045276,0.43716604,0.43839526,inf,inf,1.5367448,30.262072,1.3706582,1.3706582,0.31503245,0.5466954,0.5466954,0.18135293,0.5239152,0.5336128,0.8718352,0.43560335,None
199,0.2940406,,16.862688,1.7690185,3.9096425,0.15298651,0.15713976,inf,0.34283626,0.3153072,0.30445954,0.3115787,0.7378835,0.31725374,0.8174171,0.21337089,0.10393321,0.25673953,0.13460879,0.24644239,0.2011887,0.36662498,2.1401005,0.29226115,1.9076679,0.34094262,0.23763661,0.03577452,0.16599017,0.30496144,1.0674733,0.30776593,0.3182055,inf,inf,0.9347308,5.988459,1.3840076,1.3840076,0.20993033,0.4365841,0.4365841,0.20704427,0.36761862,0.37491348,0.7490749,0.39435926,HEALTHY
144,0.32349437,,19.297573,1.6275945,1.9783098,0.1701738,0.12393378,inf,0.39191952,0.35631904,0.3404261,0.34631488,0.7568122,0.368609,0.80345696,0.21398896,0.08793198,0.2934496,0.15599507,0.2805412,0.22069122,0.47636262,2.3541834,0.29285496,1.8312806,0.362025,0.19869024,0.05979575,0.20156689,0.26174057,0.931879,0.314405,0.3571292,inf,inf,0.9378713,21.925686,1.6785581,1.6785581,0.21979053,0.50122344,0.50122344,0.23548968,0.40063342,0.39768803,0.8360131,0.42603996,AVARAGE
8,0.43551895,,24.610365,2.5792046,2.6118665,0.14373803,0.07896012,inf,0.50002205,0.3852721,0.4575892,0.4595918,1.2205718,0.37963277,0.8241154,0.1439898,0.115294375,0.42354727,0.21756902,0.36196002,0.2760349,0.76622254,3.8123596,0.39935565,2.433667,0.4583787,0.26720923,0.075673394,0.28430805,0.18801297,0.7216223,0.4036029,0.48378056,inf,0.36982778,1.47919,36.69932,1.7860578,1.7860578,0.30802107,0.6337737,0.6337737,0.20376727,0.54728115,0.52964103,1.0534526,0.4845836,AVARAGE
42,0.34553227,,20.531431,1.9472139,3.8730729,0.15123872,0.12169209,1.5533019,0.40588373,0.3802296,0.36392054,0.36965802,0.90956426,0.3728051,0.7987914,0.19384487,0.098862,0.33661088,0.16316156,0.30085307,0.24350403,0.5290055,2.7777314,0.33465254,2.1103635,0.39464524,0.22410345,0.035211716,0.20349324,0.18564248,0.8753653,0.37935638,0.3835556,inf,inf,1.124399,10.892048,1.8743616,1.8743616,0.2502437,0.5312398,0.5312398,0.22667395,0.42888778,0.46047127,0.81603414,0.46818396,AVARAGE
188,0.42455345,,23.250095,2.973544,4.1084747,0.11622297,0.110077575,inf,0.46746558,0.35066205,0.4409233,0.4445934,1.2804679,0.34512424,0.82591224,0.13649626,0.1370345,0.40742743,0.20440577,0.34529757,0.3111837,0.6776826,3.7210093,0.40938577,2.5473444,0.44511405,0.32934445,0.048171442,0.24123962,0.24493077,0.7928735,0.45455858,0.4661767,inf,inf,1.5629964,29.585552,1.7702383,1.7702383,0.30850297,0.59629,0.59629,0.1847222,0.5379026,0.54857075,0.8859154,0.4602996,AVARAGE
9,0.34491727,,18.981365,2.3602748,3.4328697,0.16362187,0.07023127,inf,0.46610385,0.3650266,0.35028866,0.35816908,0.9352006,0.3626282,0.8054562,0.1632952,0.07654514,0.32927677,0.18554619,0.27356923,0.22408497,0.5628792,2.8847258,0.32586747,2.0663366,0.34271052,0.16989203,0.048960887,0.23418844,0.14522827,0.81076896,0.30859238,0.3675488,inf,inf,1.0866586,16.789135,1.517883,1.517883,0.26789406,0.4943184,0.4943184,0.21032795,0.44066468,0.4226457,1.044762,0.42132232,None
159,0.41429767,,21.391708,3.097912,2.517327,0.11563181,0.09364782,0.9638997,0.43410918,0.3156135,0.42309406,0.4279429,1.2846396,0.31097165,0.8205743,0.13252048,0.14004639,0.3844693,0.1821222,0.3218454,0.25751188,0.582918,3.599845,0.41530395,2.574901,0.4255375,0.33410484,0.034284525,0.23418413,0.2613193,0.8390112,0.41890976,0.44591135,inf,inf,1.6008133,41.055817,1.5483536,1.5483536,0.30266193,0.5446776,0.5446776,0.16649738,0.531188,0.5248234,0.9086121,0.42501938,UNHEALTHY
150,0.297457,,18.200668,1.489681,1.2103097,0.17019543,0.15574238,1.9537772,0.3633303,0.3437357,0.31355357,0.3196167,0.6769223,0.35052526,0.8225392,0.23733729,0.07992242,0.26081413,0.14762011,0.2617477,0.21188034,0.430702,2.0704384,0.26833335,1.7408177,0.35122824,0.178961,0.050260007,0.17619497,0.3009577,1.0282123,0.2986056,0.32891932,inf,inf,0.84054285,6.6577716,1.7859147,1.7859147,0.20080273,0.47464487,0.47464487,0.23582953,0.36736998,0.36195886,0.7547011,0.40807825,AVARAGE
289,0.35616535,,21.496502,1.98167,1.6120917,0.15014687,0.12660645,1.4611398,0.40324965,0.38178647,0.37934375,0.38455853,0.9412783,0.39046672,0.80290264,0.19637942,0.10935704,0.3464874,0.15081951,0.31926176,0.24043845,0.51388794,2.7177086,0.3481083,2.153863,0.42303348,0.2511771,0.04795142,0.20894137,0.25590658,0.9186294,0.38538766,0.39974508,inf,inf,1.1800406,8.098943,1.8733524,1.8733524,0.25650993,0.55119973,0.55119973,0.22383843,0.43823743,0.46559444,0.79177904,0.4788093,HEALTHY
254,0.4371215,,23.976435,2.8194106,5.3972626,0.1303447,0.083112285,0.98921174,0.47113135,0.3643928,0.45789748,0.45974326,1.3179963,0.3634839,0.82398975,0.13916975,0.12984274,0.42325905,0.19690022,0.35741192,0.2709537,0.6861905,3.8174727,0.4189023,2.596862,0.46345836,0.30596885,0.04791751,0.26624882,0.24794781,0.76792276,0.42565244,0.4824773,0.6129528,inf,1.6145788,36.389477,1.4807888,1.4807888,0.3140148,0.6132251,0.6132251,0.18883236,0.5501801,0.5419832,0.9753563,0.4767504,AVARAGE
154,0.40266544,,23.211086,2.5370636,3.9907217,0.13036574,0.11146978,1.0848496,0.432472,0.367557,0.42375985,0.428602,1.1386052,0.38154835,0.8137487,0.15858175,0.13117506,0.3951488,0.17807251,0.34564498,0.27931064,0.58846986,3.3006308,0.39371747,2.4136484,0.44910738,0.31150943,0.04832024,0.23493858,0.23266375,0.8354013,0.4284968,0.44874305,inf,inf,1.4321496,17.745964,1.9641298,1.9641298,0.28651538,0.59478366,0.59478366,0.20296744,0.5025573,0.52088803,0.8472292,0.48154673,UNHEALTHY
27,0.42209303,,25.453054,2.0338085,2.3082182,0.16204849,0.07364547,inf,0.50858027,0.4237493,0.44891495,0.45092225,1.0167084,0.44058812,0.8162114,0.16164981,0.09401659,0.42142624,0.23466802,0.36438033,0.30419716,0.8010286,3.6207578,0.3548205,2.2034543,0.44098538,0.21311718,0.04982448,0.2902258,0.16337697,0.6828886,0.3910282,0.47450736,inf,inf,1.2196138,22.934145,1.9057397,1.9057397,0.27817127,0.6648507,0.6648507,0.23991574,0.5241665,0.5076821,1.0557407,0.51136506,AVARAGE
19,0.36419865,,21.29755,1.9614751,2.000889,0.14545465,0.11047352,inf,0.41595402,0.36565888,0.38240454,0.38771656,0.9081348,0.38016906,0.8045076,0.17905891,0.11205888,0.3487049,0.17775238,0.310852,0.26697338,0.5444596,2.895764,0.3370765,2.1079957,0.3980406,0.25943092,0.040537246,0.21574646,0.21983834,0.84539473,0.38419163,0.4023699,inf,inf,1.1350908,13.266073,1.7157634,1.7157634,0.24745642,0.5516365,0.5516365,0.22085027,0.4536146,0.46782747,0.8441161,0.45867056,AVARAGE
107,0.42998934,,22.963776,3.2132635,24.589016,0.107652955,0.11513806,1.0315897,0.46040693,0.34027916,0.44350526,0.44622833,1.3417462,0.32891718,0.82285535,0.13294363,0.13515817,0.40675676,0.20943202,0.33999452,0.32293716,0.6882908,3.900033,0.42087397,2.6288066,0.44290033,0.32005495,0.03953129,0.23308164,0.22125192,0.7865002,0.472154,0.4675064,inf,inf,1.6452497,45.07588,1.6932718,1.6932718,0.31287265,0.5893141,0.5893141,0.178397,0.54953647,0.5624999,0.84920317,0.45036563,None
38,0.37237173,,22.31259,1.8735572,2.0840766,0.15302207,0.09760056,1.3378099,0.43277672,0.39679107,0.394769,0.3995712,0.9236233,0.40704927,0.79799044,0.18128492,0.1050693,0.37347087,0.17970014,0.32573086,0.2688854,0.57929826,3.0316927,0.34337962,2.1446853,0.41191524,0.2397027,0.03350961,0.22797012,0.157426,0.79198164,0.39578006,0.41602907,inf,inf,1.1510438,10.795035,1.8071799,1.8071799,0.25435004,0.57816774,0.57816774,0.23500481,0.46027535,0.48707712,0.87561035,0.49367106,AVARAGE
275,0.44243556,,24.812527,2.9091446,2.3552384,0.12916034,0.09452148,inf,0.47839794,0.36907217,0.4675827,0.46857533,1.3685673,0.35992667,0.8292132,0.1482215,0.12529305,0.4172873,0.19570254,0.3711132,0.28186858,0.7510798,3.7481332,0.41724727,2.5915997,0.48551825,0.29470375,0.054537002,0.26397306,0.32079583,0.81956327,0.43101504,0.4943257,inf,inf,1.6394914,27.764555,1.7251594,1.7251594,0.32117823,0.6327512,0.6327512,0.18942341,0.5537843,0.5367321,0.91733205,0.47669402,AVARAGE
293,0.46467438,,25.966795,3.2088797,3.8528798,0.12939109,0.09430955,0.89247435,0.4836983,0.37252927,0.49270904,0.49085644,1.5145912,0.35248297,0.8416919,0.13168028,0.14409338,0.4529241,0.22245237,0.38624698,0.2924487,0.8163428,4.31703,0.4417819,2.7911794,0.49934933,0.34833345,0.05357949,0.2947487,0.2702641,0.7469295,0.44488907,0.5204874,inf,inf,1.8183591,39.71897,1.6985422,1.6985422,0.33558652,0.6652055,0.6651924,0.18709926,0.5831475,0.56761014,1.0415282,0.49632367,AVARAGE
197,0.3930911,,21.703096,2.373853,4.302077,0.14074218,0.08241536,1.1171807,0.44517633,0.36883456,0.410034,0.41440707,1.1120442,0.36189145,0.8063217,0.15699422,0.11234474,0.38542423,0.17569354,0.32283947,0.24363098,0.5901159,3.3357615,0.38276282,2.3604782,0.41998383,0.25845218,0.024724232,0.23869129,0.1538077,0.79334253,0.39510417,0.43119234,inf,inf,1.3645619,18.655138,1.4393662,1.4393662,0.28805545,0.5566294,0.5566294,0.20164095,0.49316022,0.5046912,0.93047446,0.46741492,AVARAGE
171,0.31739742,,18.054726,2.2321928,1.7751684,0.15686814,0.1285095,inf,0.4043846,0.3559896,0.32940158,0.33693022,0.9098808,0.34869048,0.798611,0.19326553,0.08839208,0.2964553,0.1340955,0.26923263,0.18839407,0.4466728,2.40054,0.32571465,2.0406075,0.3601068,0.19953991,0.058232553,0.19553731,0.23543759,0.98099905,0.32418385,0.34539416,inf,inf,1.0864841,10.432349,1.591471,1.591471,0.2591242,0.46322802,0.46322802,0.20850766,0.39668444,0.4120128,0.8433078,0.4208628,AVARAGE
296,0.402886,,23.408987,2.2687376,3.0375946,0.13893238,0.10249895,1.1959293,0.44490063,0.38383752,0.42771053,0.4312246,1.1053423,0.40059808,0.81355375,0.17052405,0.11707468,0.39302057,0.1683928,0.3483971,0.26852763,0.5975717,3.1872075,0.3823362,2.3491373,0.45461088,0.27161655,0.033367384,0.23665696,0.27530214,0.83794695,0.42037955,0.45036212,inf,inf,1.3658906,16.125517,1.5414454,1.5414454,0.2848778,0.59911436,0.59911436,0.21211506,0.49883363,0.51266336,0.8420811,0.48964125,HEALTHY
110,0.3285263,,17.555859,2.304079,2.068607,0.13232248,0.13467841,1.5725724,0.3915083,0.3150217,0.33200377,0.34028208,0.896111,0.31768438,0.8097078,0.17142679,0.105867535,0.29703534,0.15752865,0.25742194,0.23105393,0.43873867,2.6186373,0.3303336,2.088037,0.3415974,0.24291345,0.042997573,0.1820515,0.23179108,0.9357533,0.35870588,0.34793907,inf,inf,1.1171762,13.778887,1.430762,1.430762,0.24321803,0.45359296,0.45359296,0.19147752,0.42006055,0.43797994,0.8073951,0.3923436,None
210,0.38207397,,22.70125,2.292494,2.304434,0.14026326,0.13151886,inf,0.4300872,0.38774705,0.4081401,0.41220236,1.1480367,0.37273464,0.81130636,0.1830294,0.11716884,0.37331694,0.1658589,0.3411896,0.2566702,0.6107781,3.064308,0.38026032,2.3700838,0.45307449,0.2747344,0.06548939,0.22218975,0.2410539,0.9048855,0.4126013,0.43237576,inf,inf,1.3998626,14.692946,1.9626995,1.9626995,0.2891509,0.57944393,0.57944393,0.21143417,0.47039416,0.49660704,0.79872346,0.49090397,AVARAGE
114,0.39971343,,22.69532,2.3183966,2.719333,0.13128239,0.10879099,1.187988,0.4434006,0.37769774,0.41994682,0.42376676,1.0975647,0.38085487,0.812855,0.16489331,0.11774206,0.39140067,0.18363501,0.33591038,0.29006895,0.60267377,3.3316557,0.3809364,2.350044,0.43353435,0.27331597,0.039584238,0.22690432,0.19146886,0.79741126,0.43928263,0.4420952,inf,inf,1.3621861,26.406157,1.5956205,1.5956205,0.28244188,0.5831813,0.5831813,0.2112124,0.49956375,0.52706665,0.8313129,0.48188332,AVARAGE
85,0.43336615,,23.888468,3.027754,19.85216,0.13147667,0.07843511,inf,0.50092113,0.387909,0.4532081,0.45576996,1.3867846,0.35552013,0.8212864,0.13949911,0.10847031,0.42658636,0.19830069,0.3565769,0.2678297,0.7681334,3.8782263,0.4228887,2.6162379,0.4622397,0.24854074,0.05079632,0.2644738,0.14999121,0.75365025,0.42880106,0.4790021,0.44538856,inf,1.6282418,36.0974,1.817614,1.817614,0.33762214,0.6109189,0.6109189,0.19129811,0.546221,0.5478325,0.98112166,0.48458,AVARAGE
63,0.39038602,,22.601536,2.275361,2.9134,0.15403628,0.0910156,1.1843973,0.50191015,0.41027993,0.41086677,0.41460863,1.0908413,0.38476387,0.80922526,0.16365436,0.07542389,0.38518935,0.20579444,0.3288797,0.2668889,0.76121354,3.3459065,0.35896927,2.2308114,0.41404125,0.16682778,0.050813373,0.2547038,0.1515768,0.7703651,0.37670243,0.433511,inf,inf,1.2461265,25.988966,1.7629158,1.7629158,0.29970968,0.5862407,0.5862407,0.21920581,0.48663694,0.4870424,0.98775697,0.4778073,AVARAGE
175,0.43610263,,25.876366,2.39328,2.2921543,0.15508637,0.093848184,1.128532,0.46728355,0.39109302,0.46735364,0.46836805,1.2441814,0.3940116,0.8266866,0.16204199,0.124498166,0.42356494,0.20508194,0.38349685,0.2607563,0.75385743,3.6795022,0.40097222,2.4654558,0.4945749,0.29339802,0.05987422,0.29458758,0.29581872,0.7909804,0.39546096,0.49648726,inf,inf,1.5288146,23.792315,2.046443,2.046443,0.3000739,0.66385335,0.66385335,0.2114858,0.53906393,0.51860374,1.0188211,0.5060681,AVARAGE
271,0.46268898,,25.31483,3.332446,2.9071538,0.123067886,0.087130405,0.85625046,0.5085537,0.37851784,0.48870918,0.48791474,1.5817516,0.33708546,0.83876544,0.13227913,0.12222852,0.44394034,0.19766754,0.38185704,0.2704543,0.8421769,4.170064,0.45073268,2.821038,0.5039869,0.28561062,0.045526143,0.27949008,0.25682116,0.7764202,0.44281167,0.51646614,inf,inf,1.8619345,48.46042,1.6400325,1.6400325,0.3575435,0.6430841,0.6430841,0.17706348,0.5811285,0.5636297,0.9727902,0.4856097,AVARAGE
59,0.38254777,,23.207094,2.0031152,1.9894844,0.1608731,0.08874284,inf,0.46627584,0.41503283,0.40729356,0.4115443,0.96436095,0.4347104,0.7971172,0.18553634,0.090837546,0.37603438,0.1790471,0.33839044,0.26195145,0.6354324,2.9921782,0.34493026,2.136685,0.42789754,0.20419626,0.049307253,0.24227977,0.20704524,0.80577785,0.38166362,0.4288185,inf,inf,1.1595503,10.717181,1.763694,1.763694,0.27016512,0.6006652,0.6006652,0.23799738,0.47215474,0.47854137,0.9014187,0.49690995,AVARAGE
214,0.3200725,,18.995733,1.7331126,1.4071794,0.16107325,0.13253196,1.9014629,0.3705305,0.35126773,0.3364042,0.34250998,0.7963511,0.34850448,0.80981845,0.21428825,0.102903,0.29278204,0.1447977,0.27764124,0.21789752,0.4397001,2.3985403,0.30432647,1.9669204,0.37403524,0.23711233,0.03632246,0.18795466,0.25901636,0.9693496,0.33443248,0.35323036,inf,inf,0.9986952,7.8344345,1.6975433,1.6975433,0.22253016,0.4900949,0.4900949,0.22554249,0.39672282,0.40670195,0.7888466,0.43634337,AVARAGE
235,0.34813583,,20.716658,2.0234149,3.192763,0.16857083,0.109913364,inf,0.4218165,0.3876159,0.36918798,0.37420925,0.9667968,0.372893,0.8036579,0.20117818,0.10131897,0.3322033,0.15275167,0.3062287,0.20520948,0.5446363,2.6955855,0.3394576,2.1237066,0.40918058,0.23438627,0.048740197,0.22349758,0.21339521,0.9167573,0.33400187,0.388628,inf,inf,1.1596935,8.962088,1.740906,1.740906,0.26660645,0.533012,0.533012,0.22451231,0.42967823,0.43112794,0.8815156,0.46681607,AVARAGE
131,0.4243121,,24.422142,2.4240339,3.1629992,0.13076334,0.10930816,1.0858351,0.45809284,0.37596813,0.44850698,0.45120627,1.1630906,0.3860107,0.8156768,0.15381107,0.12391862,0.41061333,0.20227908,0.36144763,0.29938218,0.6890186,3.5687923,0.3921191,2.4059372,0.46096116,0.28977746,0.04354324,0.25275457,0.2528746,0.7828582,0.4355503,0.47462583,inf,0.37184072,1.4423587,22.82895,1.9069837,1.9069837,0.28980607,0.6274632,0.6274632,0.20634767,0.52935314,0.53173286,0.8890624,0.48623288,AVARAGE
46,0.32847285,,20.414042,1.5192884,3.401893,0.1659772,0.12635444,inf,0.42886773,0.39648852,0.34889042,0.3542318,0.7301328,0.41712356,0.7975471,0.2174877,0.07272215,0.30790997,0.1705651,0.2914584,0.26378292,0.54400325,2.42127,0.28255662,1.8099505,0.36457813,0.16113713,0.062311124,0.1966077,0.2507959,0.88571626,0.35166,0.36587766,inf,inf,0.87964535,6.5224466,1.685738,1.685738,0.22320867,0.5342401,0.5342401,0.25348574,0.40411708,0.4208705,0.79504496,0.45345652,AVARAGE
208,0.4523823,,25.230045,3.2823212,4.429592,0.1318826,0.088127114,0.9102349,0.4819497,0.385049,0.4792686,0.47986093,1.602147,0.3477559,0.8289985,0.13701104,0.13099474,0.44873488,0.1944136,0.3818198,0.25240967,0.77811474,4.101943,0.45578498,2.8762648,0.50430894,0.30895132,0.06810543,0.28401908,0.1829096,0.78925014,0.43298936,0.5080762,inf,inf,1.8965809,34.272663,1.8032473,1.8032473,0.35401237,0.6399775,0.6399775,0.18309337,0.56569445,0.55922884,1.0067736,0.504718,None
104,0.35387236,,18.437922,3.0297613,2.2547321,0.12885092,0.114753656,1.2567517,0.39269784,0.31659818,0.35657203,0.36513212,1.1328285,0.30453196,0.8034042,0.15687299,0.13039316,0.3340708,0.15474002,0.27666962,0.22204785,0.44191113,2.9576669,0.3852098,2.3955042,0.37071514,0.3079634,0.032634985,0.20023692,0.18697184,0.91905963,0.3792735,0.37497085,inf,inf,1.4042634,24.333702,1.5896921,1.5896921,0.28177807,0.47097495,0.47097495,0.17944042,0.45559198,0.47926077,0.856183,0.4146783,None
23,0.31005785,,18.544489,1.6426958,6.7042823,0.19363414,0.086761,inf,0.41463614,0.37030965,0.32355347,0.32969725,0.7319819,0.3616277,0.8172634,0.20765142,0.07093047,0.28285939,0.17020158,0.263463,0.20147659,0.5287089,2.4233105,0.27503222,1.811625,0.3363717,0.1572729,0.050109107,0.22296345,0.19408251,0.8916303,0.2651427,0.33983392,inf,inf,0.8721038,15.407407,1.7405194,1.7405194,0.22002734,0.4859283,0.4859283,0.23769231,0.3866185,0.36100078,0.98594654,0.42159095,AVARAGE
288,0.44086745,,26.330462,2.431317,2.5881,0.12463013,0.10349948,inf,0.4863257,0.40700662,0.47257417,0.47381136,1.2375134,0.40654427,0.8286448,0.15309879,0.121000014,0.43961,0.20984869,0.38860568,0.3368835,0.79313743,3.7851546,0.4038728,2.4833264,0.49644595,0.28282192,0.05212222,0.25494114,0.23504792,0.7449539,0.4764731,0.5024061,inf,inf,1.506878,22.36264,2.0778253,2.0778253,0.30779448,0.67690915,0.67690915,0.21369489,0.5447458,0.56455386,0.84227234,0.5204223,AVARAGE
34,0.39736953,,23.788837,1.9009385,2.4324288,0.14190216,0.08854211,1.2352558,0.4565807,0.3978538,0.42051128,0.4245469,0.93454516,0.42485595,0.8063839,0.16583334,0.11011712,0.39791885,0.20850404,0.34303477,0.31861475,0.6531365,3.3030703,0.3481897,2.1612134,0.42158085,0.25381115,0.03904787,0.23867545,0.16152687,0.73265254,0.42706326,0.4437956,inf,inf,1.1675453,15.117216,1.8477207,1.8477207,0.25656062,0.61974275,0.61974275,0.23433822,0.4933562,0.5165988,0.8820384,0.49714792,UNHEALTHY
125,0.32390746,,19.408894,1.6999596,1.5826674,0.15691702,0.1500624,1.8937641,0.3819289,0.34981728,0.34142014,0.34702852,0.7887151,0.35617834,0.8152356,0.21811303,0.09950024,0.28951016,0.15477042,0.2820158,0.23630866,0.47698316,2.3575082,0.29776877,1.9227753,0.3776916,0.22915725,0.03988806,0.18610603,0.30040854,0.9937957,0.33915243,0.3587927,inf,inf,0.9805082,33.6673,1.7668269,1.7668269,0.2212288,0.5024208,0.5024208,0.22545247,0.40103424,0.4020076,0.75678027,0.42735088,AVARAGE
91,0.38747343,,22.611786,2.2294908,2.1947045,0.14898655,0.11031637,1.3544201,0.4508657,0.40103784,0.41155723,0.41479656,1.1120266,0.38016364,0.8106511,0.18145467,0.09985981,0.38043258,0.17791869,0.3352687,0.2557569,0.64678895,3.2139661,0.37195608,2.3146555,0.43861258,0.22762603,0.036614448,0.23423427,0.17693909,0.8315991,0.40342724,0.43401644,inf,inf,1.3297839,18.01198,1.7189057,1.7189057,0.29028454,0.5806933,0.5806933,0.22043751,0.47961813,0.49768463,0.86673546,0.49266928,UNHEALTHY
221,0.34709638,,20.242456,1.902301,2.2584028,0.15095454,0.11972777,1.418523,0.41416827,0.38896978,0.36607313,0.3714987,0.92289484,0.38309893,0.79627264,0.1937436,0.10125276,0.34459358,0.15643053,0.29958636,0.24255194,0.5002164,2.7654464,0.34323993,2.13897,0.39165398,0.23110293,0.045981806,0.2016647,0.17505965,0.86653596,0.39220884,0.3833586,inf,inf,1.144471,8.281425,1.42187,1.42187,0.25719255,0.5213918,0.5213918,0.22788994,0.4295368,0.47470868,0.8086776,0.47807735,AVARAGE
299,0.35766968,,20.952288,1.9737477,1.4356612,0.14137577,0.15210754,1.5267515,0.412049,0.3555314,0.3767661,0.3814672,0.9190641,0.35935292,0.82007873,0.19339924,0.11200933,0.3297402,0.17408368,0.3063337,0.27158782,0.55806565,2.7700698,0.33245948,2.0808272,0.4018166,0.26334733,0.048501544,0.20323493,0.29677767,0.9229604,0.38702363,0.3971516,inf,inf,1.1457632,12.474353,1.7976612,1.7976612,0.2468617,0.5414717,0.5414717,0.21669589,0.44448885,0.45348734,0.7717765,0.4419136,HEALTHY
252,0.4443702,,25.813992,2.5504816,5.6780915,0.12827982,0.07913505,1.0013629,0.49267584,0.40333423,0.4733251,0.474064,1.2907482,0.3897901,0.82995754,0.14538792,0.11810583,0.4450396,0.21536529,0.38114074,0.32289475,0.8090773,3.9444594,0.41197273,2.543949,0.48571125,0.27458933,0.03349516,0.26445875,0.1934852,0.7237622,0.4619167,0.5015421,inf,inf,1.551851,33.127926,1.883933,1.883933,0.31679395,0.66433406,0.66433406,0.20771718,0.5522373,0.565249,0.9120997,0.5142325,None
140,0.40974712,,25.387156,1.8869351,1.8782523,0.1490747,0.101088576,inf,0.46588525,0.41179645,0.44085518,0.44343832,1.0034887,0.42737836,0.8202311,0.17373715,0.10670694,0.40525073,0.20983224,0.3689889,0.30403808,0.74611104,3.365367,0.35780457,2.1985283,0.46321514,0.2455055,0.0459046,0.25815395,0.23163007,0.7655548,0.41355774,0.4686985,inf,inf,1.2347195,19.934284,2.2333202,2.2333202,0.27011645,0.6588762,0.6588762,0.23414624,0.5028259,0.509441,0.8992513,0.5117598,AVARAGE
198,0.4958411,,28.288391,3.1335397,3.1374207,0.11823291,0.07826173,0.857924,0.5174611,0.4057206,0.5336464,0.5285138,1.64843,0.34803185,0.84755135,0.12717527,0.13357519,0.4955738,0.23700367,0.42301917,0.33530593,0.9888424,4.854115,0.46722224,2.9482996,0.5491851,0.31561682,0.0278768,0.29807585,0.21017298,0.679986,0.49783537,0.5664915,inf,inf,1.9574238,49.356987,1.8826977,1.8826977,0.3634295,0.7226957,0.7226957,0.18917754,0.616483,0.6136271,0.9764348,0.53660995,AVARAGE
145,0.348699,,19.482052,2.09562,1.7081444,0.13566497,0.14161274,1.5657939,0.40355754,0.3283708,0.36071086,0.36655658,0.9174839,0.33363542,0.8168959,0.18277542,0.10265911,0.31055373,0.17304888,0.28482065,0.25837263,0.5075606,2.7029352,0.32757342,2.0670877,0.37611592,0.2357493,0.06649982,0.19441639,0.2744604,0.9323823,0.3681296,0.37921616,inf,inf,1.1316657,60.608604,1.5304638,1.5304638,0.24388064,0.5037379,0.5037379,0.2018343,0.439061,0.44183844,0.78579265,0.41004464,HEALTHY
244,0.39768064,,22.053013,2.7239454,3.7754693,0.12785678,0.111086816,inf,0.4600902,0.35908952,0.4146572,0.41920677,1.19439,0.35358313,0.8131789,0.15756546,0.11349617,0.37642962,0.18111646,0.32928854,0.27948046,0.62713504,3.2659729,0.38584006,2.390141,0.42919782,0.2637612,0.059539445,0.22674565,0.27318606,0.86391205,0.4211477,0.4373014,inf,inf,1.429813,21.000277,1.6633655,1.6633655,0.30031553,0.56429553,0.56429553,0.1931524,0.500191,0.5084519,0.84749883,0.45197082,AVARAGE
54,0.35972676,,21.812819,1.8453525,2.9369068,0.15588602,0.11007849,1.4792215,0.41415337,0.39379817,0.38309944,0.38776037,0.9147152,0.40312782,0.79868436,0.19381672,0.105421185,0.35531002,0.16726999,0.3197826,0.2570555,0.5388747,2.8309083,0.33727422,2.115542,0.41013306,0.24129353,0.04937363,0.21648698,0.19102238,0.84316987,0.38690808,0.4028268,inf,inf,1.1368985,9.189926,1.7148681,1.7148681,0.24947068,0.5631522,0.5631522,0.237495,0.44297606,0.47079372,0.83333194,0.48964497,None
37,0.40645605,,24.144424,2.109686,2.459837,0.14803702,0.088603005,1.2718936,0.43615222,0.3948419,0.43351763,0.43653345,1.0925447,0.3930435,0.8176615,0.17077363,0.1250772,0.4085773,0.18862148,0.35681227,0.2705072,0.6446337,3.4292946,0.38309512,2.3684719,0.46126118,0.2919654,0.03016527,0.25125417,0.17166483,0.7790257,0.41546044,0.45915762,inf,inf,1.3751005,19.83033,1.9357532,1.9357532,0.27746058,0.62071514,0.62071514,0.22209832,0.50211126,0.51855254,0.906821,0.51309407,AVARAGE
16,0.37148917,,21.257769,2.2044652,3.220418,0.15026331,0.11219592,inf,0.43289593,0.36401492,0.38925925,0.39394218,1.0136415,0.3609613,0.81010264,0.17670211,0.11201803,0.34974328,0.17482655,0.31300303,0.23856002,0.583944,3.0044947,0.352894,2.196978,0.40896738,0.2629319,0.052102786,0.2312218,0.23012705,0.86468756,0.36261046,0.41044495,inf,inf,1.2515911,15.719234,1.7270105,1.7270105,0.26686215,0.54739684,0.54739684,0.21012428,0.4644274,0.46223077,0.90214014,0.44947895,AVARAGE
28,0.46830946,,27.818071,2.402091,2.4027414,0.11925202,0.09279942,1.0627413,0.5086896,0.40512145,0.5009847,0.4989971,1.2206732,0.40186688,0.8383943,0.1379109,0.123704165,0.4639587,0.2698701,0.40103087,0.40946817,0.9486591,4.396104,0.40059495,2.4763634,0.49383882,0.28973767,0.04058161,0.2741987,0.22066383,0.6548101,0.4982628,0.53215736,inf,inf,1.4943928,38.740883,2.1601598,2.1601598,0.30081415,0.72371674,0.72371674,0.21784957,0.58316314,0.5903659,0.91118366,0.5209688,AVARAGE
69,0.40528053,,21.757135,2.901711,3.6450932,0.12514555,0.09713954,inf,0.47034395,0.35240945,0.41768226,0.42181852,1.2276472,0.34157398,0.8171636,0.14509378,0.110728115,0.3808867,0.19167797,0.32239422,0.27254725,0.6559081,3.5030448,0.3943617,2.4374762,0.41940203,0.25607002,0.044876423,0.2333503,0.19757855,0.80760854,0.4150171,0.43925276,inf,inf,1.4733489,32.61741,1.5733749,1.5733749,0.3059692,0.55795604,0.55795604,0.1866129,0.51588744,0.517285,0.9041445,0.44131085,None
283,0.33465603,,19.6982,1.9106717,2.286147,0.15748635,0.13745068,inf,0.41321647,0.3599892,0.35156414,0.35766578,0.8552568,0.3717574,0.8079439,0.21033409,0.08443651,0.30681574,0.15361726,0.289068,0.23411568,0.5014143,2.4117453,0.31273896,1.9543175,0.38114968,0.18964054,0.055475924,0.19736227,0.31951794,0.9829191,0.3367859,0.36932236,inf,inf,1.0333917,7.854731,1.6557273,1.6557273,0.24353814,0.50899816,0.50899816,0.2212562,0.4152727,0.4116792,0.7894735,0.4274345,AVARAGE
265,0.4565416,,26.771929,2.575724,3.229327,0.13170461,0.07105795,1.0224384,0.48018116,0.3959759,0.48904356,0.48931965,1.3036156,0.41000852,0.8324194,0.14356212,0.13119425,0.45443898,0.20522167,0.39717415,0.30166396,0.7529299,3.9085631,0.42230615,2.5909219,0.5106973,0.3082381,0.045554336,0.28080833,0.27260062,0.7375674,0.45045188,0.5186212,inf,inf,1.6022878,29.082222,1.8204533,1.8204533,0.31567055,0.6861428,0.6861428,0.2043914,0.56500065,0.5621351,0.94052327,0.5217309,AVARAGE
24,0.4357287,,25.216183,2.483243,3.7695105,0.16629876,0.069081925,inf,0.57778203,0.43512952,0.46051913,0.46132293,1.217021,0.389351,0.82222533,0.14872803,0.072498105,0.42685515,0.24231324,0.3640701,0.2724876,1.0181047,3.913426,0.3761688,2.3281379,0.44857568,0.16087596,0.056398813,0.32105806,0.17063412,0.6824514,0.36252543,0.48679364,inf,inf,1.356959,383.10074,1.8035938,1.8035938,0.32738835,0.6555079,0.6555079,0.2196918,0.54514825,0.5009695,1.1915424,0.49357077,UNHEALTHY
187,0.30736476,,18.583666,1.59932,2.1089873,0.17336755,0.1424414,inf,0.37959114,0.3634707,0.32445136,0.33024296,0.7378878,0.35832846,0.8044157,0.23117162,0.081148185,0.27417666,0.14684793,0.26977497,0.2074597,0.45088306,2.2181666,0.2802258,1.8348638,0.35971695,0.18226553,0.041991718,0.18700059,0.2558797,0.99052835,0.30615398,0.3399463,inf,inf,0.89547586,6.6938624,1.6642283,1.6642283,0.21635744,0.48222417,0.48222417,0.23799513,0.3794325,0.3728662,0.78996634,0.42833084,AVARAGE
73,0.3042239,,18.221022,1.49556,2.2528722,0.19700994,0.08307459,1.6801497,0.4057191,0.38384637,0.31872523,0.3251323,0.686278,0.38362724,0.79472584,0.21790968,0.0668778,0.2850071,0.15003012,0.26116756,0.18987754,0.4567718,2.3053732,0.27137703,1.7893244,0.33368108,0.14656277,0.04280431,0.21191579,0.19064651,0.88925225,0.27046356,0.33238983,inf,inf,0.82473814,5.8487344,1.3801315,1.3801315,0.2144739,0.4758373,0.4758373,0.24832638,0.3769468,0.36492276,0.94264436,0.43838537,AVARAGE
256,0.43578383,,24.56832,3.0611575,2.706172,0.12362595,0.089476384,1.0039926,0.4800242,0.3783042,0.45904785,0.46045128,1.3870531,0.3536671,0.82771486,0.14287585,0.121854834,0.42360193,0.20414324,0.36415407,0.30272445,0.7738371,3.9021804,0.4218112,2.6380432,0.47591838,0.28508237,0.04564253,0.25366634,0.23252998,0.7847694,0.4483775,0.48583433,inf,inf,1.6532402,31.801344,1.8450471,1.8450471,0.32679164,0.62944335,0.6294559,0.19145007,0.5474209,0.5512066,0.90382737,0.4854645,None
241,0.33793092,,18.889002,2.7133539,1.9068378,0.13358714,0.15758151,inf,0.39726737,0.33886167,0.3499444,0.3568844,1.0881466,0.32815853,0.8155373,0.1821021,0.10615048,0.31328025,0.14463891,0.28233027,0.23040253,0.4635817,2.6196089,0.35987845,2.2628536,0.38425884,0.24477926,0.061462197,0.1866126,0.26493526,1.0153215,0.37665844,0.36792853,inf,inf,1.2967938,11.924712,1.5561817,1.5561817,0.27988148,0.48257908,0.48257908,0.19204539,0.42473584,0.45248258,0.76644737,0.42227986,AVARAGE
32,0.3425519,,20.505901,1.812744,2.827779,0.16235574,0.1042885,1.4936653,0.4003299,0.3867295,0.3615993,0.36749807,0.8589393,0.38781995,0.79608387,0.19848573,0.10313956,0.33879945,0.15803374,0.3003588,0.23378995,0.4869194,2.7020998,0.32872343,2.0725794,0.3886379,0.23530373,0.030124208,0.20948221,0.17657559,0.86119217,0.36444896,0.3796515,inf,inf,1.081096,8.260044,1.7007891,1.7007891,0.24073471,0.52969044,0.52969044,0.23641622,0.42383537,0.4526339,0.8494135,0.47870776,AVARAGE
161,0.4028652,,23.950235,2.2173398,2.1174207,0.13661546,0.11304775,inf,0.46525115,0.3790656,0.427398,0.43146235,1.0654455,0.4002115,0.8182592,0.16733676,0.108182564,0.38368228,0.19368091,0.3518857,0.29938963,0.6823427,3.1973767,0.36319843,2.2575731,0.45091495,0.25014368,0.05396083,0.24014153,0.3326924,0.84739745,0.41192293,0.4535413,inf,inf,1.2984003,16.15791,2.036473,2.036473,0.27770543,0.6175779,0.6175779,0.21065153,0.4995791,0.49584916,0.8499507,0.47381115,UNHEALTHY
224,0.3366728,,18.47035,2.3348808,3.20092,0.14560467,0.12380449,1.4405457,0.38705048,0.34334794,0.34888577,0.35547775,1.0394812,0.32094097,0.8079037,0.1830711,0.11015791,0.31830448,0.13748191,0.2785903,0.19360502,0.44967893,2.6889157,0.35900578,2.2531922,0.3800549,0.25414345,0.05329038,0.19698977,0.21118955,0.9625756,0.35280582,0.3660018,inf,inf,1.272451,10.798059,1.4501601,1.4501601,0.26982728,0.47083184,0.47083184,0.19609989,0.42196584,0.44581512,0.8314927,0.4323999,AVARAGE
120,0.3888899,,21.812695,2.2770553,2.2501605,0.12954266,0.11017308,1.1710397,0.44205844,0.35531914,0.40611893,0.41040647,1.0533712,0.3603911,0.81386733,0.1597107,0.109167576,0.36720634,0.18530549,0.3216278,0.27968726,0.6092399,3.1968703,0.3647079,2.2613423,0.4173562,0.2505255,0.03621323,0.22290376,0.24474733,0.8338069,0.4082125,0.42778122,inf,inf,1.2927977,23.484806,1.5923003,1.5923003,0.2739317,0.5616382,0.5616382,0.19950846,0.48789644,0.49605596,0.84368783,0.44855657,AVARAGE
200,0.38436309,,23.05855,1.8515503,1.7708082,0.14563112,0.11345195,inf,0.42292604,0.39267483,0.40918335,0.4134529,0.92756176,0.41980475,0.8031145,0.18132485,0.12013449,0.38433748,0.17472541,0.33814064,0.28292602,0.54545826,3.0381613,0.35485595,2.1861598,0.43111378,0.28053406,0.03491496,0.22713745,0.2034183,0.7999423,0.4212236,0.43062773,inf,inf,1.1951923,16.266872,1.6302478,1.6302478,0.2525707,0.5951531,0.5951531,0.2331889,0.4739204,0.5055505,0.82817614,0.50145084,HEALTHY
205,0.32085964,,17.75639,1.9824599,2.7711792,0.1365972,0.16132933,1.540896,0.38987523,0.32940423,0.3295201,0.3368151,0.8369215,0.33136865,0.811327,0.19278385,0.09298641,0.2883653,0.15199497,0.26032677,0.2400786,0.43406647,2.427004,0.30989036,1.9667016,0.34495062,0.21077064,0.048640266,0.17386176,0.26356515,0.9620197,0.36227793,0.3446621,inf,inf,1.0214558,9.627775,1.3140905,1.3140905,0.23511817,0.45860848,0.45860848,0.2065655,0.40428355,0.42422906,0.74309784,0.40035737,AVARAGE
67,0.3865615,,21.336151,2.1612046,3.8429663,0.15088543,0.07450645,inf,0.44021183,0.34286574,0.39730108,0.40289587,0.9296688,0.3692205,0.8150296,0.15059343,0.11970578,0.36649048,0.20618385,0.30749306,0.25785998,0.5678914,3.2445004,0.34685522,2.1493201,0.3829235,0.2804994,0.04000841,0.25424412,0.19069973,0.76122445,0.35322627,0.41723847,inf,inf,1.1705937,20.052141,1.4610621,1.4610621,0.25206318,0.55523795,0.55523795,0.20597272,0.49078456,0.4688782,1.0420152,0.4370494,None
90,0.3188997,,18.667194,1.9224617,1.4115766,0.14308529,0.1568686,1.5587186,0.3581515,0.3395683,0.33150816,0.33914086,0.7978988,0.35697228,0.7954389,0.19688216,0.113016516,0.30018124,0.15141149,0.2732215,0.24241768,0.3865693,2.3876362,0.3164584,1.9948174,0.35595956,0.26014823,0.055225756,0.17815064,0.26432553,0.9656727,0.367373,0.34711227,inf,inf,1.0266149,7.4443774,1.6746033,1.6746033,0.22275312,0.48322865,0.48322865,0.21890952,0.3982609,0.43424782,0.7496656,0.4306886,AVARAGE
48,0.3883941,,23.961548,1.7656606,2.7414238,0.1557264,0.09905464,1.4489534,0.44170153,0.40696636,0.41619998,0.41964358,0.9256131,0.41916588,0.8052871,0.1876479,0.105445795,0.3836362,0.19604759,0.34752437,0.28984237,0.65368116,3.1364126,0.34080267,2.1287196,0.4382593,0.24255547,0.03091836,0.24014674,0.20272939,0.78566873,0.40010756,0.4406732,inf,inf,1.1498717,13.329447,2.0406256,2.0406256,0.2532231,0.6218817,0.6218817,0.2419538,0.4771629,0.48780543,0.8715647,0.5061425,AVARAGE
13,0.3941821,,22.769617,2.1760526,4.432195,0.1409934,0.089716144,inf,0.49244067,0.39696988,0.4134028,0.4179525,1.0136046,0.40892422,0.80193245,0.16362041,0.08538783,0.38194448,0.20106842,0.3310283,0.29734147,0.69414884,3.2094233,0.35281864,2.1674519,0.41229835,0.19126923,0.0601123,0.23690133,0.20632716,0.7742099,0.408787,0.43549713,inf,0.2740319,1.2015741,46.70659,1.6853703,1.6853703,0.2823953,0.59063196,0.59063196,0.22031292,0.49231485,0.50419176,0.8948028,0.4700701,AVARAGE
182,0.48573306,,27.636793,3.0430338,2.4121099,0.123592995,0.09119602,inf,0.51130563,0.38087222,0.5173446,0.5127109,1.4795865,0.36583504,0.85036075,0.13221349,0.13646883,0.46735346,0.26875803,0.40370756,0.37334794,0.9612493,4.7502384,0.43327338,2.7274897,0.50916225,0.32674518,0.06531753,0.295452,0.32078505,0.68306005,0.47619948,0.5475216,inf,inf,1.7912076,59.977726,1.9303075,1.9303075,0.3280561,0.71425986,0.71425986,0.19795161,0.61067826,0.58994806,1.0144229,0.5025584,AVARAGE
164,0.30360264,,18.841776,1.5636842,2.0855296,0.16951033,0.13846973,1.7794696,0.37344778,0.3741222,0.3222067,0.3280822,0.71819717,0.37788254,0.7991777,0.22558413,0.08841761,0.28566873,0.14092362,0.27252164,0.21712649,0.42906412,2.2541583,0.2864946,1.8729593,0.3609481,0.19921517,0.03425479,0.18245253,0.2505321,0.964925,0.32808813,0.3368976,inf,inf,0.8976968,5.584699,1.6556784,1.6556784,0.21289761,0.4891894,0.4891894,0.24282615,0.37316486,0.3956397,0.7808388,0.4496064,AVARAGE
22,0.38804242,,22.62476,2.0659554,4.4405723,0.14157051,0.11066305,1.3554507,0.4372613,0.37454197,0.40997228,0.41413164,0.99959564,0.3826473,0.8084654,0.1773225,0.1123146,0.36926997,0.18217081,0.33305186,0.27640665,0.60841084,3.0957203,0.3549706,2.2046833,0.4301399,0.26127478,0.032977026,0.2281381,0.24387978,0.8371105,0.4010912,0.4329088,inf,inf,1.2366319,13.436524,1.7635539,1.7635539,0.26490733,0.58255154,0.58255154,0.2170481,0.48200515,0.48618838,0.83810073,0.47110927,UNHEALTHY
62,0.33465007,,20.713507,1.5932449,5.5448985,0.19240205,0.080653585,inf,0.45636252,0.41949284,0.35444856,0.35993356,0.76455486,0.42595518,0.79840136,0.20582114,0.060474303,0.32585627,0.17934133,0.2941576,0.22958241,0.5952518,2.6115448,0.28635666,1.8575983,0.36149195,0.13159265,0.047766633,0.23827903,0.17253433,0.8186745,0.30411842,0.3719842,inf,inf,0.8845221,8.068265,1.7516807,1.7516807,0.23808517,0.54414934,0.54414934,0.25714266,0.41253653,0.4034584,0.97399354,0.47025433,AVARAGE
202,0.45589796,,24.92163,3.4487746,4.6058254,0.11480948,0.09236194,0.8212027,0.49718794,0.37688267,0.47875682,0.47950888,1.6108744,0.3231135,0.83194095,0.12683009,0.12723035,0.44835597,0.20464505,0.37599483,0.29122403,0.84112793,4.2897177,0.45560828,2.8761156,0.4941135,0.29897937,0.0562357,0.26655883,0.16656101,0.7560934,0.4677654,0.508052,inf,inf,1.8931894,55.96956,1.9557275,1.9557275,0.35854122,0.63418025,0.63418025,0.17584604,0.5751409,0.5806084,0.94177485,0.4899717,None
211,0.38890913,,21.60244,2.7425559,4.2897954,0.13306135,0.11073891,inf,0.44514126,0.3616615,0.40614274,0.4111349,1.2101421,0.34315625,0.8093142,0.15543568,0.115693375,0.3769077,0.16830209,0.3248279,0.23939341,0.6056373,3.254563,0.3945742,2.4457822,0.43065566,0.26909316,0.04297045,0.2317834,0.21708103,0.86942613,0.40112954,0.42903578,inf,inf,1.4569061,17.232286,1.708824,1.708824,0.30472732,0.5512517,0.5512517,0.18926683,0.48781338,0.50200105,0.892391,0.4592038,AVARAGE
12,0.32030055,,18.807903,1.6756984,3.0539844,0.20129615,0.08401028,inf,0.4907687,0.399385,0.3322478,0.33842134,0.749868,0.39654532,0.8031653,0.20587128,0.051406305,0.29155052,0.18307662,0.26473743,0.20846069,0.61181015,2.4539757,0.26756257,1.740771,0.32206455,0.111422226,0.07697803,0.2425419,0.20232716,0.8415469,0.2587271,0.34732512,inf,inf,0.8390468,10.419747,1.3604776,1.3604776,0.2389637,0.49540251,0.49540251,0.24740578,0.400874,0.3619103,1.0423089,0.4173976,UNHEALTHY
292,0.3826166,,21.04533,2.6942058,2.6834986,0.13812004,0.1007743,1.2806818,0.40546834,0.35020503,0.40034765,0.40518185,1.2261611,0.33345422,0.8145084,0.1656435,0.13348627,0.37006044,0.14600334,0.3199492,0.21224612,0.5215939,3.1500425,0.40626827,2.5202053,0.435811,0.31665495,0.038189914,0.22552434,0.2206977,0.9184321,0.38915637,0.42168456,inf,inf,1.525592,79.04618,1.5552133,1.5552133,0.29744744,0.53351814,0.53351814,0.18735442,0.4785764,0.4944085,0.8674999,0.4623941,AVARAGE
274,0.4512189,,26.346518,2.6664581,5.6034036,0.12835895,0.09365036,1.0046499,0.47006038,0.38966143,0.4842525,0.48428005,1.3706626,0.3748837,0.830828,0.14912513,0.13597225,0.4447469,0.19947341,0.3946138,0.29896957,0.76667625,3.9305217,0.4264811,2.6514454,0.5163537,0.3236492,0.041418776,0.26988724,0.26758787,0.7786191,0.45998073,0.5148077,inf,inf,1.6712244,30.451313,1.9594852,1.9594852,0.32126054,0.67172307,0.67172307,0.19873123,0.5577323,0.5607655,0.8990183,0.5171214,AVARAGE
286,0.39141035,,21.5473,2.627339,2.699238,0.14223357,0.092555836,1.1719049,0.4379689,0.36640686,0.40839094,0.41310352,1.1855378,0.36426637,0.8044643,0.1650363,0.11772305,0.37856486,0.15633792,0.3239048,0.22693208,0.54961216,3.178893,0.3942343,2.4351401,0.42939338,0.27349368,0.039241437,0.23446724,0.21895355,0.8601996,0.39183545,0.42847523,inf,inf,1.4490039,20.841526,1.3544711,1.3544711,0.2975775,0.54852355,0.54852355,0.1983403,0.49102855,0.49895027,0.89731514,0.46635157,None
297,0.4337771,,23.806814,2.667434,3.0943956,0.118057705,0.10288476,0.9816932,0.4715961,0.35548207,0.45533618,0.4567836,1.2525665,0.36232096,0.8233915,0.14424874,0.123716265,0.40758142,0.19645423,0.3547853,0.3070992,0.6856919,3.637245,0.4065954,2.472338,0.4597586,0.28917977,0.055657156,0.24453773,0.35272643,0.805603,0.4529729,0.47927317,inf,inf,1.5420424,36.518574,1.4155853,1.4155853,0.30509067,0.6087401,0.6087401,0.18783729,0.544747,0.5496893,0.8536198,0.4595279,HEALTHY
170,0.4114872,,23.222103,2.577963,2.5402615,0.13946332,0.08025097,1.002678,0.43865204,0.36325496,0.4318503,0.43573174,1.189116,0.37068045,0.81600004,0.15193707,0.1293026,0.402564,0.18212558,0.3457633,0.2541392,0.60070914,3.4692638,0.39801547,2.4556363,0.44715494,0.3038299,0.05791203,0.2543789,0.22519724,0.7990616,0.4063453,0.45615077,inf,inf,1.4823824,21.737398,1.7387831,1.7387831,0.291179,0.59478956,0.59478956,0.19993618,0.51533294,0.51866335,0.9471519,0.47753668,AVARAGE
196,0.45934984,,26.562044,2.55381,2.2575445,0.14072219,0.08260593,1.0096318,0.48508844,0.3854369,0.48977807,0.48872203,1.2910199,0.39094573,0.8348013,0.14273131,0.12995921,0.4475837,0.2355383,0.39042786,0.3078904,0.82132983,4.120407,0.4130919,2.5412872,0.4921991,0.30694753,0.060908392,0.29843938,0.2885915,0.7214683,0.43088338,0.51865214,inf,0.3573072,1.5878677,41.746746,1.8798132,1.8798132,0.30709067,0.6847539,0.6847539,0.20593137,0.57232606,0.5533803,1.0381044,0.50461674,AVARAGE
39,0.2573679,,15.3297,1.4533128,1.5348172,0.17745818,0.14543873,inf,0.33456954,0.34682176,0.2682485,0.27532235,0.6147116,0.32477587,0.8078329,0.24079585,0.082676314,0.23157892,0.116619974,0.2219158,0.1716719,0.32125983,1.8931959,0.2563432,1.7341063,0.30453652,0.1860538,0.035616774,0.15271266,0.24548267,1.0478772,0.27669743,0.2781395,inf,inf,0.7648911,3.9247487,1.2989014,1.2989014,0.19360657,0.39866814,0.39866814,0.2359972,0.31868047,0.34075883,0.762354,0.40559077,AVARAGE
26,0.3914003,,21.780338,2.375726,3.3609786,0.13611583,0.11082697,1.2504903,0.47467455,0.373133,0.40641373,0.41091815,1.0592996,0.38435248,0.8147473,0.16097496,0.108112216,0.37674353,0.20276226,0.31696916,0.29560938,0.61931735,3.2332904,0.36384377,2.2423255,0.39878026,0.2518821,0.065336436,0.23176049,0.21075428,0.7941107,0.41038853,0.42612475,inf,inf,1.2749717,49.018497,1.2999259,1.2999259,0.2837417,0.56443065,0.56443065,0.21129416,0.49287295,0.50408936,0.8991632,0.45567957,AVARAGE
250,0.40287128,,22.495136,2.6046636,3.4907548,0.12903622,0.10301294,1.1289281,0.44622174,0.36759558,0.4225561,0.4257225,1.2496791,0.34869242,0.8174847,0.15387347,0.118899696,0.3939654,0.18860212,0.3349759,0.2750863,0.6412959,3.52268,0.39817515,2.4984102,0.4389487,0.27617556,0.047384083,0.23371637,0.181062,0.81175995,0.4278446,0.44588986,inf,inf,1.5140891,26.24275,1.618311,1.618311,0.30161637,0.576149,0.576149,0.19565842,0.5050533,0.5255107,0.87646097,0.4729101,HEALTHY
134,0.3275185,,19.02734,2.0455356,1.4934262,0.1463135,0.15692852,inf,0.38638172,0.34777227,0.34118918,0.34750605,0.8950823,0.3414922,0.81033397,0.19896133,0.10452442,0.30230227,0.16152735,0.2775256,0.23715451,0.48358065,2.5600932,0.325495,2.0562334,0.3710232,0.24260524,0.07552112,0.18791069,0.23781887,0.955415,0.36455575,0.35939923,inf,inf,1.1162642,9.981372,1.8594327,1.8594327,0.24153922,0.4924778,0.4924778,0.21515113,0.4095198,0.4344556,0.7785136,0.4271527,AVARAGE
230,0.30293524,,16.977718,2.0174594,4.771866,0.15395424,0.14080949,inf,0.37123793,0.33389574,0.312616,0.3201196,0.84609765,0.32638806,0.8068989,0.20374207,0.09263849,0.27470088,0.13292602,0.2513874,0.19477472,0.39083782,2.2557905,0.3105733,1.9907395,0.34112772,0.20945995,0.044998985,0.17553748,0.26936236,1.0297362,0.3169171,0.3263832,inf,inf,1.025741,6.948566,1.3264655,1.3264655,0.23768196,0.43688998,0.43688998,0.20638432,0.3794318,0.39421052,0.787933,0.40427542,AVARAGE
84,0.43231568,,23.221468,3.0805929,3.468925,0.13251477,0.08106486,0.96914685,0.5025552,0.37036866,0.44861147,0.4508167,1.3564117,0.3463129,0.82096535,0.13654622,0.11073534,0.41306242,0.20272055,0.34482452,0.2629593,0.75436455,3.8449395,0.4162445,2.5835433,0.4466076,0.25527218,0.041258417,0.2665432,0.19499815,0.7636535,0.41209728,0.47186208,inf,inf,1.6018592,47.536816,1.5119137,1.5119137,0.33029708,0.59502757,0.59502757,0.1853198,0.54870206,0.5343866,1.0185306,0.46200338,None
43,0.33565387,,19.530354,1.7854581,2.3616514,0.15263878,0.110052384,1.4474387,0.39665264,0.36081862,0.3507193,0.3568099,0.82293636,0.36003643,0.80190384,0.1873074,0.100386634,0.32238927,0.16573317,0.28392878,0.24190782,0.48878464,2.7086515,0.31550917,2.0153995,0.36606786,0.22852516,0.040547974,0.20068069,0.17859109,0.8555175,0.35952166,0.36839184,inf,inf,1.0332807,11.0343,1.5931437,1.5931437,0.23134534,0.5063805,0.5063805,0.22475798,0.41820395,0.44204476,0.84800184,0.44651964,AVARAGE
201,0.40222856,,21.505398,3.5891614,7.094035,0.11844925,0.116759926,inf,0.4557447,0.35586095,0.41650942,0.42144915,1.5384698,0.3031997,0.81903577,0.14582816,0.13871552,0.3948071,0.16609944,0.32896557,0.25507528,0.64750415,3.5966997,0.44249472,2.8131607,0.4436444,0.335765,0.054052316,0.22384702,0.18428428,0.8933204,0.4390773,0.44093812,inf,0.51409763,1.8212876,55.22355,1.8316123,1.8316123,0.34631616,0.544221,0.544221,0.1726952,0.50985086,0.54098386,0.84940046,0.46279898,None
152,0.405446,,21.575985,3.2435548,9.006291,0.1160207,0.1134195,inf,0.4591143,0.3372396,0.4161287,0.42105123,1.2909851,0.3275112,0.8245012,0.1399695,0.123455055,0.38024926,0.18895902,0.32191825,0.28199586,0.62728345,3.5022192,0.40568852,2.54506,0.4238932,0.29095757,0.036192644,0.22673622,0.24706317,0.8528929,0.42896965,0.4389534,inf,inf,1.5615044,28.755676,1.6356796,1.6356796,0.31090552,0.5518542,0.5518542,0.17524698,0.5183717,0.52212393,0.8684741,0.43445906,UNHEALTHY
47,0.4071194,,23.34368,2.1186676,2.6346796,0.1344352,0.10364725,1.2429904,0.4537826,0.37625933,0.4263635,0.4303019,1.000692,0.39880645,0.81807035,0.16542019,0.115687065,0.39383757,0.20844766,0.33933744,0.32066458,0.6384371,3.3803544,0.36290246,2.226059,0.42360792,0.26693904,0.0365112,0.23471035,0.22350886,0.7546005,0.43616658,0.44940427,inf,0.40364617,1.2542659,33.874992,1.7137107,1.7137107,0.26498756,0.60513175,0.60513175,0.2216736,0.5104367,0.52239513,0.85667616,0.47814476,AVARAGE
79,0.41380566,,23.43609,2.416893,2.813452,0.16013207,0.08821707,1.182368,0.50782186,0.3799726,0.43097463,0.4343403,1.0906507,0.38822097,0.8188669,0.15592755,0.101505555,0.38855267,0.22625852,0.33811644,0.2692334,0.7599904,3.49135,0.36245263,2.2288792,0.41721213,0.23405717,0.06249747,0.28944254,0.24151224,0.7498878,0.3588646,0.45457673,0.46463096,inf,1.306946,37.51033,1.741289,1.741289,0.28613725,0.60973966,0.60973966,0.2140239,0.5225899,0.48519576,1.1026467,0.45561996,AVARAGE
123,0.35050923,,20.119268,2.051987,3.4041588,0.14538181,0.13010661,inf,0.43131524,0.3650293,0.3642012,0.3702573,0.8903875,0.37253317,0.8070651,0.19264829,0.090690665,0.32516462,0.17733344,0.29207265,0.27182776,0.5413208,2.7133331,0.32427886,2.012519,0.37336442,0.20495933,0.068296485,0.19846508,0.23622589,0.87883645,0.37862924,0.38253838,inf,inf,1.0868424,13.156076,1.6199918,1.6199918,0.24944209,0.52231276,0.52231276,0.22414778,0.43991643,0.4533858,0.7963631,0.43492433,None
7,0.3709514,,22.29449,1.9884872,2.23044,0.16509648,0.0964782,inf,0.43609583,0.40743184,0.39532912,0.39969912,0.99793375,0.39796376,0.7955285,0.19072054,0.10079811,0.36948258,0.16840395,0.32940748,0.23696174,0.5965844,3.0019782,0.35117653,2.1951888,0.42591363,0.23014124,0.036264192,0.23784128,0.16213813,0.8284685,0.3704564,0.4170281,inf,inf,1.2095473,11.273636,1.9033388,1.9033388,0.26980668,0.5737745,0.5737745,0.23444133,0.4569193,0.47024974,0.90575653,0.49976662,None
234,0.3398161,,20.072113,1.8360865,2.4623106,0.15828672,0.11781101,inf,0.4277549,0.3913123,0.35763,0.36339232,0.86977726,0.3896713,0.7984641,0.19953139,0.0897175,0.32837573,0.16103373,0.29330486,0.24527973,0.5242429,2.6573448,0.31999698,2.017215,0.37736973,0.20362164,0.061597243,0.2033228,0.18698421,0.8635104,0.36804068,0.37520435,inf,inf,1.055646,8.490496,1.6045926,1.6045926,0.24911612,0.51972294,0.51972294,0.23592116,0.42113483,0.446948,0.8271838,0.4624081,AVARAGE
130,0.3653211,,20.73825,2.1987157,2.4943655,0.14531314,0.114791155,1.4206485,0.41296095,0.349025,0.3822174,0.38690126,1.0006614,0.3497076,0.81142557,0.18082836,0.11122157,0.33904806,0.1717547,0.30557734,0.24703522,0.5442813,2.8983111,0.3487343,2.1813993,0.40230826,0.25833413,0.057735972,0.2156797,0.27395788,0.9033194,0.37243426,0.4019637,inf,inf,1.2334154,17.841507,1.5648434,1.5648434,0.2595172,0.5342119,0.5342119,0.20711693,0.45682827,0.46208465,0.84707564,0.43991756,AVARAGE
231,0.33692536,,19.398409,2.1991134,2.1355786,0.13648266,0.1596458,1.4938159,0.4090098,0.359926,0.35260516,0.35860142,0.98389417,0.3456397,0.8141934,0.19246438,0.08994782,0.31382585,0.15452728,0.28687552,0.24923699,0.5090053,2.6095688,0.3369969,2.110036,0.38361686,0.20286253,0.07055555,0.18431184,0.23464827,0.9541946,0.38682395,0.37072706,inf,inf,1.1606219,10.191665,1.6511173,1.6511173,0.26704454,0.49914366,0.49914366,0.20980336,0.4195348,0.45326036,0.7392584,0.43479463,HEALTHY
109,0.35187545,,19.013914,2.930312,1.9730873,0.12779655,0.13181706,inf,0.43543878,0.33551103,0.35818902,0.36561626,1.1102027,0.31556958,0.81515753,0.15903506,0.093594015,0.32553872,0.16812092,0.28131685,0.23910908,0.55728096,2.924804,0.36253616,2.2570107,0.37388787,0.21195206,0.06518484,0.20035467,0.2087284,0.912268,0.37569875,0.37803242,inf,inf,1.3077487,26.774061,1.7740308,1.7740308,0.28925,0.48893002,0.48893002,0.18454702,0.45044377,0.46412143,0.8468746,0.40638632,None
111,0.31115168,,16.306122,2.4452286,2.139583,0.14027265,0.13359901,inf,0.39772332,0.30580866,0.312799,0.32126644,0.9091611,0.2930418,0.8171518,0.17895639,0.09164261,0.2702756,0.1422671,0.24088508,0.19042116,0.42074248,2.3756,0.32230538,2.0015588,0.32895136,0.21010512,0.06402429,0.17847203,0.25807074,1.0122386,0.30981708,0.32784387,inf,inf,1.1032667,12.163918,1.2989618,1.2989618,0.25272882,0.42011732,0.42011732,0.18300039,0.39885068,0.40192035,0.8270413,0.36099103,AVARAGE
189,0.41389522,,20.492188,4.518397,2.559791,0.1079511,0.13859057,inf,0.47107545,0.3041519,0.41609484,0.42103896,1.6254148,0.26790968,0.84021866,0.12165919,0.13690163,0.3739589,0.1883056,0.30984178,0.24646065,0.66390663,3.8192906,0.44279477,2.8477147,0.41684145,0.3310498,0.05814055,0.23608491,0.26566353,0.90328205,0.41788286,0.43884662,inf,inf,1.9092189,53.834095,1.6012189,1.6012189,0.35070005,0.52055556,0.52055556,0.14657684,0.54138845,0.5283427,0.95776206,0.39629695,UNHEALTHY
72,0.3617955,,21.08996,2.089853,1.865704,0.14769071,0.12420608,1.4232346,0.4199727,0.37153736,0.38133556,0.3860296,0.9646862,0.3712826,0.806277,0.19102447,0.10103152,0.3400048,0.16251713,0.31066984,0.2466949,0.54382056,2.815588,0.342614,2.1472995,0.41068894,0.2311031,0.038012214,0.21137513,0.24022986,0.8972597,0.37892377,0.40083328,inf,inf,1.1789948,14.534716,1.6113743,1.6113743,0.260594,0.54271656,0.54271656,0.21782759,0.44956395,0.45982447,0.81339353,0.4581306,UNHEALTHY
215,0.40559107,,22.956163,2.387213,3.9729664,0.13631196,0.10212199,inf,0.45833406,0.37264994,0.42586955,0.42993265,1.1219764,0.38293892,0.8120344,0.15704495,0.11355819,0.39390373,0.18230416,0.34045982,0.26532134,0.6287394,3.3182914,0.38422474,2.3478148,0.43938157,0.26238486,0.03683429,0.24546705,0.25076485,0.8067551,0.4064479,0.4489241,inf,inf,1.3720807,16.76309,1.597832,1.597832,0.2904062,0.5891163,0.5891163,0.20314245,0.50688803,0.50877696,0.9042302,0.4725853,AVARAGE
66,0.39429957,,23.251297,1.9760747,3.4294095,0.14481036,0.0929212,1.2945247,0.45648953,0.39532128,0.4180201,0.42155522,0.9796691,0.414309,0.802363,0.17343222,0.10418315,0.38720334,0.19106877,0.3391487,0.29110923,0.6294692,3.1930516,0.3545547,2.1972246,0.42996958,0.23830092,0.034319606,0.2356773,0.20748042,0.78042936,0.4130028,0.44008198,inf,inf,1.2062626,13.679604,1.5927788,1.5927788,0.26739153,0.601521,0.601521,0.22687961,0.4885233,0.5042099,0.8683576,0.4904527,AVARAGE
80,0.41789156,,24.711643,2.1281254,2.591743,0.17408888,0.09163681,inf,0.4979679,0.4079048,0.44372153,0.44614413,1.07046,0.4194076,0.81903845,0.17270029,0.0986331,0.40449315,0.21282905,0.35895467,0.2525128,0.7559914,3.4130642,0.36478695,2.2207313,0.44798496,0.22505973,0.06766486,0.30208164,0.2551778,0.75307816,0.3538683,0.4688591,inf,inf,1.2853775,19.905687,1.7708397,1.7708397,0.28593534,0.6404986,0.6404986,0.22989544,0.51886404,0.4827216,1.0844882,0.49294123,AVARAGE
87,0.4205795,,23.908983,2.4962187,2.2889197,0.12335951,0.112192795,1.071631,0.4775239,0.3785552,0.4441868,0.4462208,1.2168573,0.3538095,0.8181924,0.15590882,0.10838484,0.40130475,0.20348532,0.3544359,0.31397185,0.7674508,3.651096,0.38912883,2.4160829,0.45856288,0.24995156,0.04084091,0.23808695,0.24113809,0.79198396,0.4482068,0.4706677,inf,inf,1.4553881,39.1071,1.9194285,1.9194285,0.30284724,0.61360073,0.61360073,0.20096342,0.5253283,0.53264534,0.83563554,0.47551858,None
174,0.38408697,,20.13785,3.129003,2.5840273,0.120392166,0.11002341,1.0796721,0.43884468,0.3247918,0.38871604,0.3958571,1.166667,0.3289152,0.811399,0.14272337,0.1289664,0.36111107,0.17710811,0.29867813,0.26469103,0.52591395,3.253715,0.38890997,2.418058,0.39004686,0.3065343,0.03956952,0.21503493,0.22203338,0.8499701,0.41134852,0.40849888,inf,inf,1.4306911,30.08283,1.4921174,1.4921174,0.2916086,0.51692283,0.51692283,0.17930476,0.49498096,0.5057871,0.8787829,0.420134,AVARAGE
192,0.32327017,,19.279669,1.7951877,2.1684775,0.15659861,0.14728293,inf,0.3789015,0.3385239,0.34034073,0.34628138,0.8079763,0.35445413,0.81363124,0.21430585,0.10816636,0.2878046,0.14547285,0.28138652,0.22282039,0.45286405,2.3167148,0.30145442,1.9663589,0.38115525,0.25141817,0.035934094,0.18835843,0.3404437,1.0309186,0.32716087,0.35728803,inf,inf,0.9977121,7.55912,1.6767038,1.6767038,0.22349519,0.49798182,0.49798182,0.2168114,0.40029532,0.39506814,0.7656191,0.42276457,AVARAGE
3,0.28521267,,16.031126,1.9541547,3.5774648,0.17084624,0.1077372,inf,0.41390845,0.3419383,0.28833336,0.2969597,0.7170688,0.33726546,0.8008655,0.19264981,0.07560402,0.25637665,0.16205461,0.22590409,0.21224003,0.4213528,2.2337203,0.26786208,1.7696829,0.2848533,0.17004733,0.06194548,0.1887307,0.19045728,0.919278,0.27648547,0.3006417,inf,inf,0.8216439,8.713433,1.257289,1.257289,0.22701798,0.42277893,0.42277893,0.22093758,0.36238942,0.35808054,0.9308795,0.3812271,None
270,0.47597894,,26.25204,3.5209029,2.970707,0.122754686,0.09072745,inf,0.49930102,0.37376446,0.50551367,0.5028626,1.6770684,0.32036322,0.8495898,0.1280193,0.13621406,0.45725942,0.21472782,0.3958011,0.2824726,0.90170324,4.528436,0.46373796,2.9433963,0.523321,0.32487857,0.06426695,0.2922865,0.2943726,0.7748621,0.4561859,0.5360522,inf,inf,1.9946647,45.981956,1.8397686,1.8397686,0.36172262,0.66712654,0.66712654,0.1736437,0.59722954,0.57975864,1.0129055,0.49267495,AVARAGE
94,0.35736433,,21.29294,1.9281961,2.8571537,0.18801211,0.08946839,inf,0.4974843,0.40833583,0.37475067,0.37992322,0.87949383,0.41594085,0.80326945,0.19424273,0.066053584,0.33406064,0.19097449,0.30371955,0.22857028,0.6759007,2.7731962,0.30756375,1.9314235,0.3745429,0.14541422,0.064809754,0.26150608,0.21750636,0.8204892,0.30370885,0.39366433,inf,0.32552335,1.0119585,12.8632765,1.6714752,1.6714752,0.26068783,0.5567922,0.5567922,0.24178961,0.44567913,0.41495222,1.0317465,0.45045874,AVARAGE
77,0.39777622,,21.78913,2.6584435,3.3328574,0.13271308,0.102907844,inf,0.44759732,0.3633565,0.4133093,0.41778567,1.1795565,0.35878754,0.8093408,0.1580453,0.11699952,0.3830265,0.17369068,0.32492986,0.25361627,0.58768034,3.3333573,0.39280272,2.4261634,0.4266104,0.27114686,0.028643213,0.23138124,0.19543944,0.8259246,0.41276976,0.43440968,inf,0.4119443,1.4390552,21.328882,1.5202129,1.5202129,0.29771814,0.55685407,0.55685407,0.19635136,0.5015017,0.5136358,0.8807686,0.46177626,None
264,0.48167104,,25.94513,3.5639532,3.7096531,0.113781355,0.0864779,0.79219335,0.5251446,0.37560582,0.5071739,0.5047618,1.6698918,0.32372457,0.8477372,0.11866194,0.12719259,0.46370074,0.22370233,0.38964885,0.30754775,0.929817,4.594466,0.46465695,2.9244385,0.50731575,0.29967302,0.058742546,0.2859452,0.26566732,0.7261454,0.47472143,0.5355736,inf,0.32772785,1.9601234,46.904854,1.6187559,1.6187559,0.3680588,0.6610793,0.6610793,0.17179945,0.60857046,0.59527576,1.0019592,0.4863017,AVARAGE
282,0.42762685,,23.377222,2.9679248,3.2518744,0.12974142,0.089726225,1.003108,0.4941394,0.3829321,0.44855514,0.45030278,1.4133327,0.3395524,0.8243938,0.14358766,0.11042792,0.41753706,0.19071524,0.3509052,0.26420474,0.7694669,3.8477328,0.42188874,2.6417882,0.4610384,0.256488,0.040835593,0.25605455,0.1774777,0.78246254,0.42790386,0.47325084,inf,inf,1.6527047,32.034874,1.5913454,1.5913454,0.33737826,0.5958319,0.5958319,0.18769565,0.5375081,0.54126745,0.94835806,0.47885787,AVARAGE
186,0.3628365,,21.431581,2.0532105,2.1065586,0.14321055,0.13268189,1.4024501,0.40240774,0.36945623,0.38361284,0.3891367,0.9508569,0.38939953,0.802612,0.18699476,0.12317834,0.35126075,0.1618922,0.31741607,0.2582196,0.48824075,2.7678063,0.351393,2.1836514,0.412612,0.29101485,0.0391082,0.20967527,0.25879297,0.9091488,0.39512172,0.40305012,inf,inf,1.1995,8.967201,1.65895,1.65895,0.25507984,0.55105186,0.55105186,0.21947518,0.44890612,0.47462457,0.7919518,0.47200358,AVARAGE
17,0.41194314,,23.415121,2.1282248,2.315849,0.15027435,0.08208282,1.1780769,0.4671649,0.37578812,0.43239126,0.43543702,1.0369796,0.39066616,0.8171674,0.16051176,0.11127506,0.39440233,0.20750335,0.34164643,0.27587494,0.66053843,3.4306543,0.36553434,2.2474382,0.43029925,0.2567109,0.051004395,0.2628197,0.2278924,0.751931,0.38594902,0.45545986,inf,inf,1.284996,21.474638,1.5505366,1.5505366,0.27282804,0.6053152,0.6053152,0.21470083,0.5156969,0.49904203,0.991551,0.4727635,AVARAGE
29,0.36529708,,20.153816,2.2189536,3.7858167,0.13732968,0.10811584,inf,0.440567,0.35241973,0.37516668,0.3816749,0.9427503,0.3684683,0.8076593,0.16600023,0.10158755,0.34373826,0.18531516,0.29288185,0.2725749,0.53545445,2.958852,0.34124598,2.1212654,0.3706889,0.23296967,0.057760626,0.21098107,0.2125471,0.8289466,0.3880703,0.39345893,inf,inf,1.1582228,18.61972,1.444883,1.444883,0.25891164,0.52261966,0.52261966,0.20867634,0.4625566,0.47767562,0.8646367,0.4305262,AVARAGE
153,0.36115697,,20.989298,2.1159863,2.0599945,0.14715101,0.11364064,inf,0.41437516,0.3685784,0.379518,0.38549823,0.9587127,0.37801576,0.7979961,0.18248732,0.106320076,0.34608233,0.15612838,0.3121578,0.23635007,0.5171224,2.7993076,0.34913358,2.164061,0.40884045,0.24344982,0.03745851,0.21486652,0.23585926,0.8912743,0.37589392,0.39958912,inf,inf,1.190373,15.276394,1.7933635,1.7933635,0.2600815,0.5380305,0.5380305,0.2143774,0.44916356,0.46338004,0.837403,0.46041057,None
36,0.40653816,,24.651817,2.0073829,2.076613,0.15174817,0.095013365,inf,0.4594793,0.4102528,0.43534577,0.43815035,1.0464981,0.4174541,0.8129985,0.17365837,0.11087247,0.40657783,0.19959415,0.36046973,0.28467587,0.6983392,3.381952,0.36658612,2.2680826,0.456612,0.2562281,0.038383584,0.25707984,0.18436877,0.76612514,0.40956962,0.4613361,inf,inf,1.2849505,15.317288,2.0052965,2.0052965,0.2763499,0.6373925,0.6373925,0.2317776,0.50054175,0.50939643,0.91528463,0.5136526,AVARAGE
240,0.42365694,,24.470266,2.5632234,2.8711393,0.13223372,0.089091524,1.0080948,0.47182173,0.39759526,0.45003867,0.45253056,1.2843771,0.37338784,0.81700456,0.15280989,0.11645394,0.4254578,0.1883548,0.36577988,0.280044,0.7322879,3.7201977,0.41028026,2.5325232,0.4754078,0.27012607,0.07696026,0.2528385,0.16006643,0.7657846,0.4440611,0.47758067,inf,inf,1.5500602,47.798298,1.9913253,1.9913253,0.31557328,0.62490594,0.62490594,0.20485139,0.5261625,0.5472038,0.8978881,0.50660384,HEALTHY
64,0.38782656,,21.8093,2.5401325,3.673789,0.15617837,0.089255065,inf,0.49049905,0.3937617,0.40492687,0.4087851,1.161941,0.36288413,0.81038696,0.16061111,0.08279617,0.377926,0.19585073,0.31959042,0.23816276,0.7198028,3.3772702,0.3700827,2.3192298,0.4096101,0.18522272,0.044161595,0.25833586,0.15833612,0.7951023,0.3585675,0.42630213,inf,inf,1.3340417,24.479017,1.6593636,1.6593636,0.3060371,0.5635941,0.5635941,0.2084402,0.48711774,0.47747818,1.0271064,0.46429324,None
141,0.36941454,,20.070139,2.226409,2.5061631,0.12944567,0.11677089,inf,0.441305,0.34143856,0.37838194,0.38519415,0.9441834,0.36337677,0.80019486,0.16215238,0.10277735,0.3421988,0.18685253,0.29391053,0.2854046,0.52992076,2.925834,0.34195578,2.1146166,0.36971793,0.23538157,0.06708155,0.20701659,0.25420317,0.84209865,0.39721796,0.39660627,inf,inf,1.1658729,15.9264765,1.328526,1.328526,0.2569504,0.5191114,0.5191114,0.20279971,0.4686235,0.4790608,0.831911,0.4210147,AVARAGE
245,0.24555957,,14.323166,1.639739,1.091085,0.1727814,0.18514416,2.397204,0.31501588,0.32651144,0.25520608,0.26223332,0.66663355,0.2926476,0.83176565,0.2564917,0.085388154,0.21239273,0.10615862,0.210738,0.15917614,0.2925475,1.7197882,0.26529816,1.7564557,0.301608,0.19326216,0.058890767,0.13766709,0.31134585,1.1830164,0.26584014,0.2645627,inf,inf,0.82708645,5.4660845,1.1928681,1.1928681,0.20085412,0.3699956,0.3699956,0.22267824,0.30462906,0.32214746,0.70111173,0.38184068,AVARAGE
124,0.34095618,,18.143845,2.0282943,4.0974956,0.12834297,0.12727846,1.3052263,0.43262246,0.32633546,0.34385127,0.35193744,0.83008707,0.3451364,0.80079454,0.16258286,0.091103956,0.3126382,0.18345818,0.26135403,0.28011075,0.47683528,2.7345037,0.312619,1.9696532,0.32708642,0.20589186,0.081923634,0.18786591,0.23988914,0.8401791,0.3815819,0.359426,inf,inf,1.0205612,18.35066,1.0870663,1.0870663,0.23783581,0.47270653,0.47270653,0.20141554,0.43598247,0.45729792,0.8263761,0.39237425,AVARAGE
220,0.43061975,,24.753103,3.0287952,2.7886894,0.11678594,0.13863929,inf,0.4718406,0.3865151,0.45654085,0.45868382,1.4259131,0.36428693,0.8269153,0.14975393,0.1253238,0.42435044,0.19885448,0.37010232,0.32232288,0.74961364,3.761132,0.4227048,2.6641705,0.48264837,0.29433846,0.072230324,0.23985298,0.22515823,0.81611496,0.4827713,0.48444676,inf,inf,1.6899791,39.57297,1.9792244,1.9792244,0.32807747,0.63288796,0.63288796,0.19677414,0.5370989,0.56581455,0.8132625,0.49860814,AVARAGE
99,0.29047823,,17.814758,1.5270226,1.5151865,0.19065113,0.13932696,inf,0.38672617,0.37496617,0.30693176,0.3123219,0.69097316,0.3584705,0.8112651,0.25189048,0.06720588,0.2532234,0.14322412,0.25567177,0.19199078,0.461776,2.0590458,0.2619019,1.746569,0.34413946,0.14851141,0.045989197,0.18217888,0.2563142,1.018553,0.27379858,0.32055622,inf,inf,0.8242445,7.24326,1.5975094,1.5975094,0.2096764,0.46404997,0.46404997,0.24970871,0.35837322,0.34448683,0.8023715,0.42246106,UNHEALTHY
