,ARI_2_mean,ATSAVI_mean,blue_mean,CRI_2_mean,DATT_mean,DVI_mean,ENDVI_mean,EVI_mean,EVI_2_mean,GCI_mean,GNDVI_mean,green_mean,MCARI_mean,MCARI_1_mean,MCARI_2_mean,MSAVI_mean,MTCI_mean,MTVI_1_mean,MTVI_2_mean,NDCI_mean,NDRE_mean,NDVI_mean,NDWI_mean,NEXG_mean,NGRDI_mean,nir_mean,NPCI_mean,OSAVI_mean,PSRI_mean,RDVI_mean,RECI_mean,red_mean,rede_mean,RERI_mean,RGVI_mean,RVI_1_mean,RVI_2_mean,R_MCARI_MTVI2_mean,R_TCARI_OSAVI_mean,SAVI_mean,SAVI_2_mean,SIPI_mean,SPVI_mean,SRPI_mean,TCARI_mean,TSAVI_mean,TVI_mean,HEALTH_STA
0,1.0248201,-0.37114015,0.11741962,2.656742,inf,0.25424066,0.40678814,0.19324066,0.3654631,1.2423941,0.35380378,0.1822729,0.49285376,0.43379268,-0.11824672,0.3504827,,0.43379268,-0.11824672,0.2737629,0.09235767,0.45770603,-0.35380378,0.24875255,0.14154978,0.39308694,0.06518506,0.35221863,-0.10777155,0.34991008,0.2176627,0.1388661,0.3218799,0.42492822,0.79411566,3.2332425,2.2422976,1.0197445,-inf,0.35701272,5.9944882,0.49986148,0.30449364,0.8991542,0.29427373,0.34082863,16.989527,AVARAGE
1,0.9099303,-0.38795236,0.12444895,2.3536203,,0.23975614,0.38198054,0.1776615,0.33672994,1.1214576,0.3296434,0.18910372,0.43163064,0.40552,-0.077479355,0.32212391,inf,0.40552,-0.077479355,0.24914116,0.091862366,0.4149499,-0.3296434,0.22394519,0.1176467,0.39014533,0.07997844,0.32155555,-0.082229935,0.3272211,0.21162015,0.15043038,0.3193648,0.37125966,0.8289466,2.958852,2.1212654,19.012896,,0.32878107,6.91429,0.46851417,0.28669885,0.8646367,0.2835143,0.28872812,15.929833,AVARAGE
2,1.0238785,-0.3551253,0.13002807,2.2878675,,0.29135743,0.40909892,0.21687654,0.40090382,1.2682022,0.36158922,0.1986027,0.55564606,0.49721327,0.22330046,0.3824039,inf,0.49721327,0.22330046,0.27002236,0.105572745,0.4710888,-0.36158922,0.25536638,0.15243384,0.4401322,0.05190177,0.37129542,-0.115599215,0.37635744,0.24437974,0.14880222,0.35153234,0.41553092,0.76612514,3.381952,2.2680826,0.13915917,,0.38632306,9.140742,0.5078855,0.35643172,0.91528463,0.3223209,0.37524858,19.472185,AVARAGE
3,1.1963558,-0.32169837,0.1072852,2.6082318,inf,0.34462425,0.49642476,0.24329239,0.47959667,1.4764946,0.39556643,0.19598734,0.80588675,0.6084282,0.67142874,0.4562335,inf,0.6084282,0.67142874,0.2944087,0.11950559,0.5552763,-0.39556643,0.38144407,0.23180495,0.46868438,0.054097384,0.43692234,-0.17103212,0.4400594,0.280244,0.1240725,0.364464,0.46967784,0.6548256,4.396035,2.476335,-1.3093458,-inf,0.45464185,5.0861135,0.58781314,0.41485336,0.9111781,0.330465,0.4523889,23.553305,AVARAGE
4,0.9619176,-0.3583848,0.12129053,2.2522137,0.30678105,0.28214723,0.43597135,0.20188281,0.39243394,1.2262002,0.3544302,0.19999897,0.5237641,0.48546687,0.19396019,0.37421632,,0.48546687,0.19396019,0.25401422,0.11453731,0.47026852,-0.3544302,0.2894982,0.16035062,0.43139312,0.08374028,0.36714435,-0.1206713,0.37408826,0.2643329,0.14924586,0.33946973,0.39344332,0.7546005,3.3803544,2.226059,0.27464908,0.9711858,0.37881073,7.3094234,0.5213728,0.33837354,0.85667616,0.31105986,0.37195912,18.95896,AVARAGE
5,1.0481452,-0.35899127,0.116899535,2.3469958,inf,0.28668472,0.45218968,0.19773573,0.39733422,1.327592,0.36258623,0.19747151,0.5649045,0.48313263,0.2764005,0.37800974,inf,0.48313263,0.2764005,0.25996572,0.119604826,0.4648557,-0.36258623,0.2936036,0.15172032,0.43905848,0.10647035,0.3653055,-0.09418797,0.38134748,0.27967668,0.15238905,0.34017146,0.36485505,0.77767235,3.5839093,2.327474,0.25452328,-inf,0.37949947,4.8554587,0.52872074,0.34378406,0.8194035,0.27584845,0.36403853,19.003464,AVARAGE
6,1.0310292,-0.3602948,0.10798657,2.5886807,,0.27464765,0.45594028,0.19314457,0.38918173,1.3141575,0.36947283,0.1842762,0.4923075,0.46958983,0.050487988,0.37197575,,0.46958983,0.050487988,0.2641881,0.12145614,0.4808133,-0.36947283,0.2941248,0.15514794,0.41139495,0.10232594,0.3708112,-0.121989675,0.36586925,0.28326637,0.13676323,0.31845853,0.40241146,0.76048595,3.4500318,2.3141322,0.5195429,-inf,0.3779922,2.8081942,0.53700733,0.33649564,0.8240039,0.29663253,0.37074694,18.378777,AVARAGE
7,0.97299784,-0.38764545,0.12380563,2.349219,inf,0.24130057,0.3868611,0.17597337,0.33930337,1.230768,0.3433352,0.18360521,0.4165316,0.39169917,-0.09816372,0.3242659,inf,0.39169917,-0.09816372,0.24773541,0.11076611,0.4093518,-0.3433352,0.20670307,0.10097712,0.39648885,0.09109576,0.3192126,-0.04884445,0.33441254,0.2579048,0.15522298,0.3104059,0.31798053,0.85884416,3.0810924,2.230458,-0.45224616,-inf,0.32822528,5.797187,0.47236744,0.29261118,0.8457609,0.2407429,0.28727633,15.611241,AVARAGE
8,1.2599149,-0.32840967,0.118648775,2.72103,-inf,0.3387177,0.47222096,0.23741345,0.4625633,1.5694789,0.4033541,0.19931471,0.70100266,0.5789465,0.640832,0.43877825,,0.5789465,0.640832,0.29479265,0.12976961,0.5289723,-0.4033541,0.31362864,0.18365726,0.47956336,0.06361348,0.41842967,-0.12997894,0.43035182,0.30966765,0.14085189,0.36603528,0.42639434,0.7276873,4.0781693,2.5693626,1.4037578,-inf,0.43844426,5.151284,0.5671598,0.41315585,0.8943143,0.3203262,0.4421918,22.661617,AVARAGE
9,0.9539844,-0.38759324,0.12805313,2.3921585,inf,0.245967,0.37429407,0.18143061,0.34174803,1.2287278,0.3437189,0.1873738,0.420227,0.40484,-0.024823256,0.3262721,inf,0.40484,-0.024823256,0.24260023,0.11611384,0.4119337,-0.3437189,0.19874735,0.10134213,0.40081424,0.07586784,0.321225,-0.0549899,0.33092695,0.274915,0.15487854,0.3127197,0.32279238,0.86451507,3.0516338,2.2285266,-5.699741,-inf,0.331074,4.979863,0.46535453,0.2961399,0.8736449,0.25269282,0.2886875,16.056242,AVARAGE
10,1.0849483,-0.38285735,0.111596584,2.9337263,inf,0.2445069,0.4050046,0.17632858,0.34912926,1.3592091,0.37459925,0.16808072,0.4141886,0.39646426,-0.18455152,0.33429727,inf,0.39646426,-0.18455152,0.27294543,0.118065976,0.43810776,-0.37459925,0.20374498,0.096319355,0.3840816,0.09549073,0.33636728,-0.053242322,0.33382073,0.27448747,0.13960637,0.2985736,0.35559055,0.86746264,3.1516416,2.359083,0.052183874,-inf,0.34101993,7.2803006,0.4963715,0.30332854,0.8359982,0.2483134,0.3045983,15.807484,AVARAGE
11,1.1562802,-0.3767813,0.119275644,2.869991,inf,0.26191154,0.4083818,0.18218227,0.36007854,1.4279417,0.3833011,0.17782715,0.42579243,0.4163115,-0.0595103,0.3438773,inf,0.41630378,-0.0595103,0.28381613,0.11613968,0.43348867,-0.3833011,0.18345502,0.076338895,0.41458553,0.111125015,0.33886355,-0.043189295,0.34147838,0.27189475,0.15270323,0.32374418,0.36129633,0.9024993,3.0521648,2.4278617,-0.80521494,-inf,0.3501609,8.215374,0.4962692,0.3291149,0.8144629,0.26550126,0.31159848,16.718204,AVARAGE
12,1.1509277,-0.3840467,0.12774791,2.676236,inf,0.25603816,0.38636804,0.17851141,0.3473371,1.4128747,0.37615505,0.1807366,0.42712808,0.3928546,-0.04427648,0.33087736,inf,0.3928546,-0.04427648,0.28065747,0.11211214,0.4056135,-0.37615505,0.15310386,0.054895896,0.4211882,0.11187931,0.32068962,-0.0038275055,0.33633944,0.26206857,0.1652018,0.33016792,0.32257062,0.94810146,2.9801977,2.4127188,-1.395073,-inf,0.33509022,7.2160277,0.4744927,0.3177117,0.8152535,0.23787685,0.29099485,15.980572,AVARAGE
13,1.3863013,-0.34686586,0.10431841,3.2809482,,0.31162825,0.47469276,0.2095095,0.42921174,1.6642014,0.41569075,0.17576623,0.62122405,0.5142182,0.31161472,0.40823823,,0.5142182,0.31161472,0.31805333,0.11805635,0.50298506,-0.41569075,0.2665647,0.13104549,0.44536787,0.11314135,0.39500326,-0.0863216,0.40105173,0.27807784,0.13376895,0.34524485,0.42204794,0.81612456,3.7610753,2.664139,-0.4546133,,0.4106148,5.9820104,0.5584549,0.39233956,0.8132574,0.2880319,0.36886942,20.375826,AVARAGE
14,1.037956,-0.4259089,0.104768835,3.2804766,,0.18842189,0.36707038,0.13433923,0.27342805,1.2629488,0.3497476,0.1506161,0.2956349,0.28341097,-0.4543717,0.2619259,,0.28341097,-0.4543717,0.26575154,0.09728453,0.3562689,-0.3497476,0.12934206,0.024399422,0.33118287,0.14158346,0.26992202,0.02815059,0.27743855,0.22521546,0.14281783,0.26576024,0.28650057,1.0153215,2.6196089,2.2628536,0.6679871,,0.27002567,6.0303535,0.44360435,0.22725673,0.76644737,0.1876468,0.17243703,11.614052,AVARAGE
15,0.6637274,-0.45737094,0.1279126,2.3986285,,0.14121258,0.25746748,0.12213772,0.21292052,0.7697833,0.24955261,0.16541246,0.26219833,0.23632725,-0.5461598,0.2040849,,0.23632725,-0.5461598,0.20888034,0.044968445,0.29952195,-0.24955261,0.12912625,0.06757539,0.28541064,0.04777087,0.22097503,-0.039783273,0.2218256,0.10636546,0.1442374,0.25599864,0.32501653,0.91929513,2.2336304,1.7696302,0.81183124,,0.21484478,4.829608,0.3394889,0.15634924,0.9308771,0.19602196,0.09690897,9.317397,
16,0.997946,-0.37421775,0.11769849,2.5617604,-inf,0.2558213,0.40087578,0.19208977,0.36464605,1.167716,0.34216243,0.18391085,0.536132,0.44218346,-0.043957856,0.34928742,,0.44218346,-0.043957856,0.27774787,0.07524616,0.45195428,-0.34216243,0.25882173,0.14944136,0.39239582,0.0613886,0.34934607,-0.10788225,0.34896335,0.16971436,0.13658917,0.33137542,0.44097757,0.77422565,3.2093732,2.1674275,-0.24525331,,0.35565382,7.777907,0.49363393,0.30791843,0.8947971,0.30788982,0.32578027,17.241594,AVARAGE
17,0.6806061,-0.4233509,0.1359738,1.7127057,,0.19333309,0.3440525,0.13938364,0.2668994,0.81017727,0.2584418,0.20766121,0.36295068,0.32435775,-0.2198756,0.2559027,,0.32435775,-0.2198756,0.20689918,0.057855878,0.32158598,-0.2584418,0.20483787,0.08628149,0.37147778,0.11956468,0.25242478,-0.040037606,0.27869102,0.12961905,0.17817393,0.32480967,0.30447814,0.8857299,2.4212337,1.8099322,-0.48207858,,0.26103237,5.866658,0.4055433,0.21646774,0.795042,0.2525107,0.18677083,12.777964,AVARAGE
18,0.7115384,-0.4142417,0.12692459,1.8383456,,0.20125572,0.36253092,0.14687999,0.28408772,0.86428535,0.27251136,0.19846557,0.37902284,0.34456682,-0.22674243,0.27236205,,0.34456682,-0.22674243,0.21169038,0.06815273,0.3527985,-0.27251136,0.22924648,0.10722639,0.36455274,0.109948084,0.27331737,-0.068679534,0.28647476,0.15291527,0.1633318,0.3129854,0.33244863,0.84681064,2.589394,1.8640695,1.1653745,,0.27888894,6.408392,0.4279995,0.229195,0.8107493,0.25853556,0.21792825,13.478865,AVARAGE
19,0.8899744,-0.40491843,0.115057334,2.5016646,inf,0.20874988,0.37908792,0.15331788,0.30165574,1.1104294,0.33031473,0.17244428,0.3512698,0.3394866,-0.3414459,0.28901538,,0.3394866,-0.3414459,0.24456032,0.097294636,0.3906693,-0.33031473,0.19706142,0.08743812,0.35617208,0.10751781,0.29699495,-0.050018635,0.29359418,0.22062528,0.14747146,0.28926083,0.3404875,0.8753788,2.7776897,2.110342,-0.2047991,-inf,0.29791185,7.110897,0.4596829,0.25396934,0.8160308,0.2335984,0.25000978,13.520953,AVARAGE
20,0.8552426,-0.41329643,0.126814,2.2839646,inf,0.2117579,0.35444674,0.15204827,0.29169267,1.0881445,0.3212821,0.18350646,0.33955282,0.3348542,-0.18463752,0.27850875,inf,0.3348542,-0.18463752,0.23138025,0.10151772,0.35631165,-0.3212821,0.15957208,0.058040448,0.37601066,0.11474472,0.2771031,-0.0073847417,0.29078695,0.23319702,0.16429043,0.30190757,0.2822776,0.9357533,2.6186373,2.088037,-0.038289193,-inf,0.28502443,5.8716683,0.43328634,0.25364196,0.8073951,0.22339669,0.21350044,13.471857,
21,1.3156393,-0.351194,0.100392975,3.373253,inf,0.29604167,0.46788543,0.20734374,0.41959488,1.6288669,0.41648623,0.16636439,0.5848139,0.49236527,0.19835196,0.39992324,inf,0.49236527,0.19835196,0.30638948,0.1322322,0.5108722,-0.41648623,0.27311954,0.1457156,0.41998282,0.08947047,0.39424992,-0.09032169,0.39279336,0.313346,0.123979464,0.3173235,0.40390474,0.7865113,3.8999743,2.6287763,-0.4284287,-inf,0.40289086,1.5212547,0.5597726,0.37102267,0.8491989,0.26726174,0.3809788,19.455597,
22,1.1469795,-0.35379392,0.11580546,2.7654824,inf,0.29424015,0.4355995,0.20994312,0.40757477,1.4402467,0.39354149,0.18176152,0.50445616,0.4912462,0.15115121,0.3894912,,0.4912462,0.15115121,0.28616711,0.12547143,0.48725006,-0.39354149,0.24679351,0.13499457,0.43268475,0.07777412,0.38118497,-0.09790127,0.38201904,0.29340172,0.13845596,0.3309813,0.40034112,0.7921706,3.4641838,2.4402468,-0.0320683,-inf,0.3939702,7.6327615,0.53263706,0.37067282,0.8667858,0.30828068,0.39414653,19.38595,AVARAGE
23,1.0947568,-0.3887005,0.1215193,3.0977695,inf,0.24313636,0.37780467,0.17908122,0.3384546,1.3954779,0.3827056,0.16922812,0.36716694,0.38328212,-0.117164224,0.32239875,,0.38328212,-0.117164224,0.2717193,0.12735215,0.42366123,-0.3827056,0.15108606,0.06536291,0.3910678,0.08558168,0.32501018,-0.03184797,0.32441753,0.3010189,0.14795046,0.29857308,0.33326587,0.91908604,2.957576,2.3954506,-0.36404803,-inf,0.3309164,4.209881,0.47887272,0.30509293,0.85617226,0.23944703,0.28803718,15.438148,
24,1.0364949,-0.39101413,0.124876894,2.6568775,,0.24430804,0.36841568,0.17928767,0.33794725,1.3311254,0.36433247,0.17465584,0.39403075,0.38763326,-0.0680745,0.3224828,,0.38763326,-0.0680745,0.25562716,0.12440456,0.40837285,-0.36433247,0.16181077,0.073721536,0.39596993,0.081330314,0.31800556,-0.025081683,0.32780665,0.29480624,0.1516755,0.30232048,0.30541274,0.9135197,3.0225008,2.3310018,0.7381663,-inf,0.32766315,6.3708544,0.46532863,0.30116987,0.8643476,0.22934219,0.27228177,15.576879,AVARAGE
25,0.9521942,-0.37408182,0.12937781,2.2788,inf,0.26132604,0.39142004,0.1894665,0.35965717,1.2154136,0.3546255,0.19215152,0.41853058,0.4314876,-0.024320023,0.3436736,inf,0.4314876,-0.024320023,0.25376666,0.11418343,0.43335214,-0.3546255,0.21260294,0.10985782,0.41807723,0.08124311,0.3391189,-0.081931576,0.34000772,0.26326728,0.15676667,0.327497,0.3674199,0.8349495,2.9979353,2.215366,0.42084956,-inf,0.35047695,7.12273,0.48474154,0.3225101,0.8595114,0.28794083,0.326714,17.094027,AVARAGE
26,1.2696393,-0.35006437,0.122488074,2.8531828,inf,0.30616617,0.4281527,0.21518843,0.41605794,1.5544978,0.40787435,0.18296309,0.5628797,0.49600118,0.2453672,0.39579362,,0.49600118,0.2453672,0.30746594,0.119207576,0.48295566,-0.40787435,0.2160475,0.11348537,0.4537719,0.07792932,0.38182712,-0.07032466,0.38769066,0.28504482,0.14761758,0.35118717,0.4103133,0.8326303,3.486186,2.5543776,-0.7883839,-inf,0.39929035,9.112635,0.52906996,0.38941613,0.86747634,0.29085264,0.38411638,19.783081,AVARAGE
27,1.2761685,-0.3457615,0.12430286,2.8877513,inf,0.309861,0.43139622,0.21746713,0.41924164,1.5570198,0.41119453,0.18673973,0.5506272,0.50572383,0.21679536,0.39953864,inf,0.50572383,0.21679536,0.3123146,0.11669218,0.49069232,-0.41119453,0.21508856,0.1123197,0.45843175,0.07980098,0.3874828,-0.08340425,0.3889069,0.28097072,0.14857729,0.35941565,0.43630973,0.8293172,3.377398,2.5569873,0.44952872,-inf,0.40477157,10.565837,0.53334427,0.3965521,0.86331797,0.31767672,0.3989903,20.118189,AVARAGE
28,1.5149568,-0.36446363,0.09973217,4.193667,-inf,0.26688698,0.4363172,0.1910604,0.3857202,1.8131248,0.44039008,0.14540543,0.50719005,0.41957185,-0.15681861,0.36813453,inf,0.41957185,-0.15681861,0.34068534,0.122163534,0.4905305,-0.44039008,0.18093766,0.0832263,0.38965085,0.0896973,0.37271574,-0.040403623,0.36225727,0.29832882,0.12278596,0.29961824,0.4177528,0.89334613,3.5965366,2.81305,0.033902474,,0.3750636,1.1139674,0.53957605,0.34520394,0.8493914,0.22481911,0.36585835,16.916674,
29,1.3778797,-0.35838243,0.101467095,3.6179929,,0.27302822,0.44207194,0.19667287,0.3945466,1.6608255,0.42475143,0.15353997,0.50907564,0.44038597,-0.14328824,0.3776234,inf,0.44038597,-0.14328824,0.3264067,0.118406884,0.49672148,-0.42475143,0.21521842,0.110043295,0.39625353,0.084622614,0.38013044,-0.07045819,0.36950853,0.2831809,0.123247154,0.30666006,0.42903036,0.83652335,3.5817957,2.6607924,3.3141768,-inf,0.3839756,3.8157823,0.54323184,0.35215887,0.85552305,0.25443915,0.3789327,17.592094,AVARAGE
30,0.9229837,-0.41458285,0.1200845,3.1706748,,0.18940388,0.30127317,0.16808464,0.2897236,1.066419,0.31942204,0.15436167,0.3853532,0.32652804,-0.45061705,0.27741495,,0.32652804,-0.45061705,0.26417115,0.06421074,0.41484427,-0.31942204,0.1697944,0.12544459,0.3092088,-0.01379,0.30174002,-0.098096564,0.28208232,0.1436614,0.119845614,0.26789403,0.43294942,0.8107781,2.884684,2.0663147,-0.7710113,,0.29067108,1.537507,0.4161693,0.22605285,1.0447574,0.24339637,0.21033233,12.742433,
31,1.0544993,-0.36766142,0.13033706,2.522202,,0.27168137,0.37875578,0.20822327,0.3790897,1.2805622,0.360993,0.18619026,0.51433146,0.45596808,0.054512087,0.36234054,,0.45596808,0.054512087,0.27668002,0.0986171,0.45587122,-0.360993,0.21713242,0.13446338,0.41631904,0.034832098,0.3561697,-0.091447346,0.3611353,0.22613363,0.14466271,0.33483785,0.40370828,0.79603714,3.2802467,2.2804208,-0.41021886,,0.36708322,7.6598225,0.4851237,0.33419153,0.94493294,0.2969387,0.337842,17.961143,AVARAGE
32,0.8417529,-0.38754442,0.14245625,2.0221884,,0.24590904,0.36408,0.1783842,0.33101648,1.0725969,0.32604373,0.2074376,0.3816654,0.4059609,-0.041290727,0.31673852,,0.4059609,-0.041290727,0.23566261,0.10117397,0.3949225,-0.32604373,0.19192007,0.09341686,0.4200255,0.08689348,0.3110575,-0.06703557,0.3173549,0.23092291,0.17415951,0.3393229,0.3472636,0.8612065,2.7020576,2.0725553,0.085315645,-inf,0.32388678,7.175485,0.45188332,0.29939148,0.849409,0.29170373,0.28660762,16.084023,AVARAGE
33,1.0777541,-0.3462483,0.13527597,2.2752175,inf,0.31283623,0.41521624,0.22617623,0.42016137,1.368421,0.3811693,0.20295039,0.5479848,0.5235775,0.38919604,0.39930108,inf,0.5235775,0.38919604,0.2734997,0.12458269,0.48121366,-0.3811693,0.24164131,0.14206831,0.468848,0.05494937,0.38282764,-0.106304474,0.39055666,0.29082888,0.1560554,0.3607942,0.39830276,0.77904755,3.4291918,2.3684208,-0.7419413,-inf,0.40283975,8.245625,0.5178871,0.39070022,0.90681225,0.3253211,0.39428735,20.643354,AVARAGE
34,0.8096018,-0.38981724,0.13578106,2.005879,inf,0.23810115,0.36588567,0.17615886,0.32757023,1.0550706,0.32222697,0.1995716,0.3622712,0.39824945,-0.10811448,0.31370115,inf,0.39824945,-0.10811448,0.22583947,0.10740255,0.3991623,-0.32222697,0.20291735,0.10357818,0.40210137,0.08194921,0.31169042,-0.076899596,0.31660652,0.24558027,0.16403607,0.3204666,0.33745626,0.8423844,2.7418053,2.0549316,-0.16548856,-inf,0.32128495,7.9155593,0.45357868,0.28840744,0.8580272,0.28157562,0.28327486,15.70593,AVARAGE
35,0.66026324,-0.44288597,0.14296697,1.7260878,,0.16951764,0.30160132,0.1246539,0.23077096,0.8609827,0.26948804,0.19607733,0.2529626,0.25297317,-0.35872483,0.22100528,,0.25297317,-0.35872483,0.18977018,0.0878403,0.27564722,-0.26948804,0.11649576,0.022310836,0.3598442,0.12724787,0.21707541,0.04772212,0.2520242,0.20100881,0.19036104,0.2959418,0.19238304,1.0091476,2.1971416,1.8608236,0.12555994,-inf,0.22553974,4.8730607,0.36971244,0.18667574,0.788804,0.17230941,0.13163997,10.397643,AVARAGE
36,0.89703566,-0.36502925,0.13505845,1.9088275,,0.29378304,0.4121474,0.20372488,0.38675985,1.1427052,0.33765128,0.21774395,0.52056044,0.5015492,0.44665504,0.36728,,0.5015492,0.44665504,0.24360193,0.106360875,0.4351465,-0.33765128,0.2580231,0.13418962,0.46113926,0.09463089,0.34916058,-0.09787576,0.36598253,0.24580674,0.16739066,0.3660756,0.37291768,0.80132926,3.0942197,2.1425936,-1.1434791,,0.3708438,9.14283,0.4931243,0.3528008,0.8409427,0.33486342,0.33609405,19.639433,AVARAGE
37,0.9027676,-0.40130627,0.123381965,2.4148092,inf,0.21802741,0.37243515,0.15905902,0.30757788,1.1406409,0.33429706,0.18099734,0.34469318,0.34950826,-0.2751994,0.29483196,inf,0.34950826,-0.2751994,0.24331693,0.10334652,0.3845632,-0.33429706,0.17972456,0.07553115,0.37616453,0.10796165,0.29682285,-0.033879843,0.3030724,0.23804232,0.15817484,0.30115566,0.31765842,0.8999976,2.7457716,2.140575,0.12047083,-inf,0.3021605,5.5053477,0.45458296,0.2645987,0.8182348,0.23826177,0.25507575,13.992282,
38,1.301385,-0.32136944,0.1227675,2.7225833,0.34084013,0.3484384,0.46245027,0.24805702,0.47275612,1.6002287,0.42024252,0.19487181,0.6725053,0.58895,0.5589265,0.44950044,0.4882445,0.58895,0.5589265,0.3132961,0.12751627,0.54004645,-0.42024252,0.28331047,0.17264327,0.48741373,0.049540393,0.429081,-0.13192135,0.43323424,0.29893953,0.13897526,0.37405175,0.45679888,0.7274822,3.9341612,2.6002285,0.25259998,0.8187102,0.45077977,7.4290667,0.56907874,0.44002032,0.91524976,0.34702134,0.46189445,23.142172,AVARAGE
39,0.93720794,-0.39573753,0.13444686,2.1998823,inf,0.23975402,0.3597962,0.17367677,0.32691896,1.1817205,0.33304188,0.19162907,0.4137026,0.383133,-0.019762589,0.31185785,,0.383133,-0.019762589,0.2414692,0.10504244,0.381439,-0.33304188,0.17431019,0.07868159,0.40702125,0.09020041,0.30168426,-0.020125553,0.32612506,0.24457018,0.16730633,0.32292554,0.29205,0.9033194,2.8983111,2.1813993,0.13648379,-inf,0.3150276,6.972616,0.4465623,0.28811675,0.84707564,0.23740162,0.25449058,15.356084,AVARAGE
40,1.2444493,-0.33255982,0.121920444,2.6344793,inf,0.331233,0.44798785,0.23647614,0.45216632,1.5576888,0.41052902,0.18968084,0.61237663,0.55507594,0.42398062,0.43034485,inf,0.55507594,0.42398062,0.29852042,0.13268834,0.51938015,-0.41052902,0.26687112,0.15949276,0.4707892,0.053546745,0.4118951,-0.11735899,0.41668865,0.31325135,0.13958754,0.35619748,0.42275274,0.7511603,3.8272257,2.5576591,0.17482807,-inf,0.43169156,9.504471,0.5525494,0.41861653,0.9078823,0.3227291,0.42955422,21.875834,AVARAGE
41,0.91480446,-0.38088757,0.1334042,2.1324906,inf,0.25126442,0.39188746,0.17594832,0.34093267,1.1389611,0.34149826,0.20139189,0.4001569,0.40887007,-0.11545886,0.3269708,,0.40887007,-0.11545886,0.25480837,0.09816922,0.40716547,-0.34149826,0.20366748,0.09070403,0.42247742,0.11117016,0.3210704,-0.060930707,0.32392544,0.22426929,0.17122293,0.3437339,0.36915627,0.8665695,2.7653346,2.138916,0.016157234,-inf,0.33396438,7.234572,0.47406414,0.30986488,0.80866474,0.29638946,0.30598834,16.282352,AVARAGE
42,0.9216473,-0.3864185,0.14002085,2.0166893,,0.25818923,0.38540685,0.17460889,0.33894783,1.1462704,0.33376315,0.21058628,0.42058697,0.41285828,0.07369199,0.32334787,,0.41285828,0.07369199,0.24934733,0.09648412,0.38563898,-0.33376315,0.19125429,0.07599652,0.44235775,0.123237245,0.3091588,-0.03353486,0.3307379,0.22466555,0.18421714,0.35832423,0.333321,0.90287113,2.7330494,2.1460977,0.8989605,,0.327791,7.733963,0.46138835,0.31313017,0.7904451,0.28659722,0.2787015,16.5432,AVARAGE
43,1.1194179,-0.38082045,0.11746576,2.65981,,0.25786382,0.40891343,0.17804669,0.35484436,1.3701872,0.37154543,0.17706901,0.44779378,0.4083911,-0.052776743,0.33870757,,0.4083911,-0.052776743,0.28135446,0.10648656,0.4206604,-0.37154543,0.19278523,0.078598924,0.41111547,0.11898976,0.33073214,-0.028475765,0.3416342,0.2509375,0.15328096,0.32472506,0.35252708,0.9048855,3.064308,2.3700838,0.085739985,,0.3432929,7.045592,0.49181962,0.3210163,0.79872346,0.25650877,0.30080208,16.421906,AVARAGE
44,0.60245085,-0.4954045,0.12924796,1.9622535,,0.09379043,0.26033983,0.069042206,0.13612527,0.7567031,0.24087588,0.16657346,0.12008772,0.09556036,-0.7458423,0.13036236,,0.09556036,-0.7458423,0.17988268,0.06737617,0.17576548,-0.24087588,0.035188347,-0.05947071,0.2856323,0.18192108,0.1342583,0.16089018,0.18369204,0.15449157,0.19186825,0.24424396,0.08774119,1.1830198,1.7197663,1.7564446,20.64895,-inf,0.1348076,4.154381,0.31153578,0.07939041,0.70110685,0.06554834,-0.008774751,4.6140513,AVARAGE
45,1.0380363,-0.37223148,0.12135007,2.9769778,,0.24031201,0.342404,0.21724892,0.36635894,1.2393975,0.35213563,0.16094355,0.5539172,0.42408666,-0.22660941,0.3520311,,0.42408666,-0.22660941,0.27699637,0.08813167,0.49329215,-0.35213563,0.23611566,0.19567057,0.35117137,-0.064364284,0.3666413,-0.14719486,0.34977764,0.20156927,0.11089069,0.28859517,0.46165732,0.7028528,3.7030158,2.2393281,1.2725829,,0.3594476,-1.7531601,0.472108,0.28581414,1.1596506,0.25994575,0.34287792,16.418955,AVARAGE
46,0.49101716,-0.49164635,0.15170464,1.5112816,,0.10022282,0.21412967,0.08122114,0.14326409,0.6018987,0.20087512,0.18728966,0.1588888,0.12991713,-0.6118173,0.1369522,,0.12991713,-0.6118173,0.15574759,0.049490705,0.17981276,-0.20087512,0.05993393,-0.010992729,0.29668707,0.111793466,0.13852283,0.09387248,0.19493805,0.111005105,0.1964947,0.26266822,0.11582195,1.0685945,1.7701066,1.6015332,0.05195679,,0.14050438,5.165052,0.27431497,0.08929463,0.81042695,0.099862136,-0.00026670814,5.6433396,UNHEALTHY
47,0.5729887,-0.45661217,0.15741794,1.5177722,,0.14621675,0.27412882,0.10568267,0.19480424,0.7342072,0.24557586,0.20934469,0.19572648,0.20385703,-0.5043042,0.18731079,,0.20385703,-0.5043042,0.17965747,0.071303055,0.23270886,-0.24557586,0.08796278,-0.0032442114,0.35978216,0.14013742,0.1842616,0.065354474,0.21810983,0.16147277,0.21360497,0.3076509,0.18073596,1.0478914,1.8931713,1.7340938,-0.0027398835,,0.19251187,4.315006,0.33646974,0.15612383,0.7623501,0.15950082,0.097137734,8.600222,AVARAGE
48,0.9595954,-0.3721596,0.13527688,2.0667968,,0.28074113,0.39925787,0.1957232,0.3732235,1.2049176,0.3455001,0.20739903,0.50494784,0.4634627,0.3139533,0.3540765,,0.4634627,0.3139533,0.25364116,0.105259754,0.42213368,-0.3455001,0.2263126,0.11271721,0.45016572,0.0945129,0.3375099,-0.06525339,0.36096853,0.24544607,0.16943948,0.35789135,0.3502059,0.8371105,3.0957203,2.2046833,0.19694829,-inf,0.35711896,9.160237,0.483862,0.3413118,0.83810073,0.29577908,0.31799033,18.361958,UNHEALTHY
49,0.81108135,-0.3899917,0.13083696,1.9695091,,0.23874159,0.3829739,0.17025466,0.32741445,1.0309515,0.31789705,0.2011963,0.395327,0.39982736,-0.07886928,0.3133102,inf,0.39982736,-0.07886928,0.23135042,0.09637099,0.39525247,-0.31789705,0.2213546,0.10574233,0.4039778,0.103865206,0.30976674,-0.078410335,0.31264406,0.21989569,0.16525564,0.32879314,0.3537672,0.8402213,2.759844,2.0308468,0.68703,-inf,0.32037193,8.676417,0.46117556,0.28936484,0.82053745,0.2841748,0.28282958,15.760957,AVARAGE
50,1.0199051,-0.37474704,0.12218675,2.3282456,inf,0.27244616,0.40498847,0.19227171,0.3717211,1.2615983,0.35551736,0.1881785,0.5041313,0.45086342,0.16439494,0.35414693,,0.45086342,0.16439494,0.26469326,0.10530857,0.43289968,-0.35551736,0.22849913,0.115452826,0.4230792,0.09142819,0.34230366,-0.06436402,0.3566219,0.24188495,0.15064305,0.3351382,0.35960087,0.83381724,3.1968265,2.2613215,0.9951442,-inf,0.35748973,5.0009713,0.4917471,0.33555558,0.8436835,0.28266224,0.31216696,17.847916,AVARAGE
51,1.0151439,-0.37353262,0.123623066,2.4191642,,0.27121615,0.4085922,0.19141999,0.36966893,1.2607217,0.35832953,0.19122085,0.4965031,0.44921526,0.16504312,0.35159338,inf,0.44921526,0.16504312,0.26535696,0.107008964,0.43721455,-0.35832953,0.228974,0.11501872,0.42472365,0.09353757,0.34323016,-0.074110486,0.34967518,0.24563397,0.1535638,0.3370973,0.37423703,0.8330789,3.1647835,2.2606504,0.04454395,,0.3567749,8.004217,0.49518865,0.33342913,0.8421451,0.2849133,0.32208478,17.775875,
52,0.58023596,-0.46358734,0.14026095,1.5135821,inf,0.14072628,0.28924426,0.102400884,0.1946462,0.74106014,0.23439677,0.19434957,0.22878556,0.20065913,-0.4228762,0.18575445,inf,0.20065913,-0.4228762,0.16942516,0.07171476,0.23088866,-0.23439677,0.115690045,0.012705972,0.33629528,0.14698322,0.181529,0.07293736,0.23676533,0.16105977,0.19559711,0.28327194,0.13795862,1.0282328,2.0703862,1.7407907,3.1692946,-inf,0.18823923,6.072663,0.34302503,0.14318535,0.7546932,0.13050869,0.07557854,8.392291,AVARAGE
53,1.0627052,-0.37699014,0.12403967,2.4571855,inf,0.26522207,0.40419677,0.18522015,0.3630633,1.3177749,0.3643522,0.18634722,0.46936858,0.42501485,0.07044566,0.345477,,0.42501485,0.07044566,0.270364,0.10985479,0.42476714,-0.3643522,0.20687364,0.095420405,0.42392564,0.103342056,0.33503237,-0.042200018,0.35132286,0.25515568,0.15871322,0.33250934,0.34338522,0.86748743,3.1519642,2.3176308,0.6611789,-inf,0.34917104,7.8386407,0.49039808,0.32846463,0.8233363,0.25927672,0.30873862,17.018414,AVARAGE
54,0.9573865,-0.37912464,0.1359321,2.1170163,inf,0.27054563,0.39079514,0.18637103,0.35810837,1.2066088,0.34429502,0.20594826,0.460117,0.44077176,0.21000467,0.34112218,inf,0.44077176,0.21000467,0.25072676,0.10723033,0.40700907,-0.34429502,0.20592433,0.09375578,0.4436241,0.10472094,0.32544893,-0.04181884,0.34950504,0.24932376,0.17310871,0.3520706,0.32823387,0.8742032,2.963367,2.2064064,-2.7549868,-inf,0.34430385,6.1924825,0.4739282,0.3291223,0.82105744,0.28724036,0.29784617,17.544502,AVARAGE
55,0.7396298,-0.42418557,0.14054385,1.8306836,inf,0.1937555,0.32889414,0.13781571,0.26367563,0.9670816,0.29423591,0.19679414,0.28898966,0.29429883,-0.27235353,0.2518044,inf,0.29429883,-0.27235353,0.20552509,0.09864548,0.3141837,-0.29423591,0.13988703,0.039754864,0.38071993,0.12422237,0.24718794,0.019772513,0.27348408,0.22760452,0.18697892,0.30649015,0.23081027,0.9693769,2.398472,1.9668833,0.70619136,-inf,0.25688988,6.2974043,0.40132344,0.2245319,0.7888383,0.1930258,0.18588087,12.017294,AVARAGE
56,0.7893951,-0.42506307,0.13217233,1.9691583,inf,0.19375287,0.33764687,0.13701919,0.26558948,0.996104,0.3001885,0.1878171,0.29630578,0.29391304,-0.30917257,0.25439087,inf,0.29391304,-0.30917257,0.21891312,0.09109352,0.31690657,-0.3001885,0.13941553,0.036004327,0.3719579,0.13308416,0.24964103,0.028089326,0.2802025,0.20658714,0.17823367,0.30312803,0.23686232,0.9763561,2.408182,1.9956068,0.14815983,-inf,0.25912887,7.6762347,0.4089395,0.2281289,0.7746953,0.20047477,0.17942075,12.00679,AVARAGE
57,1.1385763,-0.37426347,0.11971952,2.6179004,,0.26914778,0.42006335,0.18380919,0.3667436,1.3771791,0.3721543,0.18496443,0.4997533,0.4307022,0.081494056,0.34895527,,0.4307022,0.081494056,0.28342384,0.10407883,0.43045834,-0.3721543,0.21014492,0.090894006,0.42637426,0.11881345,0.33917344,-0.048112,0.34769514,0.23871711,0.15727374,0.34012058,0.36851376,0.87671906,3.161057,2.3770447,0.31172326,-inf,0.3534327,4.4239945,0.5010458,0.3350945,0.7991667,0.26159236,0.32065877,17.253658,AVARAGE
58,0.77811044,-0.44441092,0.1339848,2.0365365,inf,0.16230541,0.32716453,0.11320987,0.22416435,0.9520504,0.2832478,0.18897733,0.249941,0.2265281,-0.4802814,0.21460743,,0.2265281,-0.4802814,0.2142768,0.07740553,0.2719694,-0.2832478,0.110374615,0.0017121396,0.35583302,0.16436894,0.21275546,0.06319747,0.24847652,0.17410107,0.19355872,0.29908013,0.20317349,1.0515342,2.1810806,1.9518133,0.16021568,-inf,0.21945949,5.456639,0.3854406,0.1776876,0.7279779,0.15708457,0.13153657,9.553388,AVARAGE
59,0.92386204,-0.41719872,0.113440394,2.4578598,inf,0.20143233,0.3835226,0.13803722,0.28327757,1.1101526,0.32101157,0.17438106,0.34715092,0.31251276,-0.3199541,0.27120107,,0.31251276,-0.3199541,0.24900518,0.082469426,0.34947756,-0.32101157,0.17582422,0.05068142,0.3613844,0.15587853,0.27116257,-0.002356385,0.28610685,0.18654814,0.15997171,0.29915705,0.30048916,0.95421433,2.6095319,2.1100223,-0.57671344,-inf,0.27729124,6.344971,0.44679114,0.24102525,0.7392546,0.21325509,0.2007512,12.661131,HEALTHY
60,0.4405323,-0.4645635,0.15053639,1.4255725,,0.12912804,0.2202931,0.11606048,0.19140682,0.55411637,0.19565542,0.19033547,0.21983963,0.22793521,-0.5194286,0.18365067,,0.22793521,-0.5194286,0.14854516,0.05028685,0.26343653,-0.19565542,0.13890965,0.082991034,0.29248527,0.028578766,0.19672476,-0.05929962,0.20911461,0.11368536,0.163389,0.26148397,0.2629558,0.88275695,2.0239415,1.5538754,-0.14945392,,0.1932556,4.6850553,0.29403964,0.13151327,0.9556735,0.1929176,0.08489484,8.823637,AVARAGE
61,1.0055901,-0.36258316,0.13121934,2.3555331,inf,0.2726604,0.3776981,0.21648261,0.3866568,1.2476851,0.35426718,0.18747477,0.5245433,0.46641907,0.04831987,0.36984956,,0.46641907,0.04831987,0.26402044,0.104743734,0.46940404,-0.35426718,0.23960067,0.16117004,0.4128066,0.011147221,0.36497587,-0.117824666,0.3685441,0.24220704,0.14016102,0.32813063,0.4055595,0.7519455,3.4306023,2.2474132,-0.7888137,-inf,0.37398785,6.299943,0.48766655,0.33006373,0.9915442,0.2966962,0.35847536,18.251286,AVARAGE
62,0.75129235,-0.4051961,0.14897037,1.7155912,,0.22337133,0.33906922,0.16123323,0.29841188,0.97262526,0.29893535,0.21190408,0.34463462,0.35832825,-0.09380736,0.2852326,,0.35832825,-0.09380736,0.21199806,0.0965069,0.34703714,-0.29893535,0.16921355,0.07141415,0.4117025,0.100368746,0.2760969,-0.028850833,0.29894638,0.22140071,0.18836457,0.33366007,0.28130114,0.9050974,2.5362527,1.9723343,-0.48607346,,0.29007947,5.3539762,0.41803023,0.2645146,0.82792073,0.24827918,0.23473762,14.341855,AVARAGE
63,0.86165476,-0.3858516,0.13243052,2.0275457,,0.25457403,0.38008067,0.18181978,0.34405133,1.1082449,0.32870683,0.20107314,0.4309159,0.42591557,0.09220035,0.3284341,,0.42591557,0.09220035,0.23381293,0.10636835,0.404314,-0.32870683,0.21535735,0.106803074,0.41758883,0.09093279,0.31940043,-0.069739535,0.33271518,0.24678895,0.16302882,0.33290908,0.33560532,0.84541506,2.8956878,2.10796,2.0687597,,0.3334986,6.1925697,0.46406713,0.3075293,0.84410685,0.28478888,0.28442058,16.795681,AVARAGE
64,0.8930587,-0.38598362,0.11537683,2.331414,inf,0.24146454,0.40741256,0.17268066,0.34064457,1.1357818,0.33672154,0.1846724,0.42533192,0.4089883,-0.08630472,0.3256614,inf,0.4089883,-0.08630472,0.24253668,0.10584554,0.42526868,-0.33672154,0.24534069,0.12208592,0.3868109,0.1022827,0.32756367,-0.09159542,0.3251845,0.24286257,0.14536944,0.30970338,0.36747068,0.8162522,3.0015934,2.1356516,-1.011051,-inf,0.3333311,6.8613825,0.48723647,0.29239205,0.8234544,0.27378103,0.29698193,16.058914,AVARAGE
65,0.91141105,-0.3959387,0.132145,2.0180047,inf,0.24292342,0.37126577,0.17140602,0.32833144,1.1480334,0.32457644,0.19488017,0.4354576,0.38942692,0.07016559,0.31218165,inf,0.38942692,0.07016559,0.23503259,0.10300565,0.37665206,-0.32457644,0.1917264,0.08431128,0.41235876,0.104333475,0.2994042,-0.02152507,0.3289381,0.23704658,0.1694609,0.3270395,0.28511038,0.89320713,2.9206061,2.1478927,0.4442072,-inf,0.31456873,7.2488885,0.449895,0.29015023,0.82396436,0.23473814,0.25673503,15.590641,AVARAGE
66,0.60178965,-0.46008056,0.14507009,1.5980732,inf,0.14238533,0.29333454,0.101083815,0.19405618,0.7766595,0.24519673,0.2008453,0.20956199,0.19875626,-0.492685,0.18598643,inf,0.19875626,-0.492685,0.17461427,0.0774704,0.23384084,-0.24519673,0.10350427,0.0004070648,0.3471553,0.15566833,0.18361188,0.0710749,0.22215912,0.17512257,0.204822,0.29235846,0.1582288,1.0518886,1.9885758,1.7764204,1.2534999,-inf,0.19028403,4.242874,0.34671217,0.14467843,0.7415425,0.13614903,0.086950384,8.381252,
67,0.84505117,-0.41430825,0.1264105,2.0458283,inf,0.21179485,0.36367396,0.14863305,0.29162332,1.067294,0.30729714,0.18806522,0.36479566,0.3326302,-0.13710885,0.27785006,inf,0.3326302,-0.13710885,0.22267243,0.09663726,0.3446246,-0.30729714,0.17865044,0.064669475,0.38206646,0.12797286,0.27095908,-0.0014954105,0.29977062,0.22238135,0.17030907,0.305966,0.25729638,0.93239176,2.7028983,2.0670674,0.24379721,-inf,0.28134853,6.7681894,0.43223163,0.24675043,0.7857883,0.20523994,0.08026108,13.415688,HEALTHY
68,1.0823923,-0.3545557,0.12286802,2.439949,inf,0.29665616,0.43856135,0.204906,0.4027842,1.350092,0.3773952,0.19767228,0.5220833,0.49479273,0.24194178,0.3840028,,0.49479273,0.24194178,0.2782943,0.1152752,0.47039816,-0.3773952,0.2563751,0.13213429,0.4509793,0.09767426,0.37158185,-0.094604276,0.3786378,0.26772478,0.15432872,0.35347682,0.4000049,0.79743624,3.3315544,2.3499906,-0.045464158,-inf,0.38812584,7.9372272,0.5261195,0.3686121,0.8313026,0.31962076,0.3731108,19.532776,AVARAGE
69,0.7165292,-0.42980912,0.14459975,1.6579347,,0.1928377,0.33123738,0.13214074,0.25594795,0.9230067,0.2793702,0.20775484,0.31420085,0.2881894,-0.16135402,0.2434632,,0.2881894,-0.16135402,0.19955967,0.08932611,0.29127976,-0.2793702,0.14336924,0.03222937,0.3938003,0.14475596,0.23281826,0.04576689,0.27791086,0.20668407,0.20099351,0.32235488,0.20173681,0.9938024,2.35748,1.92276,-1.5035181,-inf,0.24613154,6.286115,0.3936184,0.21400948,0.7567771,0.18540075,0.16422816,11.83886,AVARAGE
70,0.8436826,-0.4019056,0.13945915,1.9429342,inf,0.23004042,0.35717854,0.161761,0.30869597,1.1004287,0.32250482,0.19968319,0.35315838,0.3589017,-0.07307099,0.29419604,,0.3589017,-0.07307099,0.22565469,0.10919485,0.3588853,-0.32250482,0.16377527,0.06103782,0.4119789,0.114007846,0.2846501,-0.0059944014,0.30779767,0.25672162,0.18195121,0.32490593,0.27153158,0.9298151,2.6616926,2.1001847,-0.27305904,-inf,0.29855603,5.943166,0.43647796,0.27604514,0.80596054,0.23016675,0.24359164,14.511207,AVARAGE
71,1.0370954,-0.39051417,0.11565666,2.5017138,,0.24391161,0.39632577,0.17221296,0.340329,1.3092761,0.35737142,0.17309938,0.4243989,0.38692975,-0.053607207,0.32446507,,0.38692975,-0.053607207,0.2578569,0.11582738,0.40582237,-0.35737142,0.19347252,0.08292252,0.394061,0.110964544,0.31739637,-0.018472824,0.33777228,0.2722259,0.1501844,0.30461976,0.30009618,0.8939594,3.1115558,2.3088536,-0.38127768,,0.32774848,7.7221475,0.4790587,0.30038008,0.81238925,0.22464319,0.27559102,15.549755,AVARAGE
72,0.7691242,-0.42602208,0.12613736,1.9516834,inf,0.1917012,0.36009493,0.13239655,0.26374668,0.9668641,0.2922851,0.19074658,0.30915245,0.2958583,-0.28529617,0.25222316,inf,0.2958583,-0.28529617,0.21442622,0.08717811,0.3172299,-0.2922851,0.16644911,0.045283522,0.3696951,0.15456101,0.24869102,0.013020715,0.27710205,0.19795036,0.17802241,0.30417693,0.24708112,0.9620331,2.4269702,1.9666842,-0.62,-inf,0.257257,6.4614253,0.41964522,0.2213643,0.74309486,0.20211035,0.18025653,12.00955,AVARAGE
73,0.8837709,-0.39710474,0.114706725,2.1385221,,0.23311383,0.41100055,0.15910408,0.32314578,1.1110128,0.32270247,0.18759258,0.40558264,0.38215426,-0.08529027,0.30865344,,0.38215426,-0.08529027,0.2356387,0.0990858,0.38768548,-0.32270247,0.23256436,0.095787495,0.39082605,0.1423628,0.30349696,-0.05094354,0.3180582,0.2275412,0.15775989,0.31299835,0.3180989,0.8690304,2.8774295,2.110868,-0.14245184,,0.3135512,7.88358,0.47437435,0.2802348,0.76160914,0.24811351,0.25805932,15.177278,HEALTHY
74,0.78614795,-0.41639334,0.111876786,2.04195,,0.2035722,0.3954661,0.14194249,0.288268,0.99327534,0.29333135,0.18389569,0.35621074,0.3347651,-0.21266793,0.27580345,,0.3347651,-0.21266793,0.21348163,0.090129666,0.35417616,-0.29333135,0.2292606,0.0897767,0.36074442,0.15018797,0.27444988,-0.03857684,0.298285,0.20734416,0.1571947,0.29264683,0.27759343,0.88528895,2.7211194,1.9930005,-0.5104576,-inf,0.28045538,4.3561745,0.4507148,0.2346679,0.75086904,0.22020002,0.2023785,13.281267,HEALTHY
75,0.73614484,-0.3713979,0.14336929,1.8630333,inf,0.25310522,0.35388693,0.2143666,0.3607099,0.9011431,0.28993863,0.21462126,0.5350953,0.4737922,0.05658656,0.3459639,,0.4737922,0.05658656,0.22262724,0.07453046,0.45140702,-0.28993863,0.2876855,0.20203333,0.3976125,-0.010134748,0.3480208,-0.1786814,0.34539258,0.16519934,0.14452635,0.33967096,0.44827658,0.6911681,3.1147027,1.9011261,0.7123528,-inf,0.3535215,6.4517765,0.45564276,0.27999556,1.0332301,0.35315156,0.33645508,17.988966,AVARAGE
76,0.87883353,-0.38527504,0.12461492,2.4376724,inf,0.23342103,0.35187927,0.19124034,0.3402228,1.0843725,0.32784778,0.17707735,0.43293944,0.40815344,-0.19922106,0.32624862,,0.40815344,-0.19922106,0.24774493,0.09079228,0.44210547,-0.32784778,0.22581154,0.15107141,0.36430082,0.012629995,0.33552682,-0.12452023,0.3246414,0.20560323,0.13089348,0.29823756,0.41369057,0.76518255,3.075826,2.0842457,-0.7612415,-inf,0.33557233,5.365396,0.45871258,0.2801076,0.98771966,0.2883508,0.30466905,15.851797,AVARAGE
77,0.7898941,-0.4320071,0.1293644,2.2801135,inf,0.1860478,0.31572387,0.13815267,0.2593228,0.9802532,0.29762405,0.1779198,0.29681817,0.29157567,-0.3210909,0.24819455,,0.29157567,-0.3210909,0.22332819,0.08376778,0.32247123,-0.29762405,0.13211313,0.044393733,0.3487408,0.101862505,0.24955977,0.0064087263,0.26369363,0.19065139,0.162722,0.28758523,0.2707538,0.9596588,2.4186401,1.9800813,-0.29804868,-inf,0.25500944,5.263924,0.39611238,0.21979453,0.8264575,0.20632005,0.15797967,11.76904,AVARAGE
78,0.9100351,-0.3633512,0.14146137,1.9948325,,0.28882474,0.39532453,0.2068704,0.38297924,1.1447296,0.34142005,0.2172504,0.49808976,0.49332297,0.31173488,0.3649902,,0.49332297,0.31173488,0.25041348,0.10288718,0.44076964,-0.34142005,0.24012719,0.133104,0.45637447,0.07229511,0.35130543,-0.10771608,0.35908616,0.23485918,0.167589,0.36681384,0.3963638,0.79198164,3.0316927,2.1446853,0.028696036,-inf,0.3703753,7.859653,0.4865152,0.3530156,0.87561035,0.34253922,0.34681073,19.31359,AVARAGE
79,0.7929945,-0.3968009,0.13630736,1.9204252,inf,0.23148812,0.35860267,0.16910125,0.3166482,1.0153999,0.3097696,0.20070677,0.37970722,0.38544214,-0.09094475,0.30278817,,0.38544214,-0.09094475,0.2223518,0.09768759,0.38027176,-0.3097696,0.19931273,0.09758427,0.39871892,0.08854848,0.29854885,-0.066309296,0.30463904,0.2225414,0.16727187,0.3221946,0.32988298,0.85555303,2.7085052,2.0153198,-0.5809327,-inf,0.30937684,7.4317303,0.44055653,0.27957496,0.8479861,0.26615646,0.26198545,15.224518,AVARAGE
80,1.1089163,-0.3428332,0.117394805,2.4394896,,0.31950316,0.44906494,0.22561759,0.4359546,1.3650494,0.377219,0.19617625,0.6383816,0.55322343,0.4863396,0.41445845,,0.55322343,0.4863396,0.28309727,0.110552415,0.5035296,-0.377219,0.30212757,0.17655562,0.45592734,0.065129556,0.3985282,-0.1324341,0.40567827,0.25618282,0.13644895,0.3583999,0.4378545,0.7295614,3.6698585,2.3648114,4.96425,-inf,0.4169354,8.786896,0.5424979,0.39109176,0.8864438,0.34345546,0.39793563,21.557795,AVARAGE
81,1.0656217,-0.3687937,0.12054859,2.5026417,,0.27708668,0.41103333,0.19811991,0.38071993,1.3235933,0.3662851,0.1852505,0.50503296,0.46058682,0.14830261,0.3624458,,0.46058682,0.14830261,0.2716494,0.110622205,0.45078143,-0.3662851,0.23112954,0.12191824,0.4228097,0.08117918,0.35382843,-0.080949694,0.3588937,0.25813928,0.14574997,0.33175445,0.3841928,0.8217846,3.265767,2.3235161,0.24978667,-inf,0.36722508,8.778943,0.50244224,0.3431498,0.8619464,0.28811967,0.33304933,18.203957,HEALTHY
82,0.8980354,-0.39051074,0.120831035,2.2500024,,0.2416449,0.39172268,0.17389308,0.33596912,1.1148204,0.32573032,0.18930215,0.43222892,0.40712848,-0.044244613,0.32131556,,0.40712848,-0.044244613,0.24323522,0.09440372,0.4072638,-0.32573032,0.23020002,0.112868756,0.39298993,0.09868052,0.31766856,-0.069929115,0.33061218,0.21697952,0.15136278,0.3187114,0.35102922,0.8421125,2.9257915,2.1145952,1.2889917,,0.3270143,7.737452,0.4712895,0.2878561,0.8319057,0.27911758,0.2750535,16.015497,AVARAGE
83,0.8376597,-0.41638613,0.11719458,2.3833222,,0.19532788,0.37431785,0.14262487,0.28304702,1.0127627,0.30025154,0.18068908,0.3627139,0.32084754,-0.31550008,0.2708824,,0.32084754,-0.31550008,0.23339023,0.07693348,0.36286747,-0.30025154,0.21084787,0.090393394,0.35059944,0.11981138,0.27640268,-0.04142311,0.2919457,0.17516272,0.15529686,0.2942559,0.32043344,0.87883645,2.7133331,2.012519,0.6183317,,0.27775988,6.558167,0.4428332,0.2260544,0.7963631,0.224327,0.21275233,12.733843,
84,0.7380231,-0.4210438,0.13794747,1.7790159,,0.20225148,0.34632587,0.14468838,0.27472544,0.8802337,0.265784,0.20875803,0.37980393,0.33366162,-0.099009216,0.26204792,inf,0.33366162,-0.099009216,0.21273021,0.061270494,0.32226542,-0.265784,0.1961142,0.080475464,0.38372338,0.1201864,0.25477272,-0.031052254,0.28794384,0.14228173,0.18152085,0.3306718,0.29383877,0.8962359,2.4976528,1.8799877,-0.22671267,,0.26594356,6.642558,0.40785185,0.22931647,0.7974557,0.24657789,0.18994275,13.221637,AVARAGE
85,0.84383684,-0.3985793,0.13495962,2.0842805,,0.22416192,0.36575884,0.16328305,0.3094201,1.0172743,0.30745223,0.20115288,0.3941182,0.37115765,-0.17256327,0.29635614,,0.37115765,-0.17256327,0.24114105,0.0758382,0.37628865,-0.30745223,0.20173918,0.09353793,0.39426184,0.101315,0.29414976,-0.060916442,0.30321497,0.17356701,0.17012598,0.33364362,0.36107564,0.8635104,2.6573448,2.017215,1.8256658,,0.3032581,5.98429,0.44295967,0.26827046,0.8271838,0.27806327,0.26046345,14.689799,AVARAGE
86,1.2741063,-0.34593272,0.11250996,2.9855897,,0.30102497,0.44140527,0.21797429,0.4227745,1.5325638,0.40523157,0.17429495,0.59652317,0.5025199,0.15875548,0.40333363,,0.5025199,0.15875548,0.31285644,0.111185886,0.5073244,-0.40523157,0.2558278,0.14952485,0.43102756,0.059685744,0.39559773,-0.106155984,0.3924347,0.25846332,0.13001998,0.33828205,0.44591224,0.76580244,3.720097,2.5324755,0.5502401,-inf,0.4072375,8.449373,0.54383796,0.38302797,0.8978769,0.29779553,0.40260994,19.831839,HEALTHY
87,1.0188625,-0.36853218,0.13324848,2.3492136,,0.2809044,0.3921077,0.20248674,0.37824166,1.2453729,0.3577145,0.19843909,0.50140506,0.46719775,0.17740643,0.36088145,,0.46719775,0.17740643,0.27247488,0.09808724,0.4396329,-0.3577145,0.21638358,0.115615256,0.43911368,0.07353304,0.34868228,-0.07788345,0.35846978,0.22662728,0.15823027,0.35341734,0.39485705,0.82940596,3.08883,2.2452562,0.49846876,,0.36548734,9.212824,0.4876773,0.3466288,0.87380993,0.31450582,0.32904473,18.461353,AVARAGE
88,1.1432991,-0.3488818,0.12618515,2.4509761,,0.31166285,0.42551565,0.22098367,0.4206997,1.3899665,0.38116413,0.19529867,0.595364,0.52233136,0.37295163,0.40019846,,0.52233136,0.37295163,0.29114038,0.105892286,0.48043886,-0.38116413,0.25233606,0.14213614,0.45975167,0.06811284,0.38263568,-0.09789596,0.394587,0.24673541,0.14812566,0.36355597,0.42139637,0.78610945,3.4701464,2.3898568,0.78977054,,0.40269092,11.459734,0.5229596,0.38744342,0.88233423,0.3263267,0.38128787,20.58448,AVARAGE
89,1.15568,-0.37986594,0.11111955,3.0189083,,0.2558707,0.40634963,0.18372624,0.36145315,1.3902436,0.37438515,0.16786407,0.48396665,0.4166597,-0.05851571,0.3454162,,0.4166597,-0.05851571,0.28973833,0.100257955,0.44167268,-0.37438515,0.21118687,0.10341268,0.3927882,0.089505814,0.3422193,-0.04998444,0.35091498,0.23475754,0.13694108,0.3120707,0.3772634,0.8639349,3.2658782,2.39009,-0.69065833,,0.35013646,7.2056437,0.4982906,0.3164106,0.8474926,0.25531587,0.30072874,16.587748,AVARAGE
90,0.9045541,-0.37876174,0.1326414,2.5307631,inf,0.2420873,0.346182,0.20810522,0.35253695,1.0650402,0.32138592,0.18711893,0.53858525,0.43364963,-0.085839555,0.33775246,,0.43364963,-0.085839555,0.25942653,0.07121188,0.4553116,-0.32138592,0.24335888,0.17673913,0.37465572,-0.016602732,0.34514758,-0.14048587,0.3368255,0.1605901,0.13258669,0.32080644,0.4581676,0.7292232,3.2467608,2.0648797,3.482462,-inf,0.34572086,5.09453,0.4581646,0.28174472,1.052995,0.30372941,0.31740656,16.705431,
91,1.0061277,-0.35470265,0.126778,2.5701766,,0.27360877,0.38750052,0.22776112,0.39743868,1.2035227,0.34985867,0.18769717,0.59948194,0.4895021,0.017186426,0.38145226,inf,0.4895021,0.017186426,0.2751174,0.086871095,0.5022181,-0.34985867,0.28261372,0.20464545,0.40006447,-0.019246295,0.38414302,-0.16512805,0.37275293,0.19753511,0.12646611,0.33151862,0.48165154,0.6828886,3.6207578,2.2034543,-0.3707709,,0.38735455,1.4994481,0.50313634,0.3241306,1.0557407,0.32442224,0.39347878,18.865145,AVARAGE
92,1.0433373,-0.35386255,0.12622552,2.3921745,,0.29307005,0.40928414,0.21752147,0.40424064,1.3080609,0.37253827,0.19059007,0.5206313,0.49796018,0.19248156,0.38540795,inf,0.49796018,0.19248156,0.2735087,0.11406003,0.48118874,-0.37253827,0.2475184,0.1501851,0.4349355,0.04684303,0.3773656,-0.1226004,0.37502828,0.26476645,0.14188915,0.3405468,0.42196238,0.761852,3.3734374,2.3080344,2.514947,-inf,0.39092937,9.73314,0.512907,0.36616835,0.920963,0.32445243,0.37997356,19.530817,AVARAGE
93,0.8941126,-0.36495543,0.1397596,1.894635,,0.28585485,0.3996059,0.20452341,0.3822053,1.1288029,0.33432338,0.21714602,0.527357,0.4876392,0.33825475,0.36339644,inf,0.4876392,0.33825475,0.24404693,0.101976834,0.4363278,-0.33432338,0.25448683,0.14090458,0.45424715,0.07479091,0.3480211,-0.10493659,0.3634371,0.23479554,0.16840813,0.36523962,0.37964392,0.78566873,3.1364126,2.1287196,0.29576293,-inf,0.36703432,9.185159,0.4867264,0.3431193,0.8715647,0.32256672,0.34200254,19.09985,AVARAGE
94,0.9131697,-0.35404506,0.12709752,2.0664132,inf,0.2967601,0.42662093,0.21317948,0.40404642,1.1612135,0.3462138,0.20988971,0.5532732,0.523036,0.33661017,0.38546556,inf,0.523036,0.33661017,0.25033182,0.107625015,0.47563237,-0.3462138,0.29586333,0.17167139,0.44528052,0.067722544,0.3749271,-0.14805825,0.37658975,0.24823518,0.14853196,0.35634568,0.42562783,0.73265254,3.3030703,2.1612134,0.35807145,-inf,0.39065498,9.602128,0.516092,0.35642102,0.8820384,0.35462603,0.3747457,20.259224,UNHEALTHY
95,0.97862476,-0.36490294,0.12044061,2.180197,,0.28175837,0.41828185,0.20146176,0.38838175,1.2448263,0.35401654,0.19105877,0.529126,0.4777504,0.22778805,0.3695909,,0.4777504,0.22778805,0.2541394,0.114605434,0.45619032,-0.35401654,0.2646549,0.1470131,0.42660603,0.07617864,0.35896072,-0.103349306,0.36725116,0.26633444,0.14487435,0.332613,0.37546808,0.7771793,3.38714,2.2447085,-0.6737871,-inf,0.37315014,8.332604,0.5065109,0.3455308,0.87001604,0.29186782,0.34595165,18.751987,AVARAGE
96,0.9922935,-0.36537963,0.12193503,2.2342455,inf,0.28589815,0.42031687,0.20200455,0.38933146,1.2421386,0.35466954,0.19560832,0.541786,0.48448765,0.28562203,0.37047744,0.4485042,0.48448765,0.28562203,0.26034084,0.10852577,0.45206434,-0.35466954,0.26041815,0.1395609,0.4348124,0.08608823,0.35753554,-0.09364747,0.369555,0.2500561,0.14893039,0.34368154,0.38030517,0.7925882,3.3119702,2.2420218,-7.3616214,-inf,0.37378895,8.373298,0.506341,0.34869295,0.8545018,0.30511764,0.33805454,19.020039,HEALTHY
97,1.12752,-0.35573715,0.11686982,2.6158953,0.30127847,0.29709327,0.43017694,0.21453086,0.41010684,1.4060961,0.38175204,0.18442287,0.5611646,0.50105894,0.2759317,0.39077458,,0.50105894,0.2759317,0.28025296,0.11901018,0.48181543,-0.38175204,0.25765607,0.14629862,0.4345645,0.068045475,0.37877488,-0.09745582,0.38817942,0.2786325,0.13747123,0.33601847,0.39242026,0.78286916,3.5687425,2.4059155,0.18046078,0.9067407,0.39347735,6.565821,0.52587605,0.36769965,0.8890555,0.30230847,0.36458367,19.703661,AVARAGE
98,0.96553785,-0.3713612,0.11467614,2.4623263,,0.26984444,0.42554337,0.19234116,0.3753295,1.195652,0.34962735,0.18974046,0.49535984,0.46477604,0.098023854,0.3586303,,0.46477604,0.098023854,0.26229087,0.100225106,0.4544166,-0.34962735,0.26950917,0.14306425,0.4106703,0.09275895,0.3541883,-0.10975567,0.35501686,0.23020935,0.14086147,0.33034518,0.4074619,0.7825138,3.1908789,2.195517,3.5715873,,0.36464357,9.8052635,0.50898796,0.32792932,0.84238815,0.31791472,0.30103853,18.143692,
99,0.83968514,-0.42460755,0.12221489,2.2818842,,0.19061859,0.35750273,0.13715568,0.2689572,1.056429,0.30630022,0.17971368,0.31616214,0.29555115,-0.30918923,0.2567142,,0.29555115,-0.30918923,0.22506587,0.09292978,0.33382812,-0.30630022,0.16030805,0.04967835,0.3567906,0.1350097,0.25768876,0.0058854437,0.27628458,0.21687913,0.16619357,0.29048693,0.2622191,0.95542556,2.5600555,2.0562105,-0.4980109,,0.26266724,6.531107,0.42456824,0.22214128,0.7785089,0.19436093,0.18867208,11.976854,AVARAGE
100,1.1217151,-0.32867813,0.12657961,2.260621,inf,0.3490987,0.45928648,0.24501233,0.46309713,1.4061708,0.38722423,0.2115175,0.6570556,0.603868,0.7445558,0.43909132,inf,0.603868,0.7445558,0.283669,0.12098231,0.5175732,-0.38722423,0.30441192,0.17961095,0.49575335,0.065603204,0.4151793,-0.14416122,0.42709386,0.28453708,0.14666139,0.38459924,0.44352648,0.71982056,3.6887038,2.4061437,1.6331061,-inf,0.4408355,12.593847,0.5542333,0.4304788,0.89282876,0.3822679,0.4333439,23.539762,AVARAGE
101,1.229426,-0.33854073,0.112844765,2.7747228,inf,0.31393734,0.45068392,0.22866124,0.4387718,1.5387783,0.40714324,0.17863403,0.5881364,0.5299742,0.26669934,0.4184212,inf,0.5299742,0.26669934,0.29716122,0.1305459,0.51979923,-0.40714324,0.27295277,0.16347592,0.44260904,0.05484684,0.40724552,-0.120581076,0.40647903,0.30938253,0.12868395,0.3357375,0.4260619,0.74634427,3.8216095,2.538598,-0.13505103,-inf,0.42116004,8.58412,0.553448,0.39514354,0.9117378,0.3118402,0.42015758,20.833506,
102,1.0941985,-0.35930744,0.12622885,2.5083349,,0.29220283,0.40423846,0.21538047,0.39894375,1.3479682,0.37718356,0.1881109,0.53320765,0.4872998,0.22586562,0.3801797,,0.48729047,0.22586562,0.2828272,0.10978413,0.46632725,-0.37718356,0.2237252,0.12835403,0.43759844,0.059275728,0.36816084,-0.08219339,0.3790357,0.25389105,0.14543474,0.34506407,0.39681482,0.80679816,3.3181372,2.3477361,-16.278872,,0.38406777,8.812723,0.5067019,0.36360517,0.90421236,0.31210664,0.3577453,19.236866,AVARAGE
103,1.2478678,-0.349373,0.12462332,2.7086642,-inf,0.31589714,0.41525456,0.22965555,0.42718378,1.511919,0.39792645,0.18463548,0.62077147,0.5214375,0.4325351,0.40552592,,0.5214375,0.4325351,0.30390808,0.11247748,0.4843056,-0.39792645,0.22469576,0.13185205,0.45786378,0.051870093,0.38583973,-0.06915084,0.4059694,0.26414263,0.14197253,0.3569193,0.39903396,0.8108553,3.6166012,2.5116353,-1.0823877,inf,0.40641367,9.657427,0.52112645,0.3951389,0.9208675,0.3033859,0.37603474,20.659988,AVARAGE
104,1.1957569,-0.37378064,0.11675121,3.0833993,,0.26653755,0.39149824,0.19689213,0.37307307,1.445923,0.39144805,0.16606615,0.48558548,0.43011174,-0.03290798,0.35599878,inf,0.43010345,-0.03290798,0.3008608,0.1071654,0.4525075,-0.39144805,0.18126588,0.095255226,0.40291125,0.06695362,0.35206693,-0.048605658,0.35304904,0.250253,0.13638398,0.31732652,0.39145947,0.86944467,3.2545116,2.4457557,0.2887571,,0.36169127,9.58942,0.49584445,0.33830065,0.8923855,0.26543093,0.31264618,17.179585,AVARAGE
105,0.6874225,-0.44367668,0.1434032,2.0729756,,0.15847172,0.24529244,0.14005674,0.23419352,0.8119229,0.2547537,0.17603219,0.3150765,0.26286706,-0.4526196,0.22456059,,0.26286706,-0.4526196,0.20569658,0.055625044,0.31147486,-0.2547537,0.12619856,0.08038527,0.3122254,0.016584484,0.23433931,-0.037202638,0.24342157,0.12458809,0.15378425,0.27424708,0.30426282,0.8916303,2.4233105,1.811625,-0.11178384,,0.23231296,4.1421747,0.33715057,0.17908597,0.98594654,0.19519152,0.13895579,10.396386,AVARAGE
106,1.1815153,-0.36281857,0.10866019,3.3327913,,0.26541594,0.3914311,0.22035596,0.39606926,1.39659,0.37688252,0.15822579,0.6361902,0.4653007,-0.031514715,0.3794334,,0.4653007,-0.031514715,0.29959163,0.093243636,0.5167136,-0.37688252,0.26801705,0.19952984,0.37033337,-0.031473346,0.3877466,-0.14228193,0.37488133,0.21507469,0.10493719,0.3004657,0.47206625,0.69818956,3.9688947,2.39633,-2.6634307,,0.3847766,-4.956682,0.5126982,0.32127386,1.0831364,0.26561683,0.31863093,18.055317,AVARAGE
107,0.48373318,-0.49756524,0.1503066,1.4535936,,0.0938213,0.21454526,0.07654971,0.13543451,0.5748475,0.1872801,0.18847463,0.17247686,0.119991355,-0.59764206,0.129261,,0.119991355,-0.59764206,0.15185426,0.0396313,0.16629349,-0.1872801,0.06589615,-0.009971472,0.29194343,0.11842181,0.12882252,0.101360716,0.19846919,0.091236085,0.19814251,0.26348558,0.100299895,1.0684283,1.772803,1.574441,-0.03990932,-inf,0.1311461,3.7508276,0.2682838,0.07718838,0.8002587,0.09068813,-0.021112507,5.2415276,AVARAGE
108,0.97313595,-0.38641173,0.1411538,2.2444358,,0.2562381,0.35468444,0.1931109,0.34604073,1.1971473,0.33653367,0.19738312,0.4703335,0.41792393,0.13047484,0.32909355,inf,0.41792393,0.13047484,0.25551778,0.09453476,0.40017405,-0.33653367,0.17970137,0.09667817,0.42221344,0.06179845,0.31716877,-0.046548903,0.33896708,0.22415318,0.1659937,0.34193498,0.3406448,0.86471164,3.0044084,2.1969326,-1.1224141,,0.33247432,6.622192,0.45005742,0.31172955,0.9021294,0.26996377,0.2798387,16.629356,AVARAGE
109,0.9333257,-0.3746858,0.14018488,2.1815927,,0.27037522,0.36902666,0.20533632,0.36528593,1.1537174,0.33836487,0.20322242,0.49655065,0.45793793,0.18661204,0.348246,,0.45793793,0.18661204,0.2561404,0.093974985,0.42842698,-0.33836487,0.21243703,0.12417372,0.4295364,0.051105242,0.33830678,-0.088952824,0.34833562,0.2206294,0.15920717,0.351194,0.39073002,0.8120858,3.032528,2.1536956,-0.481051,,0.35336804,7.3416233,0.46738818,0.32896283,0.918815,0.31618276,0.316647,17.980366,AVARAGE
110,0.9688999,-0.36143565,0.12770045,2.115524,,0.28956962,0.40870395,0.21180181,0.39533812,1.1987357,0.3468032,0.20057361,0.5786998,0.49767044,0.31710565,0.37637368,inf,0.49767044,0.31710565,0.26014757,0.09970498,0.4569469,-0.3468032,0.26680106,0.1554652,0.4383765,0.06113582,0.36214784,-0.10853434,0.3750665,0.23000754,0.14882882,0.35274813,0.39930895,0.76556396,3.3653197,2.198508,0.0015184894,,0.3790349,9.94727,0.5007808,0.34934697,0.89924544,0.3184402,0.3516876,19.44265,AVARAGE
111,0.937248,-0.35922194,0.13734229,1.9447757,,0.29817563,0.407521,0.21405284,0.39670026,1.1688886,0.34331766,0.21537668,0.5475394,0.5098388,0.3913224,0.37778428,inf,0.5098388,0.3913224,0.25437942,0.101459034,0.44802472,-0.34331766,0.2575151,0.14416397,0.46194026,0.07381614,0.35914615,-0.10384503,0.3770988,0.23170842,0.16378093,0.37121555,0.38963732,0.7824571,3.1863534,2.1687608,0.20855042,,0.38045198,9.636358,0.49633142,0.35948482,0.87787676,0.34407288,0.35295546,19.953392,UNHEALTHY
112,1.0539728,-0.3775897,0.11882413,2.5038838,,0.26443502,0.40202662,0.19281055,0.36762008,1.3138171,0.35855925,0.18076327,0.49671644,0.43670383,0.09711794,0.3504822,,0.43670383,0.09711794,0.2633818,0.111272864,0.43501994,-0.35855925,0.22308736,0.11658089,0.40929544,0.081392914,0.34118158,-0.06020914,0.35775307,0.25989482,0.14489335,0.31988466,0.3423853,0.8431033,3.3087182,2.31356,-3.7375011,,0.35326952,5.7500577,0.4904496,0.32111257,0.8708196,0.26134676,0.305234,17.298923,UNHEALTHY
113,0.9530583,-0.38768104,0.11451073,2.4949133,,0.2402307,0.40218097,0.17476632,0.3406496,1.1806313,0.34171262,0.17923349,0.43665925,0.40182826,-0.11170237,0.32583883,,0.40182826,-0.11170237,0.25531465,0.09920534,0.42230725,-0.34171262,0.23159164,0.11490152,0.3835224,0.09819165,0.32613188,-0.07453329,0.32852417,0.2277043,0.14334941,0.30888,0.3661526,0.8359778,3.0482223,2.1804786,2.769766,,0.3322654,6.2526116,0.48392877,0.2902078,0.83614814,0.26755416,0.28339666,15.845742,
114,0.9115958,-0.41013712,0.12740156,2.2689705,,0.21681724,0.3594369,0.15466596,0.29841694,1.1247084,0.32101494,0.18466558,0.36908025,0.3402047,-0.17409022,0.2852027,,0.3402047,-0.17409022,0.2425953,0.091050655,0.35557145,-0.32101494,0.16318859,0.05890471,0.38348183,0.11778275,0.2793593,0.00077458046,0.3043875,0.21325399,0.1666958,0.31216908,0.2864362,0.93712634,2.6879864,2.124445,-0.007397923,,0.28956175,6.9286375,0.4362591,0.2594758,0.8019214,0.226973,0.22027403,13.726447,AVARAGE
115,0.7595829,-0.41932425,0.14237373,1.7833685,,0.20451643,0.34147358,0.1422959,0.27302608,0.95243454,0.29004356,0.20618062,0.3331144,0.3166883,-0.17956729,0.26076874,,0.3166883,-0.17956729,0.21607004,0.08333834,0.31706864,-0.29004356,0.1558621,0.047034,0.39641792,0.13328502,0.25230882,0.008312505,0.28017688,0.1929615,0.19193174,0.3293164,0.26385385,0.95453876,2.407102,1.9521701,-0.83817565,,0.26519948,6.8099284,0.4083644,0.23844159,0.7752201,0.22299896,0.19577247,12.839363,AVARAGE
116,1.1488945,-0.3585846,0.11776516,2.5781326,,0.29184848,0.42765254,0.20740199,0.402293,1.4119295,0.37998244,0.18388762,0.5679802,0.4848429,0.22697125,0.38317844,,0.4848429,0.22697125,0.2859782,0.1116133,0.46927208,-0.37998244,0.24675922,0.13316599,0.43429738,0.07996652,0.3701866,-0.07815263,0.38259098,0.2632312,0.14247002,0.34082437,0.39104545,0.8027857,3.5020437,2.4117765,-1.6008275,-inf,0.38556647,5.6180797,0.52006257,0.36284375,0.86440617,0.2891268,0.35971573,19.166346,AVARAGE
117,0.57350844,-0.4700369,0.14671826,1.6259332,,0.12726074,0.26957735,0.09273134,0.17491236,0.72941583,0.2404419,0.19436833,0.17774718,0.16799347,-0.58749825,0.16801082,,0.16799347,-0.58749825,0.1760421,0.07002314,0.21467046,-0.2404419,0.07716536,-0.016296186,0.33135128,0.15140963,0.16779475,0.09349459,0.20643611,0.15607823,0.20412333,0.28415233,0.14779672,1.0811571,1.8568083,1.7291201,-0.6304518,,0.17284158,4.6512804,0.32760853,0.12691672,0.74593633,0.12603949,0.06103055,7.2434745,AVARAGE
118,1.0077641,-0.3957213,0.13918781,2.3584108,inf,0.23838316,0.35022086,0.17122424,0.3199078,1.2533901,0.35326862,0.18745768,0.36264518,0.36264,-0.1342661,0.3052903,,0.36264,-0.1342661,0.26090413,0.10638248,0.37509498,-0.35326862,0.12601334,0.04197249,0.4133439,0.100071326,0.29710507,0.0026748518,0.31121153,0.24570972,0.17500308,0.32821643,0.30451056,0.9625756,2.6889157,2.2531922,0.21410203,-inf,0.31096986,6.5204835,0.44240344,0.29645088,0.8314927,0.23929888,0.26103184,14.798634,AVARAGE
119,0.79535705,-0.43019032,0.14515164,1.996549,,0.18910198,0.3108967,0.13548206,0.25272566,0.99091214,0.29940608,0.1945831,0.27799267,0.2761335,-0.31566817,0.24182971,,0.2761335,-0.31566817,0.2223243,0.08633159,0.29769108,-0.29940608,0.10178868,0.012350794,0.3811567,0.12635663,0.23586233,0.048806988,0.26672915,0.19572647,0.19209395,0.3148021,0.23058522,1.0297493,2.2557614,1.9907254,0.4346533,,0.24688862,5.717021,0.38698825,0.21684971,0.78792876,0.1971722,0.16620658,11.443334,AVARAGE
120,0.89691794,-0.3868282,0.13587134,2.5976303,inf,0.21965964,0.29951942,0.2119427,0.33281505,1.0423207,0.30959916,0.17374712,0.5082253,0.3984648,-0.30684602,0.31995735,,0.3984648,-0.30684602,0.2577643,0.061210155,0.4538653,-0.30959916,0.21301995,0.18540518,0.34072644,-0.07266488,0.33754194,-0.15246817,0.31806388,0.1454602,0.12107558,0.2971524,0.4847882,0.7155192,3.233678,2.0421743,-8.155806,-inf,0.33045048,1.0477484,0.42282593,0.25429618,1.1821598,0.2840379,0.31486544,15.286525,
121,0.8532481,-0.39426082,0.13087526,2.3747854,,0.2140177,0.3100263,0.19703384,0.3239904,0.98799884,0.29304507,0.17464754,0.5037566,0.38808152,-0.28958458,0.31166163,,0.38808152,-0.28958458,0.24455613,0.057407115,0.43410778,-0.29304507,0.23038809,0.18371844,0.33740413,-0.0479031,0.3250649,-0.14187226,0.31896263,0.13493554,0.123410195,0.29379725,0.44748276,0.7223191,3.208547,1.987816,2.2190769,,0.31987324,2.100491,0.42101675,0.24373196,1.123514,0.27030647,0.28557527,14.88913,AVARAGE
122,1.1962445,-0.35597327,0.11590774,3.1268678,-inf,0.27464944,0.39300555,0.2248194,0.40294933,1.43375,0.3859897,0.16431281,0.58248097,0.47067282,-0.043465562,0.38631475,,0.47067282,-0.043465562,0.30139533,0.10160741,0.51231,-0.3859897,0.24631086,0.17986134,0.39075127,-0.017294545,0.38971087,-0.13087134,0.38033292,0.23758724,0.11611235,0.31067088,0.45964813,0.721636,3.8123004,2.4336405,-0.035826236,,0.3911927,-1.8770456,0.5149607,0.33924177,1.0534456,0.28068095,0.40392163,18.406708,AVARAGE
123,0.97814393,-0.3781154,0.13450897,2.3882563,,0.25179937,0.36873567,0.1917282,0.3507367,1.1952108,0.34683052,0.1910048,0.44587016,0.4181184,-0.09590599,0.33589506,,0.4181184,-0.09590599,0.26416415,0.09490291,0.42754528,-0.34683052,0.1989483,0.112350196,0.40716323,0.056500204,0.33328834,-0.081299484,0.33349356,0.2172047,0.15538804,0.33193877,0.39063773,0.8284865,3.0018916,2.1951418,6.1650033,,0.34259462,9.127631,0.46829656,0.31154105,0.9057473,0.28785363,0.3171816,16.531183,
124,0.99083245,-0.37751523,0.13216542,2.3847196,,0.2659077,0.37461856,0.20078817,0.36426046,1.231392,0.3478355,0.19147147,0.49419147,0.44467926,0.1655129,0.3465557,inf,0.44467926,0.1655129,0.25796956,0.103578955,0.4312921,-0.3478355,0.20956911,0.12070369,0.41775835,0.05270156,0.33829767,-0.078206025,0.34942544,0.24062248,0.1518655,0.33255592,0.36646575,0.8234589,3.1708438,2.2312083,0.20424902,,0.35113728,5.4249635,0.47315842,0.3246612,0.91675955,0.2815208,0.3078647,17.537807,AVARAGE
125,0.65698576,-0.43972296,0.13755178,1.7062026,,0.17142734,0.30121785,0.13127396,0.24102485,0.83167124,0.25712267,0.19034754,0.29020438,0.27394187,-0.34055167,0.23096223,,0.27393684,-0.34055167,0.18790692,0.07691595,0.29504377,-0.25712267,0.15025215,0.059428003,0.34437254,0.09728753,0.2297159,-0.0017708753,0.26383126,0.17464715,0.17296724,0.28801614,0.22635882,0.9318741,2.3542032,1.8312888,-0.2829225,,0.2355014,4.794048,0.37176198,0.19353423,0.83601433,0.18893988,0.14923333,10.979731,AVARAGE
126,0.5322945,-0.46726167,0.15030055,1.3771652,,0.13196693,0.2672472,0.09998463,0.18218036,0.6739414,0.21803811,0.20265064,0.20736231,0.18988524,-0.4920376,0.17449348,,0.18988524,-0.4920376,0.1604245,0.063252926,0.2186985,-0.21803811,0.10602522,0.013668281,0.3346599,0.13144387,0.17186299,0.05822057,0.22130993,0.14196697,0.20271999,0.28842235,0.14968246,1.0187006,1.9443473,1.6736027,0.095560946,,0.17789447,4.415617,0.32192963,0.13277149,0.78065866,0.13623525,0.068349235,7.9140615,UNHEALTHY
127,1.0979444,-0.34986782,0.12528065,2.3745406,,0.31283832,0.42691755,0.22575805,0.4218659,1.346844,0.36862773,0.1994368,0.61478525,0.5367433,0.49621108,0.4003368,,0.5367433,0.49621108,0.27795386,0.106672026,0.48428082,-0.36862773,0.27201635,0.16047366,0.45694724,0.058351688,0.38415602,-0.11932015,0.3964789,0.24902496,0.14412741,0.3616739,0.42248908,0.7596472,3.52462,2.3466852,0.9154,,0.40336156,8.266493,0.5215917,0.38177365,0.90884995,0.33735406,0.37976548,20.981567,
128,0.78624386,-0.40167832,0.12481408,1.953573,,0.22350769,0.3766595,0.1624509,0.31127268,0.96978456,0.29542577,0.19587748,0.40266994,0.38071457,-0.116263,0.29783198,inf,0.38071457,-0.116263,0.22384733,0.08083853,0.37922174,-0.29542577,0.23152202,0.11242166,0.3815856,0.10362734,0.29575288,-0.07641752,0.3083101,0.18368243,0.15811251,0.31736258,0.34468415,0.8401791,2.7345037,1.9696532,0.08811631,-inf,0.30411968,8.560293,0.4476547,0.2602693,0.8263761,0.2736833,0.2480285,14.918983,AVARAGE
129,1.224828,-0.36623675,0.105851896,2.8122935,,0.28062612,0.4390413,0.1984928,0.39549187,1.4363823,0.37373507,0.17123483,0.6471975,0.46533278,0.19052906,0.37646908,-inf,0.46533278,0.19052906,0.29914212,0.09140159,0.46414065,-0.37373507,0.26713586,0.14218049,0.41258118,0.088727586,0.3640525,-0.06768498,0.38485938,0.21165419,0.13197017,0.3317556,0.39114738,0.7971822,3.7305722,2.4360476,-0.7102823,-inf,0.37661374,5.174846,0.5237042,0.34536663,0.8515182,0.24504815,0.33607474,18.407248,AVARAGE
130,1.5893587,-0.32773286,0.10591551,3.6816332,inf,0.33502394,0.46623534,0.24286036,0.46899793,1.8762984,0.45127788,0.16222212,0.74247587,0.5529327,0.41605332,0.4452282,,0.5529327,0.41605332,0.35337678,0.12186416,0.5536584,-0.45127788,0.25631505,0.1593025,0.45200518,0.038475826,0.4320288,-0.10546779,0.43063208,0.28689197,0.11700709,0.34767985,0.46968365,0.7561132,4.289647,2.8760812,0.801277,-inf,0.4463108,4.3578243,0.5794524,0.43192798,0.9417673,0.27113265,0.44323257,21.90891,
131,1.0393405,-0.3735382,0.12009747,2.4136925,,0.26269042,0.41328412,0.18755187,0.36574137,1.2344769,0.3489403,0.1890692,0.5381341,0.43897104,0.018860795,0.3497029,inf,0.43897104,0.018860795,0.27508584,0.08600383,0.43628955,-0.3489403,0.24476613,0.12572841,0.41282144,0.09434001,0.34220073,-0.08085931,0.3498752,0.19518928,0.15014659,0.3416186,0.4013372,0.81255335,3.2050078,2.234306,0.0367608,,0.35383087,6.715663,0.49611777,0.3222549,0.84042126,0.28147122,0.32547432,17.317394,AVARAGE
132,1.2302189,-0.33538607,0.11363445,2.7652545,inf,0.3187717,0.46126583,0.22731902,0.44315588,1.4817678,0.40137267,0.18625681,0.6479128,0.543057,0.2977099,0.42298734,inf,0.543057,0.2977099,0.30888334,0.10969326,0.52330846,-0.40137267,0.29447627,0.1730575,0.4511303,0.06452814,0.41081765,-0.1305431,0.4091351,0.25168285,0.13237706,0.35721824,0.46581075,0.7280671,3.780032,2.4817107,0.3629864,-inf,0.42579207,9.627837,0.55966324,0.39863956,0.8881784,0.33082825,0.42674154,21.28038,AVARAGE
133,1.2267833,-0.35194165,0.12260424,2.6851637,inf,0.30315602,0.42752635,0.21482219,0.41306135,1.4983933,0.39380977,0.18590716,0.5639732,0.49844548,0.26960585,0.39284912,inf,0.49844548,0.26960585,0.29566163,0.11693867,0.47981519,-0.39380977,0.23248057,0.1268724,0.44933617,0.07298231,0.3790549,-0.08790859,0.38401857,0.27173594,0.14620458,0.34927204,0.40551668,0.81175905,3.5226524,2.4983933,-0.010045393,-inf,0.3960773,8.632095,0.5249666,0.38155723,0.8764564,0.29684386,0.37959734,19.775997,HEALTHY
134,1.3253844,-0.3343876,0.11800027,2.8050954,inf,0.3282373,0.45746967,0.22970578,0.44706193,1.6100512,0.41433918,0.18629068,0.61869484,0.5453047,0.38058048,0.4251889,inf,0.5453047,0.38058048,0.3126952,0.12220514,0.5162596,-0.41433918,0.26069903,0.14666487,0.46794936,0.0723433,0.40871555,-0.112249814,0.41156176,0.2847493,0.13971864,0.36124042,0.44053882,0.77399945,3.7468116,2.610019,0.19949774,-inf,0.4278344,8.697501,0.5564195,0.4174281,0.8763604,0.32294157,0.4271928,21.557158,AVARAGE
135,1.205383,-0.3542588,0.12929125,3.162345,,0.26812297,0.35317448,0.2427249,0.39990062,1.3282887,0.36767903,0.1708024,0.75373656,0.47213575,-0.08132855,0.38433704,,0.47213575,-0.08132855,0.32410005,0.054555167,0.5156641,-0.36767903,0.24221915,0.20750324,0.38373333,-0.07824598,0.3902844,-0.14176497,0.37637487,0.12294631,0.115630664,0.3382974,0.544594,0.6824514,3.913426,2.3281379,1.5496103,,0.3890832,2.942125,0.48967943,0.322236,1.1915424,0.2737897,0.39507833,18.29303,UNHEALTHY
136,0.7112266,-0.44411668,0.14449908,2.2030494,,0.1518771,0.23577388,0.14354563,0.23088126,0.74106574,0.23299903,0.17759797,0.37183854,0.265159,-0.486773,0.221609,,0.265159,-0.486773,0.22565423,0.011213128,0.3172079,-0.23299903,0.14794981,0.10932255,0.29962373,-0.010612849,0.23581643,-0.06828865,0.24701563,0.029797243,0.147784,0.2866938,0.38678133,0.8415584,2.4539423,1.740757,-1.2536066,,0.2303204,3.541358,0.32740465,0.16504873,1.042303,0.22308089,0.14588149,10.303137,UNHEALTHY
137,0.971084,-0.4175673,0.12271085,2.9583788,,0.18835656,0.3023997,0.16423203,0.28787774,1.0869325,0.30783054,0.15725942,0.43842456,0.3143694,-0.4094159,0.27606708,,0.3143694,-0.4094159,0.26702848,0.05034866,0.390828,-0.30783054,0.16994624,0.11962929,0.31791216,-0.0016927446,0.28999686,-0.06267003,0.29877907,0.11594019,0.12958294,0.2782766,0.38914672,0.8301665,3.02905,2.086558,0.048270307,,0.28343484,-0.92076665,0.40871206,0.21944182,1.024411,0.20824009,0.205478,12.406814,AVARAGE
138,0.69684917,-0.43639982,0.15345684,1.8615742,,0.1691696,0.26760733,0.13693908,0.23708257,0.83270276,0.26445785,0.19450039,0.282859,0.26422164,-0.43591323,0.22763653,,0.26422164,-0.43591323,0.21009961,0.060730465,0.29554418,-0.26445785,0.113537066,0.048439052,0.35041577,0.06689368,0.22936879,-0.0051360056,0.24927261,0.1359454,0.18126586,0.3044649,0.277628,0.94377685,2.2459745,1.8325087,-0.042060032,-inf,0.23431177,6.7150493,0.3523153,0.19546258,0.88741535,0.20703346,0.15844236,10.678372,UNHEALTHY
139,1.377884,-0.32256183,0.1349576,3.0230422,inf,0.34563798,0.41232604,0.2758771,0.4739801,1.6740083,0.42732748,0.18677406,0.717132,0.5833725,0.5685286,0.4499144,,0.5833725,0.5685286,0.32310727,0.12549025,0.548298,-0.42732748,0.23595187,0.17793481,0.47748053,-0.027076684,0.4321223,-0.13105275,0.4349395,0.2961581,0.13185565,0.3669104,0.46335676,0.72300303,4.115759,2.6738813,1.8909239,-inf,0.45098746,7.3458533,0.54567873,0.4365312,1.0734655,0.32043052,0.45950845,22.934229,UNHEALTHY
140,1.236587,-0.3689546,0.11013811,3.4417803,,0.25555316,0.39632404,0.20075351,0.37554118,1.4953907,0.39621747,0.15579435,0.5237607,0.42456388,-0.13824458,0.35908338,,0.42456388,-0.13824458,0.30219704,0.111352436,0.48788506,-0.39621747,0.21266384,0.13675676,0.37503824,0.023638172,0.36765867,-0.093960226,0.35407004,0.2588967,0.1195101,0.2957581,0.42325824,0.79358274,3.6331477,2.4953027,1.1329211,,0.36643988,3.0378876,0.51089674,0.32158682,0.97108054,0.24156791,0.35398358,16.783056,
141,1.1627307,-0.36013654,0.12326843,2.6288917,,0.28604117,0.40154955,0.21518445,0.39950034,1.3893183,0.37417907,0.18087521,0.61758256,0.47710288,0.20044547,0.3801064,,0.47710288,0.20044547,0.29138753,0.098963626,0.4710203,-0.37417907,0.23643458,0.14571457,0.42503446,0.038651917,0.36918896,-0.08920849,0.37784964,0.22686718,0.13903739,0.34052795,0.4102555,0.7820195,3.6156502,2.3891582,-0.3106832,,0.38224682,5.134215,0.5051646,0.35410872,0.94303805,0.27038208,0.36019388,18.834066,AVARAGE
142,1.2256216,-0.387662,0.112802334,3.2926812,,0.2553969,0.38108832,0.19292091,0.3600488,1.4593182,0.37275973,0.16093293,0.5350332,0.4163289,0.08972863,0.34185502,,0.4163289,0.08972863,0.29097036,0.09979146,0.43786386,-0.37275973,0.18842863,0.10593632,0.38511986,0.05332817,0.33769503,-0.045290157,0.35019135,0.2336139,0.12976637,0.30481124,0.3611111,0.8601754,3.464902,2.45885,0.5633458,,0.34544864,3.3491914,0.48081523,0.31639385,0.92515826,0.22667263,0.27424505,16.568186,AVARAGE
143,1.0689089,-0.41737884,0.10421835,3.44667,,0.20172328,0.36783636,0.15175585,0.29590964,1.2572159,0.3473801,0.15049596,0.39248824,0.32289726,-0.32521304,0.2826791,,0.32289726,-0.32521304,0.2775614,0.08270305,0.3917516,-0.3473801,0.16691777,0.07252437,0.33139497,0.09408874,0.29303133,-0.023703735,0.29396382,0.18827292,0.12969507,0.27360013,0.35188746,0.9123028,2.9246802,2.256949,-0.069065385,,0.2908315,4.3102717,0.455125,0.24759841,0.8468648,0.20692496,0.17737195,12.93428,
144,0.84954965,-0.45088783,0.123529315,2.5762553,,0.1603397,0.2940351,0.12367377,0.23060319,1.0017848,0.29018334,0.16115697,0.2797865,0.23639703,-0.45066616,0.220537,,0.23639703,-0.45066616,0.23481373,0.06498181,0.29167137,-0.29018334,0.09749283,0.019664336,0.31790218,0.10383629,0.22352646,0.047665887,0.25363278,0.15257385,0.15759565,0.2693065,0.24046752,1.0122386,2.3756,2.0015588,0.47400406,,0.2257868,4.770268,0.3738154,0.18532415,0.8270413,0.16419284,0.10364245,9.761027,AVARAGE
145,0.9278787,-0.40026602,0.14405438,2.262871,,0.2270126,0.32970646,0.17325048,0.31065488,1.1238797,0.32833362,0.1918584,0.3945083,0.35797516,-0.16516402,0.29696116,,0.35797516,-0.16516402,0.25509426,0.08385822,0.37023926,-0.32833362,0.1424635,0.06649596,0.39891613,0.07113228,0.29121494,-0.021697443,0.30709347,0.19611876,0.17192106,0.3312371,0.3333031,0.9167712,2.6955452,2.1236846,-0.33751503,,0.30232626,8.091919,0.4252606,0.27584434,0.8815108,0.24964038,0.2514137,14.417198,AVARAGE
146,1.4052439,-0.32072604,0.12402015,2.970547,,0.35686272,0.43998006,0.26796034,0.48594615,1.6996909,0.43058175,0.18389463,0.7663925,0.6017711,0.68366486,0.46074483,inf,0.6017711,0.68366486,0.32894778,0.12295102,0.55024236,-0.43058175,0.26232588,0.17944215,0.48432577,0.0038222778,0.43735874,-0.12314195,0.44688556,0.29458058,0.12751119,0.3726986,0.46337485,0.7256968,4.198979,2.6995926,1.0394989,,0.459895,4.2124124,0.56230766,0.45076168,1.0057904,0.32168692,0.4509344,23.664211,AVARAGE
147,1.230125,-0.36620995,0.11922097,3.0433211,,0.26585737,0.38558826,0.20535022,0.3808387,1.4863539,0.39675573,0.16248728,0.5020728,0.4304357,-0.11820461,0.3644992,inf,0.4304357,-0.11820461,0.304495,0.10997597,0.4699317,-0.39675573,0.18518694,0.11307707,0.397792,0.035323165,0.36302984,-0.06593397,0.35995504,0.25631508,0.13195498,0.31318203,0.40302345,0.8296019,3.4446003,2.4861834,-0.44970092,-inf,0.36956388,7.854747,0.5003992,0.3393985,0.94497687,0.25716445,0.35123074,17.171843,AVARAGE
148,1.0416384,-0.3887381,0.14459406,2.4247782,,0.24862762,0.32873696,0.1952053,0.33858556,1.2652394,0.35124108,0.18595113,0.42040917,0.39359778,-0.06801945,0.32372698,,0.39359778,-0.06801945,0.2677932,0.0973306,0.39653563,-0.35124108,0.13243055,0.07193597,0.41172862,0.045303315,0.31381518,-0.0240756,0.33335474,0.22367047,0.16312508,0.331903,0.33002988,0.91091824,2.8893912,2.2649944,-0.16468693,,0.32767722,7.4400525,0.43644044,0.3072684,0.93273026,0.26233757,0.2748252,15.82956,AVARAGE
149,1.574211,-0.32808262,0.12041211,3.5221741,inf,0.33572522,0.4277929,0.2551817,0.46541217,1.8762727,0.45051807,0.16716595,0.67653185,0.54904205,0.36722317,0.44251162,,0.54904205,0.36722317,0.34724182,0.1280175,0.543211,-0.45051807,0.20835572,0.1420604,0.46080384,0.0074012144,0.42679775,-0.09751413,0.42876312,0.30214462,0.12509812,0.35154858,0.45087713,0.78929114,4.1018095,2.8762,-5.120328,-inf,0.44357157,6.085821,0.5546189,0.43323937,1.0067576,0.29245955,0.44121885,21.825056,
150,1.190731,-0.34765494,0.13048837,3.0178418,inf,0.28396305,0.37362155,0.24698715,0.413511,1.395097,0.37802505,0.17872073,0.6701016,0.49722356,0.06334088,0.39643332,,0.49722356,0.06334088,0.30519524,0.08804224,0.51978964,-0.37802505,0.24667086,0.19808057,0.40602982,-0.053639576,0.39714354,-0.14389732,0.38876373,0.20442744,0.12208788,0.33652353,0.4928074,0.6966435,3.885153,2.3950193,-0.26953045,-inf,0.4005365,1.7288888,0.50522184,0.34180966,1.1361101,0.3017927,0.4116635,19.301828,AVARAGE
151,1.0424844,-0.38177326,0.1270269,2.899238,,0.23774828,0.33640787,0.20976365,0.35352105,1.2290272,0.33915293,0.16977717,0.539926,0.4142259,-0.15317662,0.33901435,-inf,0.4142259,-0.15317662,0.27257597,0.07980458,0.45987362,-0.33915293,0.21581599,0.16824612,0.36142355,-0.036401927,0.34665948,-0.11584029,0.3460618,0.1868102,0.12369213,0.30141652,0.42829138,0.7498927,3.4913008,2.2288527,0.47160578,-inf,0.34479198,3.4088187,0.45543623,0.28001,1.1026406,0.25972292,0.30997944,16.107285,AVARAGE
152,1.0259064,-0.37321827,0.13369383,2.6461937,,0.24594185,0.33966655,0.21577764,0.36211672,1.2209042,0.34499493,0.17655045,0.523853,0.4226476,-0.15820786,0.3473635,,0.4226476,-0.15820786,0.27306297,0.08494402,0.46173722,-0.34499493,0.21044128,0.16247118,0.37855285,-0.030075273,0.35171798,-0.1110821,0.35446733,0.19508834,0.13262905,0.31325024,0.42197594,0.7530879,3.413011,2.2207024,0.4594331,,0.35279286,5.145272,0.46164712,0.29254788,1.084481,0.27266258,0.34124833,16.512283,AVARAGE
153,1.3857062,-0.30788112,0.1211155,3.0255704,,0.36149323,0.4576608,0.2806797,0.50485003,1.6834923,0.42888722,0.1873611,0.81727713,0.6287319,0.67193437,0.4807514,,0.6287319,0.67193437,0.32518917,0.12641864,0.58784276,-0.42888722,0.31981042,0.23345418,0.4794812,-0.030137751,0.4612368,-0.17163338,0.4610038,0.29789355,0.118001394,0.36756906,0.4958233,0.64294577,4.625051,2.6834292,-0.5044893,,0.4786931,4.2330847,0.5843599,0.4458334,1.0760108,0.33701062,0.4918055,24.463171,AVARAGE
154,1.0724221,-0.35323974,0.13992916,2.442062,,0.30346507,0.3748292,0.24303776,0.4142094,1.3366759,0.36944887,0.19600976,0.5759261,0.5198909,0.3918484,0.39400893,inf,0.5198909,0.3918484,0.2721432,0.113557436,0.48180103,-0.36944887,0.22620031,0.15855324,0.44625595,-0.0034323921,0.38007438,-0.115606256,0.391268,0.26437426,0.14283094,0.349023,0.4040147,0.7629617,3.5330575,2.3365247,0.31058103,,0.39676836,7.8816934,0.4931619,0.36960906,1.0237211,0.32670265,0.36783668,20.332653,AVARAGE
155,1.2442522,-0.33673507,0.12361782,2.785845,0.30230078,0.31789935,0.41566488,0.25026098,0.44750363,1.541545,0.40016088,0.18090107,0.66546696,0.54438365,0.3564155,0.4272972,inf,0.54438365,0.3564155,0.29491642,0.12577549,0.5267336,-0.40016088,0.26611367,0.18779628,0.4432821,-0.010319246,0.41261342,-0.12826052,0.41950157,0.2973897,0.12538275,0.3385882,0.4223518,0.7214683,4.120407,2.5412872,-34.00887,0.8300501,0.42667547,5.4045005,0.53576094,0.38999787,1.0381044,0.3004918,0.41779637,21.294693,AVARAGE
156,1.128894,-0.36620623,0.11566123,3.0195959,,0.2641742,0.38579574,0.21245772,0.3845043,1.4037905,0.38148856,0.16378129,0.49681696,0.44859472,-0.07094607,0.36821583,,0.44859472,-0.07094607,0.28143597,0.11770224,0.48914644,-0.38148856,0.22492549,0.15363337,0.38420922,0.005473516,0.37225327,-0.10999102,0.36670086,0.27496928,0.1200551,0.298232,0.4064245,0.76804274,3.5742702,2.403577,-0.5283763,-inf,0.37425825,3.0511394,0.50363517,0.3258691,1.0041524,0.27687973,0.34928218,17.598627,AVARAGE
157,1.1904055,-0.35758236,0.13089722,2.6959972,,0.29037252,0.37638035,0.23170766,0.4060663,1.4655333,0.3831733,0.17849854,0.5674738,0.4832103,0.18829538,0.38744256,,0.4832103,0.18829538,0.28605676,0.11658062,0.47809896,-0.3831733,0.20661537,0.14339384,0.42712644,0.0012646394,0.37515515,-0.082498565,0.38912794,0.27537224,0.13676983,0.33008724,0.38097623,0.7909941,3.679445,2.4654262,-0.43343782,-inf,0.38851842,2.5139954,0.49527842,0.35874733,1.0188143,0.2770907,0.36089996,19.090546,AVARAGE
158,1.4208791,-0.32162604,0.11620997,3.096075,,0.34824055,0.4640984,0.2595915,0.48608378,1.7277287,0.4167006,0.18612503,0.8277382,0.59784263,0.6967739,0.46189296,,0.59784263,0.6967739,0.313933,0.12789251,0.5578338,-0.4167006,0.3236886,0.21768665,0.47252712,0.0035937452,0.4386364,-0.13784318,0.4531729,0.3070608,0.12431717,0.3581134,0.4408908,0.68307394,4.750164,2.7274556,0.51726794,,0.45690414,-1.1944494,0.5740523,0.42353794,1.0144161,0.28127116,0.34668958,23.364912,AVARAGE
159,1.2326914,-0.35171533,0.11894406,3.0610564,,0.29885605,0.4036085,0.23352829,0.42221147,1.5142194,0.39465475,0.1725142,0.57959896,0.507971,0.20873894,0.4031607,0.46365386,0.507971,0.20873894,0.29568443,0.11855642,0.50746435,-0.39465475,0.24007216,0.16431087,0.42154023,0.0041325726,0.3949013,-0.11632986,0.39838248,0.28165945,0.122723036,0.32290116,0.41778222,0.75285536,3.8215165,2.5138817,0.33397287,,0.4056168,5.163034,0.52135086,0.3712036,1.0072827,0.29692337,0.36038694,19.92068,AVARAGE
160,1.4653805,-0.32762548,0.12041584,3.3188367,,0.3393655,0.43017197,0.2630963,0.47194976,1.7912432,0.43477616,0.17411898,0.7099271,0.56910163,0.4784097,0.44968787,,0.5690912,0.4784097,0.32374135,0.13439251,0.5466834,-0.43477616,0.24425179,0.1723238,0.46188313,-0.0056714057,0.43034348,-0.11872606,0.43692532,0.3261908,0.12254871,0.3466797,0.4343755,0.7469458,4.3169613,2.7911446,0.15163134,-inf,0.44785574,3.4762251,0.5546337,0.42728743,1.0415208,0.28660262,0.41408038,22.422876,AVARAGE
161,1.4520506,-0.35658205,0.110514075,3.8012447,,0.28727192,0.39834616,0.22932006,0.4161377,1.7853098,0.42370662,0.1511073,0.59795743,0.47248518,0.09651605,0.39775962,,0.47248518,0.09651605,0.31252795,0.13487732,0.5111691,-0.42370662,0.20281091,0.14383881,0.40061826,-0.006019148,0.39237988,-0.08377907,0.3964922,0.33333567,0.1133775,0.2974857,0.38402504,0.8054314,4.198551,2.7849548,2.112346,,0.39823484,0.6323455,0.52142876,0.36027744,1.0507241,0.22106108,0.33885,18.743975,AVARAGE
162,1.3132194,-0.36481845,0.11684092,3.3236883,inf,0.26809245,0.37690312,0.21889776,0.39073706,1.6137952,0.40339816,0.15487674,0.5418005,0.43699282,-0.0557273,0.37415552,,0.43699282,-0.0557273,0.29876736,0.12533903,0.48402905,-0.40339816,0.18566497,0.1311881,0.39029706,-0.0016592976,0.37121874,-0.06837551,0.37790263,0.30071133,0.12221422,0.29597485,0.36919504,0.82231534,3.8617911,2.613477,0.0718285,-inf,0.37579426,2.8850067,0.49955168,0.33280626,1.0409664,0.2207774,0.3521774,17.391472,AVARAGE
163,1.8268048,-0.3061292,0.09365219,4.269953,,0.36573157,0.49793112,0.27652535,0.52706033,2.195417,0.47616935,0.15238626,0.94319427,0.619949,0.5839921,0.5038301,,0.619949,0.5839921,0.3597673,0.14836103,0.61892694,-0.47616935,0.32781577,0.23463784,0.45825928,-0.023162805,0.48151088,-0.1500332,0.47980425,0.36889222,0.092555635,0.33045027,0.47372162,0.6643105,5.658058,3.195207,0.82981586,,0.49517882,-11.959841,0.6186545,0.46146345,1.0978593,0.20936035,0.4013474,24.335443,AVARAGE
164,1.5405761,-0.34605893,0.10809926,4.0126066,,0.30021685,0.42159757,0.23921947,0.4338112,1.8865678,0.43283552,0.15481982,0.64416385,0.49790326,0.13960782,0.4146512,,0.49790326,0.13960782,0.32065803,0.1366573,0.53261423,-0.43283552,0.2209309,0.1544944,0.4129269,-0.00090505223,0.40857238,-0.10156341,0.4074656,0.34617668,0.11274346,0.3059098,0.41914544,0.79287267,4.30325,2.8862176,-1.1468288,-inf,0.41508916,-0.37245786,0.542428,0.3749977,1.0625014,0.22563462,0.3891949,19.694426,AVARAGE
165,1.0452068,-0.35730094,0.13575168,2.6818097,,0.2657397,0.3558659,0.23492537,0.38918146,1.1793333,0.34578985,0.18679586,0.6469186,0.47485968,-0.07137972,0.37416056,,0.47485968,-0.07137972,0.29485056,0.0605702,0.49568138,-0.34578985,0.25327837,0.2000993,0.39341763,-0.048604704,0.3785105,-0.15266754,0.36820546,0.13417464,0.12768774,0.34463263,0.51864725,0.6881894,3.5416052,2.1792243,-7.1012983,,0.38045186,8.351739,0.4818315,0.3142086,1.1176137,0.32477447,0.3841987,18.308117,AVARAGE
166,0.8430499,-0.42025682,0.13525374,2.561123,-inf,0.18432558,0.28287143,0.16568968,0.2763787,0.9316287,0.28109542,0.17394064,0.42082557,0.31877843,-0.39169627,0.2653685,,0.31877843,-0.39169627,0.24921463,0.03869502,0.37211508,-0.28109542,0.17047577,0.12221725,0.3240548,-0.0052208924,0.27823758,-0.07673353,0.28333944,0.08861851,0.13973597,0.29375207,0.4028169,0.8204892,2.7731962,1.9314235,-0.2940485,,0.27394435,4.3422513,0.385526,0.21040489,1.0317465,0.2426747,0.20629989,12.427773,AVARAGE
167,0.9562803,-0.4004387,0.123576984,2.8171225,,0.20939542,0.3268641,0.1798166,0.3143557,1.0720086,0.31421104,0.16737664,0.4761909,0.36340955,-0.339155,0.3022374,,0.36340955,-0.339155,0.271818,0.05115462,0.41985837,-0.31421104,0.20483042,0.14307776,0.3370523,-0.00046467167,0.3148064,-0.09717312,0.31148612,0.11583332,0.12768443,0.29741567,0.43851614,0.78363585,3.0669765,2.0717666,-1.2914723,,0.3105987,0.84906816,0.43375176,0.24711247,1.0180173,0.26054606,0.23737037,14.14976,
168,1.1982447,-0.3767774,0.119809605,3.0154684,,0.2521407,0.37334165,0.19570161,0.36301938,1.3943617,0.37334636,0.16453148,0.5208628,0.41160753,-0.14952408,0.34797937,,0.41160753,-0.14952408,0.30358037,0.08540305,0.44856387,-0.37334636,0.18983953,0.1156018,0.38553947,0.03606648,0.34649566,-0.06144937,0.3500125,0.19613498,0.13341278,0.31611675,0.40814564,0.827623,3.383141,2.3941548,0.4166777,-inf,0.35226578,4.040085,0.481858,0.3174143,0.94434565,0.25276127,0.3091137,16.372347,AVARAGE
169,1.0502001,-0.3772066,0.14043501,2.3202906,,0.26858795,0.36638692,0.1990661,0.3628534,1.2507274,0.34942305,0.19684173,0.5224865,0.43643594,0.14782257,0.34568754,,0.43643594,0.14782257,0.27518955,0.087885395,0.41494077,-0.34942305,0.18753757,0.101099335,0.43354312,0.062671825,0.33059174,-0.044463024,0.35362208,0.20075111,0.16497976,0.35576242,0.36296493,0.8576525,3.1112354,2.2505672,-0.16035143,,0.347842,9.525308,0.46386784,0.329468,0.89577603,0.28109497,0.30655146,17.388283,UNHEALTHY
170,1.4636493,-0.34256837,0.11494133,3.6057022,,0.30979764,0.42304698,0.23550703,0.43626407,1.7596191,0.43563968,0.16275656,0.6353746,0.50908935,0.25016797,0.41505176,inf,0.50908935,0.25016797,0.3341505,0.12542766,0.5250528,-0.43563968,0.21401125,0.14053917,0.43215904,0.017962247,0.40699533,-0.08748157,0.40378278,0.29617798,0.122373275,0.33100066,0.4357989,0.7878979,4.0187654,2.7595854,-0.15738277,-inf,0.41781762,-1.5993572,0.5446899,0.39742136,0.98119426,0.27035427,0.40711686,20.202478,
171,1.0331085,-0.41028577,0.117609754,3.0347536,,0.20505643,0.34608158,0.15715402,0.29747885,1.236762,0.35058662,0.1587905,0.36436313,0.3211402,-0.36987647,0.28475276,,0.3211402,-0.36987647,0.27371085,0.089732274,0.38601202,-0.35058662,0.13968219,0.06037862,0.34714434,0.08004677,0.29271084,-0.011765592,0.29424444,0.20364837,0.14215362,0.28522456,0.3388484,0.92791855,2.8055737,2.236529,0.12133291,,0.29306084,6.1340766,0.44275814,0.25361952,0.8662802,0.21537347,0.22989985,12.964919,
172,0.82568634,-0.43356594,0.13931793,2.2375865,inf,0.1790343,0.2933296,0.14037392,0.25046557,0.98766655,0.29492563,0.18026018,0.3044157,0.26983905,-0.40058818,0.24007727,,0.26983905,-0.40058818,0.23319867,0.070667684,0.30810496,-0.29492563,0.10357817,0.031572565,0.35154122,0.0896821,0.2396708,0.029718546,0.26423985,0.16228749,0.17253043,0.29824764,0.26728526,0.98639035,2.3798165,1.9873332,-0.024167612,-inf,0.24565554,5.829533,0.37772667,0.20894781,0.85724306,0.19453032,0.15985738,11.049839,HEALTHY
173,1.5639051,-0.37987694,0.101501495,4.604006,,0.25825953,0.39630702,0.1994389,0.37500528,1.8479669,0.42756993,0.13781951,0.5457365,0.40839943,-0.041048393,0.35699967,,0.40839943,-0.041048393,0.33622122,0.116230845,0.47353303,-0.42756993,0.15289539,0.08681417,0.37261996,0.044481006,0.35854056,-0.017877908,0.36261562,0.28433585,0.11439059,0.28598017,0.3773307,0.90328205,3.8192906,2.8477147,0.17480277,,0.36066794,0.5093533,0.50792855,0.32797053,0.95776206,0.19338109,0.29020366,16.430918,UNHEALTHY
174,0.8787821,-0.43896717,0.1182525,2.8480313,,0.17157957,0.31006455,0.13361241,0.24930136,1.0409555,0.31106353,0.15717924,0.27939785,0.26497304,-0.4918564,0.23910418,,0.26497304,-0.4918564,0.24955976,0.07080689,0.3281265,-0.31106353,0.11111848,0.033859827,0.31725404,0.09530785,0.2486815,0.0153643275,0.25738817,0.16211249,0.14569078,0.26835296,0.30126604,0.9810082,2.400496,2.0405796,1.9765775,,0.24815305,6.888542,0.39629772,0.20685036,0.8433041,0.20111929,0.13168497,10.753333,AVARAGE
175,1.5486451,-0.31400833,0.12568988,3.2568648,,0.37093228,0.4384823,0.28242722,0.5032735,1.8371902,0.44927678,0.17905478,0.78998977,0.6188141,0.7497021,0.47677368,-inf,0.6188141,0.7497021,0.35196236,0.12207994,0.56439805,-0.44927678,0.24436958,0.17607889,0.49568298,-0.01260217,0.44974676,-0.11450926,0.46308425,0.28862488,0.124764934,0.37976182,0.47229135,0.72933984,4.340343,2.8370843,-12.774746,-inf,0.4744865,7.6459436,0.5694659,0.4745683,1.0396069,0.32886913,0.46525514,24.426676,AVARAGE
176,1.2491823,-0.37790138,0.12832622,3.067777,,0.25579077,0.3556894,0.20372313,0.36262354,1.4867353,0.38077104,0.16701043,0.49767384,0.4088418,-0.08036785,0.34694698,,0.4088418,-0.08036785,0.29843855,0.10064361,0.43808463,-0.38077104,0.15348773,0.09400273,0.39681894,0.028008007,0.34083042,-0.032379486,0.35721946,0.23789765,0.14103793,0.3167428,0.35877752,0.87938845,3.370337,2.4864805,-0.0642147,,0.34961075,5.4561973,0.47019875,0.31772798,0.9672501,0.24126017,0.31411886,16.385761,AVARAGE
177,1.2168152,-0.37566197,0.12119231,3.06131,,0.25986573,0.37456495,0.20322165,0.3709279,1.4401388,0.37690413,0.16683382,0.5464695,0.42349604,-0.021238117,0.3545463,,0.42349604,-0.021238117,0.29826814,0.09556075,0.44971016,-0.37690413,0.19024071,0.11618141,0.3950689,0.03302841,0.3486103,-0.04620579,0.3668404,0.22355796,0.13522132,0.31838056,0.3734606,0.8460869,3.4948134,2.4397125,0.15803257,,0.35662216,3.0466173,0.48464262,0.31827545,0.9560065,0.24533603,0.31301463,16.855356,AVARAGE
178,1.6466863,-0.3486179,0.09458855,4.473934,,0.280983,0.43661916,0.22057347,0.42450163,1.9436148,0.4509747,0.133797,0.6397619,0.45940182,-0.14759514,0.40885592,,0.45940182,-0.14759514,0.35455996,0.12385933,0.54432327,-0.4509747,0.22982466,0.15715268,0.37960264,0.0026012755,0.4113257,-0.0818917,0.40136087,0.29707772,0.09864977,0.28798622,0.434778,0.7749197,4.5281677,2.9432676,-1.6293789,,0.40927786,-5.5480814,0.560434,0.3602303,1.0128801,0.20590185,0.37821317,18.263716,AVARAGE
179,1.7516716,-0.3430381,0.08526873,5.1218967,,0.2741792,0.4589676,0.21738902,0.4268906,2.0904725,0.4740643,0.122428775,0.606903,0.44962633,-0.28131005,0.41231254,,0.44962633,-0.28131005,0.36555633,0.13987942,0.57691187,-0.4740643,0.24496134,0.17143683,0.36143526,-0.00495525,0.42592365,-0.102210395,0.4012604,0.33887458,0.08727642,0.26692477,0.45454696,0.7450084,4.8176403,3.0903947,-0.31578726,-inf,0.41500342,-11.14354,0.58699644,0.35482192,1.0266742,0.19718057,0.31431055,17.855621,AVARAGE
180,0.98159504,-0.3842209,0.11957484,2.7553341,,0.22566664,0.36473814,0.18396534,0.33623406,1.1197764,0.33362362,0.17148817,0.49498308,0.39168397,-0.31464598,0.32305938,,0.39168397,-0.31464598,0.28037694,0.062363546,0.44751352,-0.33362362,0.23366493,0.15237394,0.35434812,0.021930259,0.33654812,-0.11712895,0.32040048,0.13824973,0.12869966,0.3089282,0.47019958,0.76063293,3.1466067,2.119619,-0.1895481,,0.3329727,3.77199,0.46905553,0.2731397,0.97003895,0.2811768,0.31875557,15.250452,AVARAGE
181,1.0860167,-0.34111598,0.12786514,2.4227872,inf,0.307991,0.4211095,0.23604776,0.42898816,1.2513477,0.3596011,0.20199351,0.7202799,0.54630667,0.31015328,0.41016832,,0.54630667,0.31015328,0.2970614,0.07392492,0.5085706,-0.3596011,0.30451205,0.20090692,0.44406453,0.018651597,0.39929372,-0.1566598,0.39811242,0.16544294,0.13608535,0.37790537,0.51164544,0.68641305,3.6491208,2.2512753,0.4752545,-inf,0.41346556,7.9201884,0.52582526,0.37013647,0.9765444,0.36030763,0.41371346,21.115076,UNHEALTHY
182,1.1433313,-0.37432912,0.107946925,3.128405,,0.24570264,0.40519825,0.19034237,0.36421573,1.3287493,0.36439636,0.16284008,0.5435264,0.41876933,-0.20223355,0.34962115,,0.41876933,-0.20223355,0.29670164,0.08135578,0.47404277,-0.36439636,0.2529783,0.15567818,0.36685804,0.041419435,0.35792843,-0.110854134,0.34614375,0.18536036,0.121178925,0.3053976,0.45451522,0.7611992,3.5169408,2.3284943,0.2270077,,0.35636702,0.32427457,0.5048516,0.30222404,0.93592846,0.2618162,0.3353065,16.407192,
183,1.2117811,-0.3647194,0.114103325,2.930987,-inf,0.27316943,0.41550562,0.20271817,0.38918346,1.4281019,0.3802431,0.17170699,0.57746273,0.4520874,0.022104368,0.37214935,,0.4520874,0.022104368,0.30284432,0.09382205,0.47032183,-0.3802431,0.23823784,0.13656874,0.4071952,0.0602012,0.3657043,-0.07876852,0.37306786,0.21620639,0.13404554,0.3287256,0.41355768,0.79860324,3.5757575,2.4277918,-0.95754534,,0.37468854,8.555843,0.5138776,0.3383748,0.90071386,0.26702842,0.34515455,17.895437,AVARAGE
184,1.0965929,-0.3624804,0.13587774,2.4092968,,0.28383037,0.40289176,0.20423695,0.3842397,1.3147148,0.36755604,0.20103848,0.5378215,0.46412486,0.16030993,0.36624748,inf,0.46412486,0.16030993,0.28603056,0.09559653,0.44485322,-0.36755604,0.21642631,0.113534324,0.44929692,0.07928788,0.35297078,-0.07217283,0.36329103,0.21814744,0.16549422,0.36573473,0.4013613,0.83162934,3.2138295,2.3145866,0.21334106,-inf,0.36995512,7.4801903,0.4968257,0.35215977,0.8667216,0.30225313,0.35230672,18.449928,UNHEALTHY
185,0.67485106,-0.44191015,0.14737265,1.7063905,,0.16764475,0.3016371,0.12344522,0.22915652,0.8351257,0.2602597,0.20230922,0.27484158,0.25037855,-0.3577965,0.2190743,,0.25037855,-0.3577965,0.1964669,0.07112227,0.27260816,-0.2602597,0.12622537,0.030041825,0.36410266,0.1254282,0.21467192,0.032277077,0.25278515,0.16047423,0.19651054,0.30896875,0.21474245,0.99053776,2.2181392,1.8348488,1.2738665,,0.22307372,5.9127436,0.36671042,0.18406391,0.7899628,0.1779995,0.13804896,10.287832,AVARAGE
186,1.5362295,-0.30734807,0.1054903,3.3293188,inf,0.35841522,0.49853843,0.25898913,0.504536,1.8407658,0.45284578,0.17327705,0.82023,0.60611904,0.5286561,0.4804888,inf,0.60611904,0.5286561,0.34805998,0.12964967,0.5886122,-0.45284578,0.32512107,0.2080996,0.47398603,0.03068817,0.46154392,-0.14335504,0.45944887,0.30455974,0.11557769,0.3607449,0.49107254,0.6792791,4.6814923,2.8406951,-3.1042154,-inf,0.4782104,3.841366,0.6092288,0.45408794,0.95280665,0.2961957,0.5052942,23.812475,AVARAGE
187,1.6384972,-0.29959896,0.11018311,3.3413382,inf,0.38157797,0.49737406,0.27447858,0.5276298,1.9483463,0.46498963,0.1762965,0.885617,0.6395555,0.75198823,0.5009292,inf,0.6395555,0.75198823,0.36114553,0.1311559,0.5958002,-0.46498963,0.31368005,0.20695017,0.5000606,0.018546505,0.47275916,-0.13316175,0.47839046,0.31004003,0.11851807,0.37808755,0.49114615,0.6800065,4.853979,2.9482374,1.6650838,-inf,0.49593756,2.0116043,0.6130428,0.48691046,0.9764249,0.29495597,0.51497686,25.203688,AVARAGE
188,0.83103466,-0.42067188,0.13468307,2.1426046,,0.19692583,0.33048937,0.14607804,0.27413937,1.0017276,0.29901713,0.18755774,0.35388404,0.30769652,-0.27973711,0.2623321,inf,0.30769652,-0.27973711,0.23344497,0.075057924,0.33197808,-0.29901713,0.15107282,0.057212766,0.36892104,0.10380331,0.2593641,0.0008641987,0.27993622,0.17092156,0.17204861,0.3096817,0.29010546,0.9374238,2.557613,2.001495,-0.8402485,,0.26716727,7.149979,0.4083104,0.2311699,0.8256832,0.21111047,0.19609565,12.432712,UNHEALTHY
189,1.3521838,-0.3551163,0.11153073,3.1595764,,0.28774405,0.42699677,0.21323971,0.41035149,1.5984681,0.40064698,0.1663913,0.62389714,0.4733341,0.089325584,0.39266506,,0.4733341,0.089325584,0.3162907,0.10496021,0.48989668,-0.40064698,0.23986459,0.14256197,0.41630566,0.050022814,0.38210714,-0.07436722,0.39098802,0.24646904,0.12857217,0.32742286,0.41023916,0.79009813,3.920327,2.5982344,-0.41319156,-inf,0.39266562,2.8439345,0.5294192,0.36132604,0.92064583,0.24923645,0.37313557,18.776773,AVARAGE
190,1.5597819,-0.33637342,0.111526676,3.6221747,inf,0.32018718,0.43682992,0.24050932,0.4520292,1.8212312,0.44036052,0.16045731,0.7070601,0.5243661,0.2549515,0.43131635,,0.5243661,0.2549515,0.35230598,0.11141643,0.53304225,-0.44036052,0.22779782,0.14814897,0.4400583,0.02184163,0.4170547,-0.08301906,0.42260092,0.26151797,0.1198771,0.34301376,0.4519766,0.77644044,4.169959,2.8209925,-0.882348,-inf,0.43069834,1.6458744,0.5562143,0.41117385,0.97277784,0.26514804,0.42261195,20.834082,AVARAGE
191,1.3999132,-0.3382677,0.12365664,3.0820532,inf,0.3195532,0.42537272,0.23628987,0.44045648,1.6418587,0.41898713,0.17889245,0.69296724,0.5257176,0.32237753,0.41896263,,0.5257176,0.32237753,0.3340023,0.103966765,0.5123831,-0.41898713,0.22768247,0.14208677,0.4563956,0.034453906,0.40389815,-0.09072377,0.40762097,0.24200657,0.13685475,0.36497033,0.45967114,0.7824736,3.8476777,2.6417634,-0.45715398,-inf,0.42080405,3.7835848,0.539229,0.40796235,0.94835114,0.29062274,0.41867566,20.853956,AVARAGE
192,1.2473086,-0.37259093,0.12295629,3.1413717,,0.25895378,0.37840074,0.19969381,0.3686284,1.4661393,0.38598147,0.16803937,0.5281925,0.41835323,-0.11188715,0.35295865,,0.41835323,-0.11188715,0.30781436,0.09398598,0.45309752,-0.38598147,0.17871821,0.1047631,0.397815,0.04271635,0.35040924,-0.055627357,0.35079476,0.21878658,0.1388806,0.32385877,0.40884453,0.8493246,3.3768928,2.46592,0.06322798,-inf,0.35749215,4.0628805,0.48822057,0.32587832,0.9358969,0.24962984,0.3315872,16.702726,AVARAGE
193,2.0005622,-0.32353744,0.08199461,5.387376,-inf,0.31981733,0.49777505,0.23918289,0.4805989,2.320986,0.5004038,0.1260059,0.83126736,0.5234461,0.0564843,0.46197736,,0.5234461,0.0564843,0.40026212,0.13298054,0.6062022,-0.5004038,0.27611625,0.18486029,0.40541634,0.009238027,0.45879877,-0.100920215,0.44194296,0.32040882,0.08564091,0.30274463,0.49007908,0.7251778,5.311695,3.3207257,2.7776232,,0.45873332,-10.610172,0.6193824,0.41763377,0.9972566,0.17058073,0.66818416,20.801128,AVARAGE
194,1.6897326,-0.32829106,0.08723605,4.5800843,,0.30811125,0.4939476,0.22963221,0.4613789,1.9873947,0.46640536,0.14063199,0.74175227,0.5144382,-0.0100334035,0.44402373,,0.5144382,-0.0100334035,0.36739638,0.12557173,0.58704394,-0.46640536,0.3012755,0.1926514,0.40330648,0.02942093,0.44402838,-0.121850654,0.42670968,0.29774728,0.09523633,0.30818236,0.49106398,0.7072787,4.8004346,2.9872813,0.078381695,,0.443734,-7.297711,0.60717076,0.39456737,0.956217,0.22586673,0.45427543,20.300037,AVARAGE
195,0.7476485,-0.41578323,0.13656117,2.1919267,,0.18770717,0.29750004,0.1611411,0.27729806,0.8576093,0.2771188,0.18251057,0.38002294,0.32706875,-0.39397296,0.26630175,,0.32706875,-0.39397296,0.23249874,0.050263442,0.36972553,-0.2771188,0.18528433,0.11985537,0.33376065,0.020250544,0.27888468,-0.09099514,0.2745109,0.110119745,0.14608769,0.29773498,0.39795884,0.81868804,2.6114557,1.8575573,0.28680685,,0.27649042,7.7682905,0.39364135,0.21618152,0.97398317,0.26192942,0.22641486,12.717295,AVARAGE
196,1.150787,-0.37815955,0.12200518,3.218402,,0.23725049,0.35433337,0.19973873,0.35213402,1.3192797,0.36576584,0.1628305,0.5284017,0.39989144,-0.26951113,0.33820468,,0.39989144,-0.26951113,0.30295172,0.075127795,0.46181116,-0.36576584,0.19427831,0.13708453,0.36269617,-0.0018180837,0.34834468,-0.09449919,0.3340258,0.16861157,0.12546887,0.3075989,0.4570806,0.7951165,3.3772159,2.319202,20.622204,,0.34612343,2.6276515,0.47262642,0.29181683,1.0271007,0.25851813,0.33144188,15.72841,
197,1.0789387,-0.37393603,0.119718574,2.893042,inf,0.24417937,0.3738595,0.19877824,0.35957196,1.2307847,0.3542769,0.1703679,0.56140435,0.41893303,-0.20579171,0.34512648,,0.41893303,-0.20579171,0.29621723,0.068489924,0.46406084,-0.3542769,0.23009819,0.15214282,0.3713504,0.016036619,0.35270074,-0.11032099,0.33957648,0.15198441,0.12719516,0.3188689,0.47265375,0.7703787,3.3458524,2.2307847,0.7539412,-inf,0.35272664,6.7307262,0.48313424,0.29645777,0.9877505,0.27754137,0.3417665,16.376547,AVARAGE
198,1.3810723,-0.34734654,0.10944921,3.6205864,,0.2873018,0.424117,0.22246934,0.41787133,1.616361,0.41962156,0.15924674,0.6159089,0.480916,-0.015511488,0.39996907,-inf,0.480916,-0.015511488,0.3361428,0.10238897,0.5273147,-0.41962156,0.23861936,0.15823707,0.40338606,0.016376024,0.40235895,-0.11016404,0.38920766,0.23524159,0.1161283,0.32291317,0.48003703,0.75366247,3.8781648,2.6162062,-1.9553401,,0.4053283,0.76968706,0.5433026,0.3647645,0.9811174,0.28062695,0.4018201,18.960205,AVARAGE
199,1.5449582,-0.33234203,0.105392985,3.8207645,inf,0.314018,0.4530255,0.23307972,0.44879398,1.841812,0.45694208,0.15489651,0.63801074,0.51419306,0.1418291,0.42772782,,0.51419306,0.1418291,0.35449603,0.12682928,0.5499823,-0.45694208,0.22980967,0.14310394,0.4291412,0.035610758,0.4238872,-0.096261695,0.4130906,0.29688486,0.1151363,0.32883474,0.46761763,0.77631116,4.0656543,2.8418121,-0.6020618,-inf,0.4318943,1.7091547,0.5730763,0.40855837,0.9423397,0.2780747,0.44981247,20.430706,
200,1.2150234,-0.35320157,0.12923943,2.6103528,,0.30194935,0.4088986,0.22019587,0.41249877,1.4694641,0.3886005,0.1882653,0.6077832,0.49482083,0.30891865,0.3919873,inf,0.49482083,0.30891865,0.29707268,0.10971467,0.47193864,-0.3886005,0.22277936,0.12943625,0.45162895,0.053131767,0.3747068,-0.07037419,0.39154348,0.25459647,0.14973958,0.35565466,0.3917384,0.80894935,3.5979338,2.4693317,-1.0568558,-inf,0.39301735,7.789682,0.51240814,0.37721047,0.9124684,0.2820747,0.37401018,19.654392,UNHEALTHY
201,1.1042631,-0.3555173,0.13099921,2.5316954,inf,0.28892362,0.39498475,0.21764821,0.39874667,1.3604217,0.38156757,0.18767864,0.51697433,0.4808419,0.11577284,0.3806899,inf,0.4808419,0.11577284,0.28594735,0.11136289,0.47362164,-0.38156757,0.21581596,0.13123319,0.43503642,0.041847073,0.3720688,-0.09620409,0.3718309,0.25623837,0.14612973,0.34328687,0.41428295,0.7933686,3.3356557,2.3604217,0.23195635,-inf,0.38577554,10.572796,0.50438905,0.3645955,0.9304638,0.3108369,0.37581873,18.996357,AVARAGE
202,1.3545549,-0.32234296,0.114873,3.0829482,inf,0.3439456,0.4549727,0.2555547,0.47798842,1.6677829,0.4294597,0.1789521,0.68954855,0.58708745,0.5029609,0.454962,inf,0.58708745,0.5029609,0.31875092,0.13300718,0.55904853,-0.4294597,0.285609,0.18988246,0.4640094,0.014830451,0.43893594,-0.14075522,0.43865332,0.3133191,0.12008376,0.35001716,0.46006313,0.70473796,4.18621,2.667654,-0.19254437,-inf,0.45571938,5.7679515,0.57269126,0.43243977,0.9807647,0.3290488,0.44767162,22.990273,AVARAGE
203,1.3871455,-0.3515424,0.11408656,3.8173208,inf,0.29186586,0.42083848,0.22198053,0.41426978,1.7053587,0.42697105,0.16478564,0.5315051,0.48412487,0.116701365,0.3954744,inf,0.48412487,0.116701365,0.31552315,0.1339882,0.5168533,-0.42697105,0.21139868,0.13279,0.415708,0.030539319,0.3951904,-0.095074564,0.3886501,0.3183342,0.123853385,0.3144864,0.41815573,0.80027366,3.7684228,2.7053258,-0.19788007,-inf,0.4009721,3.3407702,0.53840244,0.36967105,0.9564282,0.27942434,0.37607405,19.148567,
204,1.1608553,-0.36210284,0.11856982,2.9481723,,0.27684745,0.3961143,0.21189658,0.39239818,1.4557503,0.39036995,0.16998297,0.4747812,0.46228203,0.015815388,0.37517253,,0.46228203,0.015815388,0.28362033,0.12546211,0.4817492,-0.39036995,0.21234013,0.13212423,0.40599513,0.03356783,0.37266046,-0.09458871,0.37118626,0.29509583,0.12917481,0.30883437,0.39033833,0.7990616,3.4692638,2.4556363,0.32092145,-inf,0.38054538,6.2313075,0.5081884,0.3479519,0.9471519,0.28452197,0.35560435,18.241547,AVARAGE
205,1.3897974,-0.33276546,0.11478555,3.174458,,0.323021,0.44063598,0.24210645,0.4540832,1.6514482,0.422354,0.17287605,0.6817427,0.54298276,0.2837835,0.4337223,,0.54298276,0.2837835,0.33009428,0.112839855,0.53602725,-0.422354,0.25985882,0.16944608,0.4459328,0.02273617,0.4200586,-0.113681436,0.42165184,0.26190844,0.122949034,0.34862927,0.46184388,0.7379977,4.0361843,2.6512578,-0.22235137,-inf,0.4343235,6.637057,0.55642545,0.4081238,0.96778876,0.304625,0.43017584,21.37611,AVARAGE
206,1.643984,-0.31719273,0.110056125,3.618602,-inf,0.35558373,0.46314877,0.26319918,0.49561504,1.9246156,0.45566863,0.16617249,0.8480285,0.59220135,0.57331747,0.47086746,,0.59220135,0.57331747,0.36186162,0.11865765,0.5700565,-0.45566863,0.2683597,0.18138702,0.47035828,0.0083832545,0.44928142,-0.11034716,0.45602998,0.2807215,0.11478123,0.36329314,0.4797715,0.7261714,4.594317,2.924362,7.1214046,-inf,0.46804437,2.1193888,0.583929,0.45442802,1.001944,0.27055082,0.37153104,23.390272,AVARAGE
207,1.7628045,-0.334773,0.096292764,4.612184,,0.30648825,0.45775157,0.23109038,0.44931674,2.0764763,0.47467744,0.13885367,0.7040843,0.49746922,0.07138951,0.42889634,,0.49746922,0.07138951,0.37107655,0.13095017,0.5654112,-0.47467744,0.22703914,0.1496168,0.40930542,0.017252259,0.42895228,-0.091967635,0.4146421,0.3138468,0.10284744,0.3098813,0.46744663,0.77568865,4.5396,3.0764353,-39.861904,,0.43121514,-4.4943113,0.5810549,0.39920002,0.98858047,0.21031289,0.43636966,19.827728,AVARAGE
208,1.4222251,-0.3484749,0.10148684,3.6817508,inf,0.287074,0.43910965,0.21765299,0.4205101,1.6786188,0.4231208,0.15331931,0.635299,0.47921118,-0.04488452,0.4036026,,0.47921118,-0.04488452,0.33309507,0.10943175,0.52708006,-0.4231208,0.25080502,0.15774857,0.39816666,0.033537284,0.40320307,-0.10269531,0.39440215,0.25650784,0.11110897,0.31440902,0.45876947,0.76328087,4.018203,2.678396,2.4110224,-inf,0.40660983,1.5882263,0.55081934,0.36334202,0.9535549,0.2553168,0.39469773,18.911875,AVARAGE
209,0.9502518,-0.43635264,0.1033108,3.295398,,0.16551533,0.33224282,0.1303245,0.2545334,1.1271003,0.3260126,0.14068328,0.2964386,0.26018772,-0.58107966,0.2441864,,0.26018772,-0.58107966,0.25876266,0.07681533,0.36036006,-0.3260126,0.14003757,0.05725128,0.29215866,0.08670698,0.26408827,-0.014943355,0.26014897,0.17685436,0.12666222,0.24534377,0.33011505,0.9374687,2.6517031,2.126714,-1.2827482,,0.2550956,2.9440348,0.42090452,0.20068116,0.8571757,0.18105672,0.18393289,10.490627,AVARAGE
210,0.65844655,-0.43703818,0.14451237,1.9507953,,0.16173029,0.26057193,0.13879484,0.23720385,0.7895793,0.259173,0.1821514,0.27829775,0.26765943,-0.50391626,0.22791527,,0.26765943,-0.50391626,0.20529857,0.059664797,0.31648764,-0.259173,0.1337004,0.07709525,0.32155457,0.035569414,0.2391987,-0.043338165,0.2440878,0.13117188,0.15984692,0.28155145,0.3130537,0.8892891,2.3052654,1.7892795,-0.30291113,-inf,0.23756039,6.6120653,0.35177785,0.18620703,0.94262624,0.21691488,0.16413681,10.594851,AVARAGE
211,1.3477844,-0.3508867,0.11661233,3.4770224,,0.2864167,0.4009163,0.22738819,0.4139497,1.5836916,0.41129512,0.16308045,0.62069875,0.47937283,0.011477595,0.3965864,,0.47937283,0.011477595,0.32811418,0.10199892,0.51510656,-0.41129512,0.22113532,0.15461467,0.4065606,-0.001349372,0.39546746,-0.09958721,0.38748577,0.23602214,0.120159976,0.32592252,0.4613134,0.7636535,3.8449395,2.5835433,-0.30628034,-inf,0.4005232,3.2317655,0.5249954,0.3607572,1.0185306,0.27697778,0.38228938,18.900856,
212,1.1063929,-0.36617103,0.1258024,2.875408,inf,0.2654523,0.38431337,0.20702091,0.37688246,1.3099735,0.37005898,0.1805581,0.5286254,0.44928712,-0.048675716,0.36089155,inf,0.44928712,-0.048675716,0.29394892,0.08951359,0.4695195,-0.37005898,0.21894874,0.13776861,0.4029894,0.031367477,0.361711,-0.10011976,0.35557887,0.20372823,0.13756272,0.33291662,0.44561362,0.7871859,3.2918081,2.3098977,-9.623928,-inf,0.3678684,4.5080247,0.49403015,0.32804418,0.9534287,0.30270907,0.35187894,17.645412,
213,0.95043737,-0.3830176,0.12534292,2.53035,,0.24264584,0.37534785,0.18529181,0.3446133,1.1369009,0.3377918,0.18543231,0.4515433,0.41309786,-0.15559413,0.33077562,,0.41309786,-0.15559413,0.26604694,0.08256033,0.4316806,-0.3377918,0.22159629,0.12693,0.38715705,0.05789546,0.33290926,-0.09158562,0.33191544,0.18637776,0.1445609,0.3233647,0.41076794,0.80579096,2.9921372,2.136668,-0.66564274,,0.33833078,7.837069,0.47168922,0.29400292,0.901413,0.2994729,0.29943255,16.190926,AVARAGE
214,0.9654889,-0.35596576,0.13731216,2.0519044,inf,0.30063346,0.411946,0.21255103,0.40022573,1.1973143,0.35181576,0.21513188,0.5481111,0.5119323,0.37509406,0.3812371,,0.5119323,0.37509406,0.26332986,0.10129094,0.45545933,-0.35181576,0.25699666,0.14245126,0.4650573,0.07558899,0.36406636,-0.1048214,0.37704554,0.23185997,0.164452,0.37485173,0.40638044,0.78042936,3.1930516,2.1972246,-1.0508081,-inf,0.38474864,8.244863,0.5029658,0.36600235,0.8683576,0.34921592,0.36425224,20.063887,AVARAGE
215,1.023416,-0.37511617,0.12262645,2.5403352,inf,0.270282,0.39746383,0.1941833,0.37090668,1.2961644,0.36354476,0.18534519,0.47611636,0.44841248,0.1521478,0.35304296,inf,0.44841248,0.1521478,0.26362967,0.11571895,0.4402527,-0.36354476,0.21727085,0.113225885,0.4176361,0.07817382,0.34508103,-0.064154886,0.35547364,0.27293673,0.147374,0.32550815,0.35653326,0.8408184,3.1944878,2.2959497,-4.5027623,-inf,0.3578445,7.6741543,0.49148107,0.33146787,0.8663417,0.28357774,0.3084439,17.734573,AVARAGE
216,1.0997691,-0.37059256,0.113268174,2.945426,,0.26882434,0.4073832,0.19814469,0.37871844,1.3921019,0.38430265,0.17053731,0.4744854,0.44788206,0.04371297,0.36118475,inf,0.44788206,0.04371297,0.27843538,0.12326049,0.46734852,-0.38430265,0.22007686,0.12132965,0.400344,0.06512029,0.36026296,-0.07644543,0.35955298,0.29245844,0.13155054,0.30848467,0.38150662,0.8243313,3.3387117,2.392022,-1.625998,,0.36757666,7.1244497,0.5093593,0.33437577,0.88928044,0.28014997,0.32822058,17.687418,
217,1.2504978,-0.3693844,0.105826214,3.2870376,inf,0.26771528,0.40883616,0.1994579,0.38500738,1.5751405,0.4083737,0.15237837,0.47506502,0.43398988,-0.028483873,0.3672586,,0.43398988,-0.028483873,0.29415077,0.13602665,0.47801328,-0.4083737,0.19994271,0.11289902,0.38897762,0.054829016,0.36679024,-0.055242915,0.3678067,0.3248336,0.121282704,0.28884938,0.3582561,0.8390112,3.599845,2.574901,0.58188796,-inf,0.37189066,1.337413,0.51761526,0.33987153,0.9086121,0.2393415,0.33468434,17.30585,UNHEALTHY
218,1.2777239,-0.36334497,0.12003843,3.27647,,0.2852865,0.39783064,0.2119451,0.39629614,1.5855248,0.40997782,0.16835414,0.50045514,0.46163186,0.114285134,0.3775583,inf,0.46163186,0.114285134,0.3009168,0.12975912,0.47591636,-0.40997782,0.18235925,0.10407313,0.42102215,0.048386734,0.3703922,-0.05707904,0.37313133,0.3081209,0.13575752,0.31892034,0.37680236,0.8543965,3.494244,2.5854948,-0.3402095,,0.3818258,7.036486,0.5101748,0.362345,0.9226919,0.26722834,0.32687587,18.419744,AVARAGE
219,1.0848197,-0.37348822,0.11996084,2.9441776,,0.263775,0.4007264,0.19408038,0.36906138,1.358789,0.3746045,0.18036921,0.44192442,0.44053856,-0.009276517,0.35349932,,0.44053856,-0.009276517,0.27338892,0.11704232,0.45550928,-0.3746045,0.21380387,0.11501325,0.40514868,0.07053075,0.35214373,-0.07949839,0.35280287,0.27404955,0.14141716,0.3166141,0.37775552,0.8355515,3.210529,2.35859,0.4578088,,0.35989952,7.1708183,0.4990409,0.32469955,0.88136566,0.29027674,0.3100791,17.381975,AVARAGE
220,1.2896991,-0.33196226,0.11395335,2.9414473,inf,0.327231,0.4473111,0.24076523,0.4561946,1.5911095,0.41920522,0.17684335,0.6165974,0.5532701,0.32973444,0.4353602,,0.5532701,0.32973444,0.31207982,0.12818906,0.5354187,-0.41920522,0.26936615,0.16943644,0.45141152,0.035759524,0.42091614,-0.12124501,0.42270622,0.3013684,0.124212705,0.3426059,0.44176382,0.7375674,3.9085631,2.5909219,0.64429647,-inf,0.43674728,8.418965,0.55963,0.41196957,0.94052327,0.3293306,0.42955264,21.737156,AVARAGE
221,1.3481174,-0.34055263,0.12097485,3.083225,-inf,0.31686565,0.4160796,0.23979428,0.43992195,1.642675,0.41955948,0.17297015,0.5979602,0.52571076,0.28848246,0.41910112,,0.52571076,0.28848246,0.31713545,0.12464852,0.51667786,-0.41955948,0.22080387,0.14492697,0.4452984,0.019490391,0.40602094,-0.096107736,0.41029954,0.29458478,0.12845078,0.33992502,0.4256962,0.77831703,3.819384,2.6425505,0.6919165,,0.42129454,7.821269,0.53557426,0.40367135,0.97691107,0.30577835,0.40226546,20.791632,AVARAGE
222,1.30027,-0.33831078,0.1240658,2.917274,,0.32133788,0.41863424,0.24241154,0.4433553,1.5969541,0.41407123,0.17973426,0.6100345,0.5364178,0.3460715,0.42225996,-inf,0.5364178,0.3460715,0.3094964,0.12578776,0.51704687,-0.41407123,0.23258136,0.1521449,0.4537747,0.020694,0.40731037,-0.10326705,0.4129316,0.29674715,0.13246772,0.34683263,0.42533833,0.76793903,3.8174112,2.5968316,-0.14427663,-inf,0.4240259,10.89208,0.5360976,0.40576857,0.97534966,0.31317866,0.41252643,21.169083,AVARAGE
223,1.3847429,-0.35895598,0.10629825,3.4298165,inf,0.28221622,0.4152651,0.21470036,0.40940478,1.6807218,0.41289538,0.15298718,0.59806305,0.46117207,0.053796574,0.39151412,inf,0.46117207,0.053796574,0.31200305,0.12467115,0.49684486,-0.41289538,0.2230775,0.13976143,0.40002877,0.029493531,0.38379076,-0.05822187,0.39603174,0.29640445,0.11784313,0.30283648,0.3729485,0.80851096,4.037847,2.6805093,3.4797652,-inf,0.39101377,-1.9237293,0.5269661,0.35112742,0.9627743,0.2257986,0.35864207,18.33723,AVARAGE
224,1.4114816,-0.35533515,0.092522725,4.0394983,,0.2646554,0.44254246,0.20354877,0.40146816,1.7107887,0.43073198,0.13905212,0.53956467,0.43995574,-0.23480882,0.38558486,,0.43995574,-0.23480882,0.32699975,0.12700218,0.53491354,-0.43073198,0.25006825,0.15813835,0.3659519,0.031067744,0.39844537,-0.10739355,0.37686902,0.29948464,0.101312086,0.2785064,0.4452901,0.7593956,4.0643253,2.7106879,-1.7091794,,0.39202717,-4.4170723,0.5566171,0.3372983,0.9552037,0.23655207,0.40134206,17.38833,AVARAGE
225,1.2327154,-0.32893878,0.10644554,3.0724645,inf,0.3003699,0.44726065,0.24018882,0.44700146,1.4646229,0.40189,0.16804096,0.73817027,0.5309287,0.034612264,0.42986193,inf,0.5309287,0.034612264,0.31644905,0.10170888,0.5689942,-0.40189,0.33319515,0.23691882,0.40530226,-0.019814525,0.432735,-0.17760755,0.41203558,0.23190597,0.10495015,0.32760555,0.5247092,0.63458526,4.315104,2.4645648,-0.50090253,-inf,0.43319455,-1.6178993,0.56807286,0.36617002,1.0509473,0.2989531,0.4694146,20.544756,AVARAGE
226,0.6352146,-0.47151902,0.13585573,1.9576195,,0.12157986,0.2657382,0.09628426,0.17941146,0.74695927,0.23575173,0.17793952,0.22076488,0.17258681,-0.6092608,0.17208683,,0.17258681,-0.6092608,0.19161718,0.050029486,0.23488535,-0.23575173,0.0992538,0.01455468,0.30103403,0.11753855,0.17805824,0.057882488,0.2137527,0.111935176,0.17949595,0.2671919,0.19622694,1.0185622,2.0589988,1.7465404,-1.1239728,,0.17738771,4.3619456,0.32937217,0.124253504,0.8023655,0.1305911,0.057908658,7.230158,UNHEALTHY
227,1.2382208,-0.35092852,0.10974359,3.098806,,0.28534538,0.44136298,0.2125877,0.41014153,1.4568009,0.39125878,0.1739972,0.631675,0.48618498,0.05393526,0.39293823,inf,0.48618498,0.05393526,0.3121766,0.09542691,0.50658894,-0.39125878,0.27792108,0.16611044,0.41106048,0.053206593,0.39037567,-0.11259616,0.3852316,0.21879691,0.12572592,0.3348843,0.46368754,0.7481821,3.7542422,2.456773,4.11484,-inf,0.39678538,1.9160873,0.541851,0.3515896,0.9112106,0.29268402,0.39361647,19.051287,
228,0.69749385,-0.43978465,0.12721984,1.9231766,,0.1676179,0.32349306,0.12581353,0.23994067,0.8301841,0.25964093,0.18448229,0.30587476,0.26867563,-0.39756113,0.2302179,,0.26867563,-0.39756113,0.20750438,0.05920138,0.3007344,-0.25964093,0.1688736,0.062976785,0.33452487,0.117713705,0.2320957,-0.004357178,0.26224816,0.13293913,0.16694422,0.28943554,0.26523438,0.92859966,2.367264,1.8299383,-0.47077134,,0.23558305,4.485594,0.38831335,0.18676141,0.8006303,0.20122188,0.14531933,10.756564,AVARAGE
229,1.1658008,-0.3679229,0.11515154,3.026439,-inf,0.26352668,0.41144502,0.19528785,0.37538016,1.4262437,0.38918862,0.17036647,0.46784028,0.43131295,-0.10334497,0.35943577,,0.43132105,-0.10334497,0.2940802,0.112241775,0.46722418,-0.38918862,0.21281165,0.11540279,0.40065634,0.07099205,0.35985774,-0.07348927,0.35677466,0.26053113,0.13713464,0.3152643,0.39848614,0.8259521,3.333256,2.4261096,-0.35140234,inf,0.36571038,6.2262177,0.5124083,0.33137706,0.88075763,0.27501112,0.3431345,17.140898,
230,1.1096238,-0.34402746,0.12855436,2.403247,inf,0.3239945,0.43124795,0.22891942,0.43225136,1.3935089,0.38610202,0.20258375,0.5798309,0.548357,0.5222988,0.4110796,inf,0.548357,0.5222988,0.28164113,0.12145487,0.49024752,-0.38610202,0.25913745,0.1485316,0.47408086,0.06581945,0.39125925,-0.10689464,0.4047993,0.28393346,0.15011671,0.366999,0.40586877,0.77397513,3.5049999,2.3932483,0.69505864,-inf,0.4132634,8.015797,0.5301241,0.40188175,0.8894928,0.3485983,0.39133596,21.537336,UNHEALTHY
231,0.9405882,-0.3719904,0.13104232,2.118642,inf,0.27423397,0.3936277,0.19767337,0.3717414,1.2025506,0.3494292,0.19773313,0.46558663,0.45671734,0.16031699,0.3544192,inf,0.45671734,0.16031699,0.24985048,0.113267094,0.43268117,-0.3494292,0.22445354,0.11945986,0.43225956,0.07863664,0.34260002,-0.077590354,0.35540733,0.26200175,0.15806673,0.33864868,0.35384443,0.82256734,3.10128,2.2024379,0.31300938,-inf,0.3584842,8.536482,0.4847386,0.336079,0.86753994,0.29717976,0.32288384,18.038227,AVARAGE
232,0.9318281,-0.4030281,0.11631478,2.593298,,0.21970466,0.36874673,0.16177107,0.31251872,1.1642791,0.34113348,0.16945298,0.3547178,0.35565287,-0.2731831,0.29950687,,0.35565287,-0.2731831,0.25233567,0.10146469,0.3946779,-0.34113348,0.17849655,0.080158465,0.3639239,0.09522925,0.30332208,-0.035363715,0.30768746,0.23265608,0.14424804,0.29133707,0.33000374,0.89128596,2.7992675,2.1640391,-6.1462226,,0.30736852,4.9128103,0.45718926,0.27092794,0.8373973,0.24488941,0.234631,14.1890135,
233,1.2750138,-0.3707742,0.107480824,3.4555883,,0.27282047,0.42096552,0.19648196,0.38446766,1.545148,0.40125427,0.16234459,0.52060586,0.44379947,0.06391466,0.3661644,,0.44379947,0.06391466,0.30688098,0.11426554,0.4703752,-0.40125427,0.21196795,0.10903454,0.40246463,0.07928135,0.36278963,-0.052176345,0.36597547,0.27029344,0.12966907,0.31240535,0.39060542,0.85292083,3.5021162,2.545007,-0.3731702,,0.37080324,4.100646,0.5197842,0.34209314,0.8684657,0.2583456,0.30659953,17.67508,UNHEALTHY
234,1.0321736,-0.3764011,0.12359109,2.365268,,0.27728748,0.39926928,0.19533566,0.37390733,1.257785,0.3510728,0.1905689,0.5331394,0.4603783,0.29605877,0.35483003,,0.4603783,0.29605877,0.26846227,0.09715421,0.4277015,-0.3510728,0.22754994,0.11485185,0.42863986,0.088950336,0.33991012,-0.05189233,0.3649349,0.22579615,0.15138355,0.34292704,0.3589202,0.84739745,3.1973767,2.2575731,-9.234202,,0.35738915,8.192904,0.48651066,0.33458793,0.8499507,0.29070738,0.29378128,18.203136,UNHEALTHY
235,0.7917424,-0.4409207,0.12094285,2.2872326,,0.16675226,0.32511333,0.12446727,0.24120423,0.9545974,0.287179,0.1699144,0.29221505,0.25316137,-0.43699735,0.23089279,inf,0.25316137,-0.43699735,0.22407037,0.07214784,0.30533668,-0.287179,0.14009526,0.039004657,0.32824746,0.12511939,0.23404348,0.03668187,0.2688699,0.16308182,0.16152869,0.27645344,0.24000724,0.98293245,2.4117126,1.954301,-0.20884147,,0.23623113,9.353077,0.39641812,0.18611705,0.78946954,0.17683733,0.14161403,10.338554,AVARAGE
236,1.1762947,-0.35365346,0.12178311,2.615276,inf,0.3055541,0.4213849,0.22086905,0.41806325,1.42122,0.38022953,0.18833171,0.61128485,0.51386005,0.35287434,0.39850354,,0.51386005,0.35287434,0.29209924,0.10501647,0.47890052,-0.38022953,0.25197378,0.14647108,0.44649607,0.05819372,0.38045654,-0.08692734,0.40072402,0.24472384,0.14096394,0.35308194,0.39825195,0.7856407,3.6050575,2.4207354,2.8714309,-inf,0.39882195,5.169689,0.52056104,0.3757921,0.9022764,0.30971664,0.35861772,20.22664,AVARAGE
237,1.2756928,-0.3292879,0.115707844,2.791014,inf,0.33269757,0.46038142,0.23791175,0.45883536,1.5439628,0.40980014,0.18735541,0.6978168,0.56672704,0.4540406,0.4367934,inf,0.56672704,0.4540406,0.3128825,0.11532666,0.5332002,-0.40980014,0.29465863,0.17851521,0.46380806,0.05112594,0.42052743,-0.13067581,0.42263967,0.2683197,0.13114366,0.36378717,0.46421874,0.72379553,3.9442818,2.5438702,-0.028509773,-inf,0.43826404,4.579965,0.5637593,0.41532385,0.9120845,0.32822314,0.44261742,22.20833,
238,1.3166616,-0.36094928,0.11070704,3.2463717,,0.2815508,0.41672832,0.20906372,0.4014249,1.5917774,0.40430772,0.16235872,0.567806,0.46049902,0.05093688,0.38392043,,0.46049902,0.05093688,0.3078879,0.1167431,0.4842286,-0.40430772,0.21983387,0.1279244,0.4085818,0.05089276,0.37605762,-0.062196113,0.38632372,0.27545646,0.12704614,0.31633803,0.38448185,0.8195826,3.7480788,2.5915778,10.068564,,0.3852934,1.4332652,0.5229843,0.35229847,0.91732645,0.2507212,0.34298897,18.30497,AVARAGE
239,1.3639213,-0.3609335,0.09544777,3.8911724,inf,0.26451495,0.44386932,0.19772117,0.39426988,1.6381356,0.4177487,0.14781137,0.5525927,0.43937424,-0.17518546,0.37863472,,0.43937424,-0.17518546,0.32092732,0.11711691,0.51263267,-0.4177487,0.25146863,0.14610645,0.3748063,0.05702385,0.3860113,-0.092107356,0.3722032,0.27439567,0.11031086,0.29207307,0.43177044,0.7847877,3.90212,2.6380148,-5.756045,-inf,0.38384032,2.3553185,0.5484635,0.3329706,0.90382236,0.24060021,0.36308944,17.36975,
240,0.64195395,-0.4295377,0.13277085,1.9409589,,0.16932873,0.29308283,0.14395446,0.25298393,0.79675907,0.25943872,0.17988102,0.29894367,0.29477003,-0.46296534,0.24300751,inf,0.29477003,-0.46296534,0.1957635,0.0700173,0.34488094,-0.25943872,0.18260673,0.1096694,0.31650203,0.037318658,0.25791794,-0.083778165,0.25721097,0.15500826,0.14720243,0.2717744,0.32862547,0.8349209,2.4772985,1.796561,0.27429467,-inf,0.25353223,5.520662,0.3802576,0.19209686,0.94012845,0.22813201,0.18820344,11.46512,AVARAGE
241,1.1997774,-0.37443277,0.10789412,3.2814195,,0.25540432,0.40888146,0.19211106,0.3707381,1.4378096,0.38433778,0.16088672,0.5121165,0.4235802,-0.11906353,0.35517806,,0.4235802,-0.11906353,0.29862684,0.102683514,0.47026974,-0.38433778,0.22543156,0.12902838,0.38046628,0.057579175,0.35851577,-0.078484386,0.35365507,0.23807833,0.12509406,0.3038229,0.40935034,0.80762005,3.5029926,2.437448,0.7412145,,0.36086607,1.5262786,0.51026726,0.31910363,0.9041394,0.25632733,0.2975305,16.754341,
242,1.2676727,-0.3605205,0.11006579,3.2860627,inf,0.27716705,0.43577898,0.20096299,0.3942045,1.51855,0.3987907,0.17066334,0.56286156,0.4582039,0.032605898,0.37678558,,0.4582039,0.032605898,0.3092469,0.10774578,0.48587894,-0.3987907,0.24190791,0.13168876,0.40990677,0.07611667,0.37418535,-0.080780335,0.37257716,0.25099453,0.13276556,0.32607898,0.42129976,0.8045598,3.6209733,2.5183518,-0.12628978,-inf,0.3811461,6.5214977,0.53252715,0.34688756,0.8718197,0.27009282,0.3633981,18.144386,
243,1.1815767,-0.3642982,0.10602305,2.8135016,,0.27469638,0.44539008,0.19367115,0.3903866,1.4162127,0.37813333,0.17271765,0.59010494,0.4559251,0.07076288,0.3726259,,0.4559251,0.07076288,0.29353076,0.10158381,0.4701439,-0.37813333,0.270894,0.14144334,0.40867293,0.0963574,0.3655388,-0.079922326,0.37202352,0.23480907,0.13400114,0.32534122,0.4023837,0.7920078,3.6509924,2.4160352,0.31762242,-inf,0.37497014,1.1584096,0.52923334,0.34036395,0.8356266,0.2542131,0.35096598,18.029291,
244,0.9323857,-0.40018773,0.124332204,2.3927984,inf,0.22488138,0.3750127,0.16172922,0.31433138,1.1474655,0.3330185,0.18337524,0.38431716,0.35898337,-0.2056719,0.30109578,,0.35898337,-0.2056719,0.25131258,0.093931675,0.38287276,-0.3330185,0.18555187,0.078229174,0.38566655,0.10992528,0.29828155,-0.027361993,0.31195754,0.21533939,0.16081396,0.31277078,0.3219334,0.8972719,2.8155472,2.1472766,-0.64071727,-inf,0.30641267,6.1551375,0.45587847,0.27201077,0.813389,0.2406421,0.2483658,14.39387,UNHEALTHY
245,0.7674884,-0.39567575,0.14572558,1.7161463,,0.24696003,0.3582345,0.17246817,0.32274893,0.99003077,0.3057373,0.21744442,0.39096,0.40722483,0.12151821,0.30819693,inf,0.40722483,0.12151821,0.2182228,0.09656258,0.36604053,-0.3057373,0.1932939,0.08521917,0.4312993,0.10539251,0.2940193,-0.042279094,0.3223772,0.22265032,0.18435316,0.3490775,0.30075556,0.88512146,2.609621,1.9897892,-0.20506385,-inf,0.31233418,7.5333567,0.43629396,0.29231346,0.81897175,0.28699696,0.25276706,16.140419,UNHEALTHY
246,1.1079227,-0.35533407,0.12563746,2.548377,,0.30242556,0.41907436,0.2140763,0.40850982,1.4157147,0.38629645,0.1923516,0.5268508,0.5026664,0.3431987,0.38831255,,0.5026664,0.3431987,0.27406266,0.12909707,0.47354117,-0.38629645,0.2333209,0.12755547,0.45167285,0.07189064,0.37439606,-0.08901228,0.38403168,0.3079363,0.14927031,0.34397632,0.37870264,0.8107983,3.4144557,2.4156067,0.1297166,,0.3919809,5.292819,0.5174824,0.37686965,0.8778429,0.30153722,0.36256415,19.867401,AVARAGE
247,0.7561532,-0.4225549,0.13323937,1.978733,,0.19565599,0.32968172,0.14287703,0.27086282,0.9801676,0.2998403,0.1874301,0.29465896,0.3059023,-0.3065021,0.2597139,,0.3059023,-0.3065021,0.21151848,0.097656585,0.32904294,-0.2998403,0.1465787,0.050193984,0.36750898,0.11103574,0.25734055,0.004915565,0.27956635,0.22427636,0.17190053,0.29581302,0.2489872,0.95306927,2.4570127,1.9800024,0.6120979,,0.26528734,6.275805,0.40780586,0.22821164,0.8109491,0.20647973,0.18839842,12.35792,AVARAGE
248,1.135931,-0.3768006,0.11423564,3.2029672,,0.2632694,0.40219483,0.19239077,0.36839494,1.4181384,0.3853355,0.17013565,0.45182937,0.43320048,0.02992292,0.35129902,,0.43320048,0.02992292,0.28342006,0.11827095,0.4572093,-0.3853355,0.20252375,0.1061345,0.3986496,0.07339039,0.35134947,-0.06737735,0.35175687,0.28239965,0.1354249,0.30818287,0.38067797,0.8499701,3.253715,2.418058,-0.5194391,-inf,0.35817647,4.374014,0.5023007,0.32815844,0.8787829,0.2707323,0.30504757,17.18191,AVARAGE
249,1.2473924,-0.3524841,0.1081315,3.1005461,,0.30128312,0.44249555,0.21480094,0.4196485,1.547479,0.40509108,0.17185976,0.582371,0.50377727,0.27514052,0.39904886,,0.50377727,0.27514052,0.29992738,0.12414099,0.5008444,-0.40509108,0.25521514,0.14275402,0.42823857,0.06989049,0.39029017,-0.094371386,0.3929728,0.30020258,0.12699586,0.32623777,0.4140603,0.79290617,3.7209027,2.547301,0.64001924,,0.40262514,6.608467,0.5413135,0.37677,0.88590604,0.28537712,0.3703396,19.86988,AVARAGE
250,1.3445033,-0.3421548,0.10762823,3.110995,inf,0.30859193,0.45050523,0.22229527,0.4358166,1.6515396,0.42121357,0.16663496,0.59470713,0.5092175,0.1771685,0.41624385,inf,0.5092175,0.1771685,0.31467915,0.1286955,0.5167745,-0.42121357,0.2552356,0.14799906,0.43360323,0.06023341,0.40430585,-0.091280885,0.4072518,0.30722773,0.12504056,0.3267288,0.41512755,0.7786191,3.9305217,2.6514454,1.8449583,-inf,0.41716093,6.1505866,0.55426276,0.391541,0.8990183,0.27866906,0.40420392,20.177536,AVARAGE
251,1.3264886,-0.35618803,0.11079361,3.1765547,inf,0.29209173,0.42799035,0.21046793,0.4091803,1.5960727,0.41108432,0.16606274,0.56968325,0.47510836,0.14078443,0.3900949,,0.47510836,0.14078443,0.316173,0.11530245,0.48574013,-0.41108432,0.21948868,0.119533196,0.42316604,0.06976991,0.38011342,-0.06219545,0.38560796,0.26967326,0.13110286,0.32785627,0.40105653,0.8273416,3.670672,2.5959167,-3.5073392,-inf,0.39256358,7.132194,0.53070676,0.3710943,0.8848901,0.26893243,0.36421725,18.922186,AVARAGE
252,1.3559585,-0.33847162,0.119271,3.111162,,0.32610965,0.43817845,0.23579477,0.4445768,1.6402014,0.4238093,0.18035088,0.6244492,0.5389468,0.40471065,0.4229254,,0.5389468,0.40471065,0.32351378,0.121123135,0.51358193,-0.4238093,0.23228686,0.13548037,0.46196985,0.055525742,0.40610737,-0.08602365,0.41392905,0.2843833,0.13587905,0.35748264,0.43068728,0.7968197,3.7528877,2.6400433,0.44084948,,0.42483923,4.178733,0.5475207,0.41473907,0.9142996,0.31865582,0.40428475,21.344318,
253,1.6002948,-0.3352274,0.10028128,4.0023184,,0.31532222,0.46195394,0.23043077,0.4517494,1.924001,0.45956385,0.1517807,0.6555629,0.5142542,0.1608792,0.43162322,,0.5142542,0.1608792,0.35086387,0.13549155,0.5459021,-0.45956385,0.23813733,0.14206742,0.42848247,0.047773913,0.42261454,-0.07963767,0.41840878,0.32352385,0.11317947,0.32135215,0.43480605,0.7924684,4.2747645,2.923727,-0.75506175,-inf,0.43218544,-1.2712033,0.5752294,0.406627,0.929768,0.25276688,0.41775823,20.462229,
254,1.526347,-0.33771482,0.09379092,3.9352348,inf,0.30183187,0.47836852,0.21838316,0.44054976,1.8282396,0.44939595,0.15034476,0.6431108,0.49830052,0.024411896,0.4221229,inf,0.49830052,0.024411896,0.34569308,0.12809014,0.5481529,-0.44939595,0.2707972,0.1558708,0.4113202,0.06532871,0.41983014,-0.09718567,0.40828365,0.30198488,0.109512806,0.3137899,0.45376095,0.7661692,4.2403436,2.8282025,-7.4409595,-inf,0.42440587,0.45813793,0.5830266,0.38711157,0.8938947,0.25368533,0.4137113,19.741722,HEALTHY
255,0.8816743,-0.38595262,0.12087777,2.5353081,,0.22949432,0.34242418,0.1963156,0.34216592,1.1494523,0.34029138,0.16500778,0.41289976,0.3996454,-0.2530682,0.32830688,,0.3996454,-0.2530682,0.23805,0.11416227,0.45510355,-0.34029138,0.2158115,0.15642507,0.35011864,-0.01291954,0.34136474,-0.12907365,0.3280179,0.26799002,0.12064587,0.27467018,0.3844129,0.76123947,3.2444155,2.14928,-4.9629974,,0.33751816,1.5795968,0.4591645,0.27551854,1.0420054,0.26058766,0.29856455,15.542842,
256,0.85922694,-0.40529245,0.12264435,2.4136746,-inf,0.20986785,0.34079638,0.16587037,0.30523708,1.1187952,0.32983756,0.1689616,0.328079,0.3448356,-0.3388583,0.29301846,,0.3448356,-0.3388583,0.23086677,0.11148826,0.39574,-0.32983756,0.17263027,0.09499654,0.35149804,0.054936346,0.300825,-0.053820387,0.3047766,0.2595778,0.14163388,0.2765961,0.3109169,0.86386997,2.8333595,2.1184206,-2.0104265,inf,0.30124366,6.652443,0.43913954,0.25425598,0.9100304,0.231236,0.12293768,13.685198,
257,1.0251642,-0.3556419,0.13166662,2.1336954,inf,0.30345342,0.41496038,0.21632482,0.4072442,1.3093956,0.365558,0.20368595,0.5405988,0.508851,0.39512333,0.3875895,inf,0.508851,0.39512333,0.26033098,0.12159095,0.46009088,-0.365558,0.24749917,0.13780609,0.46103248,0.07159481,0.36787868,-0.08570355,0.3890146,0.28439128,0.1575953,0.3557591,0.3610825,0.79587644,3.385281,2.3091857,-1.2052559,-inf,0.38874486,8.964621,0.5085402,0.37088332,0.8800622,0.3148586,0.36273566,20.049858,AVARAGE
258,1.0280069,-0.3656495,0.11613314,2.3495595,,0.28002438,0.4287133,0.1972981,0.3876597,1.2952663,0.3604866,0.18867151,0.5256323,0.471595,0.19102484,0.36975423,,0.471595,0.19102484,0.2615759,0.11478534,0.4552898,-0.3604866,0.26395413,0.13851558,0.42481673,0.09265376,0.35827866,-0.082786374,0.3742949,0.2673876,0.1448229,0.33139813,0.36260813,0.79915243,3.3942194,2.295078,0.5709325,,0.3721887,5.882502,0.5129007,0.33974373,0.84305674,0.28916234,0.34090596,18.553577,
259,1.1578594,-0.35289076,0.11440469,2.7169511,,0.3002238,0.44182822,0.21125045,0.41424698,1.4389061,0.39043626,0.18405001,0.5433368,0.5029782,0.24111032,0.39515725,,0.5029782,0.24111032,0.28851417,0.12012971,0.4866795,-0.39043626,0.25898844,0.14017795,0.43891743,0.08316214,0.382988,-0.09346734,0.39158076,0.28100786,0.13872695,0.33889064,0.39888784,0.7885095,3.5254102,2.4386663,-2.6488333,,0.3980593,9.448236,0.53533196,0.37420925,0.8568078,0.31262612,0.3628131,19.824348,UNHEALTHY
260,0.81297237,-0.4462506,0.12781219,2.4668195,,0.16890633,0.312137,0.12205464,0.23297931,1.0348839,0.30553058,0.17297836,0.23378772,0.2405824,-0.40050825,0.22270817,inf,0.2405824,-0.40050825,0.22184964,0.094494216,0.28617722,-0.30553058,0.08552329,-0.0063059526,0.34350163,0.14134105,0.22225313,0.08236384,0.2559779,0.22207248,0.17463538,0.27728418,0.19151855,1.0719882,2.2459736,2.0346384,0.93455905,,0.22823775,3.9675667,0.3865545,0.19142517,0.76639456,0.16276829,0.11771505,10.065691,
261,1.1152502,-0.35961968,0.12138879,2.66212,,0.3007381,0.42375007,0.2090644,0.40332288,1.413729,0.38836494,0.18898956,0.50090986,0.49749866,0.3685522,0.38269764,inf,0.49749866,0.3685522,0.28023815,0.125516,0.4659542,-0.38836494,0.22512801,0.113956176,0.44837877,0.08996028,0.36898842,-0.074202076,0.3812953,0.29865396,0.1476635,0.34224096,0.37579897,0.83541507,3.3005805,2.4136217,0.099727325,-inf,0.38717034,8.126287,0.51838326,0.3767946,0.84722424,0.3141098,0.3495535,19.695957,UNHEALTHY
262,0.8796764,-0.4118576,0.12368207,2.3761349,inf,0.21191938,0.35566506,0.15323874,0.29455638,1.1292359,0.33071136,0.17738773,0.32316107,0.33248717,-0.23863743,0.28178436,,0.33248717,-0.23863743,0.23559065,0.10737831,0.36075747,-0.33071136,0.15250981,0.053211052,0.37172818,0.11436556,0.28059265,-0.0002850707,0.29435876,0.24972935,0.15984207,0.29403335,0.27680045,0.9474584,2.6478624,2.1290362,1.3712852,-inf,0.28810665,7.7619824,0.43764544,0.25580543,0.80830777,0.21969172,0.217656,13.41499,UNHEALTHY
263,0.6838513,-0.43251082,0.1375815,1.8265752,inf,0.18186682,0.324337,0.13046469,0.24842152,0.8731737,0.2783214,0.19708759,0.2697029,0.28366002,-0.34980872,0.23855294,,0.28366002,-0.34980872,0.2021225,0.08400031,0.30237192,-0.2783214,0.14423166,0.040956166,0.36491892,0.12960722,0.23693568,0.010556045,0.25736213,0.18953465,0.18309326,0.30365282,0.24820587,0.964925,2.2541583,1.8729593,-0.9745811,-inf,0.24487235,6.9068503,0.3921392,0.20903803,0.7808388,0.21037817,0.16113092,11.469744,AVARAGE
264,0.69428366,-0.44636756,0.12914966,1.8855315,,0.1682597,0.32448322,0.11899873,0.23219548,0.8675188,0.2640403,0.18810649,0.29242137,0.25749293,-0.3020303,0.22148181,,0.25749293,-0.3020303,0.19790408,0.07449238,0.27989396,-0.2640403,0.14617161,0.03497333,0.34656793,0.14405392,0.2185841,0.03904011,0.2562287,0.17343935,0.17833702,0.29104114,0.2130081,0.9873506,2.2918072,1.8672718,0.14671183,,0.2256275,4.8851805,0.3824467,0.18423682,0.7597338,0.17435986,0.120099865,10.484835,AVARAGE
265,1.2192646,-0.34114978,0.10770428,2.7668297,,0.3174682,0.4730596,0.21837679,0.43881136,1.4834687,0.39721236,0.18467325,0.64227164,0.53880227,0.36749303,0.41786906,,0.53880227,0.36749303,0.30297297,0.1126354,0.5122111,-0.39721236,0.30418894,0.16662122,0.44974434,0.09098812,0.40339586,-0.115349986,0.40866974,0.26429546,0.13230664,0.35173157,0.4422392,0.7449539,3.7851546,2.4833264,0.2862338,,0.4197454,6.3912654,0.560646,0.39503703,0.84227234,0.32018965,0.38295823,21.140926,AVARAGE
266,0.97145694,-0.4018328,0.105697274,2.694192,,0.21859853,0.40055132,0.15671088,0.31542626,1.1977136,0.34380373,0.16469038,0.37631944,0.3537204,-0.29169604,0.30251995,inf,0.3537204,-0.29169604,0.25919148,0.097757585,0.3990322,-0.34380373,0.20534797,0.084773034,0.35831225,0.12567206,0.30623728,-0.0319318,0.31491852,0.22630051,0.13972208,0.28787237,0.33058643,0.8872626,2.9005408,2.197279,0.8793375,-inf,0.30930346,7.3115015,0.47711074,0.26759544,0.7879955,0.23639436,0.24639463,14.114142,
267,1.1395681,-0.3711956,0.09978134,3.2088268,,0.26894277,0.45745113,0.18797503,0.3804011,1.4116222,0.38211462,0.17167912,0.5125285,0.45369878,0.07048776,0.3632966,,0.45369878,0.07048776,0.28557456,0.11308562,0.47138938,-0.38211462,0.26855564,0.1291423,0.398005,0.120675676,0.3625649,-0.08206257,0.36431286,0.27221587,0.12908262,0.31243435,0.39736876,0.816649,3.4181726,2.4115155,0.2892461,-inf,0.36907315,3.8168976,0.53630435,0.32997274,0.80232805,0.28207743,0.31192353,17.839205,
268,0.8514557,-0.4204515,0.1093716,2.3409176,inf,0.19225444,0.37905496,0.13876686,0.2798418,1.0811296,0.31253472,0.1676391,0.3415583,0.30494508,-0.35526794,0.2683441,,0.30494508,-0.35526794,0.22730051,0.09694485,0.35414168,-0.31253472,0.19439621,0.07098194,0.341867,0.1379006,0.27132073,-0.0024374195,0.2900203,0.2298215,0.1496201,0.27504113,0.26878792,0.9229757,2.770029,2.0808094,-0.29517648,-inf,0.2734867,3.2680502,0.4451941,0.22476034,0.7717721,0.18922146,0.19367829,12.256056,HEALTHY
269,1.3486707,-0.3595158,0.08641477,3.9700215,,0.2723169,0.480667,0.196011,0.40372437,1.6567565,0.42006513,0.14798374,0.55331826,0.4567628,-0.09112266,0.38714954,,0.4567628,-0.09112266,0.3144078,0.12727791,0.5208842,-0.42006513,0.28878906,0.15309563,0.37877613,0.09654949,0.39308852,-0.09664946,0.3828331,0.3083893,0.10651282,0.28826094,0.42224422,0.7763488,3.961807,2.656659,0.35582083,,0.39199263,-0.5854034,0.5701317,0.34133205,0.83919543,0.24917233,1.6133987,17.994637,
270,0.83911633,-0.37819257,0.13073198,2.195038,inf,0.23730779,0.3535311,0.19845898,0.3471291,1.0668392,0.32390878,0.18491128,0.43766907,0.41800883,-0.20363015,0.3333115,,0.41800883,-0.20363015,0.23490232,0.099718764,0.44843888,-0.32390878,0.23794465,0.16390711,0.37330905,0.0041384087,0.34142897,-0.13917495,0.33096528,0.22783844,0.13600595,0.30211598,0.40505046,0.7442873,3.1400912,2.0667553,-11.613758,-inf,0.3419669,6.7551227,0.4606397,0.28181767,1.0081961,0.28772452,0.33086732,16.1944,AVARAGE
271,0.87523645,-0.4077795,0.11303918,2.5995567,,0.20618628,0.3490418,0.16266033,0.3051912,1.1095946,0.32849059,0.16013104,0.34393704,0.3464788,-0.3619214,0.29275465,,0.3464788,-0.3619214,0.23810862,0.10226492,0.40722448,-0.32849059,0.19166113,0.108861625,0.33449668,0.052353334,0.30604383,-0.07141474,0.30240113,0.2344571,0.1283336,0.2675283,0.34065974,0.8380483,2.8786354,2.109261,9.549599,-inf,0.30278313,7.638842,0.44576538,0.25116518,0.9124693,0.23844954,0.21731101,13.64168,
272,0.8798571,-0.38656604,0.12838702,2.1440797,inf,0.24365298,0.3852746,0.17488275,0.33605078,1.1156272,0.3305782,0.19559789,0.39582312,0.40694657,-0.10579954,0.32225174,inf,0.40694657,-0.10579954,0.23920587,0.102992624,0.4076633,-0.3305782,0.21526386,0.10487596,0.4032618,0.09647162,0.31889966,-0.07674397,0.3224477,0.23585905,0.15962774,0.3243248,0.3531218,0.84318554,2.8308642,2.1155193,0.20993228,-inf,0.32902628,6.7779756,0.46788463,0.2967884,0.83332795,0.28457937,0.28916433,16.05685,
273,1.0230904,-0.37391102,0.11308549,2.501971,inf,0.2665211,0.42331058,0.1876219,0.3714732,1.2803876,0.35524532,0.18388759,0.48081964,0.4513806,0.061453547,0.3550952,,0.4513806,0.061453547,0.259348,0.11077983,0.44845542,-0.35524532,0.25478375,0.13013941,0.40701446,0.09731073,0.34976444,-0.09311879,0.3552962,0.25757542,0.14052826,0.32046783,0.3742138,0.8099773,3.2348924,2.2802677,0.13779624,-inf,0.3601166,6.2414536,0.5052802,0.3246524,0.83304036,0.28921378,0.3146527,17.723877,
274,0.9378523,-0.41152677,0.10205047,2.8642242,inf,0.21416496,0.39551586,0.15127681,0.30697477,1.1906077,0.34021986,0.1613338,0.3490903,0.3508187,-0.23053804,0.29343313,,0.3508187,-0.23053804,0.24482447,0.108825736,0.39352256,-0.34021986,0.2015639,0.08032965,0.34828103,0.12723702,0.29951826,-0.0368838,0.30452743,0.25283745,0.13412894,0.27371073,0.3112413,0.901487,2.844497,2.1903942,-0.7574354,-inf,0.3014483,5.0150356,0.4702375,0.2595811,0.7842283,0.23100309,0.18431069,13.937324,AVARAGE
275,0.6518076,-0.42716315,0.14210975,1.5678961,inf,0.19435166,0.33338752,0.13497844,0.25858268,0.85871273,0.27513075,0.2083393,0.27651227,0.30402076,-0.23292439,0.24811654,,0.30402076,-0.23292439,0.19236565,0.090775676,0.30053005,-0.27513075,0.15473314,0.04317246,0.3871796,0.14048591,0.23990048,0.015875677,0.2733227,0.20704255,0.19284241,0.3172088,0.22354712,0.964624,2.2599812,1.8584894,-0.11147279,-inf,0.25253752,5.5303755,0.39702046,0.22192095,0.7628717,0.22134928,0.17137311,12.280109,AVARAGE
276,0.9125358,-0.35614106,0.13996156,1.8926495,,0.3076931,0.4202585,0.20961736,0.3995946,1.1862751,0.35209996,0.22411062,0.4838164,0.5207931,0.4617929,0.38039458,inf,0.5207931,0.4617929,0.24824047,0.11716058,0.4475905,-0.35209996,0.25162536,0.12859696,0.48192888,0.09976122,0.36050966,-0.101933695,0.37678194,0.2737943,0.1742657,0.3773876,0.37878594,0.7999423,3.0381613,2.1861598,-3.543598,,0.38454938,9.320141,0.50468713,0.37789252,0.82817614,0.36183316,0.35959843,20.45359,HEALTHY
277,1.0700669,-0.3578988,0.120239094,2.4846003,inf,0.2957908,0.42493686,0.21093962,0.40399373,1.3860035,0.38203883,0.18824911,0.4970192,0.4953314,0.27139917,0.38503832,inf,0.4953314,0.27139917,0.2674593,0.13249902,0.47187737,-0.38203883,0.24251765,0.13126749,0.43954682,0.07843511,0.3723675,-0.08525735,0.382739,0.31613737,0.14376155,0.33257,0.36512572,0.80709565,3.4056857,2.3858488,0.16240335,-inf,0.38835526,8.876897,0.52025217,0.36641765,0.86824185,0.30801135,0.3558298,19.526619,AVARAGE
278,0.8614017,-0.37268677,0.12223413,2.1289952,inf,0.26164612,0.41662493,0.18530248,0.36093515,1.1097533,0.33974558,0.19931549,0.41328663,0.44962567,-0.015538954,0.34612197,inf,0.44962567,-0.015538954,0.24248162,0.108362004,0.4395328,-0.33974558,0.25629705,0.13024203,0.41422957,0.10369268,0.34340453,-0.108654805,0.34449348,0.24847643,0.15259905,0.3309982,0.38627684,0.7949648,2.9161363,2.1096873,0.70925444,-inf,0.35394472,9.12608,0.4980293,0.31804177,0.82051134,0.32671946,0.3297154,17.56684,AVARAGE
279,0.88228786,-0.39168316,0.12314912,2.149699,,0.24929772,0.3906723,0.17603166,0.33946854,1.1291956,0.32854936,0.19265054,0.42227626,0.41570196,0.07557974,0.32395694,,0.41570196,0.07557974,0.23454128,0.10621941,0.39956003,-0.32854936,0.22005343,0.10294993,0.40554982,0.106889874,0.3151091,-0.054242812,0.33526203,0.24705099,0.15627487,0.3206636,0.31590617,0.85927767,2.9231622,2.128948,2.1637049,-inf,0.3282702,6.268627,0.46877456,0.2988607,0.8204639,0.27252385,0.25976452,16.411524,AVARAGE
280,1.0037397,-0.3649156,0.1183622,2.3143978,0.31256995,0.28601366,0.4289621,0.20025918,0.39111945,1.2703389,0.35724995,0.1933593,0.512511,0.48567837,0.24965645,0.37290162,inf,0.48567837,0.24965645,0.2581141,0.114007555,0.45659125,-0.35724995,0.2671761,0.14140503,0.43205333,0.09263121,0.3604439,-0.09845836,0.37349388,0.266634,0.14603965,0.33611023,0.37412718,0.7893877,3.3354735,2.2701244,12.088379,0.9231717,0.37600267,7.7619057,0.5126111,0.3490874,0.8423556,0.30640295,0.3344161,19.05361,AVARAGE
281,1.207519,-0.3577578,0.11185559,2.6950853,,0.29872793,0.43769008,0.20942044,0.4125692,1.4726572,0.38709652,0.17796752,0.57735765,0.4945458,0.25365254,0.39358887,,0.4945458,0.25365254,0.29321802,0.1129704,0.47433692,-0.38709652,0.2536309,0.13503365,0.43537575,0.08553507,0.3764238,-0.06864251,0.3967261,0.2653028,0.13667485,0.33679932,0.37433365,0.80562556,3.6371875,2.4723103,0.41997185,-inf,0.3935313,10.241597,0.528869,0.372218,0.85361236,0.28700536,0.34571722,19.573757,HEALTHY
282,1.169934,-0.3624692,0.13456234,2.738045,inf,0.28506353,0.38714856,0.20984368,0.38697273,1.4352856,0.39033034,0.18763769,0.47387388,0.45960248,0.09178549,0.36967522,inf,0.45960248,0.09178549,0.29344574,0.11417072,0.45475867,-0.39033034,0.17734677,0.09559548,0.44117913,0.06088168,0.35888895,-0.055130247,0.36819953,0.2654806,0.15613677,0.34662995,0.38264617,0.8602277,3.1788068,2.435099,0.70557606,-inf,0.37433144,8.541048,0.4951918,0.36104855,0.8973097,0.30120036,0.3497372,18.36258,
283,1.0935894,-0.38573146,0.1303805,2.6520588,,0.26076004,0.3620521,0.19186054,0.35438588,1.3526008,0.36666292,0.17985533,0.45482752,0.41450903,0.08524275,0.33763036,inf,0.41450903,0.08524275,0.27244487,0.110651724,0.4102757,-0.36666292,0.15713762,0.07548365,0.4155144,0.07089294,0.32489255,-0.0064651254,0.35238063,0.2590634,0.154802,0.3251686,0.31005743,0.9160119,3.079795,2.3522303,-0.28629774,-inf,0.3400712,8.168332,0.4632244,0.32026726,0.8826195,0.25329667,0.2726524,16.644876,AVARAGE
284,1.2604802,-0.3510674,0.11738579,2.994862,,0.2974093,0.42443648,0.21654695,0.41548508,1.5410287,0.40517926,0.17538379,0.56749517,0.49086222,0.14817214,0.39688903,inf,0.49086222,0.14817214,0.30477118,0.119843684,0.49358618,-0.40517926,0.2322299,0.13428047,0.43261614,0.05612628,0.3863666,-0.08205666,0.39022505,0.28064257,0.13523458,0.3348222,0.40765753,0.8000755,3.6604989,2.540971,8.562785,,0.39937901,7.6943803,0.5301417,0.37489605,0.904889,0.28632605,0.37749502,19.449226,AVARAGE
285,0.8955738,-0.38889456,0.11847103,2.5120325,inf,0.23139015,0.369561,0.1822381,0.33740532,1.1686198,0.34066418,0.1720869,0.4016782,0.39540341,-0.20969199,0.32361153,inf,0.39540341,-0.20969199,0.2382061,0.115816325,0.43599877,-0.34066418,0.22119199,0.13279903,0.3635537,0.042801656,0.3309962,-0.09801117,0.3240535,0.27324083,0.13218985,0.28476942,0.35975656,0.8009306,3.137677,2.168487,-0.72453576,-inf,0.3314939,5.084805,0.46932518,0.27959144,0.9312498,0.25731134,0.2854768,15.477714,AVARAGE
286,0.72911376,-0.40937296,0.12781863,1.9085673,inf,0.2109821,0.34356534,0.15996987,0.29795232,0.97645706,0.30233037,0.18496051,0.3219477,0.35330927,-0.24456714,0.28605032,,0.35330927,-0.24456714,0.20511879,0.107333444,0.37097278,-0.30233037,0.1910131,0.09525845,0.36417818,0.080115184,0.28733772,-0.05440269,0.29905072,0.24755643,0.15321521,0.28908396,0.28682923,0.8649509,2.6538599,1.9763155,-0.74742866,-inf,0.29299417,7.5236444,0.4280708,0.24976797,0.86212623,0.24531883,0.22388086,13.927842,AVARAGE
287,0.8392258,-0.43350428,0.119378954,2.5434709,,0.19129838,0.34038556,0.13549638,0.26351756,1.1233424,0.32841864,0.16805509,0.25438896,0.288084,-0.28917718,0.25159976,inf,0.288084,-0.28917718,0.21937695,0.12178356,0.32796726,-0.32841864,0.113056354,0.015378902,0.3511858,0.13589367,0.25320756,0.04610514,0.26942345,0.2842619,0.15992981,0.27046973,0.21238367,1.0299637,2.4231396,2.1230521,-0.19704473,,0.25890827,4.610744,0.41810426,0.22593404,0.77333736,0.18315178,0.13002403,11.801023,
288,0.5656041,-0.47744083,0.13927034,1.5962781,inf,0.12281348,0.27287632,0.08710064,0.16735218,0.81260777,0.25690395,0.1825018,0.13245381,0.1446448,-0.6052169,0.16032347,,0.1446448,-0.6052169,0.15721473,0.1075965,0.20141432,-0.25690395,0.04675564,-0.04794957,0.3258637,0.17399386,0.15821676,0.15294383,0.20732583,0.24724889,0.20310058,0.25806102,0.054494485,1.1642135,1.8294052,1.8123807,0.032552972,-inf,0.16402,4.101304,0.32934025,0.11584623,0.7144589,0.07271674,0.03386664,6.541836,AVARAGE
289,0.73850507,-0.42224017,0.123544894,2.0323007,inf,0.20189367,0.36439562,0.13845584,0.2743969,0.99493444,0.30601817,0.18901233,0.26803133,0.32034644,-0.23812623,0.2628492,inf,0.32034644,-0.23812623,0.20453097,0.11143921,0.3353423,-0.30601817,0.16565226,0.04629346,0.37186128,0.14971706,0.261771,-0.0039456636,0.27892363,0.25660175,0.16999769,0.29318765,0.24424727,0.96569127,2.387579,1.994786,4.7286696,-inf,0.2701742,5.984238,0.4298525,0.2359598,0.74965906,0.22373779,0.18175986,12.87288,AVARAGE
290,0.54028076,-0.49331164,0.13595684,1.5877775,,0.10263627,0.25742143,0.07365445,0.14316514,0.74663204,0.23671651,0.17604056,0.12870948,0.10692432,-0.63420135,0.13654432,,0.10692432,-0.63420135,0.15387514,0.08971657,0.16994525,-0.23671651,0.038326647,-0.057664096,0.3048222,0.18107627,0.13352503,0.17998683,0.19969794,0.20659856,0.2022143,0.2481184,0.022828044,1.1904613,1.775598,1.7463567,-0.0107257,-inf,0.13820864,4.523784,0.30834857,0.08280525,0.7025561,0.04599321,-0.011647016,5.1096163,AVARAGE
291,0.91013426,-0.38445708,0.13139874,2.127714,,0.26152635,0.39267945,0.17794047,0.34565988,1.1837859,0.34657198,0.20137152,0.38690847,0.42303336,0.09383257,0.330168,,0.42303336,0.09383257,0.24338312,0.11551181,0.3987912,-0.34657198,0.19226038,0.07649648,0.43306527,0.12261258,0.3179538,-0.03994917,0.33645844,0.27366382,0.17157337,0.33897817,0.31857538,0.9091622,2.7677665,2.18363,1.0127611,-inf,0.33527407,7.621827,0.47302198,0.31751865,0.79194754,0.29043418,0.28452653,16.881437,AVARAGE
292,0.92329264,-0.36383653,0.13321665,1.9634203,inf,0.29397327,0.41804639,0.1988564,0.38559857,1.214119,0.35485435,0.21236743,0.45813903,0.489704,0.33704776,0.36714557,inf,0.489704,0.33704776,0.24505025,0.123091795,0.43643358,-0.35485435,0.23740034,0.11341485,0.46371794,0.10978953,0.35002843,-0.08528663,0.3639489,0.29104784,0.1697841,0.3583566,0.35545662,0.8359202,3.0209942,2.2140725,0.67134213,-inf,0.37153918,8.543752,0.50005627,0.35952833,0.8122405,0.32635155,0.34068412,19.339361,AVARAGE
293,0.67535293,-0.45276344,0.13063821,1.8745773,,0.15457317,0.30465144,0.110298194,0.21498007,0.9079102,0.28348067,0.1767984,0.20688356,0.21411304,-0.4955235,0.20596676,,0.21411304,-0.4955235,0.19078091,0.10172138,0.2639756,-0.28348067,0.092836045,-0.0049684495,0.33674714,0.15023929,0.20550086,0.08893277,0.23724306,0.23270848,0.18220279,0.26924425,0.15474929,1.0674816,2.1400764,1.9076566,0.28475496,,0.21101062,6.2269998,0.37111017,0.16853818,0.7490717,0.13372532,0.10597907,9.056992,HEALTHY
294,0.7332428,-0.43439755,0.14050302,1.7931442,,0.18706664,0.31902516,0.13084371,0.2502092,0.9667057,0.29163244,0.19452573,0.28154778,0.27282178,-0.24636577,0.23870863,,0.27282178,-0.24636577,0.20144105,0.100150876,0.28840968,-0.29163244,0.1153348,0.015076842,0.37930626,0.1398719,0.2297418,0.07366854,0.27260995,0.23364495,0.19227977,0.3037256,0.1804522,1.0309286,2.316685,1.9663423,0.22854917,,0.24175347,5.3610477,0.38841665,0.20794131,0.7656164,0.16896953,0.15030241,11.31183,AVARAGE
295,1.0493777,-0.3687329,0.13029061,2.3495677,,0.28424335,0.40635672,0.19679262,0.37842184,1.3372306,0.37054387,0.19717188,0.45064652,0.46151832,0.19510774,0.36103785,,0.46151832,0.19510774,0.26558968,0.121185996,0.43338263,-0.37054387,0.20176043,0.09291434,0.4478784,0.102422,0.34568304,-0.046385817,0.36475372,0.28819147,0.16367157,0.34627512,0.34355846,0.87140715,3.063369,2.3371081,1.1957577,-inf,0.36462498,6.700694,0.4955736,0.35367966,0.8253939,0.29863963,0.3271109,18.39276,AVARAGE
296,0.9160548,-0.3993966,0.12256138,2.353751,inf,0.23055673,0.3782596,0.16126338,0.31718788,1.1540136,0.33997935,0.18271232,0.35718498,0.3669252,-0.17523058,0.30372852,,0.3669252,-0.17523058,0.24917336,0.10342485,0.3821249,-0.33997935,0.17666027,0.06670741,0.3908326,0.121632874,0.29961547,-0.016573302,0.3130403,0.23818439,0.16030163,0.31163728,0.31041873,0.9186438,2.717669,2.1538417,-0.15359208,-inf,0.3098234,7.4034758,0.45882297,0.28290284,0.79177505,0.25290343,0.24626413,14.729109,HEALTHY
297,1.0845298,-0.35670125,0.13348924,2.3130083,inf,0.30662394,0.41457635,0.21124697,0.40383425,1.3493323,0.37751994,0.20380229,0.5174124,0.50383884,0.3828351,0.38427475,inf,0.50383884,0.3828351,0.27922392,0.114052325,0.4533974,-0.37751994,0.22012852,0.11047386,0.47044617,0.09104406,0.36416933,-0.06592176,0.3852369,0.26480222,0.16384508,0.3687915,0.37582147,0.8379646,3.187138,2.349106,0.6242219,-inf,0.3870087,10.2737,0.50797015,0.38245392,0.84207517,0.33096495,0.35695717,19.994356,HEALTHY
298,1.2083805,-0.36887246,0.12869744,2.8454895,inf,0.27654046,0.3845677,0.1992311,0.3766684,1.5202365,0.40477794,0.17457183,0.43013504,0.42971045,0.014371852,0.35892975,inf,0.42971045,0.014371852,0.29287598,0.13146819,0.44215178,-0.40477794,0.1460027,0.06558396,0.430842,0.077533014,0.34884864,-0.019239353,0.35720956,0.3119998,0.1543447,0.32630885,0.34165555,0.91844684,3.1499937,2.5201771,0.4370315,-inf,0.36375543,7.6415343,0.49199352,0.35448033,0.8674948,0.25952473,0.33309668,17.398922,AVARAGE
299,1.3011447,-0.3551772,0.11750478,3.0390089,inf,0.29897776,0.42215014,0.2116774,0.41062328,1.6137129,0.4162367,0.17249897,0.52538884,0.47987276,0.19438393,0.39108473,inf,0.47987276,0.19438393,0.30589974,0.13157497,0.47818094,-0.4162367,0.19865468,0.10130019,0.43981287,0.07754911,0.37727568,-0.045324083,0.38906208,0.31273136,0.14085203,0.33248085,0.36872384,0.86193997,3.528237,2.6136217,0.61099833,-inf,0.39335707,5.032939,0.52591616,0.3799952,0.8675363,0.27492765,0.3656528,19.203527,AVARAGE
