,ARI_2_mean,ATSAVI_mean,blue_mean,CRI_2_mean,DATT_mean,DVI_mean,ENDVI_mean,EVI_mean,EVI_2_mean,GCI_mean,GNDVI_mean,green_mean,MCARI_mean,MCARI_1_mean,MCARI_2_mean,MSAVI_mean,MTCI_mean,MTVI_1_mean,MTVI_2_mean,NDCI_mean,NDRE_mean,NDVI_mean,NDWI_mean,NEXG_mean,NGRDI_mean,nir_mean,NPCI_mean,OSAVI_mean,PSRI_mean,RDVI_mean,RECI_mean,red_mean,rede_mean,RERI_mean,RGVI_mean,RVI_1_mean,RVI_2_mean,R_MCARI_MTVI2_mean,R_TCARI_OSAVI_mean,SAVI_mean,SAVI_2_mean,SIPI_mean,SPVI_mean,SRPI_mean,TCARI_mean,TSAVI_mean,TVI_mean,HEALTH_STA
0,3.9071867,-0.2585591,0.042496953,8.573833,0.38487956,0.40239632,0.7397394,0.24724475,0.5984605,4.4059668,0.6656124,0.09624733,0.90235186,0.61020374,0.11871911,0.57755655,inf,0.61020374,0.11871911,0.545784,0.19583279,0.7173827,-0.6656124,0.32499704,0.10112527,0.4789302,0.29701826,0.5539203,-0.053364057,0.53456736,0.4988235,0.076533854,0.32223165,0.5077376,0.8312532,6.6103706,5.4059668,34.654236,0.2512378,0.5632261,-499.94107,0.7790516,0.56910384,0.56707937,0.12712118,0.6478736,24.932865,AVARAGE
1,3.296303,-0.26221368,0.051620454,7.0514135,0.37228936,0.41062135,0.71164423,0.24960817,0.5939279,3.7576094,0.6321364,0.113745846,0.87301385,0.63052803,0.28885293,0.56974834,0.6238193,0.63052803,0.28885293,0.51162404,0.18357892,0.6960243,-0.6321364,0.33099303,0.11438841,0.4992177,0.27096307,0.54288673,-0.06761688,0.5316654,0.46134594,0.08859633,0.34545526,0.51075286,0.81269366,5.967351,4.7576094,-4.064739,0.37729305,0.55871797,-573.2914,0.75808644,0.57337755,0.5975031,0.19592094,0.636646,25.643263,AVARAGE
2,3.5677366,-0.24055612,0.06948864,6.6562924,0.37883902,0.47210085,0.66556185,0.2960763,0.65709454,4.0568147,0.6488975,0.122391544,1.0504444,0.72623825,0.8621373,0.62487376,0.63894856,0.72623825,0.8621373,0.5262312,0.1925519,0.71780443,-0.6488975,0.27705964,0.12853795,0.56474036,0.14554375,0.5743852,-0.07211925,0.5800714,0.48907787,0.09263956,0.38460127,0.5133063,0.78995353,6.5114946,5.0568147,0.896006,0.34760225,0.60723984,-663.8285,0.75222224,0.6593811,0.7679238,0.18835838,0.6673314,29.516129,AVARAGE
3,2.785387,-0.25815362,0.09131825,5.5283504,0.3574026,0.4374035,0.57683635,0.30273464,0.6116087,3.2227225,0.5920873,0.1398023,0.94062215,0.6938415,0.7114729,0.5831547,0.59442145,0.6938415,0.7114729,0.469674,0.17571442,0.6863792,-0.5920873,0.2530962,0.15900975,0.5361926,0.039859574,0.5448641,-0.101422474,0.54530734,0.43737954,0.0987891,0.3770771,0.5152828,0.73899865,5.7903433,4.2227225,0.97443324,0.49318835,0.57140505,-543.38635,0.6987886,0.5965708,0.9387131,0.25249338,0.62940747,27.884735,AVARAGE
4,2.7817655,-0.2744425,0.09777069,6.0741963,,0.39372644,0.5252927,0.29295456,0.5670473,3.2394774,0.586913,0.13032033,0.7984938,0.6172705,0.2908872,0.5445456,0.62976056,0.6172705,0.2908872,0.46037307,0.18120632,0.66583806,-0.586913,0.1860541,0.13576677,0.49175125,-0.007444598,0.5199101,-0.08530303,0.51029867,0.45779166,0.09805037,0.3421321,0.48671275,0.77904004,5.6018953,4.239407,0.2858068,,0.535376,-517.12213,0.6667777,0.5385097,1.0292145,0.23002079,0.6057667,24.912851,AVARAGE
5,3.1937253,-0.27488557,0.08302347,7.223783,inf,0.3725,0.54977715,0.2764378,0.557684,3.6852598,0.6142499,0.110041074,0.77874833,0.57451785,-0.0060693664,0.5395012,0.6695558,0.57451785,-0.0060693664,0.48693034,0.1905882,0.6811926,-0.6142499,0.17592163,0.12395334,0.45809218,0.0022004708,0.5235205,-0.072328225,0.5026109,0.491653,0.08559962,0.31098953,0.4850075,0.7984655,6.0764756,4.6852603,-8.734363,-inf,0.5290447,-359.9922,0.6869447,0.51557916,1.0082692,0.17071138,0.61787534,23.32721,AVARAGE
6,2.7746644,-0.27013674,0.09782751,6.094458,0.3731261,0.3959707,0.5175042,0.30270648,0.57455814,3.2497633,0.59491134,0.1257468,0.7839281,0.6230952,0.24881163,0.5524727,0.6529795,0.6230952,0.24881163,0.46342,0.18689983,0.68032146,-0.59491134,0.18030329,0.14507142,0.4878089,-0.034359556,0.5295622,-0.095741704,0.5166361,0.47517997,0.091838226,0.33469707,0.49501115,0.75953764,5.6836524,4.2497635,1.2087365,0.47028565,0.5433212,-429.988,0.6698442,0.5435605,1.08258,0.23709533,0.6118459,25.114588,AVARAGE
7,3.0022943,-0.25502467,0.10706097,5.9616137,0.37108713,0.44537473,0.51809394,0.33812866,0.62235034,3.4732141,0.60793924,0.13391298,0.9493767,0.70034975,0.7796007,0.5926793,inf,0.70034975,0.7796007,0.4818816,0.18610734,0.6943459,-0.60793924,0.172689,0.1525647,0.54146063,-0.059102494,0.55144507,-0.09226382,0.5535627,0.47093892,0.09608596,0.37184665,0.50435597,0.7479707,6.078517,4.473214,-0.6688003,0.4512746,0.57907456,-438.20056,0.6773618,0.6116651,1.1389576,0.23162009,0.63999826,28.235569,AVARAGE
8,2.559849,-0.25538927,0.10562469,5.0567336,0.3551165,0.44361165,0.53390044,0.32849088,0.6179523,2.989142,0.57681566,0.14919487,0.96852195,0.71585965,0.8267855,0.5889531,0.57748145,0.71585965,0.8267855,0.45286316,0.17337306,0.68998337,-0.57681566,0.2450317,0.18839063,0.5434099,-0.03347771,0.5487306,-0.12205599,0.5506152,0.4293106,0.09979819,0.38469803,0.5214531,0.69291013,5.820654,3.9891415,2.510499,0.52433616,0.57671857,-504.3035,0.6800402,0.5965809,1.0829215,0.27645317,0.6352001,28.592567,AVARAGE
9,2.6522026,-0.27395257,0.097265884,6.047228,0.35818323,0.39054322,0.51751,0.29995805,0.56682515,3.0855868,0.5799456,0.13101277,0.828013,0.62455714,0.31784114,0.54423845,0.5888915,0.62455714,0.31784114,0.45720157,0.17392103,0.67749006,-0.5799456,0.20659518,0.16241255,0.4817002,-0.034419965,0.52466387,-0.106208324,0.51072955,0.43344632,0.09115706,0.34021094,0.5111403,0.7370338,5.6666217,4.0855865,-2.293392,0.48690367,0.5365327,-408.7888,0.66718656,0.52830684,1.0878022,0.24437317,0.6121005,25.027334,AVARAGE
10,2.8412454,-0.28022316,0.08212146,6.5564866,0.3608236,0.3647321,0.54750353,0.27076778,0.5461549,3.2705128,0.5917902,0.11544232,0.786679,0.57246464,-0.010461856,0.5277439,inf,0.57246464,-0.010461856,0.47352698,0.17286643,0.67386013,-0.5917902,0.20966645,0.14316297,0.44988567,0.010849273,0.51630414,-0.086767145,0.49353075,0.4292855,0.08515358,0.31672046,0.5069163,0.7663705,5.757861,4.270513,-0.3742287,0.41329128,0.52033037,-459.19644,0.68098074,0.50030637,0.99465483,0.19938779,0.59695977,23.095474,AVARAGE
11,2.6500273,-0.27280253,0.09658329,5.953256,-inf,0.39284012,0.5134465,0.30431044,0.57126963,3.100011,0.58354557,0.12732148,0.8183824,0.62606454,0.31327796,0.5484175,-inf,0.62606454,0.31327796,0.45653945,0.18001293,0.6811713,-0.58354557,0.19994806,0.16529426,0.48144394,-0.04636719,0.5278429,-0.10602707,0.5139194,0.44999328,0.08861208,0.33442122,0.5033897,0.7302863,5.7346163,4.099946,1.0657403,-inf,0.53993565,-534.16077,0.66720706,0.53332996,1.1192204,0.23895775,0.61744183,25.118288,AVARAGE
12,2.9397933,-0.24954563,0.10451994,5.803208,inf,0.4514243,0.52716184,0.34886897,0.6336795,3.3984668,0.60495484,0.13560164,1.0318626,0.719129,0.87036264,0.6031421,0.6093955,0.719129,0.87036264,0.47958708,0.18311,0.7088579,-0.60495484,0.20442127,0.18266626,0.5427272,-0.0717541,0.5617071,-0.11148765,0.56232625,0.4586832,0.09131221,0.3760353,0.5200724,0.7032026,6.3422294,4.3984666,4.6112857,-inf,0.58862627,-521.01483,0.6867128,0.6136539,1.1913275,0.22196454,0.6569054,28.856476,AVARAGE
13,2.5848699,-0.2574462,0.10140145,5.371104,0.3513523,0.43616387,0.53609574,0.33200333,0.6141857,3.0087538,0.5746303,0.14637375,1.0161684,0.71020687,0.8261683,0.5856253,0.5646967,0.71020687,0.8261683,0.45166546,0.17167658,0.6967156,-0.5746303,0.258597,0.2047465,0.5298895,-0.04507176,0.5493279,-0.13227154,0.5475551,0.4239108,0.093725696,0.3766575,0.527329,0.6757492,6.0645194,4.008754,1.6916406,0.4802664,0.57320935,-396.49347,0.6825856,0.58064824,1.1359482,0.25228843,0.6368877,28.275753,AVARAGE
14,2.600273,-0.290441,0.08806067,6.716582,-inf,0.3530459,0.51316446,0.27819666,0.5293143,3.00253,0.5696932,0.121147744,0.79950744,0.56757903,0.06499812,0.50981313,inf,0.56757903,0.06499812,0.45310605,0.16375266,0.66938686,-0.5696932,0.21205047,0.16630644,0.4362351,-0.031851944,0.50565934,-0.10723548,0.48183444,0.40227416,0.0831967,0.3135753,0.5160015,0.73708564,5.6388664,4.0025296,-0.10685946,-inf,0.50557035,-416.35303,0.65983313,0.47324,1.1040618,0.2089413,0.5763947,22.700348,AVARAGE
15,2.995768,-0.26993933,0.09195159,6.854652,-inf,0.39556316,0.53273165,0.29675207,0.5754584,3.439881,0.60860646,0.12043748,0.8479282,0.61963004,0.26659054,0.55247176,0.6039062,0.61963004,0.26659054,0.48867992,0.17679662,0.6872621,-0.60860646,0.17575961,0.13503158,0.48392,-0.020767968,0.5321878,-0.083104305,0.5177866,0.4441326,0.08836574,0.33926663,0.5156346,0.77710474,5.7874856,4.439881,-2.468106,inf,0.54404014,-537.07074,0.68144715,0.54500216,1.0529745,0.21344623,0.62797594,25.016125,
16,3.178534,-0.24353577,0.10453203,6.11281,0.37181067,0.45869535,0.5358756,0.34884346,0.64399487,3.6540196,0.62270546,0.13164166,1.0247175,0.7223349,0.8053718,0.6143131,0.62586987,0.7223349,0.8053718,0.49820817,0.18780626,0.7157468,-0.62270546,0.18334657,0.16378538,0.55071294,-0.06575661,0.5695415,-0.097523056,0.57062185,0.47549596,0.092017576,0.37900487,0.52051616,0.7290038,6.376697,4.6540194,-1.3245403,0.40095273,0.59818894,-629.3282,0.6960568,0.6305948,1.1556637,0.21855766,0.6711499,29.106688,AVARAGE
17,3.502062,-0.26050612,0.08613434,7.8122325,0.39614007,0.3987276,0.5418343,0.30631125,0.59277767,4.009225,0.64224786,0.104517005,0.8682495,0.6161058,0.16987446,0.57161856,0.6720973,0.6161058,0.16987446,0.5158789,0.19776314,0.7142153,-0.64224786,0.14932244,0.13344787,0.47636127,-0.05338383,0.5502804,-0.07545659,0.53070563,0.5072164,0.07763364,0.31868145,0.5033559,0.7804627,6.5104384,5.009225,4.2217836,0.29926038,0.5586168,-575.4403,0.69974494,0.55535054,1.1267686,0.16113475,0.65461975,24.998991,AVARAGE
18,3.292046,-0.26719618,0.08299216,7.729922,0.38890424,0.38231358,0.5452371,0.29283983,0.5741339,3.7906487,0.63106316,0.10537773,0.8099064,0.5945721,0.055678066,0.55447507,0.6626113,0.5945721,0.055678066,0.50200814,0.19601654,0.707991,-0.63106316,0.16863826,0.13777715,0.4594601,-0.036969483,0.5408067,-0.08332688,0.5169133,0.4986243,0.07714657,0.30889764,0.5018114,0.7773119,6.2795315,4.7906485,-5.9678297,0.34615865,0.54442984,-459.09308,0.6977673,0.5293414,1.0908897,0.17868632,0.66417265,24.068062,AVARAGE
19,3.1359985,-0.27710566,0.08960862,7.570716,0.3964321,0.36706385,0.5184679,0.28602886,0.5495902,3.629991,0.6205305,0.1082293,0.7147473,0.5661627,-0.04085242,0.5301195,inf,0.5661627,-0.04085242,0.4894297,0.19464628,0.6850724,-0.6205305,0.13309646,0.11208968,0.4511965,-0.034049597,0.5220484,-0.07084349,0.4980832,0.49399254,0.08413264,0.30539995,0.48593074,0.81928396,5.768749,4.6299906,0.77792764,0.3993953,0.52432173,-484.17618,0.6753807,0.5096369,1.0865108,0.20089255,0.619925,22.987698,AVARAGE
20,3.0173774,-0.2741023,0.099441215,6.674026,0.3748479,0.39453173,0.5022317,0.30327082,0.56945354,3.4827967,0.6088525,0.11868012,0.7728304,0.6096399,0.25383538,0.54573613,0.64193463,0.6096399,0.25383538,0.48405486,0.18444459,0.6731059,-0.6088525,0.12707096,0.1113038,0.48660013,-0.04035465,0.5237183,-0.06920235,0.51218814,0.46545058,0.09206838,0.33400744,0.49131307,0.81673265,5.5920424,4.4827967,0.23796411,0.4454522,0.5378888,-550.4234,0.6619945,0.54829955,1.0953579,0.22388253,0.6045586,24.736372,
21,2.681839,-0.26834598,0.111481674,5.55044,0.36462367,0.41708273,0.4994128,0.3185995,0.5839139,3.116223,0.5837154,0.14041533,0.81301385,0.65734625,0.52230185,0.557737,0.5986567,0.65734625,0.52230185,0.46060693,0.17475787,0.6666193,-0.5837154,0.16339004,0.13407713,0.5211217,-0.036165133,0.5267799,-0.09069182,0.52441007,0.43440193,0.10403896,0.36765736,0.50257605,0.7793605,5.338134,4.116223,1.1326654,0.5500757,0.5497702,-496.0397,0.65558535,0.57089233,1.0859224,0.28186107,0.60934675,26.480017,
22,3.253742,-0.2571155,0.0912633,6.8565893,0.39620906,0.41599727,0.5427566,0.31222996,0.60429186,3.7637858,0.6324116,0.114158355,0.84551877,0.6442243,0.32297942,0.5805319,0.6831539,0.6442243,0.32297942,0.5004484,0.19978656,0.7061794,-0.6324116,0.16129921,0.13281623,0.5011889,-0.036809847,0.55151534,-0.07963944,0.5394229,0.5100437,0.08519157,0.33469233,0.49514464,0.7821302,6.193156,4.763786,-4.666282,0.38618344,0.56756467,-540.11426,0.69676185,0.57837313,1.0864255,0.2057239,0.6514227,26.118507,AVARAGE
23,2.8799498,-0.26891956,0.10188899,6.3048453,0.37997347,0.3980786,0.50330514,0.31187642,0.5759463,3.342499,0.60424334,0.123435326,0.7883015,0.6217389,0.24157214,0.5531528,0.6393232,0.6217389,0.24157214,0.47719973,0.18468912,0.6814327,-0.60424334,0.14591509,0.12972079,0.4904205,-0.050650146,0.53063846,-0.08309115,0.51801604,0.46254924,0.092341915,0.33910254,0.49891618,0.7904771,5.604644,4.3424993,0.9543465,0.46786347,0.54482275,-401.534,0.6655679,0.5483757,1.1245044,0.24225646,0.6207153,25.12845,
24,3.064266,-0.25648767,0.108679995,6.290355,0.38160223,0.43204477,0.50219965,0.34551555,0.61302835,3.5404058,0.6134359,0.12820056,0.9219724,0.6784624,0.5931304,0.58616024,0.6477158,0.6784624,0.5931304,0.48692462,0.18860903,0.69783485,-0.6134359,0.14570288,0.14755319,0.5241441,-0.08378153,0.5503219,-0.08861361,0.54630154,0.47613952,0.092099346,0.3598227,0.50374424,0.76324487,6.0816946,4.5404058,8.958463,0.4279126,0.5730249,-476.8166,0.6719917,0.59281904,1.2076577,0.22745456,0.63965917,27.366737,AVARAGE
25,2.9205241,-0.24129122,0.11142758,5.5132494,0.3745799,0.461985,0.51630896,0.36649507,0.64896566,3.3928967,0.6110056,0.13666809,1.0281235,0.73595345,0.8458891,0.61906254,0.61822754,0.73595345,0.8458891,0.4819736,0.18837593,0.7183931,-0.6110056,0.19200636,0.18752573,0.5533356,-0.099592514,0.5728372,-0.11403376,0.5742822,0.47237253,0.091350675,0.3803019,0.52056515,0.6923157,6.34051,4.3928967,2.8610992,0.42932191,0.6024766,-676.24164,0.68740594,0.6291231,1.2329834,0.2395045,0.6753681,29.531794,AVARAGE
26,2.9448326,-0.24765928,0.10747861,5.832632,0.38309428,0.4454912,0.5116705,0.35498542,0.6328948,3.4346511,0.61318344,0.12973577,0.9641433,0.7065607,0.699748,0.6045499,0.64679843,0.7065607,0.699748,0.48088107,0.19350138,0.7147515,-0.61318344,0.17939553,0.17928135,0.53352606,-0.09964177,0.56503344,-0.10925738,0.5616862,0.48981887,0.08803487,0.36171383,0.5107099,0.70387226,6.3213,4.4346514,-6.435997,0.41674915,0.5894985,-664.1656,0.68373036,0.60893714,1.2341166,0.22844371,0.66554457,28.397505,AVARAGE
27,3.1053915,-0.250254,0.09813495,6.5291843,0.38225153,0.42578366,0.52712065,0.33793214,0.61926293,3.5968552,0.6227368,0.120912544,0.9507617,0.67359155,0.457265,0.59511703,0.6431921,0.67359155,0.457265,0.4925126,0.19404106,0.72104454,-0.6227368,0.18353862,0.1760021,0.50793785,-0.08754271,0.56341714,-0.104641385,0.5514164,0.49148735,0.08215416,0.3452495,0.51425326,0.70967394,6.490736,4.5968556,0.51944923,0.36834103,0.5800987,-600.05316,0.69411105,0.5831999,1.2108916,0.20058669,0.6699919,27.097357,AVARAGE
28,3.3437896,-0.26465642,0.0842928,8.117982,0.39113063,0.37881908,0.5343336,0.30242732,0.5756242,3.8496468,0.63798666,0.102322,0.8349161,0.5919569,0.012713221,0.5569764,0.6689016,0.5919569,0.012713221,0.5073439,0.19866003,0.72061425,-0.63798666,0.1583367,0.15032494,0.4513606,-0.071836114,0.54682606,-0.08867867,0.5189944,0.50586903,0.07254158,0.30363244,0.5072529,0.7526489,6.4963117,4.8496466,-0.110454895,0.30847523,0.5467193,-420.93503,0.69862396,0.52374125,1.1786293,0.16315682,0.65832573,23.920359,
29,3.2250643,-0.23727044,0.10263768,6.3774137,0.37214005,0.46366757,0.5380175,0.36652473,0.65901977,3.7024853,0.62777174,0.12872447,1.1377879,0.73891103,0.86907625,0.629626,0.6090006,0.73891103,0.86907625,0.5024649,0.18946868,0.7368558,-0.62777174,0.20535669,0.19968538,0.54673207,-0.10418431,0.58355623,-0.11399572,0.58177257,0.47749412,0.083064415,0.3755031,0.53151786,0.6759335,6.9507957,4.7024856,-2.3505425,0.32156685,0.6102092,-536.97046,0.70593596,0.6311054,1.2560128,0.18015847,0.6772969,29.64646,AVARAGE
30,2.5708427,-0.27371648,0.11482287,5.568285,0.37198713,0.40263617,0.4800014,0.32323134,0.5687394,3.0113602,0.5785973,0.1386052,0.76714563,0.63518625,0.40303573,0.54409826,0.6186776,0.63518625,0.40303573,0.45141414,0.17769699,0.6621976,-0.5785973,0.14975291,0.13474369,0.50573486,-0.054072727,0.5192636,-0.092525005,0.5129664,0.4405176,0.103098705,0.3551602,0.49449003,0.7836479,5.2507114,4.01136,0.20833743,0.5629918,0.53795666,-372.2087,0.64326674,0.5493521,1.1394821,0.28190142,0.59889835,25.578434,
31,3.057344,-0.24364595,0.10897429,5.7803645,0.3817112,0.46491265,0.5279929,0.35855052,0.6465906,3.5374312,0.6171304,0.13623731,1.0027344,0.7333868,0.9050641,0.6154821,0.6327216,0.7333868,0.9050641,0.48827893,0.19062173,0.7112039,-0.6171304,0.18120752,0.16573739,0.5601803,-0.06882892,0.5682404,-0.101438634,0.5726972,0.48009765,0.09526767,0.38325423,0.5118437,0.72604144,6.285093,4.5374312,1.3402998,0.43094584,0.5996704,-483.48224,0.6896738,0.638239,1.1778672,0.23866577,0.6658535,29.533545,AVARAGE
32,2.9039717,-0.26211333,0.10013712,6.3324614,0.37524244,0.40632454,0.5137995,0.32081053,0.59035796,3.3729403,0.60795504,0.123784706,0.843083,0.64012337,0.30970812,0.56753105,0.62918365,0.64012337,0.30970812,0.47944954,0.18670866,0.696913,-0.60795504,0.16950084,0.15387858,0.49484253,-0.062995724,0.5426565,-0.09679207,0.5293305,0.46898925,0.08851804,0.34107855,0.5074331,0.74392045,5.930149,4.3729405,-0.32111424,0.43972534,0.5568996,-499.3234,0.67659503,0.5581413,1.1567751,0.23002486,0.8492884,25.790138,AVARAGE
33,3.2776968,-0.23950797,0.10614247,6.1944323,0.38676754,0.46545193,0.5330017,0.3581544,0.65376747,3.779486,0.63296485,0.12854727,1.0213403,0.72952205,0.8336943,0.62364256,0.6553795,0.72952205,0.8336943,0.5030575,0.19708994,0.72238445,-0.63296485,0.16974394,0.16255012,0.5560048,-0.08108369,0.57601005,-0.09562963,0.57782245,0.50178885,0.09055287,0.37579826,0.510991,0.7286584,6.5647974,4.779486,0.45744714,0.3823144,0.60590804,-554.98065,0.6987104,0.64283246,1.1865793,0.21039471,0.68051004,29.446894,AVARAGE
34,2.5942795,-0.26459557,0.118096665,5.35029,0.3600799,0.4225072,0.48216805,0.3378897,0.5921906,3.0262785,0.5797402,0.14321934,0.85459065,0.6722214,0.5939881,0.56547403,inf,0.6722214,0.5939881,0.45589834,0.17419076,0.67472357,-0.5797402,0.16527036,0.155825,0.524822,-0.07401127,0.5331867,-0.10301502,0.53108156,0.43200827,0.10231482,0.37145084,0.5091537,0.73990893,5.4784775,4.026279,-8.952197,0.5526714,0.55656576,-523.2707,0.64975774,0.5749886,1.1704051,0.2815472,0.6187972,26.986612,AVARAGE
35,2.8913116,-0.26175994,0.107784495,6.07589,0.34707937,0.42324024,0.49979243,0.3339156,0.6012113,3.3128238,0.59984076,0.13112326,0.95284575,0.66907406,0.56891066,0.5745754,0.5666554,0.66907406,0.56891066,0.48398203,0.17001301,0.68971974,-0.59984076,0.16395074,0.15584798,0.5161531,-0.07604719,0.5423304,-0.093068175,0.5371193,0.42155597,0.09291291,0.36708885,0.5252897,0.7435192,5.8982234,4.312824,-0.34167528,0.44121405,0.56330895,-531.08887,0.6663692,0.57870054,1.177813,0.22660032,0.62651306,26.922827,AVARAGE
36,3.1741807,-0.24824794,0.09488668,6.413159,0.36120573,0.4304613,0.54119253,0.33046767,0.6241151,3.626707,0.6274652,0.11916233,1.0107473,0.675479,0.4415054,0.59949,0.5900863,0.675479,0.4415054,0.50718564,0.18130827,0.71982634,-0.6274652,0.18819153,0.16684592,0.5139732,-0.06433087,0.5650583,-0.09551058,0.5546769,0.4525565,0.08351184,0.3573318,0.5317988,0.7221308,6.433848,4.6267076,0.43237332,0.336268,0.58392066,-773.21686,0.7009365,0.5937708,1.1503304,0.18121436,0.6723058,27.253696,AVARAGE
37,3.2088892,-0.26084468,0.09582853,6.99749,0.36944222,0.4030783,0.51260096,0.31869102,0.59327036,3.6683521,0.62961686,0.11097101,0.8986733,0.62500346,0.20432289,0.5711911,0.6132535,0.62500346,0.20432289,0.50834703,0.1835983,0.7061099,-0.62961686,0.13848536,0.13987464,0.4854783,-0.07894239,0.54736567,-0.07906094,0.53092396,0.45947284,0.08240005,0.3347753,0.5172758,0.76702815,6.191271,4.668352,0.041605752,0.3422427,0.55900896,-645.4549,0.68250626,0.56016505,1.1832639,0.17706567,0.6448385,25.327538,
38,3.3399596,-0.23610288,0.1003155,6.4341908,0.37087795,0.46198663,0.5439529,0.3572311,0.65834004,3.8133671,0.63880765,0.123434566,1.12239,0.7267642,0.7448081,0.6300987,0.60864174,0.7267642,0.7448081,0.51525,0.18880971,0.73622066,-0.63880765,0.18901658,0.18044603,0.54599595,-0.090545356,0.58389395,-0.10105933,0.5811957,0.47340766,0.08400931,0.37560233,0.53173447,0.7047777,6.862343,4.813367,0.68987465,0.30189693,0.61043936,-741.3999,0.71002793,0.6357689,1.2126759,0.16937557,0.69503254,29.29621,AVARAGE
39,3.2106254,-0.2556101,0.09459986,6.73596,0.36418605,0.4201102,0.5278078,0.32575235,0.61201787,3.6780114,0.625445,0.11545889,0.9759714,0.6577259,0.41306064,0.5880894,inf,0.6577259,0.41306064,0.50319743,0.18605745,0.71167505,-0.625445,0.17306419,0.16151045,0.501744,-0.076368354,0.5559837,-0.0886021,0.5444051,0.4674244,0.081633784,0.3436913,0.5150997,0.7359529,6.521177,4.6780114,1.5700474,0.34669897,0.5725153,-651.0701,0.6908781,0.57895297,1.1740335,0.16957249,0.64906496,26.559616,AVARAGE
40,2.9981167,-0.23647684,0.11123232,5.528977,0.3675243,0.4777829,0.52628237,0.37351632,0.665171,3.463715,0.6152873,0.13832262,1.1272027,0.76162934,1.0522605,0.6323011,0.6095767,0.76162934,1.0522605,0.48939547,0.18580014,0.7255876,-0.6152873,0.2055997,0.1976553,0.5689223,-0.10182571,0.58085907,-0.11539345,0.5866645,0.46559846,0.09113938,0.39280537,0.5287242,0.6775206,6.6097174,4.463715,1.6104381,0.38892415,0.6141612,-691.22095,0.69528013,0.6500553,1.236259,0.21656719,0.6843021,30.5543,AVARAGE
41,2.9834118,-0.23672807,0.10981476,5.6170554,0.35480967,0.47095218,0.5254194,0.37168846,0.6611905,3.4265845,0.61339504,0.13741125,1.1594051,0.7541538,0.96569157,0.6301028,0.57042164,0.7541538,0.96569157,0.4925111,0.17860278,0.72884184,-0.61339504,0.21239404,0.20560034,0.5596566,-0.108512156,0.5812756,-0.11888524,0.58371395,0.44317257,0.088704444,0.39268592,0.5417677,0.6663203,6.643681,4.4265847,0.22312191,0.3697569,0.61186194,-665.2295,0.6960494,0.6383619,1.2524903,0.20747505,0.68762743,30.205404,AVARAGE
42,2.7293754,-0.2605717,0.105304666,5.7497306,0.3464205,0.4154096,0.5004463,0.33559033,0.5995705,3.14758,0.5903517,0.13041286,0.9808596,0.6644879,0.48282197,0.5746698,0.55815125,0.6644879,0.48282197,0.47174984,0.16946839,0.69781,-0.5903517,0.19499643,0.18590018,0.5033236,-0.09261764,0.54555875,-0.11231856,0.53556484,0.41823116,0.087914035,0.3574227,0.5314789,0.698012,6.057949,4.14758,0.9560449,0.4110201,0.56270534,-628.3191,0.6687868,0.5623,1.2231023,0.21084392,0.63971233,26.624527,AVARAGE
43,2.7932274,-0.25336,0.10602636,5.704913,0.35976195,0.4306203,0.5066285,0.34880868,0.6181529,3.2374861,0.59742856,0.13117869,1.0145754,0.68985796,0.6044091,0.5919365,0.58741635,0.68985796,0.6044091,0.47274414,0.17836846,0.7089191,-0.59742856,0.20099199,0.19551302,0.517078,-0.10263876,0.5571517,-0.11835604,0.54985136,0.4442871,0.08645766,0.36075702,0.52670926,0.6847648,6.2997804,4.2374864,4.4977484,0.39260292,0.5776095,-610.6052,0.6768559,0.5824955,1.2515213,0.20822862,0.6533641,27.626059,AVARAGE
44,2.8352168,-0.26258022,0.10360369,6.2874794,0.3612671,0.40406162,0.49663943,0.33223087,0.5908744,3.2766256,0.5975982,0.12508188,0.93733454,0.6450449,0.3697103,0.56772476,0.5888029,0.6450449,0.3697103,0.47461158,0.17751208,0.7024773,-0.5975982,0.18192929,0.1834613,0.48863307,-0.10534157,0.5442325,-0.111082114,0.52961606,0.44141886,0.084571466,0.342182,0.5223701,0.70355046,6.2084026,4.276625,0.7245673,0.3872801,0.55638105,-511.1774,0.6695588,0.5475169,1.2547128,0.20144935,0.64270073,25.864115,AVARAGE
45,3.565913,-0.25085756,0.091488734,7.558659,inf,0.4289448,0.5490464,0.3242515,0.6217376,4.114112,0.6468074,0.11239562,0.90740556,0.6645309,0.46180433,0.59714705,0.71962273,0.6645309,0.46180433,0.51236594,0.210486,0.7212769,-0.6468074,0.15624586,0.14075935,0.5112908,-0.057038505,0.56352186,-0.080113284,0.5529902,0.54821014,0.08235503,0.33525878,0.49051473,0.7645315,6.7452087,5.114112,-2.7386281,-inf,0.58091766,-421.04483,0.7059947,0.59750223,1.1340401,0.17450933,-3.3926399,26.937773,AVARAGE
46,2.910094,-0.28198782,0.102076724,6.9382524,-inf,0.38121974,0.48486394,0.3003744,0.5528283,3.3747942,0.6014518,0.1193328,0.7411979,0.5912117,0.2097182,0.5298435,,0.5912117,0.2097182,0.47572973,0.18392496,0.6657833,-0.6014518,0.11890793,0.112593144,0.47345015,-0.053799637,0.51361245,-0.06904702,0.4996651,0.46473977,0.092238545,0.3262007,0.4861122,0.81425184,5.5166135,4.374794,0.609063,-inf,0.52407396,-391.11807,0.6495509,0.5282571,1.1255956,0.22477059,0.5556977,23.956465,UNHEALTHY
47,3.0306687,-0.26852125,0.10179629,6.876492,0.3757778,0.40286282,0.49862725,0.3188412,0.5824101,3.4939153,0.6132916,0.11985679,0.84297097,0.6296794,0.35901904,0.5579892,0.6233446,0.6296794,0.35901904,0.48879758,0.18469779,0.68970823,-0.6132916,0.13678321,0.13489464,0.4909523,-0.07264882,0.53515494,-0.0810812,0.5230667,0.46328694,0.08808951,0.33878157,0.50334483,0.7755807,5.888956,4.493915,-4.15217,0.41687456,0.5488617,-430.85538,0.66724294,0.55629694,1.1660407,0.21582939,0.60892457,25.44246,AVARAGE
48,3.5521924,-0.2631975,0.09090665,7.9611278,inf,0.39249957,0.52338374,0.30855173,0.5851604,4.0755267,0.6418119,0.10444701,0.834805,0.6036763,0.11860786,0.56529915,,0.6036763,0.11860786,0.51260275,0.20299014,0.70799196,-0.6418119,0.123236224,0.1265998,0.47226688,-0.07391031,0.5448379,-0.06990771,0.52431726,0.5233658,0.07977511,0.31341493,0.48886353,0.78837824,6.5553446,5.0755267,-4.654597,-inf,0.55212826,-405.7703,0.68873703,0.54806864,1.1715171,0.15607448,0.6448131,24.53638,UNHEALTHY
49,3.1442132,-0.2504461,0.102065705,6.5304575,0.38148102,0.42907396,0.51866984,0.34106946,0.61955523,3.6309962,0.62503237,0.12180993,0.939548,0.6749233,0.4768431,0.59465927,0.64102024,0.6749233,0.4768431,0.49545765,0.19253606,0.71681976,-0.62503237,0.16391855,0.16328277,0.514309,-0.0902785,0.5617078,-0.09932113,0.5518845,0.48679435,0.08523504,0.350502,0.5136659,0.7299431,6.370422,4.630996,-0.7862498,0.37824538,0.58021265,-379.99994,0.6889762,0.5903996,1.2102368,0.20550276,0.66739386,27.207436,AVARAGE
50,3.1873724,-0.2521822,0.0991655,6.547172,0.36423594,0.4294001,0.5229566,0.3355528,0.61986274,3.6470945,0.62359565,0.12011912,0.99526364,0.6742425,0.5032505,0.5945081,-inf,0.6742425,0.5032505,0.501627,0.18303242,0.71336865,-0.62359565,0.1705043,0.16343376,0.51368177,-0.08375508,0.559735,-0.095353,0.5510293,0.4597498,0.084281705,0.35476333,0.5229734,0.73335403,6.4533963,4.6470942,-19.724247,0.34630355,0.57907015,-572.76263,0.689346,0.590706,1.1934409,0.1832988,0.65990555,27.197502,AVARAGE
51,2.960827,-0.2657085,0.09959775,6.566906,0.34439072,0.39806992,0.503401,0.31758475,0.5832409,3.3774958,0.6058395,0.120055854,0.9160452,0.62727857,0.25568783,0.5609183,0.5527004,0.62727857,0.25568783,0.49051702,0.1691524,0.6952876,-0.6058395,0.1629933,0.15587099,0.48347333,-0.07903875,0.538873,-0.09396479,0.52333504,0.41667733,0.085403375,0.3440648,0.530053,0.74328697,5.9767723,4.3774953,1.2086669,0.3890954,0.55054253,-553.31,0.671338,0.54581463,1.181322,0.19791454,0.62860554,25.270294,
52,3.1821632,-0.25922978,0.1068271,6.5944414,0.35562295,0.4269199,0.49283198,0.34548476,0.6112859,3.6195655,0.6142037,0.12183861,1.0213339,0.6693498,0.5946494,0.58425504,-inf,0.6693498,0.5946494,0.49856687,0.17524202,0.69871384,-0.6142037,0.14158037,0.15662928,0.51377684,-0.10772042,0.5488346,-0.08555445,0.5442774,0.43745595,0.08685693,0.3588799,0.51747715,0.7457829,6.3746014,4.6195655,1.0459445,0.34483117,0.5695483,-622.4263,0.6681333,0.5857564,1.257182,0.16862799,0.63451546,27.014462,AVARAGE
53,3.377209,-0.24069673,0.10021224,6.6983438,-inf,0.45241985,0.53043413,0.35670826,0.64949536,3.8457844,0.6377005,0.11914973,1.1178625,0.7119584,0.6957631,0.62164974,0.59780025,0.7119584,0.6957631,0.5165187,0.18677785,0.7348519,-0.6377005,0.17683028,0.18166295,0.53278655,-0.11041759,0.5793179,-0.100666516,0.5739107,0.4685154,0.08037596,0.365868,0.53311217,0.70304614,6.9417214,4.8457055,1.2785149,-inf,0.60263425,-720.45544,0.7031821,0.6224266,1.2550138,0.15361696,0.69242907,28.695583,AVARAGE
54,3.0859547,-0.26008025,0.097690985,6.7322154,-inf,0.41296488,0.5123987,0.32889876,0.60294086,3.5116253,0.6122451,0.11906933,1.0114992,0.65406454,0.41525325,0.579539,-inf,0.65406454,0.41525325,0.49861497,0.17148285,0.70809364,-0.6122451,0.17923391,0.17377466,0.4939439,-0.09398828,0.5508299,-0.09769788,0.5377153,0.4256972,0.08098761,0.34870252,0.5343891,0.7205557,6.428179,4.5116253,-0.25195485,inf,0.56528395,-455.82962,0.68066543,0.56361353,1.2158201,0.17518614,0.43482855,26.300646,AVARAGE
55,3.0908277,-0.24051388,0.10762901,6.0569515,0.35839373,0.45659763,0.51741725,0.36581168,0.6493935,3.5427568,0.6200292,0.13011707,1.1152188,0.7272756,0.7935967,0.6207538,0.5802863,0.7272756,0.7935967,0.4992199,0.18122835,0.7284673,-0.6200292,0.19035722,0.19575049,0.5419871,-0.11837616,0.57699406,-0.111587964,0.57435465,0.45193848,0.08538951,0.3781088,0.537377,0.6811524,6.690254,4.5427566,-1.427886,0.35070556,0.6028585,-656.57434,0.69288903,0.62165356,1.2772336,0.19430691,0.6831712,29.184961,AVARAGE
56,3.011998,-0.2555711,0.10505961,6.204983,inf,0.42842767,0.4986518,0.3475889,0.61631596,3.445913,0.6062544,0.12544732,1.0485382,0.6807541,0.611974,0.58997,inf,0.6807541,0.611974,0.49042928,0.17393349,0.70728445,-0.6062544,0.17423004,0.1839338,0.51294863,-0.11501712,0.55495024,-0.10235543,0.54765517,0.43393314,0.084529914,0.3597266,0.52931005,0.70300746,6.4917254,4.4459124,1.5189738,-inf,0.5747057,-569.7029,0.67316824,0.58264595,1.2869089,0.18104507,0.6497464,27.34182,AVARAGE
57,3.0726757,-0.24726452,0.10258848,6.337475,0.34667128,0.4416887,0.51709574,0.36107168,0.63437766,3.5095415,0.6138949,0.12728308,1.1298612,0.7067385,0.71314657,0.6071263,0.56023216,0.7067385,0.71314657,0.496929,0.175435,0.725497,-0.6138949,0.19963633,0.20132881,0.523647,-0.114416875,0.5694405,-0.11404698,0.5626626,0.43687543,0.0819583,0.36819154,0.5434891,0.6795678,6.7628503,4.5095415,1.0466062,0.32107309,0.59038717,-539.59216,0.68958724,0.59829676,1.3067961,0.1729892,0.6511732,28.314314,AVARAGE
58,3.0074506,-0.26172,0.09892948,6.5371027,,0.40978226,0.50698745,0.33646908,0.59905344,3.4302049,0.5999449,0.12273767,1.0402014,0.65426934,0.44853455,0.5757595,inf,0.65426934,0.44853455,0.48679876,0.16923696,0.7054825,-0.5999449,0.19280042,0.18939632,0.49134296,-0.10114438,0.5477129,-0.107153594,0.534865,0.42274362,0.08157842,0.34798393,0.53430754,0.7033234,6.544081,4.430131,3.7212105,-inf,0.561333,-536.3452,0.6742692,0.55372953,1.2814184,0.16663124,0.6364372,26.232244,AVARAGE
59,2.888929,-0.24713321,0.09784616,6.0153294,0.3354289,0.4357013,0.53312755,0.34875184,0.6312588,3.3066509,0.59962445,0.13120233,1.1562773,0.7069445,0.6598787,0.60584176,0.53360486,0.7069445,0.6598787,0.483815,0.16888551,0.7283511,-0.59962445,0.24955456,0.22661057,0.51591986,-0.101640426,0.5700209,-0.13282011,0.5603346,0.41774082,0.0802186,0.36794072,0.55526066,0.6471231,6.7922106,4.306651,0.455654,0.32580355,0.588698,-518.3852,0.69681704,0.582487,1.2723178,0.17982213,0.40217456,28.181425,HEALTHY
60,2.4973617,-0.2814364,0.10660304,5.5735965,0.3342123,0.38117203,0.49584866,0.2926867,0.54750377,2.8731337,0.5620774,0.1395452,0.8082718,0.60563153,0.25820136,0.5254869,inf,0.60563153,0.25820136,0.4520427,0.15488984,0.6503035,-0.5620774,0.18650427,0.1439489,0.48434296,-0.024713667,0.50639987,-0.09137433,0.49568665,0.3758251,0.10317093,0.3564425,0.5142736,0.76446646,5.2083573,3.8731332,0.6565791,0.55666703,0.5200498,-380.74164,0.6447336,0.51589465,1.0609609,0.26146573,0.58437276,24.32529,AVARAGE
61,3.0298724,-0.24712317,0.11366288,5.719648,0.367596,0.46153232,0.5135519,0.355914,0.6396727,3.4886944,0.61083376,0.13838789,1.0169836,0.72738904,0.9112319,0.608244,0.6029429,0.72738904,0.9112319,0.48814094,0.1830864,0.70230347,-0.61083376,0.17042813,0.1605213,0.5596749,-0.078115776,0.5616323,-0.09565618,0.5670177,0.45882177,0.09814265,0.38879108,0.5154663,0.73448807,6.170019,4.488694,3.551293,0.45031154,0.5933896,-595.35205,0.6792674,0.6334423,1.176862,0.23685278,0.65583,29.30175,AVARAGE
62,3.5350723,-0.26698366,0.090471044,8.11994,0.40278697,0.38009396,0.5170729,0.30150294,0.57227284,4.060348,0.6422102,0.101932965,0.7830377,0.58190614,-0.01587434,0.55392057,0.6984772,0.58190614,-0.01587434,0.512388,0.20367415,0.7037351,-0.6422102,0.11003738,0.11538496,0.4598661,-0.071410365,0.5387899,-0.06402601,0.51565075,0.5252866,0.07977216,0.3052836,0.48434314,0.80872893,6.367856,5.060348,-22.648012,0.34174147,0.54258966,-359.02435,0.6843106,0.531769,1.1644784,0.16217692,0.64089215,23.692068,AVARAGE
63,2.5845985,-0.27836403,0.11496574,5.5841627,0.34313196,0.40029177,0.46813834,0.3203505,0.5657455,2.9797733,0.569536,0.13815163,0.84515727,0.63414794,0.46853906,0.54048204,inf,0.63414794,0.46853906,0.45635062,0.16096357,0.65404165,-0.569536,0.1505226,0.14156546,0.50143844,-0.067826115,0.5135677,-0.086940296,0.5092145,0.3951749,0.10114664,0.36180142,0.5072946,0.76965815,5.3393607,3.9797735,-0.5423178,0.52858776,0.5329923,-371.1461,0.63361055,0.54370326,1.1574711,0.25796157,0.5774509,25.497704,AVARAGE
64,2.6797695,-0.26709324,0.10530253,5.7198105,0.32492694,0.40587357,0.50486517,0.31642067,0.58256465,3.0623405,0.5817152,0.13497207,0.92322004,0.64690375,0.4011668,0.55872566,0.50971496,0.64690375,0.4011668,0.47230896,0.15737858,0.6803642,-0.5817152,0.19312567,0.16485207,0.50081617,-0.056096315,0.5323424,-0.10171474,0.5228468,0.38258767,0.09494263,0.36574537,0.5368132,0.72790474,5.65347,4.0623407,0.08803475,0.49327126,0.54934776,-525.03406,0.66330695,0.55083054,1.12846,0.24259081,0.620348,25.953592,AVARAGE
65,3.0724912,-0.27752107,0.10147299,6.6907105,-inf,0.39028674,0.48745587,0.30864525,0.5673251,3.5122755,0.60202307,0.11675721,0.8517189,0.60268354,0.26378378,0.5448208,-inf,0.60268354,0.26378378,0.48675218,0.17526348,0.6661798,-0.60202307,0.12412832,0.122337036,0.4809582,-0.06581684,0.51894486,-0.060566563,0.50980324,0.44003642,0.09067917,0.33418557,0.48683897,0.80459845,5.8976054,4.512275,3.9429436,-inf,0.533203,-517.5915,0.6510906,0.5380421,1.1580498,0.18169726,0.98596114,24.459864,AVARAGE
66,2.9940672,-0.28773963,0.09790208,7.2543464,inf,0.3568809,0.4800699,0.2872339,0.53236264,3.3985386,0.59936297,0.11225339,0.78015023,0.5511775,-0.027771145,0.5131359,0.5462983,0.5511775,-0.027771145,0.49007663,0.16426766,0.6611853,-0.59936297,0.11418332,0.111593455,0.4452218,-0.05861453,0.5045355,-0.060224537,0.48300156,0.40452373,0.08835636,0.31950244,0.5059019,0.82046425,5.5731874,4.398538,-0.4232188,-inf,0.5076326,-426.37683,0.6453013,0.49244723,1.1396319,0.1874908,0.58538413,22.367805,
67,3.3916614,-0.26943997,0.09287115,7.5765166,0.38039154,0.38820478,0.50850976,0.30774048,0.5773008,3.8698385,0.62858766,0.105731726,0.87531614,0.597648,0.14220232,0.55716443,-inf,0.597648,0.14220232,0.5081073,0.18849932,0.6937198,-0.62858766,0.1238857,0.12904146,0.46917164,-0.077979304,0.53510356,-0.06401367,0.5174683,0.47829232,0.08096686,0.31880048,0.4923822,0.7910454,6.4248304,4.869839,0.64174485,0.3195086,0.5436444,-411.93405,0.6745109,0.538772,1.1852158,0.14558843,0.6267314,24.282879,HEALTHY
68,3.0004604,-0.26196614,0.09947696,6.583184,0.36027145,0.40670288,0.5098691,0.32462177,0.59344095,3.444762,0.6100062,0.12085479,0.9233721,0.6417673,0.3332626,0.5704266,0.5878553,0.6417673,0.3332626,0.4893827,0.17835654,0.7021102,-0.6100062,0.16979714,0.16248411,0.4915864,-0.081677906,0.5452094,-0.09713611,0.53120273,0.44430158,0.08488352,0.3439202,0.5220527,0.7341804,6.156477,4.444762,-3.1246698,0.3864675,0.55856967,-502.75595,0.67723686,0.55717206,1.1964935,0.19993815,0.64020604,25.84102,AVARAGE
69,2.7508414,-0.2673879,0.10527437,5.916326,inf,0.4040874,0.49421528,0.3260409,0.5845559,3.1452396,0.5855165,0.12994106,0.96262413,0.64361435,0.40893513,0.5608243,0.5211684,0.64361435,0.40893513,0.47421026,0.1612591,0.68420786,-0.5855165,0.18341121,0.17230658,0.49444324,-0.08264145,0.5340141,-0.10034263,0.5234801,0.3944142,0.09036399,0.3572829,0.5295852,0.72271883,5.9297338,4.14524,-5.996229,-inf,0.5496881,-443.32443,0.660008,0.5468356,1.2028072,0.20945041,0.6222188,25.82784,AVARAGE
70,2.9367354,-0.25017062,0.11377137,5.760779,inf,0.4400092,0.49430662,0.358226,0.62510496,3.373235,0.6062707,0.13294847,1.0177803,0.69649166,0.6455557,0.59794647,0.5748605,0.69649166,0.6455557,0.48724586,0.17596649,0.705235,-0.6062707,0.16573538,0.17506073,0.53263336,-0.11115912,0.55843186,-0.10153207,0.5553891,0.4365084,0.09263332,0.37484398,0.5258599,0.71340203,6.2213097,4.3732347,0.26104128,-inf,0.582907,-544.12506,0.6713769,0.6003654,1.2630154,0.21703568,0.6586213,28.013193,AVARAGE
71,3.0635242,-0.268183,0.10505136,6.5300293,inf,0.40608191,0.47950566,0.3322745,0.58916545,3.5069473,0.6041547,0.119302854,0.96022886,0.63604414,0.43137777,0.5652661,inf,0.63604414,0.43137777,0.48760256,0.1767329,0.68500787,-0.6041547,0.13643232,0.15511048,0.4924932,-0.11053591,0.534852,-0.07717458,0.5261375,0.44360968,0.08641951,0.3423903,0.4998483,0.75380766,6.3173842,4.506947,6.8921576,-inf,0.55098176,-456.09628,0.6550421,0.55455524,1.2784294,0.16605766,0.61879164,25.679756,AVARAGE
72,2.886429,-0.2717499,0.10770229,6.3202724,inf,0.40003303,0.4707121,0.3412553,0.58003837,3.281091,0.5854283,0.12701136,1.0006835,0.63563997,0.4513219,0.5562461,inf,0.63563997,0.4513219,0.4789196,0.15973727,0.68019974,-0.5854283,0.15617135,0.1722552,0.488812,-0.11131485,0.52910036,-0.092322454,0.5198823,0.3947364,0.08879568,0.35270312,0.5236296,0.72573125,6.190053,4.281022,-1.3545616,-inf,0.54374564,-464.99637,0.643994,0.5406075,1.3338288,0.17649071,0.61433625,25.529604,AVARAGE
73,2.9934878,-0.24778534,0.1051434,6.1130786,0.34019846,0.43489054,0.5030515,0.39173105,0.6297067,3.4197116,0.6068522,0.12747504,1.1261195,0.6981814,0.62475085,0.6041461,0.5423011,0.6981814,0.62475085,0.49170613,0.17197675,0.72430146,-0.6068522,0.19740507,0.21177478,0.51625085,-0.13174947,0.56772393,-0.119657144,0.55852246,0.42623293,0.0813603,0.36498737,0.54643774,0.6614807,6.784937,4.4197116,3.788581,0.32635662,0.5868945,-643.5111,0.6808202,0.58739936,1.3837371,0.17082267,0.6738718,27.938023,HEALTHY
74,2.7988186,-0.26501867,0.108863235,6.1026835,-inf,0.40205652,0.47692642,0.35334533,0.5878729,3.1853337,0.5804095,0.13123289,1.0359001,0.6474555,0.42136776,0.5651856,0.49996102,0.6474555,0.42136776,0.47386247,0.15712203,0.6941817,-0.5804095,0.18488097,0.1984234,0.48936677,-0.12312717,0.5389004,-0.113162644,0.5283428,0.38655546,0.08731866,0.3563386,0.5395322,0.68698305,6.300899,4.1852674,97.78076,inf,0.5519906,-399.461,0.651974,0.5377335,1.375713,0.18549892,0.6353403,25.879457,HEALTHY
75,2.7326348,-0.26169226,0.103259206,5.601872,0.34842354,0.42249027,0.5296586,0.3160376,0.59817183,3.1561534,0.58312213,0.14056197,0.9343219,0.6748793,0.60011226,0.5723498,0.5660945,0.6748793,0.60011226,0.46372795,0.17062044,0.68389827,-0.58312213,0.22079307,0.16944231,0.52042824,-0.031927988,0.53919196,-0.10835733,0.5351051,0.42351848,0.097938016,0.37099916,0.51877385,0.7273872,5.8442764,4.156153,1.1117003,0.5054409,0.560981,-361.09546,0.67634827,0.57125527,1.0724005,0.24935468,0.6297991,27.054373,AVARAGE
76,2.7719395,-0.2604666,0.11193744,5.694816,0.36795318,0.42640433,0.49541122,0.33738008,0.6021275,3.221316,0.59501946,0.13554066,0.88745856,0.6750325,0.58921564,0.57522714,0.6069822,0.6750325,0.58921564,0.47023675,0.17994563,0.6871789,-0.59501946,0.16621298,0.15553404,0.52283585,-0.07536131,0.54210246,-0.09845242,0.53839415,0.44937637,0.0964315,0.3650152,0.5100248,0.7457788,5.755141,4.2213163,-0.028820505,0.49191275,0.5646505,-450.20044,0.6630994,0.5824608,1.1711607,0.25866506,0.63152647,27.148624,AVARAGE
77,2.8202577,-0.2763007,0.10481114,6.4262977,inf,0.39099586,0.4781945,0.31571165,0.566806,3.2453165,0.5944414,0.12243335,0.8459974,0.6144982,0.30849308,0.54328364,,0.6144982,0.30849308,0.47709653,0.17166266,0.67366767,-0.5944414,0.13867354,0.13890983,0.4804228,-0.08034572,0.522405,-0.079244494,0.5106972,0.4250778,0.089435555,0.33887267,0.5058839,0.77803206,5.671004,4.2453165,-1.701552,-inf,0.5351097,-609.6562,0.64938676,0.53475255,1.1844212,0.2196341,0.59703,24.779146,AVARAGE
78,2.8763978,-0.2567479,0.11082815,5.9135876,0.35604292,0.42618778,0.49505648,0.3432857,0.60767496,3.3104136,0.6019616,0.1316988,0.9451149,0.67536813,0.5407626,0.58156914,0.5763467,0.67536813,0.5407626,0.48267782,0.17489913,0.69772285,-0.6019616,0.16290505,0.16377752,0.5183623,-0.09312736,0.54902864,-0.099617206,0.542589,0.43401563,0.09217456,0.36586827,0.5253965,0.72776943,5.949187,4.3104134,1.6709193,0.4441138,0.5698283,-506.7551,0.66798306,0.5827012,1.2127316,0.23457015,0.6462512,27.152233,AVARAGE
79,3.1328552,-0.2566367,0.100116484,6.761894,0.35448048,0.41483757,0.51245517,0.33120197,0.60435444,3.5784233,0.6205313,0.11913276,0.95891386,0.65297747,0.3842434,0.58060694,0.57839495,0.65297747,0.3842434,0.5024849,0.17868413,0.71113926,-0.6205313,0.16146812,0.16176023,0.49832207,-0.09128131,0.55341387,-0.093134336,0.5400271,0.445568,0.083484486,0.34867722,0.528982,0.7310882,6.3065677,4.5784235,1.6972482,0.36400548,0.5678298,-393.24792,0.6834234,0.57041657,1.208704,0.19209673,0.656249,26.316185,AVARAGE
80,3.3941822,-0.24600612,0.098987415,6.928457,0.3723233,0.4411352,0.52771914,0.34710124,0.6359844,3.8766623,0.63673484,0.11752393,1.0419978,0.6921375,0.59621495,0.609722,0.62006235,0.6921375,0.59621495,0.51412964,0.19063628,0.72715354,-0.63673484,0.16455908,0.168799,0.52218294,-0.10062007,0.57120323,-0.09340889,0.5635605,0.48249054,0.08104776,0.35596794,0.5222044,0.7219944,6.8100567,4.8766623,5.3159986,0.30989048,0.59197575,-529.39264,0.69835794,0.6082781,1.2324765,0.1671073,0.6712385,27.927156,AVARAGE
81,3.4179006,-0.24711503,0.09529814,7.1581707,0.37999794,0.42913118,0.5298459,0.34019914,0.62764454,3.910625,0.64189345,0.111948654,1.0039166,0.67143184,0.4363283,0.60362,0.63509375,0.67143184,0.4363283,0.51640564,0.19452085,0.73132545,-0.64189345,0.16100277,0.16822249,0.50679594,-0.102923825,0.57045215,-0.09338176,0.5574128,0.49273476,0.0776647,0.34237516,0.519913,0.7216362,6.8529396,4.910625,2.3156652,0.29137406,0.5864327,-490.45898,0.7017743,0.593321,1.2403091,0.15788569,0.6779555,27.119228,HEALTHY
82,3.0143547,-0.25506076,0.10680922,6.1373425,0.34381384,0.43880364,0.5079865,0.34816065,0.6223698,3.4371803,0.6038854,0.13127168,1.0752411,0.6980089,0.7486775,0.5945068,0.5540756,0.6980089,0.7486775,0.49002165,0.1706457,0.7024232,-0.6038854,0.18308723,0.17911808,0.52768326,-0.096132815,0.5546563,-0.0989345,0.5529381,0.42286074,0.0888796,0.3739315,0.52844757,0.71381575,6.424883,4.43718,8.896743,0.38464695,0.57874066,-534.6196,0.67546505,0.595366,1.2300205,0.19359134,0.64227897,28.0239,AVARAGE
83,3.0521364,-0.2664724,0.098577805,6.973553,0.35888207,0.39106125,0.49964535,0.3182653,0.5791721,3.4926126,0.61133397,0.11603379,0.89397377,0.6163178,0.18999356,0.5584202,0.5834522,0.6163178,0.18999356,0.4928745,0.17679843,0.7007376,-0.61133397,0.1545756,0.1587184,0.47299913,-0.095165916,0.5395317,-0.09358249,0.5202768,0.44048527,0.081937894,0.33213025,0.52295434,0.7402443,6.1805367,4.492613,2.1709435,0.36874047,0.54763526,-482.68433,0.6720902,0.5360665,1.2206942,0.1898516,0.63782394,24.82751,
84,2.951098,-0.23752709,0.11212936,5.520595,0.3500177,0.47534177,0.52174366,0.37605026,0.6632452,3.386917,0.6081552,0.14054263,1.186572,0.7638215,1.0827266,0.6306393,0.5594622,0.7638215,1.0827266,0.48881254,0.17581189,0.72597736,-0.6081552,0.21669628,0.21054327,0.56503224,-0.11277133,0.58014214,-0.12174329,0.58503485,0.43582815,0.08969047,0.39800423,0.5431302,0.65888834,6.6806407,4.386917,2.0162249,0.37423766,0.6124417,-612.0809,0.6924888,0.64212793,1.2604638,0.20673518,0.6823936,30.554588,AVARAGE
85,3.1263838,-0.24630827,0.104383044,6.4108405,0.35496348,0.44090968,0.51887095,0.3532969,0.6332366,3.5764592,0.6188754,0.12670654,1.0724858,0.70165867,0.6459626,0.60687613,0.58069235,0.70165867,0.6459626,0.49992582,0.17948066,0.7242771,-0.6188754,0.18703905,0.18910265,0.5248285,-0.10975747,0.5692098,-0.108393885,0.56215805,0.45008466,0.08391887,0.36713457,0.5379908,0.6896832,6.63515,4.5764594,7.6540694,0.34638405,0.5903327,-588.68976,0.69146377,0.60081655,1.2530798,0.18793516,0.6746055,28.166084,AVARAGE
86,3.0526185,-0.24007387,0.10874294,5.9402213,-inf,0.45964724,0.5174653,0.36923122,0.65158874,3.512588,0.61734104,0.13193232,1.105002,0.73381305,0.8467899,0.6222101,0.58999676,0.73381305,0.8467899,0.49462196,0.18333669,0.72832036,-0.61734104,0.19425984,0.19975296,0.5454573,-0.119363755,0.5775581,-0.1148034,0.5761066,0.45998955,0.085819915,0.37821004,0.5348991,0.6728687,6.6915765,4.512588,0.93523556,inf,0.60436153,-418.6097,0.6926034,0.62470084,1.2801094,0.20240295,0.68367636,29.422733,HEALTHY
87,2.705759,-0.24618922,0.11100205,5.2927394,0.33737746,0.4515108,0.5104186,0.3640716,0.6378901,3.118006,0.5891658,0.141788,1.122783,0.7324571,0.885483,0.6082936,0.53176683,0.7324571,0.885483,0.4728635,0.1676275,0.7153334,-0.5891658,0.22838454,0.21879631,0.5405543,-0.11206372,0.56683576,-0.12949724,0.5655452,0.41226444,0.08904344,0.3862877,0.548067,0.6471093,6.4000654,4.1180058,-2.914414,0.41701195,0.5929693,-773.43243,0.6809281,0.6047157,1.2688671,0.22616442,0.66794723,29.200432,AVARAGE
88,2.9409807,-0.242148,0.10074493,5.886826,0.35365364,0.44872537,0.5329474,0.35758814,0.6451703,3.393591,0.6058707,0.13132346,1.1540306,0.72607124,0.80152524,0.6175209,0.57495123,0.72607124,0.80152524,0.48385385,0.18059784,0.73397046,-0.6058707,0.24469432,0.230811,0.52882665,-0.11626835,0.5772127,-0.1319431,0.570756,0.45264065,0.080101244,0.3675325,0.5422349,0.6334681,6.989942,4.3935905,2.0709593,0.33038044,0.59911495,-581.61084,0.7003644,0.6023646,1.280855,0.17961162,0.685961,28.972412,AVARAGE
89,2.9290524,-0.24318819,0.099381395,5.8958387,0.3473585,0.44921044,0.5391443,0.35361767,0.6444536,3.3718138,0.6006429,0.13395189,1.1845964,0.72992665,0.8468833,0.616385,0.56214505,0.72992665,0.8468833,0.48110598,0.1769926,0.7318796,-0.6006429,0.2591996,0.2348652,0.5299164,-0.10754474,0.57564825,-0.13455963,0.57006884,0.44277108,0.08070598,0.37146902,0.54543823,0.6310007,7.021196,4.371814,1.4909351,0.33003792,0.5980057,-501.0303,0.70186365,0.6003502,1.2600509,0.17707475,0.6821908,29.082462,AVARAGE
90,2.723172,-0.2682654,0.10332362,5.7855706,0.34581876,0.40314075,0.511486,0.30803734,0.5782163,3.1322458,0.5881041,0.13248497,0.86840594,0.635929,0.34185466,0.5547722,0.5525084,0.635929,0.34185466,0.47157538,0.16654426,0.67567986,-0.5881041,0.18223327,0.14765088,0.5001088,-0.03687861,0.5290626,-0.09290022,0.519425,0.4091402,0.09696806,0.3592085,0.51980084,0.7542158,5.5697327,4.132245,8.241574,0.48825932,0.5460068,-516.0614,0.66539264,0.5521092,1.0852376,0.24122024,0.6181355,25.609121,
91,2.8287308,-0.26112106,0.105372734,5.916067,-inf,0.41939557,0.51133364,0.32508618,0.5984676,3.2775872,0.5965816,0.1325397,0.8954514,0.66425264,0.49848503,0.5733603,0.59985125,0.66425264,0.49848503,0.47314003,0.17926055,0.6899375,-0.5965816,0.18225242,0.16045693,0.51324946,-0.06179933,0.54205704,-0.09961919,0.53520983,0.44887552,0.09386284,0.35883555,0.5123664,0.7336331,5.898431,4.2775874,1.6017418,-inf,0.56191474,-486.08502,0.6715994,0.5730611,1.1391932,0.23954302,0.63308203,26.710272,AVARAGE
92,2.859378,-0.24863201,0.111503154,5.6169286,0.36862147,0.4474948,0.5094109,0.35248032,0.6299627,3.3187892,0.6059628,0.1361391,0.9758813,0.71054703,0.7317667,0.60153675,0.6086884,0.71054703,0.7317667,0.47949845,0.18354747,0.7067799,-0.6059628,0.18260795,0.17503242,0.54122716,-0.088842936,0.56091416,-0.10702093,0.56000334,0.45943218,0.09373236,0.37582424,0.51965964,0.7086925,6.105844,4.318789,0.0011867558,0.4504393,0.58742106,-583.17737,0.679113,0.6111427,1.1999248,0.2447096,0.65977496,28.54596,AVARAGE
93,2.7686734,-0.25010338,0.11652911,5.363765,0.34557694,0.44799665,0.49857712,0.3579418,0.6275838,3.1870198,0.59318876,0.14252377,1.0252408,0.7166756,0.78222764,0.59896535,0.5523425,0.7166756,0.78222764,0.47596484,0.16958085,0.7001406,-0.59318876,0.18733767,0.18236548,0.54464835,-0.09634504,0.55720806,-0.11128609,0.5579568,0.4183463,0.09665171,0.38900775,0.5347735,0.6980483,6.0096145,4.18702,2.1147513,0.4688717,0.5851172,-595.0465,0.6696638,0.6076435,1.2186877,0.25016478,0.65355104,28.714682,AVARAGE
94,2.6183474,-0.26290888,0.11050586,5.5928383,0.3330818,0.41975337,0.496808,0.33339,0.5961902,3.014064,0.57881105,0.14064786,0.96147406,0.67626524,0.5847649,0.57027435,0.52961767,0.67626524,0.5847649,0.46542227,0.1613607,0.687744,-0.57881105,0.19888961,0.18056527,0.51436245,-0.0795951,0.5398467,-0.1134244,0.533912,0.3957253,0.09460909,0.37300602,0.53859735,0.70432085,5.7496734,4.0140643,1.328942,0.48911232,0.5600567,-422.89532,0.66210794,0.56532294,1.1794041,0.25465634,0.6269857,27.026752,UNHEALTHY
95,2.9845905,-0.257308,0.10245623,6.24147,inf,0.41363686,0.5050121,0.33309942,0.60274523,3.4425259,0.61109984,0.1213792,0.9154972,0.6525278,0.34942234,0.57967776,inf,0.6525278,0.34942234,0.48780337,0.18260853,0.7055519,-0.61109984,0.16624527,0.16671689,0.49853072,-0.09430373,0.55096793,-0.09931131,0.5379926,0.45795497,0.0849027,0.3444188,0.5191102,0.72345793,6.1927114,4.442526,-2.175145,-inf,0.5664581,-534.14923,0.6766866,0.5675479,1.2161785,0.20722921,0.65170455,26.276743,AVARAGE
96,3.002927,-0.25227815,0.10661543,6.036499,-inf,0.43722484,0.5119567,0.34596285,0.6227806,3.4446707,0.6076808,0.13012372,1.0193269,0.69348615,0.65579796,0.59565336,0.57766056,0.69348615,0.65579796,0.488668,0.17724063,0.70711315,-0.6076808,0.18311842,0.1767983,0.52638054,-0.09230434,0.55772823,-0.103235066,0.55354947,0.44177157,0.08916494,0.3685856,0.52627623,0.7102727,6.338931,4.4446707,0.7271611,-inf,0.5806512,-538.08575,0.6800827,0.59640926,1.2129588,0.20707825,0.65437645,27.871283,HEALTHY
97,3.1355174,-0.26967105,0.10018176,7.006007,0.37567982,0.39297685,0.49169225,0.31852844,0.57750237,3.602762,0.6142339,0.11432304,0.8484912,0.6130841,0.21747275,0.55616796,,0.6130841,0.21747275,0.4914144,0.18491551,0.6902726,-0.6142339,0.12912111,0.13805473,0.47704515,-0.089588046,0.5341269,-0.0794078,0.51810545,0.4672834,0.08406829,0.3280792,0.5005544,0.77395386,6.0964947,4.6027617,2.5802696,0.38251942,0.54484046,-501.8972,0.6642067,0.5421,1.2089653,0.19084102,0.62138116,24.788801,AVARAGE
98,2.8531165,-0.2630669,0.10602375,6.1728525,0.34408066,0.41098937,0.4998674,0.32867092,0.5920797,3.2650256,0.5963955,0.12991898,0.9386909,0.6537923,0.4302975,0.5681361,0.54751945,0.6537923,0.4302975,0.48125264,0.16728882,0.6931924,-0.5963955,0.17530783,0.1653907,0.5011855,-0.081605345,0.54107505,-0.102011606,0.5305316,0.41191766,0.09019613,0.35958216,0.53244966,0.7278795,5.9252915,4.2650256,-1.3447199,0.43426368,0.55734926,-542.1736,0.6676211,0.5594485,1.1852695,0.22593059,0.6348128,26.248276,
99,2.6136162,-0.27662426,0.10230094,5.909704,0.31886995,0.38733524,0.4920557,0.30853626,0.56390494,2.98456,0.57305086,0.12937267,0.91588944,0.6197569,0.3083391,0.54143405,inf,0.6197569,0.3083391,0.46689665,0.1521375,0.6722574,-0.57305086,0.19199559,0.16952452,0.47696802,-0.06744212,0.52106947,-0.10008395,0.50813746,0.37098327,0.089632824,0.34978607,0.5346334,0.7248559,5.677432,3.98456,3.6126873,0.44552723,0.53296185,-470.3987,0.6525126,0.52262145,1.1533681,0.22028314,0.5997088,24.829708,AVARAGE
100,3.173883,-0.2536002,0.09325254,6.7056303,0.36208043,0.41627163,0.5311417,0.32728723,0.61209434,3.6399114,0.6228369,0.11511815,0.99461573,0.6566471,0.37342474,0.58934647,0.60359514,0.6566471,0.37342474,0.50150675,0.18454887,0.71984196,-0.6228369,0.19020067,0.17919865,0.49471295,-0.08737759,0.5599249,-0.0998653,0.5447924,0.46608862,0.07844128,0.33978057,0.5258148,0.70615155,6.667033,4.6399107,0.17467219,0.31571102,0.57357526,-434.1684,0.69551516,0.5709805,1.1998587,0.16412744,0.6648975,26.443375,AVARAGE
101,2.914141,-0.26233763,0.09476008,6.363417,-inf,0.40191358,0.52066815,0.3166206,0.59151065,3.356781,0.60382545,0.1201475,0.9336519,0.6376184,0.29723242,0.5697426,0.58132344,0.6376184,0.29723242,0.4835312,0.17697603,0.7035292,-0.60382545,0.19775866,0.17879502,0.48431152,-0.07568369,0.54531384,-0.10407502,0.5290794,0.4426887,0.08240677,0.3379537,0.5239959,0.7082909,6.2886596,4.356781,0.10490101,inf,0.5568868,-534.4881,0.68221873,0.54785633,1.1819155,0.19074258,0.6421982,25.623915,
102,2.8384912,-0.25112993,0.10097345,5.7240996,0.3396501,0.4409804,0.53087753,0.3448943,0.6276893,3.2527828,0.59242,0.13661249,1.1267192,0.7120204,0.7978918,0.599617,inf,0.7120204,0.7978918,0.47758123,0.16744293,0.7110207,-0.59242,0.23931345,0.20978595,0.5282284,-0.07949319,0.56058896,-0.121823534,0.5569319,0.41433623,0.08724798,0.37705177,0.54273117,0.6660583,6.530687,4.252783,0.5888841,0.37077898,0.5838243,-664.10077,0.6882959,0.5914911,1.215026,0.1945097,0.65821177,28.433401,AVARAGE
103,2.6455033,-0.2780453,0.091403835,5.9982643,-inf,0.38202107,0.51928514,0.29975364,0.56299096,3.0454037,0.5691391,0.12573662,0.9384613,0.6140503,0.31225145,0.54143226,,0.6140503,0.31225145,0.4573098,0.16144918,0.6767676,-0.5691391,0.23310003,0.19082455,0.46673942,-0.049187984,0.521493,-0.108014435,0.5065596,0.40002754,0.084734544,0.33388576,0.51807374,0.6981505,6.097398,4.045404,1.0468872,,0.53054947,-455.03372,0.6657902,0.5110232,1.1525629,0.18454297,0.6013716,24.560377,AVARAGE
104,2.8546488,-0.25385672,0.091053806,6.1821203,inf,0.41616964,0.54557854,0.32583785,0.61175334,3.2748861,0.5939226,0.12777904,1.0875437,0.6763397,0.4870746,0.5890931,0.53468484,0.6763397,0.4870746,0.47883636,0.16923714,0.72280735,-0.5939226,0.26725903,0.22787623,0.4945369,-0.07946987,0.5604979,-0.1319722,0.5453747,0.42026478,0.078376256,0.3515386,0.55008745,0.638202,6.7742896,4.274886,-0.23360541,-inf,0.5733504,-492.5474,0.6996331,0.55579877,1.2079378,0.17674194,0.6661754,26.94575,AVARAGE
105,3.1800048,-0.25975862,0.09596861,6.795032,inf,0.42051306,0.5293556,0.319001,0.6047638,3.6428545,0.6212912,0.11967974,0.9308718,0.6564945,0.47344586,0.5788478,inf,0.6564945,0.47344586,0.49984446,0.18351538,0.7008529,-0.6212912,0.16618036,0.14285724,0.50751126,-0.05049016,0.5483224,-0.08331976,0.53989846,0.46287984,0.08700736,0.35009813,0.51317185,0.76653266,6.175079,4.6428547,-1.0440142,-inf,0.56641793,-642.2691,0.686458,0.5806567,1.116065,0.1962542,0.6172982,26.53713,AVARAGE
106,3.4167163,-0.2645745,0.088736914,7.7208934,inf,0.39161462,0.5286583,0.30561265,0.5835311,3.9393914,0.6356387,0.10560581,0.8223589,0.6060347,0.11641849,0.563475,0.70838004,0.6060347,0.11641849,0.50477785,0.20156275,0.70710284,-0.6356387,0.14020452,0.13023068,0.47021127,-0.060402907,0.54397434,-0.07657686,0.5233902,0.52274126,0.07860488,0.31240126,0.49332434,0.78697896,6.3685913,4.939391,0.6749281,-inf,0.5512124,-427.354,0.68973345,0.5444857,1.1411045,0.17068861,0.6352282,24.57642,AVARAGE
107,2.9030056,-0.28998798,0.100595675,7.140442,0.33490106,0.36207446,0.47492686,0.2901084,0.5327143,3.3020384,0.59052575,0.11754342,0.78673506,0.56285167,0.08771816,0.511794,-inf,0.56285167,0.08771816,0.48102775,0.16147062,0.65465283,-0.59052575,0.11893635,0.11246993,0.45303813,-0.056017905,0.50116944,-0.063522555,0.4840338,0.39898172,0.0909637,0.32696086,0.5054669,0.82577276,5.445714,4.301971,-1.895835,0.4457233,0.50699544,-446.5428,0.63911813,0.49623567,1.1336178,0.2035354,0.5684135,22.788122,AVARAGE
108,2.7625282,-0.27912083,0.10911024,6.2736783,,0.3949193,0.47569764,0.3172776,0.56453896,3.1717906,0.5825972,0.13033393,0.85120875,0.6231367,0.3958589,0.54033536,inf,0.6231367,0.3958589,0.46853527,0.1648354,0.66253316,-0.5825972,0.14355178,0.1363225,0.4903168,-0.068968914,0.5163439,-0.08357802,0.5082839,0.40927896,0.09541345,0.35127887,0.50898767,0.7858222,5.5306187,4.1717906,10.583765,,0.5323213,-504.89682,0.64151806,0.5376256,1.1649569,0.23686503,0.57900256,25.091522,AVARAGE
109,3.0979173,-0.26205492,0.108695716,6.6105337,inf,0.41456988,0.49018925,0.33580244,0.5956232,3.558181,0.6141272,0.12354145,0.8731464,0.64696586,0.3879878,0.5713721,0.61467373,0.64696586,0.3879878,0.49218193,0.18244804,0.69242364,-0.6141272,0.12637462,0.13589926,0.5060357,-0.08854313,0.54201955,-0.083431855,0.53296494,0.46032268,0.091483384,0.3511331,0.51006055,0.77635545,5.9452796,4.5581813,1.068139,-inf,0.55984503,-539.65894,0.6642948,0.5725356,1.2106858,0.2217807,0.6317711,26.155458,AVARAGE
110,2.923287,-0.24770315,0.11513649,5.687953,0.34312397,0.4576244,0.5032333,0.36628082,0.6380169,3.346385,0.60298836,0.13953748,1.0736256,0.72962606,0.9067495,0.6072197,0.55278057,0.72962606,0.9067495,0.48718634,0.1705374,0.7075601,-0.60298836,0.18168353,0.18074535,0.55187535,-0.100823864,0.5631715,-0.108472824,0.5661455,0.42312527,0.09425099,0.3923934,0.53926903,0.7034821,6.1992188,4.346385,3.4808457,0.43159395,0.5925899,-573.27716,0.67563146,0.6223485,1.239418,0.233432,0.65752685,29.26892,AVARAGE
111,2.9676762,-0.25580668,0.10628572,6.1007276,0.3566944,0.42551467,0.504611,0.33904704,0.6099385,3.4118629,0.6094465,0.12676778,0.94440925,0.6709101,0.501526,0.5843334,inf,0.6709101,0.501526,0.48878905,0.17792787,0.70243835,-0.6094465,0.16479672,0.16238378,0.5149947,-0.087810926,0.5517717,-0.09779498,0.5440779,0.44420496,0.08947998,0.35972437,0.5239898,0.73033905,6.085007,4.4118624,5.0075808,0.42117888,0.5715698,-562.86755,0.6750941,0.5840065,1.2044325,0.21891947,0.6497685,27.022394,UNHEALTHY
112,2.9933991,-0.27470925,0.10414442,6.511218,,0.39923555,0.47942394,0.32075357,0.5772083,3.442659,0.60037965,0.11873784,0.8670527,0.6217773,0.3631726,0.5535587,inf,0.6217773,0.3631726,0.4814976,0.17795506,0.6727223,-0.60037965,0.12886725,0.13576132,0.48786166,-0.08571502,0.5252728,-0.07152028,0.5175339,0.44941297,0.08865821,0.33620584,0.4899201,0.7824043,5.9572515,4.442659,-3.6380255,,0.5413497,-564.1647,0.64924604,0.5484671,1.2028782,0.19221137,0.5772791,25.155396,UNHEALTHY
113,2.838349,-0.26351976,0.10698309,6.0312247,0.33771154,0.41281605,0.49403927,0.33371857,0.593773,3.239592,0.5941911,0.1293711,0.96383196,0.6558545,0.44878235,0.569234,0.5306817,0.6558545,0.44878235,0.48179,0.16339783,0.69112647,-0.5941911,0.17045541,0.16656913,0.5028286,-0.08744072,0.5405736,-0.10079726,0.53123075,0.40120056,0.09001252,0.3617414,0.5357297,0.7267652,5.923392,4.239525,0.29822865,0.41427955,0.55799496,-531.3531,0.6633603,0.5622027,1.2101369,0.21589495,0.6297812,26.343306,
114,2.7954743,-0.27908602,0.104687765,6.129539,-inf,0.38769653,0.47301102,0.31616583,0.56451076,3.223248,0.5853336,0.12128936,0.85926706,0.6083679,0.28394488,0.5423984,inf,0.6083679,0.28394488,0.46783605,0.17112902,0.6649238,-0.5853336,0.14281245,0.14652382,0.47683477,-0.08570119,0.5175482,-0.07897256,0.5074558,0.42778668,0.08916185,0.333757,0.49216783,0.76549244,5.8198175,4.2231827,1.777785,,0.53118384,-524.38214,0.64118034,0.52851605,1.2088343,0.19515024,0.5855574,24.545479,AVARAGE
115,3.0124607,-0.2557426,0.10692284,6.067002,0.36212018,0.4313443,0.4983427,0.34816912,0.6170554,3.4689846,0.6092523,0.12499066,0.9978988,0.680158,0.61357677,0.58997935,-inf,0.680158,0.61357677,0.48676798,0.18158267,0.7024272,-0.6092523,0.16236448,0.17109862,0.51850027,-0.10555339,0.55328876,-0.09746247,0.54789495,0.4565523,0.0871559,0.3574169,0.5145949,0.7192385,6.3698945,4.4689846,1.1099408,0.36568448,0.57503545,-562.28656,0.6715382,0.59063804,1.2551509,0.18767771,0.64384323,27.39405,AVARAGE
116,2.8495178,-0.26380235,0.10473491,5.9003243,0.35729623,0.416562,0.49362683,0.33507496,0.59903413,3.2864919,0.5961005,0.12553379,0.9696227,0.6584642,0.51919216,0.57343733,inf,0.6584642,0.51919216,0.47593352,0.17512554,0.68940467,-0.5961005,0.17043471,0.17040218,0.50452214,-0.09332235,0.5407836,-0.095663376,0.5340884,0.4370449,0.08796012,0.35208935,0.51039505,0.7233774,6.1520586,4.2864914,0.2410738,0.3912555,0.55983746,-688.1595,0.6624961,0.5672837,1.2348001,0.19079378,0.6267944,26.496668,AVARAGE
117,2.5128226,-0.28564835,0.105597734,5.92512,-inf,0.37058428,0.46685898,0.3119858,0.5421736,2.8760061,0.5618338,0.13031158,0.86574817,0.5931433,0.20999014,0.5207882,,0.5931433,0.20999014,0.45557648,0.14958763,0.6579889,-0.5618338,0.17031816,0.16210437,0.46272397,-0.0741968,0.5065162,-0.09739591,0.49050033,0.3632362,0.09215508,0.34223133,0.5272037,0.7377829,5.4628434,3.876006,-1.1538196,,0.51496965,-480.5093,0.63159454,0.4985255,1.2249619,0.22087193,0.5802616,23.760391,AVARAGE
118,3.2511477,-0.25895616,0.0978184,7.1810956,0.35965553,0.40889034,0.504625,0.3409133,0.6009304,3.7143528,0.6215486,0.11538779,0.9721807,0.6443922,0.3531582,0.57841134,,0.6443922,0.3531582,0.50173986,0.18268606,0.7133048,-0.6215486,0.15388249,0.16762017,0.4886435,-0.10383921,0.5523339,-0.095182106,0.53687894,0.4632669,0.079753116,0.33787015,0.52342,0.7265184,6.585071,4.7143526,6.1929283,0.32527572,0.5642444,-481.48395,0.67783606,0.5605703,1.3158896,0.16449901,0.6516345,25.958807,AVARAGE
119,2.8575451,-0.26123458,0.103981055,6.287752,0.32139015,0.4168559,0.5018353,0.3470952,0.6007827,3.2470994,0.58836913,0.13302791,1.065275,0.67340267,0.5832055,0.57564175,0.5122905,0.67340267,0.5832055,0.48043638,0.15810055,0.7023124,-0.58836913,0.2023569,0.19627136,0.50300556,-0.0963578,0.5468323,-0.116847366,0.5369151,0.3895794,0.08614965,0.3662922,0.5529026,0.6859923,6.296822,4.2470994,1.8799303,0.38474414,0.56315196,-574.17773,0.6687442,0.5592072,1.2938339,0.19709663,0.6443063,26.886486,AVARAGE
120,3.223973,-0.24931437,0.10533201,6.400472,0.40337917,0.43719512,0.5162098,0.3412139,0.6240406,3.7449763,0.6312569,0.122355774,0.88577217,0.6788389,0.49618998,0.59822196,0.70210093,0.6788389,0.49618998,0.49542537,0.20275712,0.709336,-0.6312569,0.1411575,0.13808809,0.5279625,-0.07767381,0.56044585,-0.085928135,0.55498683,0.52100325,0.09076736,0.3526891,0.49405432,0.7776725,6.208497,4.7449765,1.9665368,0.39773804,0.5833725,-493.9708,0.6860464,0.60537434,1.175883,0.22112057,0.66312504,27.495243,
121,3.196443,-0.2478838,0.10507369,6.2152433,0.39733222,0.44499046,0.519204,0.34821597,0.6322688,3.7094398,0.6264563,0.12442078,0.9490444,0.6950984,0.63495505,0.60452735,0.6859375,0.6950984,0.63495505,0.49232683,0.20036036,0.7110138,-0.6264563,0.156393,0.1525943,0.5345957,-0.082549915,0.5633779,-0.09197205,0.5606234,0.5129965,0.08960531,0.3577312,0.49691275,0.7545498,6.390621,4.7094398,0.13065003,0.38546035,0.5885395,-611.40906,0.6871326,0.61361754,1.1977774,0.20680922,0.6636121,28.092045,AVARAGE
122,3.2200477,-0.25429982,0.10781063,6.586069,0.38962892,0.4314136,0.50538266,0.3447658,0.6154912,3.7202287,0.6211461,0.12559174,0.91852736,0.67515546,0.5479159,0.5896869,inf,0.67515546,0.5479159,0.49106386,0.1955164,0.7029406,-0.6211461,0.14126578,0.143851,0.5224412,-0.088227175,0.5536456,-0.088733196,0.5481279,0.500181,0.09102764,0.35466287,0.49828646,0.7738242,6.2622294,4.7202287,-30.595984,0.42211565,0.575332,-447.75513,0.6764937,0.5922924,1.2121321,0.21450023,0.651259,27.267376,AVARAGE
123,3.5173995,-0.26007277,0.088436864,7.972268,0.38386422,0.391607,0.52922726,0.30977896,0.5885796,4.007093,0.64208996,0.10384049,0.8917438,0.6075526,0.07929331,0.5696983,0.6401355,0.6075526,0.07929331,0.5184981,0.19322506,0.71874845,-0.64208996,0.14398925,0.14184836,0.467474,-0.0799588,0.55130905,-0.0808834,0.52781945,0.4897037,0.075867094,0.3175413,0.5125398,0.77016693,6.625641,5.007093,4.097276,0.2920903,0.5564438,-335.0105,0.6961783,0.54353476,1.1831378,0.15142,0.66157305,24.615355,
124,2.8283896,-0.2642389,0.11246121,5.904342,0.34115857,0.4174518,0.483739,0.3374034,0.5941492,3.2400484,0.59250855,0.13288623,0.9341403,0.66024363,0.50717103,0.5686656,0.5565298,0.6602576,0.50717103,0.47722426,0.16736722,0.683135,-0.59250855,0.15467808,0.15514465,0.51244503,-0.08937371,0.5370831,-0.0945894,0.5318244,0.4116676,0.09499323,0.36664626,0.5214677,0.7514634,5.8046017,4.2400484,0.6528106,0.47926638,0.55748326,-517.8753,0.655499,0.5683166,1.210421,0.23425013,0.6239872,26.56283,AVARAGE
125,2.9677987,-0.27521193,0.11093764,6.406174,0.3400579,0.40038428,0.46987793,0.32652655,0.57385856,3.38109,0.5918127,0.12606713,0.9069198,0.62551934,0.42245272,0.5496504,inf,0.62551934,0.42245272,0.48004147,0.16659686,0.6653345,-0.5918127,0.12336735,0.13363133,0.49506298,-0.08875115,0.5208001,-0.07042455,0.51686764,0.41339388,0.09467872,0.35294324,0.49790785,0.79276824,5.8232517,4.3810897,-0.048573695,0.4542532,0.5383212,-402.0664,0.64082146,0.5456242,1.2157211,0.20045383,0.59630775,25.278593,AVARAGE
126,3.2731829,-0.26689443,0.097189605,7.233578,0.35920408,0.39081532,0.4980071,0.31810525,0.58071584,3.7174637,0.6203212,0.10997372,0.9224248,0.60797536,0.17188354,0.56037587,inf,0.60797536,0.17188354,0.5056288,0.17756286,0.6978565,-0.6203212,0.13270004,0.14604218,0.47181395,-0.09871573,0.5386001,-0.077509135,0.5201033,0.44433704,0.080998585,0.32831952,0.51437676,0.76288295,6.392411,4.717464,-0.76100576,0.3177463,0.54728407,-489.6476,0.67073244,0.539141,1.2368332,0.15228124,0.63516545,24.607925,UNHEALTHY
127,3.1845634,-0.24142209,0.10685237,6.2800794,0.34662193,0.4570301,0.5200088,0.3672789,0.64919263,3.620514,0.6198415,0.12993327,1.1702821,0.7288284,0.8487637,0.6199835,0.5556213,0.7288284,0.8487637,0.50519586,0.1751438,0.7284026,-0.6198415,0.19157359,0.19666052,0.5416395,-0.11801485,0.5763307,-0.10953956,0.5740759,0.43595055,0.084609486,0.38234672,0.54591846,0.6824088,6.811554,4.620514,-1.382708,0.32180732,0.601997,-602.57916,0.6937035,0.62121624,1.2844775,0.17526962,0.681939,29.234755,
128,3.5980353,-0.2390557,0.093813516,7.3047614,0.3728145,0.43895277,0.5381108,0.35158423,0.64577115,4.09081,0.6512146,0.10913497,1.1226205,0.68840617,0.48034525,0.6225581,0.62047124,0.68840617,0.48034525,0.5292944,0.19394122,0.7475308,-0.6512146,0.17245808,0.18813378,0.51198894,-0.12549484,0.58415914,-0.098207556,0.57058525,0.49280617,0.07303612,0.34615552,0.5319502,0.69105387,7.4069624,5.09081,-1.0155997,0.20955974,0.6009215,-426.0885,0.7129311,0.60585475,1.2966845,0.11051742,0.701515,27.78112,AVARAGE
129,3.4340332,-0.2563862,0.09336096,7.197821,-inf,0.4159082,0.5227301,0.33018407,0.6125862,3.9023073,0.62855625,0.11014949,1.0516834,0.6509151,0.3985422,0.5904922,-inf,0.6509151,0.3985422,0.51228005,0.18421659,0.7153663,-0.62855625,0.16692212,0.17189044,0.49270356,-0.10328567,0.55697626,-0.085627995,0.5432894,0.4683594,0.07680375,0.33697402,0.51638144,0.72222817,7.034696,4.9023075,1.7289957,-inf,0.5713925,-426.76233,0.6895559,0.5714628,1.2426864,0.116420776,0.65407443,26.287817,AVARAGE
130,3.2703426,-0.24771869,0.10138078,6.630646,0.3692385,0.43865642,0.51715714,0.35046917,0.6324014,3.7425826,0.6306555,0.11823781,1.0422858,0.68908286,0.58194166,0.60598946,0.61040264,0.68908286,0.58194166,0.5084551,0.18723094,0.7233714,-0.6306555,0.16203412,0.17247386,0.5200881,-0.10945482,0.56817746,-0.09550309,0.5604999,0.47225052,0.08143169,0.35622,0.5244325,0.7154056,6.6985307,4.7425823,1.9702843,0.31337753,0.5888388,-657.3445,0.69153416,0.60407704,1.2571499,0.16806194,0.67089945,27.79163,
131,3.1356654,-0.23471865,0.10258833,6.009486,0.35135338,0.4693896,0.5385011,0.36946192,0.6669304,3.5835657,0.6229307,0.1299251,1.2452893,0.75163776,0.9501452,0.6364948,0.5675988,0.75163776,0.9501452,0.5034085,0.17964512,0.74074507,-0.6229307,0.22624621,0.21944049,0.55077845,-0.116540655,0.5878601,-0.12028395,0.58716446,0.4479001,0.08138878,0.38455838,0.5476385,0.64669997,7.1295705,4.583565,3.5024889,0.276624,0.61581117,-742.5923,0.7076448,0.6360454,1.2756015,0.15096474,0.69572896,30.104832,AVARAGE
132,2.957672,-0.23726633,0.103684135,5.7370996,0.34825462,0.4611646,0.536754,0.36424875,0.6569067,3.39452,0.6107111,0.1349448,1.197807,0.74361795,0.8598908,0.62843364,0.55849236,0.74361795,0.8598908,0.49068168,0.17616607,0.7346644,-0.6107111,0.239769,0.22403298,0.5451216,-0.10751698,0.5823616,-0.12770748,0.5799823,0.43684822,0.083957,0.3846564,0.54873085,0.63994586,6.882953,4.3945203,1.6423233,0.32917088,0.6088414,-558.13855,0.70323026,0.62095904,1.2579716,0.18166871,0.692088,29.70939,AVARAGE
133,2.9162517,-0.2390174,0.10608852,5.733978,0.34250155,0.46081686,0.5273007,0.3710003,0.6550596,3.3492112,0.60489,0.13672954,1.2192212,0.74706775,0.94813824,0.62521636,0.54739517,0.74706775,0.94813824,0.4857581,0.17456988,0.73417276,-0.60489,0.24060382,0.23265031,0.54402614,-0.12340785,0.58068776,-0.13321163,0.5786008,0.43297914,0.0832093,0.38455376,0.5506029,0.6308098,6.955371,4.349211,1.7224137,0.34226096,0.606596,-667.27277,0.697736,0.6173422,1.3025048,0.18036163,0.69064647,29.789822,HEALTHY
134,3.08577,-0.24646759,0.09221669,6.6393714,0.36100075,0.42323998,0.5410562,0.3395988,0.6262929,3.5475466,0.6169649,0.11971013,1.1138396,0.68135077,0.4640474,0.6042048,0.5868933,0.68135077,0.4640474,0.49305716,0.18419217,0.7399374,-0.6169649,0.2394912,0.22680856,0.4968698,-0.11463797,0.57345253,-0.12833996,0.5565518,0.46177626,0.07362985,0.34384847,0.54021233,0.64057666,7.1960225,4.5475464,-1.4091549,0.2646454,0.585782,-400.08554,0.70744836,0.570608,1.2801375,0.14239167,0.6880391,27.237608,AVARAGE
135,3.4242837,-0.22951546,0.10208116,6.3377686,0.3860873,0.48228657,0.55020726,0.3703484,0.67962843,3.9343581,0.6444167,0.12562579,1.1614093,0.75918955,0.9757739,0.6480374,0.65292317,0.75918955,0.9757739,0.514523,0.20002465,0.743934,-0.6444167,0.19455878,0.18921085,0.5664399,-0.09917728,0.5941424,-0.10438308,0.59715253,0.5100741,0.084153384,0.38076103,0.52096725,0.68838507,7.164153,4.934358,1.4609777,0.28827092,0.6260489,-613.73285,0.7165373,0.6634982,1.2301576,0.1623774,0.7055939,30.59609,UNHEALTHY
136,3.8318646,-0.24406832,0.09134867,8.096707,0.41613716,0.4256636,0.5371499,0.33854255,0.6302771,4.400019,0.6660035,0.10192845,0.9443722,0.6571691,0.31301257,0.60852385,0.73231965,0.6571691,0.31301257,0.53036433,0.2173318,0.7419966,-0.6660035,0.12823173,0.14895193,0.4992501,-0.1095817,0.5763791,-0.081623636,0.55946016,0.56816673,0.07358647,0.32243192,0.49600908,0.75188994,7.2258215,5.400019,13.301521,0.24602827,0.5893338,-391.04004,0.7116422,0.5948856,1.2569441,0.13475792,0.69419,26.673494,UNHEALTHY
137,3.1157966,-0.25265875,0.10891813,6.3057213,0.3754755,0.43443418,0.5030547,0.35006914,0.61939305,3.5729,0.6161341,0.12705486,0.99064934,0.68301946,0.58347785,0.59282815,0.6091781,0.68301946,0.58347785,0.49404725,0.18193501,0.70596886,-0.6161341,0.1524176,0.1597232,0.52467227,-0.09761481,0.55632496,-0.095386505,0.5510492,0.4571126,0.09023806,0.36516872,0.52019864,0.73694605,6.2817936,4.5729,-1.9587954,0.3640533,0.5784968,-520.16815,0.675948,0.59720135,1.2352204,0.19958432,0.6558138,27.538725,AVARAGE
138,3.7378476,-0.24562906,0.09248404,7.9274654,0.39247727,0.42251042,0.5283581,0.34169674,0.62736523,4.262607,0.6592319,0.102688126,1.010339,0.6556151,0.30793473,0.60575557,0.6754021,0.6556151,0.30793473,0.5306934,0.20392694,0.74137443,-0.6592319,0.13330111,0.16008896,0.4949421,-0.12265302,0.57482016,-0.08704767,0.5570312,0.5247711,0.07243166,0.3280939,0.5140933,0.73467577,7.2175474,5.262607,222.34218,0.21831425,0.58681494,-415.44528,0.7066739,0.5882161,1.2948684,0.1149512,0.69078547,26.560884,UNHEALTHY
139,3.4473116,-0.24265477,0.11263099,6.7641993,0.39564234,0.45326284,0.4996527,0.37199455,0.64361495,3.9683957,0.6412018,0.12164758,0.97506905,0.7054322,0.6634097,0.61594,0.68329763,0.7054322,0.6634097,0.50904,0.20280743,0.7233397,-0.6412018,0.11659747,0.1494512,0.5411067,-0.12624127,0.5727309,-0.08951213,0.5701287,0.52108413,0.0878439,0.36177412,0.50391304,0.7524236,6.6211133,4.9683957,1.4183384,0.36042202,0.5983632,-470.72787,0.68428266,0.6290266,1.2999402,0.196922,0.6783002,28.54792,UNHEALTHY
140,3.516156,-0.25625068,0.09830605,7.7224803,0.3721235,0.40823197,0.50843745,0.3321336,0.602604,3.9896266,0.6416323,0.10875807,0.95359665,0.6334502,0.23766041,0.58122236,0.62408483,0.6334502,0.23766041,0.5207843,0.18768094,0.7183672,-0.6416323,0.12049349,0.14127585,0.48776165,-0.10644783,0.5559107,-0.08112261,0.53856456,0.4734706,0.07952971,0.33600152,0.52045923,0.77111673,6.5807476,4.9896264,-0.41363367,0.29366046,0.5668903,-485.00116,0.6860098,0.5663444,1.2571751,0.1524256,0.66233647,25.66305,
141,4.502704,-0.23147954,0.08231129,9.197377,0.41538367,0.43810928,0.56719846,0.3449503,0.658444,5.095887,0.69642025,0.09038103,1.1111571,0.671901,0.31379664,0.6394076,0.7394992,0.671901,0.31379664,0.5659387,0.22473189,0.7715592,-0.69642025,0.13272694,0.1636047,0.50219315,-0.13016619,0.599259,-0.07794737,0.5801403,0.5931956,0.06408385,0.3184569,0.5036814,0.7310083,8.428895,6.0958877,-0.438714,0.080459714,0.6116394,-295.1602,0.73962206,0.61513114,1.3157347,0.035406254,0.7296044,27.338446,AVARAGE
142,3.3885508,-0.26704124,0.09951075,7.4055095,-inf,0.40321746,0.49073917,0.3324469,0.5923757,3.852551,0.6217019,0.11009092,0.9900858,0.62697226,0.35972935,0.5699815,,0.62697226,0.35972935,0.5060839,0.1820003,0.69618225,-0.6217019,0.12526469,0.14962843,0.48358735,-0.11399522,0.5403478,-0.070593275,0.5292712,0.46412885,0.08037848,0.33210653,0.49995428,0.7655274,6.714766,4.852551,0.5353249,-inf,0.5535375,-448.5751,0.66534156,0.5535868,1.2915862,0.1253756,0.6235804,25.381031,AVARAGE
143,4.200264,-0.26402757,0.07731975,10.222881,inf,0.36817056,0.5348713,0.3002502,0.57533544,4.728302,0.6763859,0.08271003,0.8993407,0.56113595,-0.16888903,0.5611795,inf,0.56113595,-0.16888903,0.5555486,0.20358582,0.7357721,-0.6763859,0.095448494,0.12418387,0.43101236,-0.10460853,0.55272114,-0.06035476,0.51773894,0.52804965,0.06284983,0.2846455,0.50781715,0.79580575,7.359932,5.7283025,0.030223163,-inf,0.5461163,-192.38484,0.70820343,0.5180786,1.2633014,0.06582835,0.66814846,22.884161,
144,3.3809786,-0.28641686,0.091721825,8.310529,-inf,0.34788692,0.47462127,0.2920332,0.5344197,3.8478398,0.62089974,0.09660372,0.7860124,0.5329871,-0.14545487,0.5178784,0.62388444,0.5329871,-0.14545487,0.50499177,0.18260588,0.6792795,-0.62089974,0.08580257,0.11515338,0.42392337,-0.10189055,0.5124412,-0.054507047,0.48601425,0.4669506,0.07605855,0.29034975,0.487259,0.8150592,6.2209396,4.8478403,0.81053007,,0.5090342,-373.69208,0.6513225,0.4829108,1.2505239,0.12902494,0.59951085,21.693695,AVARAGE
145,3.2093422,-0.24144956,0.10816227,6.3173866,0.37022054,0.45176053,0.50839335,0.36969322,0.64633393,3.685809,0.6285943,0.12408286,1.0894923,0.7141196,0.7076323,0.61848885,0.620702,0.7141196,0.7076323,0.5040066,0.18853804,0.72953004,-0.6285943,0.1641496,0.18515506,0.53508407,-0.13149683,0.576282,-0.104419164,0.5716476,0.4764768,0.08332355,0.3670888,0.5280689,0.6989107,6.7719736,4.685809,0.6557098,0.32057208,0.600369,-647.8291,0.6899659,0.61893034,1.3152349,0.17599513,0.6840083,28.736004,AVARAGE
146,2.8489656,-0.24510492,0.11211841,5.5379953,0.34269762,0.46288845,0.51008767,0.37116674,0.6475904,3.2715445,0.59770596,0.14102206,1.1658031,0.74643844,1.0244079,0.6157845,-inf,0.74643844,1.0244079,0.48088396,0.1702047,0.7155788,-0.59770596,0.2133139,0.20867004,0.552706,-0.11421433,0.5693416,-0.121572174,0.57270783,0.42262492,0.08981752,0.3928226,0.5431231,0.66947514,6.542733,4.2715445,-0.47589612,0.3884953,0.59912705,-600.5771,0.6814792,0.6221302,1.2787397,0.21199583,0.6641299,29.821486,AVARAGE
147,3.1650736,-0.23441307,0.10581913,6.0657043,0.36463246,0.46892697,0.5258313,0.3798125,0.666752,3.6398835,0.62757355,0.12809399,1.182004,0.74780923,0.9090526,0.6365729,0.6027286,0.74780923,0.9090526,0.5020305,0.1879439,0.7409572,-0.62757355,0.20159714,0.21087044,0.5505118,-0.13059089,0.588045,-0.11899052,0.58706486,0.47483045,0.08158478,0.37760082,0.537082,0.6639917,7.1032515,4.639884,1.9581124,0.30153477,0.6159326,-644.62885,0.70230806,0.6375297,1.3308245,0.16909002,0.6980287,29.995987,AVARAGE
148,3.2135632,-0.2531799,0.09864298,6.8039865,inf,0.42099062,0.5126674,0.3453166,0.616899,3.7060316,0.6215714,0.11665779,0.9996539,0.66627973,0.45656216,0.5935404,0.6325943,0.66627973,0.45656216,0.49463624,0.19196926,0.7213047,-0.6215714,0.17397621,0.18550982,0.49913505,-0.119196504,0.5614629,-0.10684464,0.54822916,0.49252242,0.07815362,0.3372469,0.51608574,0.7078914,6.899374,4.706032,-0.49998918,-inf,0.5763826,-509.0034,0.68634635,0.5743259,1.3071786,0.16438787,0.66352665,26.799047,AVARAGE
149,3.1844594,-0.24027917,0.0983746,6.544567,0.37003663,0.44157627,0.5342251,0.3595819,0.64433354,3.6636724,0.6228665,0.12338705,1.1422917,0.70868784,0.6217972,0.6201174,0.6056908,0.70868784,0.6217972,0.49651042,0.18933097,0.74224883,-0.6228665,0.22057948,0.22026868,0.5182852,-0.12783563,0.58101046,-0.126063,0.5700667,0.47923383,0.0767089,0.35516337,0.53468156,0.6604333,7.2964187,4.6636724,-0.4008364,0.2832316,0.5994653,-538.6012,0.70580566,0.595536,1.3287872,0.15506448,0.6966399,28.361704,
150,3.3032331,-0.2530792,0.09437903,6.8540797,0.38626137,0.42063278,0.54376364,0.31859422,0.61087304,3.8024976,0.629085,0.1192518,0.89856774,0.6561824,0.35658365,0.5882857,0.6619587,0.6561824,0.35658365,0.500788,0.19568165,0.7105464,-0.629085,0.17229784,0.14685787,0.50753117,-0.048070893,0.55629915,-0.08793381,0.54456913,0.4992644,0.08689843,0.34434864,0.5039925,0.7548342,6.404617,4.802498,1.5931194,0.38363758,0.57329506,-494.54398,0.69819367,0.58248377,1.110515,0.19880539,0.6619261,26.532099,AVARAGE
151,2.7409194,-0.27241617,0.11061964,5.9888077,0.36889878,0.40065175,0.47916967,0.32356724,0.5742331,3.18772,0.5869655,0.1307188,0.8131881,0.6321329,0.36999705,0.5505018,0.6102683,0.6321329,0.36999705,0.4630222,0.17832059,0.67180103,-0.5869655,0.14647476,0.14438249,0.49598947,-0.07749997,0.524873,-0.09181258,0.5157758,0.44683653,0.09533777,0.34606978,0.49871743,0.76199895,5.618245,4.18772,2.013753,0.484159,0.5415096,-492.00552,0.64784026,0.5482062,1.1813852,0.24553363,0.60336554,25.454853,AVARAGE
152,3.3974276,-0.23655969,0.11594941,6.2832823,0.37979448,0.4758222,0.50912535,0.38428864,0.6641984,3.8900888,0.6348115,0.1306925,1.0958709,0.74560255,0.9595793,0.63250345,0.6372875,0.74560255,0.9595793,0.50956136,0.19401878,0.72439617,-0.6348115,0.14088702,0.16537681,0.5677849,-0.12244839,0.5800356,-0.09283163,0.5860044,0.49266136,0.09196269,0.38660148,0.51393014,0.7272735,6.7631054,4.890089,0.11285423,0.36432385,0.61302847,-628.1784,0.68859667,0.65586454,1.2964898,0.19239773,0.68427217,30.098524,AVARAGE
153,3.0532455,-0.23975837,0.10917019,5.8437343,0.36122796,0.46358088,0.52375674,0.36808318,0.6534455,3.5115051,0.61380416,0.13595107,1.1181583,0.7411137,0.8915234,0.62375104,0.5920162,0.7411137,0.8915234,0.49107352,0.1829254,0.7244968,-0.61380416,0.20153876,0.19698657,0.55237985,-0.1053613,0.57659245,-0.115245976,0.5773947,0.45826957,0.08879896,0.38458985,0.5322743,0.68026894,6.65101,4.511505,1.3847282,0.37792715,0.60554683,-640.587,0.6932429,0.62904453,1.2509964,0.2067833,0.681235,29.701563,AVARAGE
154,3.1516411,-0.256676,0.106134355,6.7353687,0.36493704,0.41667262,0.5004732,0.3414925,0.6058093,3.6094692,0.61330193,0.12395065,0.976161,0.6583346,0.43521652,0.58245724,0.59769833,0.6583346,0.43521652,0.49355817,0.18144259,0.70705396,-0.61330193,0.15707797,0.1682869,0.5032347,-0.109269515,0.55177104,-0.096121885,0.5416934,0.4577717,0.08656213,0.35122982,0.5174419,0.72595084,6.434507,4.609393,1.9712323,0.3657634,0.56770396,-549.7408,0.6746284,0.56813264,1.2593564,0.18673055,0.6537151,26.495895,AVARAGE
155,3.7158294,-0.24972817,0.09080072,7.9915733,0.37976733,0.41659182,0.5323441,0.33370158,0.61977166,4.223258,0.6501115,0.10490147,1.0142858,0.6494061,0.2962179,0.5994011,inf,0.6494061,0.2962179,0.52715194,0.19745584,0.7340822,-0.6501115,0.1493518,0.1636289,0.48975363,-0.11011231,0.56866497,-0.087040804,0.55051494,0.50746006,0.07316183,0.32844496,0.51652914,0.73199964,7.2273455,5.2232575,0.24456039,0.23394199,0.57998824,-461.27582,0.70377696,0.57680553,1.2641076,0.11771821,0.6781495,26.265642,AVARAGE
156,3.0871356,-0.2609284,0.10569519,6.7406006,0.36439762,0.40842873,0.4881334,0.340866,0.59696186,3.5469701,0.6132314,0.11934961,0.9364804,0.64349085,0.35293624,0.57407427,-inf,0.64349085,0.35293624,0.4902766,0.18251565,0.7043111,-0.6132314,0.1432529,0.16370611,0.49229538,-0.11798693,0.5471876,-0.09658274,0.53390837,0.45985377,0.08386664,0.3404449,0.51571155,0.7332147,6.317908,4.54697,-1.5254287,0.36071208,0.5607545,-589.9676,0.66772956,0.55929255,1.28525,0.18276148,0.6379703,25.92504,AVARAGE
157,3.4264953,-0.241202,0.11239737,6.7060137,0.37803617,0.46214747,0.4999587,0.3808649,0.6539067,3.9133027,0.6371121,0.12340848,1.1017928,0.7250201,0.8386172,0.6238906,0.62608504,0.7250201,0.8386172,0.5125387,0.19183815,0.72716665,-0.6371121,0.13371904,0.16929008,0.5473972,-0.14023843,0.57692313,-0.09446169,0.5772763,0.48681715,0.08524971,0.37248135,0.51923734,0.72420365,6.8689947,4.913303,-0.76749015,0.3037898,0.604722,-592.04626,0.68552476,0.6362748,1.338996,0.16524617,0.6771989,29.255203,AVARAGE
158,2.966446,-0.2467437,0.10891854,5.944756,0.3598669,0.44699654,0.5128674,0.35962865,0.63533294,3.4230032,0.605583,0.134791,1.0612808,0.7162243,0.7588227,0.6075997,-inf,0.7162243,0.7588227,0.48097694,0.1817237,0.71702445,-0.605583,0.19765888,0.19615345,0.5352815,-0.10876736,0.5666389,-0.11913709,0.5635593,0.4566023,0.08828498,0.37276348,0.5283499,0.6835085,6.517173,4.4230037,0.5196254,0.38719487,0.59115005,-555.12195,0.6837463,0.6046528,1.2628958,0.20842122,0.6758882,28.680033,AVARAGE
159,2.850757,-0.2608583,0.109358124,6.1108437,-inf,0.4160122,0.4884782,0.344585,0.5996114,3.3205132,0.5977714,0.12959617,0.9084963,0.6629505,0.47511634,0.5755555,0.637843,0.6629505,0.47511634,0.46911672,0.18556742,0.69737184,-0.5977714,0.16467729,0.17316467,0.5046345,-0.10690638,0.5453865,-0.107512124,0.53577757,0.46976632,0.088631086,0.34830335,0.50806326,0.7183788,6.111333,4.3205137,1.4475155,-inf,0.56281096,-515.99945,0.6632054,0.5647542,1.2619089,0.22389214,0.5701628,26.598812,AVARAGE
160,3.3374674,-0.25302717,0.096322544,7.0936456,inf,0.41526267,0.5214289,0.33427143,0.61203855,3.8507953,0.62931556,0.1143089,0.9449732,0.6529587,0.3294576,0.5907885,0.6720983,0.6529587,0.3294576,0.49817228,0.19990961,0.72097236,-0.62931556,0.16288052,0.16937666,0.4943112,-0.102283776,0.5605928,-0.0983548,0.5448972,0.513349,0.07905709,0.3309089,0.5040433,0.7221165,6.7834377,4.8507957,0.07792941,-inf,0.5738559,-479.52573,0.69147223,0.57076687,1.2490472,0.16275887,0.6693802,26.325321,AVARAGE
161,2.773512,-0.27811146,0.10442729,6.3567057,inf,0.38187608,0.47021446,0.3196346,0.56103265,3.2283654,0.5866292,0.12151615,0.819066,0.60439926,0.2233039,0.5400824,,0.60439926,0.2233039,0.46195605,0.18066247,0.6745761,-0.5866292,0.14477372,0.15615496,0.46844286,-0.100183375,0.5206452,-0.092263356,0.5045381,0.45490903,0.08657454,0.3238856,0.49286917,0.74784786,5.8787494,4.228365,40.293774,-inf,0.5302875,-374.1116,0.6441254,0.5193644,1.2584502,0.20813175,0.59913844,24.309763,AVARAGE
162,3.2947476,-0.24948032,0.10987122,6.612668,0.37665337,0.44575608,0.49392128,0.3743713,0.63385135,3.77832,0.6238006,0.12455574,1.0628661,0.70132536,0.7534432,0.60546446,inf,0.70132536,0.7534432,0.49998137,0.19006899,0.7142328,-0.6238006,0.13972618,0.16924097,0.53221154,-0.1270919,0.5637378,-0.093089506,0.5614535,0.48357257,0.08645543,0.36307323,0.51115674,0.72663695,6.756501,4.77832,-44.53454,0.33003044,0.58804387,-529.17224,0.6749483,0.61141133,1.3675932,0.16690136,0.6607729,28.269379,AVARAGE
163,2.9389422,-0.2583645,0.102655984,6.428987,-inf,0.42847314,0.50649536,0.35817754,0.61423105,3.3658316,0.59585017,0.13214208,1.0879939,0.69065905,0.67977965,0.58809227,inf,0.69065905,0.67977965,0.48014802,0.17079973,0.707509,-0.59585017,0.20440106,0.19612782,0.51338106,-0.097565375,0.55329055,-0.11466169,0.546688,0.42693558,0.084917136,0.36395735,0.5366048,0.694697,6.5114617,4.365832,2.5222208,-inf,0.5729735,-494.70682,0.67324746,0.5753153,1.3086466,0.18705627,0.6233599,27.596836,AVARAGE
164,3.1346557,-0.2636404,0.09482286,7.3073297,0.35490617,0.3883563,0.5098923,0.32878047,0.58143204,3.585729,0.6069303,0.1184664,0.9480888,0.6210271,0.17499973,0.5626968,0.5915143,0.6210271,0.17499973,0.48825774,0.17871818,0.71130747,-0.6069303,0.18425268,0.1813372,0.46721104,-0.09593006,0.5450747,-0.108652174,0.5226978,0.4511203,0.07885479,0.32830396,0.52898735,0.71394426,6.533736,4.5857286,-8.441392,0.3467762,0.5503046,-392.85822,0.6781211,0.52500576,1.2993724,0.1725188,0.6514315,24.885841,AVARAGE
165,3.505631,-0.2434028,0.0981511,7.0461593,0.40899995,0.4398422,0.535836,0.34541175,0.636941,4.0566974,0.6457367,0.11508087,0.94894946,0.6847522,0.5123084,0.61204016,0.718185,0.6847522,0.5123084,0.5090328,0.21200168,0.7296612,-0.6457367,0.15418437,0.15765153,0.52198744,-0.09181847,0.5733914,-0.09028772,0.5647377,0.5510667,0.082145326,0.34180826,0.49375722,0.73773426,6.876407,5.0566974,-1.2405579,0.32637423,0.59349006,-503.44586,0.7038456,0.6098586,1.2149723,0.17496125,0.68459076,27.70795,AVARAGE
166,3.0882106,-0.25592914,0.10962877,6.376307,0.37658614,0.4324525,0.49715385,0.34804162,0.61518246,3.561812,0.61355424,0.1271114,0.9366344,0.68041587,0.6157187,0.58795244,0.62474024,0.68041587,0.6157187,0.48868752,0.18716873,0.70147705,-0.61355424,0.14662811,0.15571535,0.5225868,-0.09953329,0.55233943,-0.09264679,0.5481106,0.47364953,0.0901343,0.35858217,0.5081052,0.74436665,6.207203,4.561812,-12.326438,0.41149712,0.57441324,-542.52155,0.67136425,0.5935718,1.2315055,0.21893695,0.63352644,27.426233,AVARAGE
167,3.0294383,-0.25558478,0.1134951,6.1806207,0.36019439,0.43295497,0.48773518,0.35523817,0.6152183,3.489187,0.60802054,0.13003853,0.9541769,0.6836476,0.6246247,0.58822846,0.6086482,0.6836476,0.6246247,0.485255,0.18292439,0.69977933,-0.60802054,0.14562355,0.16116661,0.52440864,-0.110388935,0.55176955,-0.09566535,0.5481701,0.45976806,0.09145363,0.36335722,0.5119318,0.7355904,6.1702366,4.489187,0.756471,0.45359457,0.57443374,-590.2215,0.665471,0.5919969,1.2606384,0.22162831,0.64535606,27.520695,
168,3.6074576,-0.2510965,0.09640367,7.7727003,0.3907087,0.4161491,0.5103879,0.34480757,0.61687315,4.1279573,0.6490581,0.10490413,0.9671764,0.647334,0.30282232,0.59514356,0.66949105,0.647334,0.30282232,0.52053535,0.20206328,0.73110354,-0.6490581,0.12304757,0.15725687,0.49023324,-0.12996948,0.5662329,-0.08689771,0.5487149,0.52051073,0.0740841,0.32560837,0.50883263,0.7406388,6.993863,5.127958,3.2804856,0.2577969,0.57775664,-445.39484,0.69266343,0.57762194,1.3205084,0.13476738,0.67531794,26.201752,AVARAGE
169,3.4505746,-0.24777599,0.10338281,7.1300983,0.37590316,0.43125683,0.5007347,0.3613294,0.6294523,3.9424105,0.63820606,0.11275091,1.0424008,0.6760722,0.4981847,0.6048108,0.63434434,0.6760722,0.4981847,0.5142786,0.19300006,0.7288195,-0.63820606,0.13375597,0.17239223,0.5087114,-0.14341961,0.5695049,-0.09439581,0.55787444,0.49186638,0.077454545,0.34420732,0.5194748,0.71695924,6.9782505,4.9424105,-3.9839375,0.2731136,0.5866512,-562.3516,0.6861389,0.5945043,1.3549118,0.14148651,0.6762407,27.287266,UNHEALTHY
170,3.5679145,-0.25008976,0.104839884,7.5702305,0.3790966,0.43113747,0.4996358,0.35856485,0.62552357,4.064509,0.6401862,0.11433833,1.0191227,0.67487526,0.52920586,0.60044634,inf,0.67487526,0.52920586,0.51695967,0.1941338,0.72532266,-0.6401862,0.12062532,0.15866387,0.51083654,-0.13704887,0.566084,-0.089086145,0.55563545,0.49661544,0.07969903,0.34663776,0.51628596,0.7393235,6.8895526,5.064509,-0.8852151,0.29331714,0.5834432,-489.48975,0.6843233,0.59517217,1.3309923,0.15289496,0.6695392,27.253822,
171,3.7294035,-0.27188292,0.087173186,9.2051525,0.38649377,0.3664584,0.49859375,0.3036476,0.5633567,4.222447,0.6535617,0.09118999,0.8403773,0.56124485,-0.1122156,0.5467764,inf,0.56125677,-0.1122156,0.53276527,0.19397351,0.7135966,-0.6535617,0.08232665,0.118963264,0.4361453,-0.113871895,0.5384137,-0.06143549,0.5081671,0.49304405,0.06968691,0.29364803,0.50513035,0.804412,6.6612434,5.222447,5.1550636,0.23559123,0.53537095,-302.74832,0.68084395,0.51346874,1.2709202,0.116250835,0.6306763,22.847626,
172,3.5046594,-0.25964057,0.0932563,8.011336,0.38291642,0.39618066,0.5067223,0.32725972,0.5942152,4.001757,0.64409155,0.10198131,0.9191588,0.615741,0.16896008,0.57388306,0.6405133,0.615741,0.16896008,0.51924133,0.19540636,0.7233441,-0.64409155,0.12272615,0.15226546,0.46916133,-0.12198737,0.55429465,-0.08269113,0.5318595,0.49711877,0.07298073,0.31520194,0.51145405,0.748948,6.8028774,5.001757,1.6775823,0.268509,0.55985725,-403.02258,0.6876285,0.549844,1.2927997,0.13710652,0.66108775,24.930862,HEALTHY
173,2.9448955,-0.2640033,0.10538716,6.461543,inf,0.40279755,0.4901536,0.33637926,0.58919203,3.3874674,0.59775484,0.12441963,0.9534255,0.64101595,0.35305476,0.56694424,inf,0.64101595,0.35305476,0.47760797,0.1758539,0.69773155,-0.59775484,0.1671243,0.17579128,0.48808858,-0.10945627,0.5415719,-0.10478018,0.52795714,0.44266564,0.0853087,0.34368247,0.51965374,0.71827364,6.25391,4.3874674,0.5519795,-inf,0.5543073,-406.13437,0.6635748,0.54577035,1.271579,0.18869142,0.6370576,25.731226,UNHEALTHY
174,2.9438183,-0.26888338,0.10099124,6.723217,,0.38894168,0.49049896,0.32252145,0.5754766,3.3896744,0.6006528,0.11930822,0.8879261,0.6170177,0.20727716,0.5550464,inf,0.6170177,0.20727716,0.4799883,0.1775428,0.6952502,-0.6006528,0.15919489,0.16608028,0.47171676,-0.102262996,0.535697,-0.09916443,0.5174244,0.44587532,0.08279176,0.33076,0.51640815,0.73033094,6.1335545,4.389674,1.6327529,,0.5441024,-430.43546,0.66353464,0.52939653,1.2430466,0.19486299,0.62919176,24.79616,AVARAGE
175,2.8736432,-0.23615001,0.12576778,5.3041615,0.35670915,0.48697525,0.4902932,0.4053357,0.6698518,3.3179517,0.6069129,0.14574534,1.1702973,0.78155804,1.2345722,0.63460284,0.5653568,0.78155804,1.2345722,0.4840166,0.17886321,0.7226244,-0.6069129,0.18078475,0.2052137,0.58123744,-0.14592735,0.5807227,-0.12028842,0.59078604,0.44430837,0.09426219,0.4077848,0.5369028,0.66620946,6.5056515,4.3179517,0.46670437,0.41437927,0.6172739,-733.6993,0.6764554,0.6586194,1.3494077,0.23309441,0.68011874,31.27784,AVARAGE
176,3.2101867,-0.2564627,0.10541691,6.9389477,0.3812694,0.4160565,0.48978153,0.34647217,0.60704464,3.7042263,0.62554395,0.11628657,0.9219054,0.6524527,0.38131857,0.58353215,0.6566035,0.6524527,0.38131857,0.49725744,0.19311444,0.71279466,-0.62554395,0.12928592,0.15905178,0.49815634,-0.12649912,0.5546132,-0.09277311,0.541568,0.49406037,0.082099855,0.33732972,0.5092175,0.7372811,6.4505506,4.704226,8.715457,0.35162854,0.56930065,-443.27792,0.67363656,0.5731778,1.3023342,0.1840378,0.6560364,26.330862,AVARAGE
177,2.9818835,-0.24216215,0.11014206,5.7832866,0.35119268,0.45965785,0.51099247,0.3714063,0.64965534,3.4266112,0.61138135,0.13345692,1.1403582,0.7349959,0.893348,0.61946607,0.5733215,0.7349959,0.893348,0.4901004,0.17840345,0.72381157,-0.61138135,0.19753036,0.20332669,0.546263,-0.12290878,0.57434136,-0.11689933,0.57419145,0.4447361,0.0866052,0.3817273,0.53745216,0.6723153,6.679347,4.426611,0.346601,0.35395882,0.6018335,-654.58936,0.6870006,0.6232479,1.2985281,0.1914861,0.67574495,29.453539,AVARAGE
178,3.092268,-0.24554762,0.10669664,6.2036977,0.36120984,0.4467944,0.5135516,0.36331564,0.63860106,3.5516102,0.6139803,0.12914328,1.0959033,0.7129544,0.7465095,0.61087346,0.591008,0.7129544,0.7465095,0.4903438,0.18259743,0.7232048,-0.6139803,0.1921674,0.19639376,0.53134125,-0.11848352,0.5700963,-0.1158396,0.5659243,0.45936987,0.08454681,0.3684602,0.5301056,0.6888386,6.7394843,4.5516105,1.405654,0.34497115,0.5933644,-588.1115,0.6876621,0.6056739,1.2948997,0.18353033,0.67398274,28.59152,AVARAGE
179,3.1968927,-0.2412792,0.10185504,6.45736,0.3756188,0.4465223,0.52744067,0.35981542,0.64439005,3.6828208,0.62441224,0.12458328,1.0920763,0.71172905,0.6670984,0.61835366,0.6245965,0.71172905,0.6670984,0.49520808,0.19128613,0.7354311,-0.62441224,0.2009705,0.20185614,0.5270434,-0.11869873,0.5780992,-0.120379455,0.5703702,0.48592794,0.080521084,0.35992616,0.52825,0.6800958,6.979011,4.682821,1.6086501,0.29610747,0.5993294,-639.60895,0.7003169,0.6068784,1.2898719,0.17093445,0.6926703,28.55383,AVARAGE
180,3.170605,-0.24254888,0.09979922,6.227872,0.3640099,0.45069823,0.5427316,0.3451372,0.64222777,3.6302884,0.62562215,0.12675859,1.069241,0.71171993,0.69496036,0.6144363,0.60128736,0.71171993,0.69496036,0.5038777,0.18364084,0.7245608,-0.62562215,0.19967248,0.17872581,0.5372552,-0.072795354,0.5730166,-0.1026277,0.5690677,0.4596835,0.08655699,0.3737008,0.53157574,0.70409745,6.5782843,4.630288,2.5782046,0.35170922,0.5975493,-589.66925,0.703416,0.61842144,1.1695932,0.19241472,0.68054193,28.649958,AVARAGE
181,3.175812,-0.23007058,0.108454764,5.6347637,0.37478837,0.49360198,0.54203874,0.37605584,0.68309736,3.6588967,0.6293142,0.13582279,1.1642318,0.78114676,1.1608435,0.64810884,0.6206599,0.78114676,1.1608435,0.5021338,0.19155513,0.7337191,-0.6293142,0.20438702,0.19212016,0.58432215,-0.09177336,0.5906997,-0.10922081,0.6001906,0.48308465,0.09072025,0.39920238,0.526496,0.68214715,6.812275,4.658897,1.1796503,0.35841075,0.62803155,-639.76227,0.7073568,0.67633766,1.2114955,0.20254466,0.6959549,31.42022,UNHEALTHY
182,3.1001842,-0.25816777,0.09713701,6.673372,0.37212762,0.41436026,0.5237306,0.32366264,0.6030652,3.5682216,0.61754733,0.11983759,0.935316,0.6519458,0.3868618,0.579638,inf,0.6519458,0.3868618,0.49329978,0.18595722,0.7075206,-0.61754733,0.17599332,0.16251586,0.49877012,-0.07336181,0.55100703,-0.09424089,0.53869146,0.4680475,0.08440994,0.34420958,0.5138993,0.7312405,6.331335,4.5682216,0.5840747,0.3717662,0.56604147,-539.30493,0.6866145,0.569051,1.168396,0.19208091,0.65015745,26.27872,
183,3.251688,-0.24847537,0.104397066,6.4533362,inf,0.44278982,0.521699,0.34576082,0.63128513,3.730299,0.6247309,0.12496374,1.0098279,0.6943266,0.6464574,0.60434145,0.6241794,0.6943266,0.6464574,0.50084966,0.18931793,0.7130512,-0.6247309,0.16507734,0.16300364,0.53138405,-0.08815147,0.5634349,-0.091457814,0.56008565,0.47864035,0.088603295,0.3640164,0.5116059,0.7303025,6.5588574,4.730299,0.91344476,-inf,0.5873161,-611.84106,0.6885309,0.60921323,1.2030138,0.18910944,0.6641081,28.021261,AVARAGE
184,3.565456,-0.24299753,0.10174449,7.1734843,inf,0.44375435,0.528721,0.3491026,0.6383221,4.0865536,0.6474154,0.11692844,0.9772053,0.68954533,0.5481084,0.6128179,0.67645305,0.68954533,0.5481084,0.5181538,0.20310108,0.7278366,-0.6474154,0.13945141,0.14958614,0.5282672,-0.096067846,0.5731588,-0.084861666,0.56592816,0.52109796,0.084522605,0.3535109,0.50557363,0.7483777,6.781629,5.0865536,1.3301781,-inf,0.594799,-489.726,0.7001802,0.6168296,1.2202857,0.17890891,0.6837574,27.92091,UNHEALTHY
185,3.204705,-0.28217757,0.0963501,7.5308733,inf,0.36236277,0.48505756,0.2932178,0.54413426,3.6811302,0.6115658,0.1076175,0.75179416,0.55736697,-0.03192037,0.5261138,inf,0.55736697,-0.03192037,0.48940197,0.18728027,0.67215097,-0.6115658,0.105997466,0.11517505,0.44716877,-0.07534282,0.51382554,-0.060214635,0.49205282,0.47643435,0.084813125,0.30509895,0.47798413,0.8109443,5.9874945,4.68113,3.4084468,-inf,0.5170811,-342.88956,0.65304345,0.50223166,1.1751639,0.17189877,0.6005509,22.65396,AVARAGE
186,3.7690043,-0.24405959,0.09036199,7.98429,0.40862715,0.42405275,0.54245013,0.33713755,0.6300414,4.3308,0.65947646,0.104083106,0.9625074,0.6589935,0.30428094,0.6093983,0.7199799,0.6589935,0.30428094,0.5247147,0.21506618,0.7428205,-0.65947646,0.14885217,0.16257584,0.49713746,-0.10772571,0.576674,-0.08921466,0.5590721,0.5618079,0.07308468,0.3227513,0.49913576,0.730024,7.3185554,5.3308,-8.504466,0.24944398,0.5891268,-411.64746,0.7133428,0.58945596,1.252587,0.13284205,0.6933676,26.6831,AVARAGE
187,2.9064522,-0.23802263,0.11988062,5.3185277,0.3601041,0.47815493,0.5031512,0.38714218,0.6619486,3.3537536,0.6087223,0.14239271,1.1179925,0.7632536,1.0657946,0.62890726,0.5815067,0.7632536,1.0657946,0.48550975,0.1800283,0.71896684,-0.6087223,0.18520492,0.19473328,0.57265633,-0.12051856,0.5770245,-0.11522817,0.58441484,0.44730088,0.094501376,0.4005567,0.53259027,0.6794807,6.407271,4.353754,1.4478998,0.42079467,0.61167794,-733.6367,0.6811269,0.64999485,1.284204,0.23425315,0.67771447,30.60495,AVARAGE
188,3.1942961,-0.25020686,0.10282394,6.618477,inf,0.42606014,0.51018363,0.3465087,0.6202156,3.6689234,0.6245808,0.119319625,0.9920022,0.6714522,0.44930312,0.5962405,0.6166088,0.6714522,0.44930312,0.5000835,0.18815693,0.7203818,-0.6245808,0.16171427,0.17492628,0.50823015,-0.11395688,0.5632437,-0.10061135,0.5515885,0.47463772,0.08217924,0.34853214,0.52105314,0.71067345,6.6143756,4.668923,-0.039380286,-inf,0.5802285,-646.5134,0.686151,0.5851681,1.2688737,0.17793654,0.67028254,27.048666,UNHEALTHY
189,3.4132512,-0.24896221,0.092448615,7.0967875,0.38047627,0.42524642,0.53315204,0.33644062,0.6265724,3.9228876,0.6360575,0.110709906,1.0267942,0.6679481,0.42100146,0.604224,0.6543286,0.6679481,0.42100146,0.508419,0.19824627,0.73010004,-0.6360575,0.1794127,0.18337758,0.5003196,-0.1081849,0.5690007,-0.09825123,0.5550338,0.5096684,0.07507318,0.33356753,0.51122624,0.7010277,7.1695313,4.9228873,1.1087298,0.26707432,0.5841822,-411.60327,0.7014418,0.58478737,1.253074,0.13235308,0.67371655,26.940254,AVARAGE
190,3.0482361,-0.25988618,0.1015948,6.478873,0.3675953,0.41408917,0.50498474,0.3322319,0.6018624,3.512611,0.6113576,0.12048789,0.93492836,0.65301573,0.41972765,0.57802975,0.61221606,0.65301573,0.41972765,0.48817167,0.18421838,0.7035266,-0.6113576,0.16427906,0.16693641,0.49821335,-0.096744455,0.5484976,-0.09689003,0.5368877,0.46438456,0.08412422,0.34273234,0.513263,0.72422373,6.338973,4.512611,-45.657425,0.3783406,0.5641775,-539.7708,0.67555416,0.5675886,1.2236708,0.19253093,0.64433277,26.299898,AVARAGE
191,3.092342,-0.23866744,0.106130704,5.954854,0.3681676,0.46443686,0.52977794,0.3634388,0.6559752,3.562604,0.6201415,0.1323154,1.1024704,0.7401196,0.8923013,0.6258487,0.6035882,0.7401196,0.8923013,0.49493584,0.18728758,0.7294563,-0.6201415,0.20437206,0.19744278,0.5510276,-0.104083925,0.57943904,-0.11432275,0.57951796,0.4702622,0.086590715,0.37933484,0.5295036,0.67732656,6.737384,4.562604,2.1793854,0.367144,0.60761887,-519.883,0.6990978,0.632272,1.2382647,0.20402972,0.68605953,29.695198,AVARAGE
192,2.9921973,-0.24729796,0.101961344,6.0724964,0.37242675,0.43981162,0.5260525,0.3457584,0.63110846,3.4672751,0.6133109,0.12808931,1.0143111,0.7008106,0.64835596,0.60444075,0.6165776,0.7008106,0.64835596,0.48558295,0.18853988,0.72087336,-0.6133109,0.20439197,0.19285265,0.5246433,-0.094896644,0.56696224,-0.1136513,0.56025106,0.4750877,0.08483171,0.35963568,0.5214108,0.68453586,6.563652,4.4672747,1.7620233,0.379641,0.5883579,-565.1086,0.6929939,0.59846455,1.2195154,0.20556864,0.6723653,28.119001,AVARAGE
193,2.981085,-0.24825858,0.09877602,6.0491366,0.36850578,0.44283822,0.5359688,0.341434,0.6334853,3.4526105,0.61058766,0.1288849,1.044072,0.7074252,0.7091988,0.6061974,0.6155273,0.7074252,0.7091988,0.4841857,0.1864241,0.7199182,-0.61058766,0.22034681,0.1968532,0.5270192,-0.082442544,0.5667595,-0.11481878,0.5615942,0.4715457,0.08418097,0.36155832,0.5239937,0.68095934,6.616537,4.4526105,-27.329212,0.36632758,0.5893789,-585.0451,0.69675255,0.6009702,1.1907544,0.1982315,0.6653797,28.358452,AVARAGE
194,2.6633565,-0.24025124,0.10378428,5.040877,0.3398732,0.46950233,0.55033624,0.3522098,0.65546495,3.0848322,0.5860054,0.14962398,1.1896015,0.76723623,1.1044928,0.62347525,inf,0.76723623,1.1044928,0.46675926,0.17003636,0.72083557,-0.5860054,0.28606412,0.23285873,0.56069493,-0.069083594,0.57520056,-0.13866803,0.5792742,0.42147574,0.09119264,0.39958027,0.5489439,0.6296706,6.521662,4.0848327,0.93815595,0.42290708,0.6064219,-713.5793,0.70158374,0.62425613,1.1560547,0.23177345,0.6772489,30.507393,AVARAGE
195,3.412992,-0.2406139,0.09426064,6.7137074,0.37811285,0.45307764,0.55755943,0.33932564,0.6478085,3.9005058,0.6412385,0.119761534,1.0643812,0.7088911,0.68226093,0.6198952,0.6278838,0.7088911,0.68226093,0.51675445,0.19301437,0.7309042,-0.6412385,0.19314484,0.16803655,0.5366473,-0.062358238,0.57743686,-0.09312766,0.5729682,0.4875247,0.08356969,0.36486953,0.5218169,0.7208797,6.8411746,4.9005055,13.436694,0.31025842,0.6016287,-606.9159,0.7140994,0.62662786,1.1401125,0.16859339,0.68622553,28.632334,AVARAGE
196,3.1788948,-0.24614817,0.10044663,6.2968426,0.37111324,0.44815567,0.5376304,0.3408979,0.6365287,3.6519995,0.6244897,0.1263226,1.0173255,0.70533705,0.69709146,0.6085015,0.6187988,0.70533705,0.69709146,0.50041693,0.18757845,0.717579,-0.6244897,0.18901548,0.16840787,0.53602135,-0.0685929,0.56749976,-0.09731081,0.56447303,0.47310442,0.08786564,0.3681495,0.5206421,0.7211097,6.493339,4.6519995,0.81069535,0.37516525,0.5922775,-470.65656,0.6979478,0.6164259,1.1539074,0.20286795,0.66952485,28.42762,
197,3.5075374,-0.23842357,0.09490618,6.9146748,0.37624982,0.4529294,0.55560154,0.34429723,0.6509949,4.0030274,0.64439404,0.11881971,1.0783715,0.7098424,0.63833976,0.62461567,0.64282465,0.7098424,0.63833976,0.520423,0.19422212,0.7364048,-0.64439404,0.18769208,0.17102313,0.53481066,-0.07512902,0.581347,-0.09510582,0.5753715,0.4954902,0.08188125,0.36340111,0.5255733,0.7167958,6.955901,5.003027,1.141909,0.2936969,0.60479677,-447.0648,0.71557397,0.6255272,1.1688726,0.16150786,0.6930431,28.653303,AVARAGE
198,3.2342708,-0.25667393,0.09861255,6.8348527,0.37227324,0.41923127,0.52261376,0.3251836,0.6064439,3.7049549,0.62610424,0.11856948,0.90768284,0.65386057,0.37962747,0.58247584,0.6238887,0.65386057,0.37962747,0.5038042,0.18622223,0.7060795,-0.62610424,0.15181324,0.14146252,0.505642,-0.06552609,0.5521395,-0.08395129,0.5413452,0.4707447,0.08641079,0.34816194,0.51536226,0.76332814,6.1813636,4.7049546,0.5765352,0.38300064,0.5692589,-537.9108,0.6864294,0.5807612,1.1467419,0.20393611,0.6497133,26.440222,AVARAGE
199,3.8837516,-0.25897276,0.0746331,9.179003,0.39278316,0.38114542,0.5687906,0.29237697,0.5858935,4.410356,0.6659671,0.09165464,0.8712259,0.5859374,-0.071136095,0.5696058,0.6798166,0.5859374,-0.071136095,0.53996795,0.20465139,0.7344847,-0.6659671,0.15315108,0.1331632,0.44902575,-0.048089784,0.5570069,-0.07192906,0.52639997,0.5266047,0.06788029,0.2974248,0.5080549,0.77760345,7.0095224,5.410356,-7.660497,0.23273222,0.5554439,-322.83527,0.7223695,0.5342076,1.1078917,0.11653172,0.6750246,23.8197,
200,3.0978866,-0.26562157,0.09743786,6.539445,inf,0.40901133,0.51666385,0.31551635,0.59189546,3.5303953,0.6091662,0.119649634,0.94029146,0.63876235,0.39962012,0.5679914,,0.63876235,0.39962012,0.49484357,0.17353906,0.68753296,-0.6091662,0.16356543,0.145451,0.49673092,-0.057126183,0.53781724,-0.0771078,0.529301,0.4325887,0.08772787,0.3483282,0.5102272,0.76232487,6.1401677,4.5303955,0.8592586,-inf,0.55464834,-560.81934,0.6744658,0.56210214,1.1321043,0.18356399,0.6250318,25.817055,UNHEALTHY
201,3.3561041,-0.24540645,0.10014325,6.7134547,0.37825832,0.44071072,0.5302697,0.34389782,0.6339383,3.844077,0.6357267,0.11935191,0.9907628,0.6892075,0.5445153,0.60814846,0.633555,0.6892075,0.5445153,0.51056445,0.19266579,0.7230262,-0.6357267,0.16113468,0.15937829,0.52507293,-0.08607639,0.5695327,-0.092034355,0.5622587,0.48799476,0.08436217,0.35700014,0.51769763,0.7324676,6.603408,4.8440776,6.0783815,0.34553787,0.59115815,-477.62988,0.6978906,0.6098417,1.1962607,0.18685517,0.6761256,27.842236,AVARAGE
202,2.7698705,-0.26109156,0.1036065,5.7305326,0.3417521,0.42239916,0.5167209,0.32552117,0.6013336,3.1828282,0.5901266,0.13400479,0.9564039,0.6731015,0.5669881,0.57521445,-inf,0.6731015,0.5669881,0.4743752,0.16735056,0.6906204,-0.5901266,0.20115604,0.171665,0.5148357,-0.057751767,0.543028,-0.105510585,0.53721035,0.4129753,0.092436455,0.3668796,0.5300601,0.71609443,5.901072,4.1828284,0.7800725,0.45307237,0.5636822,-567.1749,0.6736988,0.57432234,1.1317805,0.23331094,0.6330634,27.00669,AVARAGE
203,2.5701113,-0.26953366,0.107427984,5.530206,0.34182262,0.4000227,0.49582174,0.3157515,0.57466257,2.9689867,0.5793282,0.13461205,0.848349,0.63578117,0.31450522,0.5514195,0.54647964,0.63578117,0.31450522,0.4628793,0.16305013,0.6748555,-0.5793282,0.18045402,0.15644355,0.49633443,-0.054855794,0.52758116,-0.101742715,0.5170561,0.39891854,0.09631176,0.358184,0.52631915,0.73832613,5.413427,3.968987,-5.7457724,0.5060831,0.54373944,-518.6126,0.65686584,0.5450959,1.1264528,0.25926176,0.6167811,25.533375,
204,3.6862109,-0.26467934,0.07920005,8.518248,0.42203453,0.37689656,0.53908634,0.29674283,0.5787784,4.257209,0.6555148,0.0909488,0.7923711,0.5774834,-0.07828317,0.56262976,inf,0.5774834,-0.07828317,0.51852214,0.21712786,0.7201638,-0.6555148,0.12926848,0.13068226,0.4455683,-0.07383562,0.5480251,-0.06811202,0.5195013,0.5710486,0.068671696,0.28416756,0.4759646,0.7831341,6.8718696,5.257209,-38.410027,0.25642678,0.5478759,-407.80215,0.7024373,0.5280782,1.170261,0.12825903,0.6532053,23.504877,AVARAGE
205,2.8981748,-0.2620232,0.10363135,5.9579077,inf,0.4243162,0.5087394,0.33102113,0.60434836,3.342474,0.5997305,0.12789656,0.9505427,0.66964114,0.59202504,0.5774482,,0.66964114,0.59202504,0.478905,0.17741612,0.68934774,-0.5997305,0.1756788,0.16104087,0.5146144,-0.07059604,0.54282737,-0.09249325,0.5382325,0.44435745,0.09030738,0.35794815,0.5101267,0.7373138,6.061731,4.3424745,-0.50915956,-inf,0.56441385,-623.0932,0.67082965,0.5795827,1.1655457,0.21095052,0.6271794,26.961987,AVARAGE
206,2.7959814,-0.26370147,0.10539845,5.639613,,0.43005353,0.5063143,0.33216614,0.60601306,3.222413,0.5885287,0.13356261,0.98353356,0.68175983,0.70893174,0.57768625,,0.68175983,0.70893174,0.4709059,0.17116745,0.68177736,-0.5885287,0.18773931,0.16642717,0.523528,-0.06558315,0.5395272,-0.09429617,0.53992957,0.42653117,0.09349272,0.36784673,0.5104621,0.73350215,5.9917417,4.2224135,-1.3706042,-inf,0.56434494,-489.9249,0.665264,0.58371025,1.1619787,0.21717171,0.6153862,27.404913,AVARAGE
207,3.134322,-0.24677935,0.10021521,6.104743,0.37097034,0.45009387,0.53778267,0.34219128,0.6368176,3.6025004,0.62036484,0.12778081,1.0285912,0.7083897,0.7285843,0.6080407,0.61365247,0.7083897,0.7285843,0.49602523,0.18618794,0.71458334,-0.62036484,0.19346067,0.16855347,0.53924996,-0.06295838,0.56609,-0.09899349,0.56464064,0.46817827,0.08915609,0.3711585,0.51971275,0.7261463,6.4297767,4.6025,1.069343,0.37728572,0.59203,-592.6751,0.6964034,0.61794543,1.1598604,0.20239024,0.6654673,28.551254,AVARAGE
208,2.8052616,-0.26827255,0.101215795,5.8761396,0.33584404,0.41618255,0.51477975,0.3192577,0.59066355,3.207627,0.584866,0.13357525,0.95222676,0.660195,0.5475024,0.5649552,inf,0.660195,0.5475024,0.47303212,0.16315815,0.6765362,-0.584866,0.19666393,0.15771481,0.5107243,-0.039165687,0.53223807,-0.093172714,0.5281289,0.40244305,0.094541796,0.3664519,0.521076,0.7536635,5.8143334,4.207627,0.5556817,0.46757126,0.5533421,-533.773,0.66612226,0.56392586,1.1151173,0.22760317,0.608328,26.532858,AVARAGE
209,2.8061376,-0.26898137,0.099891,6.1359887,inf,0.40663257,0.5145674,0.31281474,0.5831063,3.1997824,0.5883243,0.13058923,0.9322451,0.6451171,0.4372707,0.55848783,inf,0.6451171,0.4372707,0.4780473,0.16078755,0.681672,-0.5883243,0.19349368,0.15862647,0.49902156,-0.04431197,0.53190553,-0.09599049,0.5231825,0.3936274,0.09239771,0.36060962,0.5310073,0.7462622,5.7797203,4.199714,1.6449311,-inf,0.54865247,-456.46527,0.6688435,0.55232126,1.1203628,0.22663757,0.61566144,25.92509,AVARAGE
210,3.493827,-0.25067422,0.09139107,7.2488384,0.39504963,0.42157942,0.54687244,0.3207004,0.6160218,4.004888,0.6456679,0.11070387,0.90703857,0.6509197,0.31594267,0.5929941,0.6825473,0.6509197,0.31594267,0.5162948,0.20046467,0.7195564,-0.6456679,0.1536293,0.13640477,0.50417733,-0.05309446,0.56190675,-0.07931027,0.5486537,0.51106125,0.08259791,0.3375619,0.5027034,0.7731274,6.5268946,5.004888,-20.087643,0.32677776,0.5775634,-568.5031,0.7048151,0.5879859,1.1222103,0.1753413,0.67102337,26.419004,AVARAGE
211,2.852556,-0.26404405,0.10758032,5.838405,inf,0.42463854,0.5089448,0.32395095,0.59709245,3.2868326,0.5949685,0.13492136,0.8877383,0.6676986,0.5757594,0.5702704,0.59790856,0.6676986,0.5757594,0.4745605,0.17480275,0.6783347,-0.5949685,0.16765209,0.1409538,0.52350473,-0.04470874,0.53602517,-0.08961953,0.5339505,0.43431318,0.098875195,0.36868942,0.50893086,0.7722138,5.67573,4.286833,5.2245226,-inf,0.55958146,-626.3865,0.66560197,0.5816225,1.1053349,0.25146437,0.6196523,26.920193,
212,2.9032326,-0.2629244,0.107775465,5.955145,0.35888723,0.42131695,0.5072459,0.32377806,0.59568316,3.3314743,0.60074896,0.13241144,0.88591564,0.6597332,0.4933353,0.56985074,0.588819,0.6597332,0.4933353,0.48224264,0.1733262,0.6810625,-0.60074896,0.15698278,0.13617375,0.5197305,-0.048084237,0.53727096,-0.0851752,0.5333631,0.42826068,0.09841353,0.36796993,0.51337516,0.7738197,5.6632752,4.3314743,4.0872464,0.48072985,0.55936617,-530.345,0.6667117,0.5800833,1.1110687,0.2445212,0.6259174,26.638933,
213,2.996261,-0.26970124,0.10548261,6.366115,inf,0.40717277,0.49852002,0.31514937,0.580745,3.4241405,0.6041272,0.12597905,0.8568195,0.6323317,0.37148187,0.5563709,inf,0.6323317,0.37148187,0.48752147,0.17288482,0.6729564,-0.6041272,0.13324746,0.11985633,0.50362986,-0.047760952,0.5280422,-0.07123418,0.5208616,0.42789772,0.096474215,0.35581,0.5059366,0.80044496,5.629847,4.4241405,-1.4355528,-inf,0.54671454,-530.4779,0.6595359,0.5637456,1.1133912,0.2235214,0.61071974,25.609531,AVARAGE
214,3.4410496,-0.24312653,0.097778805,6.7368636,0.37398875,0.4529078,0.54689765,0.34147245,0.6438735,3.9187095,0.6390591,0.12128208,1.0492427,0.7062593,0.6973284,0.61531425,0.6190313,0.7062593,0.6973284,0.5166726,0.18952484,0.72287935,-0.6390591,0.17224087,0.15498407,0.53952825,-0.06364879,0.5723632,-0.088107325,0.56976485,0.47766,0.08662042,0.36883992,0.5209179,0.74260664,6.668594,4.9187093,0.9976751,0.32552275,0.5979008,-623.9841,0.70564365,0.6274423,1.1475871,0.17433204,0.6771854,28.560932,AVARAGE
215,3.510076,-0.26784268,0.083205104,7.932601,0.37475994,0.38540497,0.5435012,0.29353738,0.5778839,4.00687,0.6356784,0.102447,0.85207325,0.5933426,0.083663926,0.5588419,inf,0.5933426,0.083663926,0.51300323,0.19330963,0.7020186,-0.6356784,0.15227479,0.12893029,0.46326247,-0.04065803,0.53918123,-0.06913066,0.51821303,0.49687663,0.07785756,0.31112757,0.4958498,0.79020756,6.5460753,5.00687,3.6779034,0.33832288,0.5452148,-412.46954,0.69439673,0.5363373,1.0971203,0.14498931,0.63502425,24.107874,AVARAGE
216,2.9676635,-0.27803406,0.093539946,6.7255626,inf,0.38038382,0.508737,0.2931319,0.5592951,3.3896446,0.6046415,0.11427167,0.8226171,0.58965266,0.12660582,0.53824776,,0.58965266,0.12660582,0.4901506,0.17044306,0.6727052,-0.6046415,0.1473593,0.12376803,0.46778077,-0.03766,0.5198176,-0.06811059,0.50362706,0.42202654,0.08740517,0.32986745,0.5063612,0.79977727,5.708643,4.3896446,-7.7167754,-inf,0.5294362,-537.0801,0.66464585,0.5255939,1.0886638,0.19773296,0.5991296,23.897198,
217,3.5925922,-0.2771075,0.079739645,8.253301,inf,0.36957777,0.5382341,0.2805362,0.5601865,4.124156,0.636725,0.095637515,0.7828306,0.56085175,-0.027936319,0.5428288,inf,0.56085175,-0.027936319,0.50831157,0.20456159,0.68672943,-0.636725,0.13005398,0.10790312,0.44682845,-0.030216811,0.5253444,-0.044557653,0.5059516,0.53156596,0.07725857,0.29110816,0.4555481,0.83257604,6.524227,5.1240673,-4.932126,-inf,0.5287481,-395.52283,0.6861927,0.51484597,1.0757111,0.12545492,0.61142945,22.90935,UNHEALTHY
218,2.8833168,-0.2777146,0.10071659,6.4289293,-inf,0.3932807,0.5002152,0.30334577,0.5663118,3.3167424,0.5940352,0.123819314,0.83384144,0.6140349,0.33016494,0.5430158,inf,0.6140349,0.33016494,0.4760399,0.1740821,0.6654234,-0.5940352,0.15079342,0.12869501,0.48649994,-0.0425513,0.51846224,-0.07040935,0.5094858,0.43346295,0.09322771,0.3416211,0.49285868,0.7928077,5.674822,4.3167424,16.640135,-inf,0.53355116,-466.8514,0.6565707,0.5395737,1.099753,0.21639624,0.59068656,24.82,AVARAGE
219,2.4825268,-0.29151604,0.10210944,5.6730347,inf,0.36496994,0.4805539,0.2855192,0.5311903,2.8906596,0.563005,0.1281279,0.728027,0.57378,0.10708491,0.511083,inf,0.57378,0.10708491,0.44459343,0.16565369,0.6379504,-0.563005,0.15948418,0.12846228,0.4621276,-0.029259764,0.4946395,-0.0753129,0.48156562,0.40819183,0.09718774,0.32965234,0.48255095,0.7940271,5.1415176,3.8906596,26.720879,-inf,0.50531954,-342.33344,0.632928,0.4964203,1.0759685,0.24243568,0.5579684,23.134474,AVARAGE
220,2.6920254,-0.2454302,0.11324545,5.0638137,0.34594804,0.47117352,0.5260786,0.35772696,0.6469658,3.106562,0.5886032,0.15142354,1.1088603,0.7600236,1.1380616,0.6136476,0.54476446,0.7600236,1.1380616,0.47019085,0.16912194,0.7042241,-0.5886032,0.23310366,0.19824688,0.57033175,-0.06895285,0.56463206,-0.12063351,0.5733522,0.41453627,0.09915824,0.4082728,0.53709936,0.6780815,6.123398,4.106562,-1.1328163,0.4781988,0.5989581,-540.4112,0.6840342,0.6338106,1.1562871,0.2618233,0.6579285,30.361021,AVARAGE
221,2.784233,-0.25231183,0.10630424,5.4706583,0.37081495,0.4429108,0.5171808,0.34238297,0.6250877,3.2413836,0.5999,0.13459107,0.97162896,0.70425075,0.7232196,0.59668195,inf,0.70425075,0.7232196,0.47293037,0.18303053,0.70221084,-0.5999,0.20045188,0.18040527,0.5348997,-0.0757324,0.55651534,-0.10862758,0.55528027,0.45716023,0.091988966,0.36965525,0.51479155,0.70297295,6.1306725,4.2413836,0.8273074,0.43946812,0.5823246,-535.3743,0.6803051,0.6032203,1.1735655,0.23781715,0.6498078,28.278728,AVARAGE
222,2.5927362,-0.26293212,0.10595112,5.2712593,,0.4302377,0.5131024,0.33076268,0.6049009,3.0029504,0.5742937,0.14256144,0.9951057,0.6921263,0.75805736,0.5768232,0.5538518,0.6921263,0.75805736,0.4569354,0.16664922,0.68241924,-0.5742937,0.22259484,0.18715677,0.52623516,-0.057954013,0.53962284,-0.11153964,0.53952664,0.41024098,0.096016034,0.37554705,0.5199079,0.6970854,5.9221,4.0029507,0.6538417,-inf,0.56426096,-411.4628,0.6671137,0.5776887,1.1510899,0.24042432,0.62042445,27.67496,AVARAGE
223,2.7415898,-0.27497062,0.10015002,5.8527627,inf,0.4021579,0.5047608,0.3137067,0.5775017,3.1752467,0.57774466,0.12994064,0.9196871,0.63760704,0.49490726,0.55307895,inf,0.63760704,0.49490726,0.45800072,0.17346022,0.66807646,-0.57774466,0.19209532,0.16550887,0.49450427,-0.054157235,0.5227981,-0.091321275,0.51621675,0.4337392,0.0923955,0.34573948,0.49212116,0.73561126,6.006128,4.1752467,0.47851932,-inf,0.540532,-459.8787,0.65697664,0.5434741,1.1580199,0.19565713,0.5944302,25.628334,AVARAGE
224,2.838218,-0.25206277,0.09687987,5.9280815,0.35018334,0.4311702,0.54156595,0.33226773,0.61966765,3.2716806,0.5935155,0.13575572,1.0703468,0.69751126,0.65716785,0.59420234,0.56619376,0.69751126,0.65716785,0.4729806,0.17449757,0.71409535,-0.5935155,0.25052613,0.2109372,0.5178066,-0.06644912,0.5595508,-0.12654284,0.5517637,0.4334721,0.08663636,0.36653417,0.5358146,0.6602804,6.5264134,4.2716804,-0.43679762,0.38580298,0.57898164,-534.94025,0.69435024,0.5782472,1.1834775,0.19937558,0.6617477,27.83499,AVARAGE
225,3.3533556,-0.23517273,0.09737461,6.295252,0.37601078,0.4739883,0.56345195,0.3517799,0.6661538,3.8393393,0.6376448,0.12706558,1.129324,0.74541765,0.9364651,0.6344821,0.62612617,0.74541765,0.9364651,0.5122296,0.19227122,0.7332958,-0.6376448,0.20816186,0.17739518,0.5607497,-0.058727063,0.58461535,-0.1000186,0.58718824,0.48598346,0.086761385,0.3827178,0.5251559,0.7067954,6.85914,4.8393393,3.6306598,0.31988916,0.61529535,-531.7842,0.7172554,0.6528013,1.1398259,0.17717199,0.6921014,30.051464,AVARAGE
226,3.1398792,-0.27411124,0.09864189,6.973805,inf,0.39507535,0.5051683,0.30391827,0.57135487,3.598211,0.6117159,0.11748869,0.8346499,0.60963804,0.3070046,0.54742736,inf,0.60963804,0.3070046,0.4914145,0.18171214,0.6744154,-0.6117159,0.12909015,0.115666345,0.48643982,-0.046252266,0.5240456,-0.06368378,0.5135254,0.45834145,0.09137258,0.33683205,0.49102807,0.81264293,5.8642583,4.5982113,0.23597029,-inf,0.5378976,-500.49896,0.6639647,0.5470915,1.1110481,0.19515193,0.60740536,24.74868,UNHEALTHY
227,3.1857183,-0.255285,0.10259513,6.407303,0.37561518,0.43595403,0.5243066,0.33000195,0.6165568,3.6563294,0.6235648,0.124692835,0.9302522,0.6766778,0.5892062,0.5890523,0.63130087,0.6766778,0.5892062,0.4999243,0.18646894,0.69770926,-0.6235648,0.15135004,0.1337641,0.52929807,-0.05084725,0.55143964,-0.07841531,0.54887486,0.4706205,0.093344055,0.36442527,0.507043,0.7780217,6.0921397,4.6563287,0.8716152,0.40854803,0.57550216,-594.7885,0.6836518,0.60463524,1.1187826,0.213955,0.64469635,27.411194,
228,3.140784,-0.2602286,0.103377104,6.3083973,0.36455053,0.42975256,0.51304644,0.32864973,0.6087474,3.5881696,0.6155747,0.123826176,0.9576485,0.66729873,0.5951356,0.58113754,-inf,0.66729873,0.5951356,0.49766794,0.17848584,0.6883392,-0.6155747,0.14785929,0.13584092,0.5225178,-0.058794238,0.54398423,-0.073599495,0.5415544,0.4474318,0.09276524,0.36347234,0.5071427,0.7756436,6.100651,4.5881696,-0.9936837,0.38714612,0.56755805,-549.84106,0.67372024,0.5944328,1.1374682,0.19547886,0.6307084,27.027594,AVARAGE
229,3.1001446,-0.2629249,0.104944386,6.519774,-inf,0.42662105,0.5074683,0.32775822,0.60287625,3.5497398,0.615367,0.12503521,0.9207551,0.6628441,0.57092875,0.57528836,0.60510164,0.6628441,0.57092875,0.4960113,0.179138,0.6872153,-0.615367,0.13971142,0.1298654,0.52054274,-0.058701165,0.5409809,-0.07448217,0.538169,0.44961387,0.09393078,0.36296993,0.50877047,0.785269,5.936361,4.54974,4.9252863,inf,0.56348366,-487.24362,0.670663,0.59077,1.1375593,0.21372324,0.6191537,26.840895,
230,2.9374194,-0.26706195,0.10430761,6.036985,0.37055942,0.4144735,0.50496477,0.31828892,0.5892157,3.3846424,0.6056825,0.12508222,0.8499885,0.6426256,0.4251137,0.56361586,-inf,0.6426256,0.4251137,0.4844091,0.17894137,0.67579657,-0.6056825,0.14308532,0.12487255,0.5102071,-0.043402337,0.5322213,-0.07279542,0.5270711,0.4472229,0.09573365,0.3547827,0.49944076,0.79066503,5.678177,4.384642,0.92794645,0.45274702,0.55304694,-586.0569,0.6640104,0.57500243,1.1044143,0.22872995,0.61453074,26.042353,UNHEALTHY
231,3.488511,-0.25977725,0.08879118,7.476151,inf,0.40386748,0.5380764,0.31066194,0.597729,3.994491,0.64153445,0.10537291,0.89632446,0.6200582,0.21007656,0.5765612,inf,0.6200582,0.21007656,0.51543754,0.19788642,0.7086537,-0.64153445,0.14516854,0.1338232,0.4845515,-0.057363898,0.5494701,-0.06758495,0.5341225,0.50601184,0.080692574,0.32365775,0.49201104,0.77821666,6.621891,4.994491,-0.15954599,-inf,0.5609053,-510.6405,0.695966,0.5628625,1.1384656,0.14405784,0.6509679,25.21875,AVARAGE
232,3.0517383,-0.30030113,0.09009297,7.430521,inf,0.33722067,0.48482165,0.26351842,0.5086717,3.514412,0.6041291,0.10182969,0.64287835,0.50562894,-0.18078278,0.49079168,,0.50562894,-0.18078278,0.48313716,0.18280499,0.6374634,-0.6041291,0.08489392,0.07220128,0.42618245,-0.019725183,0.48479226,-0.025352985,0.46622154,0.46281582,0.088976055,0.2905747,0.44807646,0.89127254,5.400245,4.5144114,0.2587564,-inf,0.48556253,-597.9397,0.6393841,0.47003302,1.0598899,0.17175135,0.5510945,20.74653,
233,2.7585514,-0.29597303,0.09375136,6.6444006,inf,0.35121506,0.48698285,0.27602938,0.5219211,3.1960065,0.58582443,0.11256757,0.70400596,0.54058456,-0.023821684,0.5025655,inf,0.54058456,-0.023821684,0.4651261,0.1745607,0.6423657,-0.58582443,0.12958539,0.106889606,0.44142473,-0.02645105,0.49186528,-0.053683143,0.4756042,0.43748835,0.090224124,0.30708548,0.4681394,0.8351415,5.364597,4.1959405,-5.069115,-inf,0.496716,-516.07526,0.64021313,0.48250288,1.0780996,0.19713996,0.55328846,21.966223,UNHEALTHY
234,3.22641,-0.26060697,0.089931436,6.6921725,inf,0.4099094,0.5348306,0.3147343,0.6023361,3.7228832,0.62104654,0.11165967,0.92734444,0.6388213,0.33150485,0.5801957,inf,0.6388213,0.33150485,0.4942084,0.1935578,0.7025392,-0.62104654,0.17983463,0.15876746,0.49042946,-0.06102143,0.5482495,-0.084086806,0.5358393,0.49658868,0.08052873,0.32797143,0.49276283,0.7430721,6.6285343,4.722883,1.2037034,-inf,0.56315535,-458.1342,0.6894299,0.56481415,1.146455,0.15562887,0.6406764,25.839281,UNHEALTHY
235,2.538917,-0.25955307,0.11496923,4.8685923,-inf,0.4451139,0.5035703,0.3429802,0.61463434,2.940353,0.5695284,0.15006235,1.0191972,0.7156195,0.9545738,0.58310634,0.5361182,0.7156195,0.9545738,0.45366052,0.16331892,0.6776317,-0.5695284,0.21532215,0.18443301,0.5473025,-0.06451558,0.54106855,-0.11320703,0.54672647,0.40148553,0.10219776,0.39287937,0.52332467,0.7015601,5.801862,3.940353,0.5203212,-inf,0.57133394,-647.2022,0.6603339,0.5987521,1.1518013,0.25954294,0.62359107,28.621452,AVARAGE
236,2.5011504,-0.2656081,0.11188743,5.018285,inf,0.437765,0.5006159,0.33710495,0.6066213,2.9122658,0.56484103,0.14785403,0.99883145,0.70633674,0.94524467,0.5756545,inf,0.70633674,0.94524467,0.4463031,0.16663721,0.6726777,-0.56484103,0.21922518,0.18705285,0.5369128,-0.0654024,0.5349063,-0.110230535,0.5407848,0.4112157,0.099156685,0.3810623,0.5089536,0.7025511,5.8378305,3.9122658,0.26467332,-inf,0.56346047,-590.18353,0.65621215,0.5847651,1.1531911,0.2526666,0.60554445,28.213266,AVARAGE
237,2.7420154,-0.24254438,0.10454251,5.170048,0.36661682,0.4635818,0.54286003,0.3489383,0.648925,3.1977153,0.59495646,0.14390977,1.0761209,0.7475475,0.9641949,0.6181641,0.59242964,0.7475475,0.9641949,0.46735108,0.18285814,0.7151688,-0.59495646,0.25292668,0.21089801,0.5562161,-0.06688785,0.57068145,-0.12669377,0.5742148,0.4557,0.09263433,0.38567445,0.5235195,0.6578719,6.422779,4.1977153,-0.29374236,0.43036824,0.6012129,-551.0298,0.69678825,0.62352157,1.152481,0.23811841,0.6711972,29.865925,
238,2.5182028,-0.27520844,0.109712906,5.2238555,inf,0.41819257,0.49435383,0.3217074,0.58389014,2.9338543,0.56125206,0.14391415,0.9278555,0.66879773,0.76391137,0.55571353,inf,0.66879773,0.76391137,0.44245794,0.16794856,0.65599424,-0.56125206,0.20003982,0.16784471,0.5193816,-0.051269382,0.51926166,-0.09487045,0.52221537,0.4156852,0.10120599,0.36768028,0.48941866,0.73282135,5.69444,3.9337957,2.7380314,-inf,0.5442517,-482.3215,0.6462784,0.5606049,1.1324519,0.2406058,0.58126795,26.798868,AVARAGE
239,2.7770028,-0.25577542,0.09892077,5.7892656,0.3757735,0.43263677,0.5347744,0.33068934,0.61631453,3.2486334,0.5938552,0.13461405,0.9674085,0.6946777,0.69371307,0.5890461,0.62718457,0.6946777,0.69371307,0.4630899,0.18746297,0.7048902,-0.5938552,0.23265561,0.19467269,0.52130157,-0.059358962,0.55367184,-0.11963839,0.548779,0.47166017,0.08866485,0.35729855,0.5098688,0.6845056,6.311709,4.2486334,0.49883035,0.43357527,0.57514924,-556.95044,0.6878205,0.5840326,1.1542509,0.22562549,0.6465301,27.796173,
240,3.0070047,-0.2562319,0.106648736,5.9698305,0.36409286,0.43883646,0.5229996,0.32925776,0.6144483,3.4554887,0.60812104,0.13424692,0.9555594,0.686718,0.6908658,0.5858108,inf,0.686718,0.6908658,0.4864608,0.17886385,0.68961275,-0.60812104,0.17123418,0.14242293,0.5379594,-0.04308033,0.5471784,-0.08625432,0.54764354,0.44850302,0.09912294,0.37648997,0.5115424,0.7673563,5.930473,4.455489,-1.3796691,0.44767836,0.5734062,-469.75363,0.67837673,0.60324913,1.099445,0.22637172,0.63972914,27.735146,AVARAGE
241,3.0649972,-0.2699707,0.102164865,6.6008515,inf,0.41143912,0.50718933,0.31253338,0.58485764,3.5393622,0.6116071,0.122843,0.820625,0.6362838,0.44155738,0.5589726,inf,0.6362838,0.44155738,0.48547548,0.18723999,0.67531127,-0.6116071,0.13200155,0.11368285,0.50618184,-0.039940525,0.52953124,-0.06782835,0.52385944,0.47439358,0.094751045,0.34562021,0.48744106,0.8164569,5.7312837,4.5393624,-1.9419754,-inf,0.54897475,-507.57043,0.66554314,0.5702944,1.0930213,0.22285447,0.6072722,25.810047,
242,3.6423905,-0.27593464,0.08426572,8.621467,inf,0.37076756,0.53066826,0.28400993,0.5583355,4.1624484,0.6445434,0.09786388,0.7587084,0.5610601,-0.038146835,0.53985316,,0.5610601,-0.038146835,0.5182038,0.20147425,0.6900246,-0.6445434,0.10553873,0.091828175,0.45119452,-0.03200961,0.52642155,-0.04487794,0.5041243,0.5201131,0.08044257,0.29905662,0.47328943,0.8521429,6.2764406,5.162449,0.49123117,-inf,0.52923495,-421.32758,0.6848955,0.5204934,1.07739,0.14760639,0.6180903,22.941969,
243,3.821687,-0.2653849,0.08027926,8.480877,0.3993938,0.38998848,0.55006105,0.29509273,0.5861573,4.347597,0.651543,0.09584271,0.88217485,0.59360725,0.09994973,0.56726736,,0.59360725,0.09994973,0.52735734,0.20268661,0.70654833,-0.651543,0.13497314,0.11814553,0.46530315,-0.042712472,0.54373294,-0.052247103,0.5246809,0.5258965,0.075314626,0.30558425,0.4792177,0.8094561,6.900913,5.3475094,-0.24634263,0.24823195,0.55062574,-480.76825,0.70082355,0.5454027,1.1014615,0.10724706,0.64094305,24.22043,
244,2.9099877,-0.2650786,0.10840859,5.965169,0.35232246,0.42666554,0.50522566,0.32472235,0.5978949,3.3457503,0.5991493,0.13328138,0.9037442,0.6669083,0.6281639,0.57001287,0.6057508,0.6669083,0.6281639,0.48029676,0.17448564,0.6755995,-0.5991493,0.1550948,0.1345247,0.5262867,-0.047313284,0.5344632,-0.07930064,0.5344178,0.4358076,0.09962117,0.36979744,0.5053415,0.7781561,5.72481,4.3457503,0.041862376,0.47451088,0.5589945,-445.32767,0.6634777,0.58664256,1.1099409,0.23540191,0.6148387,26.946342,UNHEALTHY
245,2.8772645,-0.27446547,0.09212487,6.2321,inf,0.3853882,0.5263752,0.2886612,0.5642081,3.3105917,0.5987539,0.119027965,0.8068208,0.59859186,0.13272016,0.54325753,inf,0.59859186,0.13272016,0.47988248,0.1738999,0.6714212,-0.5987539,0.17362297,0.12914239,0.47643077,-0.010681995,0.5220088,-0.075923845,0.5071422,0.43336403,0.091050684,0.3339081,0.50246316,0.78537357,5.6477823,4.3105917,2.163256,-inf,0.53397286,-518.1762,0.6712958,0.53281623,1.0321618,0.20953484,0.60651547,24.241898,UNHEALTHY
246,2.6429296,-0.26615947,0.10751944,5.4500227,inf,0.42105243,0.5130326,0.3187493,0.591404,3.0589163,0.58104205,0.14082336,0.89377797,0.6684716,0.5994861,0.5646078,0.56871766,0.6684716,0.5994861,0.46188807,0.16846861,0.6730199,-0.58104205,0.19493723,0.15407635,0.5220148,-0.03305595,0.5317166,-0.098491095,0.52971846,0.4160045,0.1009714,0.37251055,0.5140863,0.74906933,5.5484853,4.0589166,9.466617,-inf,0.55492806,-481.0065,0.6641621,0.57215506,1.0796338,0.2627876,0.614739,26.856682,AVARAGE
247,3.2317486,-0.27535626,0.090455025,7.2859216,,0.37868237,0.5212339,0.2919837,0.5640377,3.7157185,0.61507374,0.109974325,0.82297844,0.58296394,0.101022646,0.54470116,inf,0.58296394,0.101022646,0.490993,0.18945946,0.6792684,-0.61507374,0.14969075,0.12645984,0.4644688,-0.0414324,0.5238176,-0.062293954,0.50943846,0.48399326,0.08581038,0.3146965,0.47424218,0.80576617,6.233935,4.7156396,-1.9077351,-inf,0.5317825,-429.9807,0.673233,0.520145,1.1036217,0.15877214,0.60940796,23.686563,AVARAGE
248,2.382168,-0.27402765,0.11056262,5.0149508,inf,0.41434067,0.50656605,0.31122285,0.5763598,2.7549567,0.55389965,0.15235932,0.89208955,0.66777045,0.66464996,0.5493209,inf,0.66777045,0.66464996,0.44257247,0.1535526,0.65443295,-0.55389965,0.21807939,0.16173303,0.52105963,-0.018757874,0.51776195,-0.10634864,0.5178635,0.3728599,0.10674533,0.38343075,0.52101415,0.7443209,5.2405543,3.7549567,-0.42641795,-inf,0.5417708,-523.8579,0.6507048,0.5537673,1.0515766,0.2967058,0.59103364,26.683418,AVARAGE
249,3.5265522,-0.26976073,0.0761504,8.126335,0.39597854,0.37344992,0.5610237,0.28068674,0.568846,4.0539184,0.6387551,0.09776915,0.7980198,0.5743189,-0.046886772,0.5520192,,0.5743189,-0.046886772,0.5093157,0.2034511,0.70416355,-0.6387551,0.16834815,0.12800486,0.44778895,-0.01791092,0.5373555,-0.06859459,0.5113432,0.52741206,0.07433901,0.29472405,0.4821968,0.79349434,6.592392,5.0539184,-18.411201,0.30925146,0.53887326,-300.82834,0.7033161,0.51979953,1.0467117,0.14333934,0.63766664,23.344198,AVARAGE
250,3.2299192,-0.2711877,0.08840558,7.1001763,inf,0.3894908,0.5275448,0.29786855,0.57674533,3.7303913,0.61957043,0.10844923,0.834967,0.60175765,0.17526059,0.5563897,,0.60175765,0.17526059,0.49192923,0.19525658,0.6872456,-0.61957043,0.15629336,0.13323367,0.47169605,-0.044276934,0.53207004,-0.067754745,0.51613295,0.50058997,0.0822218,0.31489807,0.4767145,0.7869636,6.320461,4.7303915,-0.82703346,-inf,0.5424417,-516.6339,0.6801457,0.5384634,1.1048782,0.16375844,0.61709607,24.41755,AVARAGE
251,2.7016501,-0.28218955,0.10498147,5.896954,inf,0.38952178,0.48608643,0.30462378,0.5586275,3.140075,0.5779775,0.1282164,0.8019386,0.6100333,0.35860825,0.5351689,inf,0.6100333,0.35860825,0.4568398,0.17533469,0.6516564,-0.5779775,0.15331899,0.13298854,0.48620036,-0.046818003,0.509426,-0.07120138,0.50460875,0.4384828,0.096704274,0.33937302,0.47403857,0.7880677,5.5431457,4.1400747,2.0943463,-inf,0.5257327,-472.54834,0.6422413,0.53049916,1.1133811,0.22694339,0.577063,24.631332,AVARAGE
252,2.7581947,-0.26310858,0.10698842,5.532424,inf,0.43557078,0.5130231,0.3300443,0.60748327,3.189009,0.5879908,0.13831088,0.95904344,0.69006425,0.78666663,0.5781621,inf,0.69006425,0.78666663,0.4679731,0.17382593,0.67759496,-0.5879908,0.19096859,0.15952925,0.53357995,-0.047419664,0.5383107,-0.09116357,0.5407184,0.4308513,0.0980186,0.37509435,0.504054,0.7417632,5.864123,4.1890087,0.7819219,-inf,0.5655399,-515.4038,0.66679174,0.5918383,1.1162528,0.23953056,0.6155482,27.74537,
253,2.8280947,-0.2861431,0.100232735,6.4642444,,0.3842045,0.4922739,0.2973466,0.5530577,3.268464,0.58456403,0.123395294,0.79515994,0.5985374,0.32861573,0.5297671,0.6086893,0.5985374,0.32861573,0.46484587,0.17578669,0.65116704,-0.58456403,0.14596578,0.12325759,0.47848758,-0.037275787,0.50621766,-0.06313533,0.5000802,0.44046,0.094327115,0.3325086,0.4719712,0.80614126,5.603853,4.2684636,3.9007008,-inf,0.5205987,-455.04547,0.6457271,0.52497965,1.098537,0.21121038,0.5641743,24.212912,
254,3.7833729,-0.28268054,0.06565439,9.941282,inf,0.34590688,0.570502,0.26223475,0.5426109,4.2982793,0.6488967,0.08507339,0.81154287,0.5300206,-0.19078845,0.5278485,,0.5300206,-0.19078845,0.52588266,0.19979915,0.7087829,-0.6488967,0.16695851,0.12674387,0.4104766,-0.017324328,0.526615,-0.058889404,0.49253497,0.5150117,0.0645934,0.26999798,0.48613688,0.80029994,6.96742,5.2982793,-2.2656288,-inf,0.5167086,-185.72021,0.7103766,0.481431,1.0500449,0.08637608,0.69410336,21.572191,HEALTHY
255,3.1084113,-0.25659174,0.105682336,6.164993,0.3790495,0.43651277,0.51782346,0.33241135,0.6138576,3.5798078,0.6195649,0.12708321,0.90041494,0.67580277,0.60410565,0.5855936,inf,0.67580277,0.60410565,0.49440297,0.18719077,0.6906266,-0.6195649,0.14240748,0.126697,0.53332394,-0.047778778,0.5475775,-0.07521327,0.54673773,0.4714061,0.09681119,0.36578637,0.5000289,0.7947305,5.920889,4.5798073,0.8910116,0.43764263,0.573082,-511.77707,0.6774146,0.6050427,1.1219052,0.2285175,0.6383659,27.401648,
256,3.0312445,-0.28573993,0.10144615,6.8876786,-inf,0.37759188,0.48680773,0.29385233,0.5471112,3.4959176,0.60128427,0.117316395,0.736389,0.5771106,0.17370906,0.5254204,,0.5771106,0.17370906,0.47937688,0.18280946,0.6502277,-0.60128427,0.104262516,0.09363185,0.4734687,-0.03636886,0.50472015,-0.047325727,0.4938104,0.46473736,0.09589931,0.3256551,0.46649995,0.85456926,5.5423756,4.4959173,-0.57662773,-inf,0.51711017,-395.56702,0.64442515,0.5232533,1.093797,0.20675735,0.5704568,23.511314,
257,3.0839224,-0.26300314,0.105167165,6.3082423,inf,0.42464986,0.5111464,0.32411367,0.60089046,3.5467803,0.61166584,0.12651321,0.89532095,0.6589185,0.55253124,0.5741147,0.63085973,0.6589185,0.55253124,0.48913234,0.18364827,0.68257654,-0.61166584,0.14595345,0.12946446,0.5207475,-0.050690766,0.53875184,-0.07306184,0.53653663,0.46289507,0.09610615,0.35957378,0.4948885,0.7890249,5.9478097,4.5467806,-2.8456714,-inf,0.5615335,-594.5895,0.67015976,0.5865522,1.1176777,0.2162548,0.62330395,26.694763,AVARAGE
258,3.030348,-0.26706365,0.10475179,6.170936,inf,0.41864026,0.5046401,0.3195184,0.59321624,3.474178,0.604371,0.126067,0.8994865,0.64951754,0.5173554,0.5669843,0.6132317,0.64951754,0.5173554,0.4852992,0.1776554,0.67405105,-0.604371,0.14695098,0.12810755,0.51477057,-0.049773954,0.5321205,-0.07043563,0.5295858,0.44387528,0.096138835,0.35828295,0.49413013,0.7980719,5.8764553,4.474178,2.0105424,-inf,0.5545147,-499.70657,0.66319716,0.5762116,1.115057,0.2110875,0.612455,26.315027,
259,3.0985878,-0.26616442,0.106842004,6.413065,0.3842832,0.41847828,0.50037897,0.3229489,0.59280366,3.564435,0.6102024,0.12581621,0.85942066,0.64795023,0.49028516,0.5669156,-inf,0.64795023,0.49028516,0.48681396,0.18434024,0.67679703,-0.6102024,0.13038121,0.11939836,0.5152294,-0.05435865,0.5334891,-0.06964894,0.5297983,0.4658865,0.09675113,0.35511234,0.49065542,0.80809027,5.8239465,4.564435,3.0064502,0.42610615,0.55523926,-409.3611,0.6628832,0.5783584,1.1262363,0.22087485,0.6161726,26.271303,UNHEALTHY
260,2.5122988,-0.31968105,0.10267641,6.5168147,0.31786075,0.32182476,0.4439867,0.2550182,0.474499,2.903417,0.5534141,0.1199058,0.63071823,0.4902661,-0.093726255,0.4558385,,0.4902661,-0.093726255,0.44211733,0.15720256,0.59084725,-0.5534141,0.09615726,0.07517862,0.42452642,-0.013828007,0.4506375,-0.02131437,0.4420567,0.39133435,0.102701664,0.3062911,0.4402041,0.90155935,4.739259,3.903417,0.15973167,0.6005389,0.45418534,-422.34805,0.5959308,0.43605775,1.0473933,0.2009194,0.4870158,19.998062,
261,3.019949,-0.28259516,0.08997059,6.760148,inf,0.37054333,0.519003,0.27838042,0.5473104,3.4859185,0.6049263,0.11198232,0.7389688,0.5667411,0.027814899,0.52766246,,0.5667411,0.027814899,0.4815764,0.18403207,0.65923285,-0.6049263,0.13994846,0.10337045,0.46120912,-0.005500686,0.50984997,-0.051498048,0.49539566,0.46603915,0.090697475,0.31566766,0.47033584,0.83326894,5.6361103,4.4859185,-1.0872916,-inf,0.51874113,-683.0192,0.6639023,0.5146125,1.0248445,0.19057642,0.58862424,23.08209,UNHEALTHY
262,2.635061,-0.30269793,0.10074615,6.198069,inf,0.35769895,0.47867686,0.27333447,0.5159976,3.0302496,0.56403786,0.12503949,0.7373312,0.5505017,0.17996755,0.494222,,0.5505017,0.17996755,0.45352104,0.1600432,0.6141717,-0.56403786,0.13231218,0.09766018,0.46002108,-0.0050138184,0.47632837,-0.03768492,0.47391894,0.3952674,0.10233008,0.3297294,0.45460898,0.857712,5.1217494,4.0302496,-0.6340445,-inf,0.48818454,-374.88766,0.62306523,0.48623174,1.03361,0.2095487,0.5229569,22.369835,UNHEALTHY
263,2.47495,-0.29547578,0.11381383,5.6719956,inf,0.36878872,0.4562121,0.29375023,0.5252608,2.880438,0.56189215,0.13409546,0.6992074,0.5722108,0.21080412,0.5028979,inf,0.5722108,0.21080412,0.443952,0.16530666,0.62128335,-0.56189215,0.11875062,0.10340064,0.47647256,-0.034941133,0.48427376,-0.056655474,0.4781851,0.4055228,0.107699536,0.34075156,0.46733773,0.83829063,4.894532,3.8804383,2.8409555,-inf,0.4987277,-487.14645,0.6151064,0.50317,1.0915886,0.25475287,0.5427956,23.182219,AVARAGE
264,2.7092872,-0.27618486,0.10661029,5.6020207,0.3603572,0.40254253,0.49518505,0.30860063,0.5720629,3.1471753,0.5784869,0.13267387,0.84141815,0.6295489,0.4627367,0.547022,0.594915,0.6295489,0.4627367,0.4572232,0.17533955,0.65447694,-0.5784869,0.16541381,0.13823609,0.503237,-0.041223846,0.5156535,-0.07306189,0.5153871,0.43801153,0.100694515,0.35095492,0.47512713,0.779458,5.6281033,4.1471753,1.5346396,0.5176242,0.5360857,-554.89874,0.64816344,0.5476865,1.0993806,0.22475195,0.58976233,25.431725,AVARAGE
265,2.7444634,-0.2532071,0.108127035,5.279238,0.35747352,0.45299888,0.5282652,0.3374668,0.62725496,3.1782038,0.5907858,0.14433026,1.0119306,0.72173196,0.937566,0.5958067,0.5804622,0.72173196,0.937566,0.4691921,0.17462035,0.69174844,-0.5907858,0.21643715,0.1754292,0.5528333,-0.04666326,0.55202013,-0.10622595,0.5575374,0.43377805,0.099834435,0.3896216,0.51773864,0.7152728,5.988867,4.1782045,0.7329403,0.48100692,0.5825009,-504.43466,0.68010795,0.61401576,1.1073515,0.25195372,0.6417186,28.959766,AVARAGE
266,2.621892,-0.28357726,0.10723323,5.6021705,0.36017436,0.39714485,0.4857596,0.3058213,0.56267816,3.0444472,0.5670467,0.13464423,0.85241336,0.6242081,0.50911963,0.53756684,inf,0.6242081,0.50911963,0.44865274,0.16934632,0.6428431,-0.5670467,0.16798458,0.14010906,0.49825096,-0.04285875,0.5060061,-0.071235836,0.5072088,0.42265528,0.10110611,0.35094714,0.47076213,0.7848727,5.577703,4.044447,2.1183126,0.5193419,0.52652127,-505.74603,0.637657,0.53555757,1.1070287,0.22369833,0.5641283,25.170216,
267,2.3479705,-0.28061002,0.101297066,5.153414,inf,0.40009937,0.51274127,0.2978305,0.56573737,2.7373626,0.5520676,0.14342955,0.882487,0.6449522,0.5571322,0.54031736,inf,0.6449522,0.5571322,0.43632674,0.15947863,0.6519963,-0.5520676,0.23171647,0.1692204,0.499404,-0.014561848,0.51191574,-0.101731315,0.50791055,0.38941723,0.099313214,0.36081275,0.50454056,0.7332779,5.403435,3.7373624,-0.3076607,-inf,0.531726,-451.14767,0.6527382,0.5338721,1.0430071,0.2606514,0.57324404,25.7701,
268,3.139276,-0.2858379,0.08657583,7.4094787,,0.36249316,0.51633936,0.2805371,0.5453469,3.6357322,0.602133,0.10721979,0.8039421,0.5604338,0.07289714,0.5266981,inf,0.5604338,0.07289714,0.4758703,0.19227305,0.6690586,-0.602133,0.1602845,0.13717864,0.44500753,-0.045682736,0.5108087,-0.061642572,0.49438626,0.49654466,0.08254662,0.297533,0.4567519,0.78621,6.3693256,4.6355705,-3.580131,-inf,0.5145319,-400.04745,0.66549,0.49587488,1.115873,0.13607961,0.58600605,22.734581,HEALTHY
269,2.5896964,-0.2842027,0.10292361,6.08633,,0.39106628,0.49347764,0.30449736,0.5601151,3.0157566,0.5669697,0.1337107,0.8575128,0.6241138,0.47023323,0.5359966,inf,0.6241138,0.47023323,0.44723982,0.17031296,0.65685564,-0.5669697,0.18875542,0.15935408,0.48562154,-0.051838554,0.5106738,-0.09064399,0.50443155,0.42606902,0.09458996,0.34231296,0.48861685,0.75105304,5.6987743,4.01569,0.09110313,,0.5263388,-405.09204,0.6467609,0.5251186,1.1293674,0.22586629,0.5511153,25.026726,
270,3.365068,-0.23681526,0.10322788,6.2278924,0.3792023,0.47505972,0.5490099,0.3556514,0.663232,3.8489552,0.6364537,0.1290706,1.1078534,0.7428784,0.95066947,0.63106453,0.6276359,0.7428784,0.95066947,0.5125031,0.19089904,0.7252882,-0.6364537,0.1849639,0.16458675,0.56644285,-0.06588558,0.58006936,-0.09224803,0.5849042,0.4839086,0.09138318,0.38769576,0.52107227,0.72807086,6.7160044,4.848955,0.5272412,0.35270652,0.6124735,-567.9537,0.70745605,0.6561715,1.1522187,0.18600565,0.6847125,30.011076,AVARAGE
271,2.8539708,-0.27763477,0.10710778,6.0320187,inf,0.40269867,0.48719615,0.3092709,0.56968653,3.2864902,0.591873,0.1275387,0.82141143,0.62332666,0.42405066,0.5442243,0.57245994,0.62332666,0.42405066,0.47360012,0.17286193,0.65493757,-0.591873,0.12946293,0.1131335,0.5023744,-0.040945344,0.51513016,-0.06253304,0.51185036,0.43257424,0.099684305,0.35285458,0.4875115,0.81871194,5.4599285,4.28649,-10.294379,-inf,0.53526247,-500.5262,0.64565176,0.55541646,1.0988747,0.22944626,0.5849783,25.275583,
272,3.087349,-0.26309067,0.10122982,6.4651785,inf,0.414113,0.5148401,0.3170676,0.5932723,3.53115,0.61658657,0.12188273,0.89074343,0.64146733,0.38177264,0.56830615,0.6159782,0.64146733,0.38177264,0.4969772,0.17760612,0.6881056,-0.61658657,0.14336938,0.12671924,0.5070221,-0.04704789,0.53932554,-0.0757876,0.53094465,0.44382048,0.09292715,0.35541704,0.51314425,0.7867633,5.8466487,4.5311503,0.5738097,-inf,0.55763763,-480.9139,0.67490494,0.57556075,1.1113286,0.20772065,0.6317569,26.003916,
273,2.8805206,-0.2796716,0.10514472,6.21202,inf,0.39450443,0.48557314,0.30627134,0.5632289,3.3147862,0.5944566,0.12360503,0.81209546,0.6089559,0.3255278,0.5390444,inf,0.6089559,0.3255278,0.47449225,0.17401387,0.6554119,-0.5944566,0.12343103,0.110294275,0.49189505,-0.0430415,0.51306367,-0.06179987,0.5067275,0.43429354,0.09739893,0.34488276,0.48552704,0.82254684,5.469041,4.314787,-0.43176708,-inf,0.53041404,-584.4679,0.64536643,0.54540586,1.1072065,0.21384783,0.5832309,24.718012,
274,2.8461702,-0.28550172,0.09702482,6.601145,inf,0.37829775,0.5008901,0.2892958,0.5485448,3.2679653,0.5874586,0.122150876,0.80644387,0.5908997,0.23894921,0.52629834,,0.59091294,0.23894921,0.47049198,0.16991384,0.6563881,-0.5874586,0.15364122,0.12222496,0.47084838,-0.027423974,0.50770235,-0.0702359,0.49513167,0.42184275,0.09255912,0.33369806,0.4927128,0.8064299,5.530602,4.2679653,7.424002e-05,-inf,0.51900125,-440.4992,0.65206736,0.5181291,1.0696945,0.20950106,0.5735425,23.881023,AVARAGE
275,2.6963422,-0.2736918,0.1087498,5.5406613,,0.40732005,0.49019784,0.3137576,0.57608944,3.0945377,0.58126503,0.1333562,0.87133247,0.63789016,0.45260012,0.550571,0.5473984,0.63789016,0.45260012,0.46848214,0.16264139,0.65904677,-0.58126503,0.15840356,0.13540484,0.5076945,-0.045402355,0.5198958,-0.078441665,0.5161853,0.39824525,0.1004085,0.3643853,0.50683844,0.7786506,5.454147,4.0945373,1.1324433,-inf,0.5412041,-511.17795,0.64806384,0.5579228,1.1059178,0.23994452,0.59525925,25.755606,AVARAGE
276,2.7442045,-0.25777626,0.11472341,5.250819,0.35917908,0.4407057,0.50372726,0.33604658,0.6109379,3.171875,0.59379345,0.14133671,0.90696096,0.6916312,0.6888164,0.5820522,inf,0.6916312,0.6888164,0.47365135,0.17319085,0.67937756,-0.59379345,0.16644466,0.14447099,0.54549426,-0.050538123,0.5421043,-0.09025871,0.5451367,0.42767954,0.10478857,0.38622013,0.5134082,0.7555595,5.56685,4.1718745,-3.3662097,0.5226918,0.5710862,-532.3664,0.6643183,0.60676336,1.115244,0.2708674,0.63043857,27.904264,HEALTHY
277,2.9383783,-0.2706768,0.10645156,6.020224,inf,0.41474307,0.49404505,0.3196431,0.5876797,3.4127526,0.59882295,0.12643419,0.8432601,0.6438408,0.5100234,0.56160396,,0.6438408,0.5100234,0.47305608,0.1865816,0.6674477,-0.59882295,0.13940631,0.12840825,0.5112819,-0.056910038,0.5269321,-0.0679735,0.5253335,0.47442415,0.096547484,0.34851804,0.47472897,0.7928435,5.8317585,4.4127526,1.5879456,-inf,0.54923624,-562.91583,0.65463024,0.57106,1.1324525,0.21893655,0.5996341,26.079535,AVARAGE
278,2.5956068,-0.27579835,0.10872746,5.590337,0.35987723,0.39316973,0.49215585,0.30470076,0.56210214,3.0073571,0.57559705,0.13633803,0.7982746,0.6195084,0.30545714,0.5391863,0.56383747,0.6195084,0.30545714,0.4579457,0.1672526,0.65837765,-0.57559705,0.16623233,0.13817236,0.49531284,-0.03889292,0.515371,-0.08621401,0.5070243,0.4117598,0.10214316,0.3554652,0.50270283,0.7693721,5.315533,4.0073576,-14.279153,0.5228893,0.531919,-450.00104,0.6480223,0.5365011,1.0909593,0.26072028,0.59874886,24.95798,AVARAGE
279,2.4232087,-0.2908576,0.11494104,5.240953,inf,0.39168832,0.46711898,0.30240673,0.54661936,2.8232057,0.54938257,0.14425214,0.79646486,0.6177335,0.53686845,0.5213792,inf,0.6177335,0.53686845,0.4342046,0.16211179,0.62256145,-0.54938257,0.1580135,0.1294873,0.5015086,-0.033905953,0.49142444,-0.0665957,0.49572244,0.40003756,0.10982834,0.35984898,0.465669,0.798942,5.134305,3.8231473,1.1696894,-inf,0.5133297,-331.4705,0.6183274,0.52617526,1.0881861,0.2602391,0.541535,24.87777,AVARAGE
280,2.5543482,-0.2732256,0.10971211,5.3425045,0.37188348,0.4060524,0.49195355,0.31634232,0.57519865,2.9867756,0.5725128,0.13792129,0.8325938,0.6436865,0.49300003,0.5498571,inf,0.6436865,0.49300003,0.44914365,0.17376581,0.6625904,-0.5725128,0.17918518,0.1538113,0.50617176,-0.051825467,0.5209923,-0.09537009,0.5163481,0.43243647,0.10011937,0.35575098,0.49532428,0.74725574,5.5129743,3.9867759,0.9101881,0.50628513,0.54092646,-495.49063,0.6489975,0.55179274,1.123048,0.2554625,0.599944,25.875221,AVARAGE
281,2.8972461,-0.27630904,0.09762818,6.0051737,,0.39353126,0.50667006,0.30050966,0.57127655,3.3886282,0.59225017,0.11972409,0.81489825,0.6088123,0.31326017,0.5484766,,0.6088123,0.31326017,0.46246907,0.19081862,0.6623252,-0.59225017,0.16183993,0.13754345,0.4862043,-0.043745447,0.51848847,-0.06831844,0.5131827,0.49140325,0.09269716,0.32546797,0.45645705,0.7803942,6.016595,4.3884897,-0.5480385,-inf,0.5348067,-596.514,0.65754956,0.5394887,1.1081791,0.18201144,0.5951512,24.691505,HEALTHY
282,2.408888,-0.2649878,0.109607935,4.8682814,0.3661256,0.4324833,0.51145154,0.3260996,0.60080194,2.842643,0.5645468,0.14911631,0.9163799,0.69669545,0.81434506,0.5713716,-inf,0.69669545,0.81434506,0.437153,0.17433083,0.6727114,-0.5645468,0.22783506,0.18173648,0.5342153,-0.043454893,0.5339196,-0.1178986,0.5364117,0.43382326,0.10173199,0.3756134,0.50437003,0.70736825,5.6287813,3.8426425,0.7254637,0.52370733,0.5608835,-526.76276,0.6616285,0.58069175,1.1050855,0.27745274,0.61209416,27.844364,
283,2.3873324,-0.28096494,0.1157787,4.9310503,inf,0.4148037,0.47783372,0.3208191,0.5734674,2.8110812,0.5502517,0.14872898,0.86830485,0.6614058,0.78938186,0.54481083,inf,0.6614058,0.78938186,0.42650223,0.17058465,0.63952583,-0.5502517,0.18630707,0.15659596,0.52238476,-0.049926646,0.50792617,-0.08928588,0.5156836,0.42376065,0.10761514,0.36715868,0.46809435,0.759331,5.428766,3.811023,1.5039059,-inf,0.53451985,-559.12805,0.6307775,0.55363697,1.1286864,0.25872436,0.5618723,26.53073,AVARAGE
284,2.7098825,-0.25727484,0.102197535,5.470663,0.38323304,0.43031192,0.5278975,0.32977375,0.6115766,3.1907115,0.5853376,0.13789012,0.9322049,0.6912386,0.6869929,0.5846898,0.6420342,0.6912386,0.6869929,0.45153862,0.19004115,0.69674546,-0.5853376,0.23030746,0.19219083,0.52231145,-0.061072856,0.54888874,-0.12249421,0.5447675,0.4809059,0.0919995,0.35568354,0.49943733,0.6953123,6.2164836,4.190711,0.7084521,0.45887232,0.5710396,-362.8003,0.6805242,0.5792631,1.1525111,0.23808357,0.64286214,27.65434,AVARAGE
285,2.925129,-0.27622035,0.10006773,6.42166,0.37780625,0.3986349,0.5131359,0.29870412,0.56785583,3.3827853,0.6003293,0.1253641,0.79795,0.61691755,0.3877223,0.5424559,0.6356464,0.61691755,0.3877223,0.47713572,0.18136516,0.6632196,-0.6003293,0.14449112,0.11090123,0.4965097,-0.014851212,0.51807433,-0.06424092,0.5111964,0.4576857,0.09787478,0.34420022,0.48557124,0.820916,5.5238323,4.3827853,-0.045271467,0.45434576,0.5349511,-468.13632,0.66215545,0.5505768,1.0449979,0.22659089,0.5970682,25.018202,AVARAGE
286,2.7485178,-0.27822495,0.10752935,5.9007454,inf,0.40472248,0.49692383,0.30718982,0.5689728,3.1604567,0.5821026,0.13517645,0.8483602,0.6323373,0.51373523,0.5427442,inf,0.6323373,0.51373523,0.46750814,0.16634488,0.6517975,-0.5821026,0.15329759,0.12236389,0.50811267,-0.026024867,0.5131645,-0.0694297,0.51213634,0.4119642,0.10340674,0.3628504,0.49424222,0.8075118,5.4198613,4.1604567,-2.2782936,-inf,0.5343302,-479.94464,0.64796746,0.55291706,1.0727262,0.24357158,0.5810028,25.553144,AVARAGE
287,2.5772593,-0.307045,0.10418595,6.1985173,,0.3480947,0.4633293,0.267623,0.50184876,2.9869025,0.5669642,0.12420764,0.634813,0.52996325,0.040768232,0.48104405,,0.52996325,0.040768232,0.4508824,0.1647828,0.6051057,-0.5669642,0.099555545,0.07172017,0.45384476,-0.0007045916,0.4681653,-0.032330602,0.46000233,0.4095586,0.105779044,0.32314858,0.45210207,0.9012702,4.747558,3.9867158,-1.9675008,-inf,0.47842795,-376.30847,0.61260927,0.4774357,1.020703,0.23674649,0.5133118,21.621534,
288,2.6252186,-0.31242752,0.104505636,6.3173933,-inf,0.34031045,0.45176354,0.26212493,0.49241623,3.0132568,0.56501544,0.12049811,0.6497297,0.51293707,0.010262341,0.47149026,,0.5129263,0.010262341,0.45542955,0.15726872,0.59566694,-0.56501544,0.08482183,0.06360357,0.4461287,-0.0059219874,0.45974463,-0.021478722,0.45227638,0.38809544,0.10582539,0.32071075,0.45122138,0.9134715,4.750614,4.0131936,3.4887948,-inf,0.46896365,-448.4808,0.60305077,0.46817827,1.0273871,0.21166103,0.5010826,21.00555,AVARAGE
289,2.6239762,-0.2950759,0.111020066,6.063352,inf,0.37708235,0.46592143,0.28931955,0.5322225,3.010548,0.5709446,0.13223752,0.7372353,0.5808573,0.28176147,0.5084946,,0.5808573,0.28176147,0.4606944,0.15774074,0.6221144,-0.5709446,0.11372463,0.090849526,0.48499054,-0.019900946,0.48653522,-0.048143793,0.48348013,0.38669184,0.10793986,0.3511177,0.48054647,0.86084235,4.915912,4.010548,-0.11555222,-inf,0.5036298,-280.83502,0.62066674,0.51819724,1.0519469,0.25041023,0.5305137,23.594946,AVARAGE
290,2.8273773,-0.3113698,0.09988332,6.7324443,,0.3352583,0.45975837,0.25796515,0.4929826,3.2521713,0.5769089,0.11294202,0.62913793,0.49888277,-0.08706541,0.4736393,,0.49888277,-0.08706541,0.46300864,0.16941993,0.6004447,-0.5769089,0.075512715,0.05653987,0.43783268,-0.004528586,0.46204317,-0.007013896,0.4563081,0.42501202,0.10259527,0.30603987,0.42750126,0.92662305,4.977721,4.2521043,180.80534,-inf,0.46893018,-463.388,0.609583,0.4627733,1.025391,0.1848292,0.4961631,20.528542,AVARAGE
291,2.572142,-0.2860686,0.10899801,5.5427537,-inf,0.39418545,0.48962387,0.29499295,0.5520784,2.9539945,0.5613517,0.14117634,0.8227848,0.6195073,0.47729135,0.5268682,inf,0.6195073,0.47729135,0.4518386,0.1561949,0.63374895,-0.5613517,0.16618377,0.12275518,0.5020892,-0.01160074,0.49914452,-0.0704002,0.49877053,0.38176993,0.10791209,0.36582252,0.4922671,0.8075749,5.1362276,3.9538066,0.6966275,-inf,0.5198967,-354.1065,0.6349568,0.53405356,1.0362948,0.25772282,0.5599337,24.9812,AVARAGE
292,2.650645,-0.26743975,0.11144437,5.329618,0.3535295,0.42652392,0.5071386,0.31800032,0.5904565,3.0660744,0.58163023,0.14360906,0.8613631,0.6714064,0.6549655,0.5622987,0.5780066,0.6714064,0.6549655,0.46241072,0.1691363,0.6639525,-0.58163023,0.17494671,0.13525708,0.53345865,-0.022985864,0.52740556,-0.08799353,0.5293019,0.41542953,0.106934704,0.38040745,0.5064384,0.77768123,5.322469,4.066075,1.7819804,0.5660346,0.553839,-496.52808,0.6580521,0.5838544,1.0561453,0.2796042,0.6064774,27.05841,AVARAGE
293,2.763575,-0.28429735,0.101274274,5.9545765,,0.3795022,0.49467915,0.28977346,0.5497248,3.1944082,0.58263665,0.12382127,0.78539354,0.5848347,0.2100556,0.52752274,inf,0.5848347,0.2100556,0.46355745,0.17325245,0.64561564,-0.58263665,0.14817916,0.11853844,0.47867787,-0.025897998,0.50378364,-0.057628363,0.49768218,0.43077478,0.09920754,0.3343502,0.46859142,0.81274974,5.493798,4.1942735,-1.0741276,-inf,0.51808006,-638.21704,0.6447765,0.5193601,1.0672935,0.20227396,0.57573736,23.75277,HEALTHY
294,2.6290565,-0.2999638,0.10419959,6.0938554,,0.3558697,0.46478635,0.27813926,0.5179282,3.0642805,0.56727123,0.122833274,0.68862873,0.54668,0.102849685,0.49705958,,0.54668,0.102849685,0.44668826,0.17355514,0.6210068,-0.56727123,0.12135797,0.102210656,0.4567207,-0.031459708,0.48048517,-0.04543614,0.47381318,0.43546224,0.10087259,0.31762516,0.44442892,0.84437966,5.1799974,4.064281,1.1912178,-inf,0.49072143,-508.21378,0.6186677,0.48519477,1.0800186,0.20971724,0.53455967,22.229765,AVARAGE
295,2.7262108,-0.26814002,0.11317555,5.4377775,-inf,0.42803186,0.49386698,0.32860017,0.5948523,3.1806986,0.58356637,0.13958739,0.8718351,0.6731106,0.72054994,0.5661835,inf,0.6731106,0.72054994,0.45855018,0.18051371,0.6643964,-0.58356637,0.16314808,0.14210767,0.53122735,-0.0522499,0.52808297,-0.083326295,0.53107053,0.45452586,0.10320441,0.36801142,0.4849857,0.7702207,5.6440663,4.180699,1.8957325,-inf,0.5550014,-479.28674,0.65189916,0.58386093,1.1228725,0.2532681,0.6029295,27.1367,AVARAGE
296,2.5712068,-0.27244613,0.1074109,5.2347302,-inf,0.41034657,0.499746,0.3144825,0.5800695,2.991652,0.57227117,0.13780275,0.87673354,0.6489545,0.5363562,0.55405265,-inf,0.6489545,0.5363562,0.45255756,0.16965328,0.66049415,-0.57227117,0.18881564,0.15476412,0.5109177,-0.041151404,0.5215902,-0.08997692,0.51941687,0.42048067,0.10057975,0.3611863,0.49556392,0.7493036,5.5784655,3.9916525,-0.8036542,inf,0.5436179,-588.4385,0.65195435,0.5564117,1.1033062,0.24169144,0.5981768,26.109198,HEALTHY
297,2.4469256,-0.27299476,0.10995874,4.868107,inf,0.42398852,0.5046997,0.31990507,0.58657783,2.856678,0.5572175,0.14950554,0.9287808,0.6772039,0.80828804,0.55745536,inf,0.6772039,0.80828804,0.438353,0.16490576,0.651551,-0.5572175,0.21427613,0.16382787,0.5307288,-0.0243784,0.51898897,-0.096431755,0.5248404,0.40974396,0.10675804,0.3783894,0.49318436,0.7432383,5.537329,3.856618,0.9227304,-inf,0.5467605,-514.44464,0.6484522,0.56814337,1.087772,0.2547947,0.5872385,27.148142,HEALTHY
298,2.866777,-0.2610804,0.10073954,5.848279,0.3765229,0.42693552,0.52335453,0.32748923,0.6053922,3.3424346,0.59995824,0.13041945,0.91900396,0.6725925,0.6174918,0.5780079,-inf,0.6725925,0.6174918,0.4693651,0.18749782,0.6882376,-0.59995824,0.19125226,0.15735722,0.5203002,-0.0425221,0.54273945,-0.09537378,0.53971493,0.47569966,0.09336471,0.35553014,0.49527824,0.74997526,6.0347505,4.342435,0.33231303,0.429074,0.5653149,-530.9381,0.67636454,0.5826557,1.1326634,0.21710165,0.6297191,27.09832,AVARAGE
299,2.767242,-0.27643374,0.09724626,6.1873646,inf,0.40063512,0.5171249,0.3055385,0.5741614,3.1979299,0.58050233,0.13080902,0.9067179,0.63497573,0.48222908,0.54958487,0.6106774,0.63497573,0.48222908,0.46062377,0.17195955,0.6674618,-0.58050233,0.20126286,0.15579881,0.49420917,-0.027702672,0.5209399,-0.09048275,0.51493824,0.43081132,0.093582526,0.34680855,0.49649772,0.7620988,5.8879867,4.19793,-1.4786148,-inf,0.53820556,-504.1513,0.66243553,0.5401523,1.1030008,0.2044204,0.58830017,25.5272,AVARAGE
