,ARI_2_mean,ATSAVI_mean,blue_mean,CRI_2_mean,DATT_mean,DVI_mean,ENDVI_mean,EVI_mean,EVI_2_mean,GCI_mean,GNDVI_mean,green_mean,MCARI_mean,MCARI_1_mean,MCARI_2_mean,MSAVI_mean,MTCI_mean,MTVI_1_mean,MTVI_2_mean,NDCI_mean,NDRE_mean,NDVI_mean,NDWI_mean,NEXG_mean,NGRDI_mean,nir_mean,NPCI_mean,OSAVI_mean,PSRI_mean,RDVI_mean,RECI_mean,red_mean,rede_mean,RERI_mean,RGVI_mean,RVI_1_mean,RVI_2_mean,R_MCARI_MTVI2_mean,R_TCARI_OSAVI_mean,SAVI_mean,SAVI_2_mean,SIPI_mean,SPVI_mean,SRPI_mean,TCARI_mean,TSAVI_mean,TVI_mean,HEALTH_STA
0,2.4450462,-0.26243404,0.08868297,5.4475713,0.3947788,0.3909099,0.5389567,0.31350723,0.5896137,2.9626904,0.5649076,0.1300733,1.0027345,0.64927393,0.3408181,0.5715533,,0.64927393,0.3408181,0.41953024,0.20023839,0.7171673,-0.5649076,0.3193674,0.27287194,0.46562186,-0.10561959,0.54933393,-0.16594817,0.5271357,0.5176884,0.07471194,0.31226945,0.49597812,0.58601695,7.189654,3.9626458,-0.43664083,0.34897166,0.554535,-147.14027,0.69070476,0.51043,1.2698858,0.16634554,0.65196496,25.669046,AVARAGE
1,2.3772779,-0.25361317,0.0983331,5.3029075,0.4142051,0.41194633,0.5224285,0.34361795,0.61016285,2.9380643,0.5705201,0.13695568,0.9656025,0.68847764,0.56029,0.58817047,0.7392693,0.68847764,0.56029,0.41253036,0.21423632,0.73008996,-0.5705201,0.30054837,0.2786793,0.48782828,-0.13863452,0.5624064,-0.17953083,0.5445436,0.5608294,0.07588201,0.31963295,0.490832,0.574747,7.068193,3.938064,0.39825022,0.40892443,0.5721723,-145.94487,0.68943655,0.53583986,1.3518032,0.21852261,0.6747011,27.159727,AVARAGE
2,2.3635147,-0.25056717,0.119184315,4.631134,0.4142097,0.45785594,0.4957179,0.37883285,0.6396275,2.911835,0.56038815,0.15753394,0.9997149,0.7618373,1.1748271,0.6089954,inf,0.7618373,1.1748271,0.40598923,0.20986773,0.70866925,-0.56038815,0.2644699,0.25596893,0.5496689,-0.14077401,0.5621206,-0.16901505,0.56633687,0.54827833,0.09181292,0.36176777,0.47997332,0.6047296,6.7260094,3.911793,0.26710385,0.51115954,0.5912764,-166.3219,0.66574633,0.5976869,1.3459764,0.27152717,0.64372027,30.100199,AVARAGE
3,2.0567749,-0.2547116,0.11781502,4.2527847,0.40425497,0.44827223,0.5123733,0.3555195,0.6224125,2.588187,0.5328299,0.17432062,0.9371702,0.7635333,1.2322348,0.592132,0.6982114,0.7635333,1.2322348,0.37513876,0.20472212,0.6988701,-0.5328299,0.3197424,0.26784435,0.5469381,-0.10287294,0.55216575,-0.19631125,0.5552813,0.5314328,0.0986659,0.36744925,0.48158133,0.5952629,6.287683,3.5881152,1.262022,0.6322735,0.5789293,-145.47537,0.6683176,0.57076335,1.2399857,0.33368015,0.6468571,29.92252,AVARAGE
4,2.4172492,-0.2696597,0.100713536,5.3109064,inf,0.41310066,0.50988364,0.32564032,0.59567285,3.0419447,0.564063,0.13957742,0.86641675,0.68031424,0.77038866,0.5701882,0.91747504,0.68031424,0.77038866,0.39145318,0.23209742,0.6958904,-0.564063,0.26973906,0.23706178,0.49789116,-0.10688282,0.5386845,-0.1577451,0.53199387,0.6247756,0.08479659,0.3139708,0.4345254,0.64372104,6.869009,4.0419445,0.18401666,-inf,0.554593,-120.53815,0.6670268,0.54121286,1.2547041,0.22140902,0.60755086,26.976908,AVARAGE
5,2.7683516,-0.26573434,0.07897366,6.661595,0.4708862,0.38805956,0.55445707,0.3031068,0.58984655,3.4531534,0.6056055,0.11157673,0.862702,0.6284887,0.3062505,0.57095486,0.9185834,0.6284887,0.3062505,0.42568198,0.25060198,0.7347181,-0.6056055,0.28756776,0.24953426,0.45496777,-0.1048183,0.55295795,-0.15242372,0.52932245,0.68476397,0.066908166,0.27554113,0.43964723,0.61869144,7.6931715,4.453059,-5.698613,0.2994564,0.55343765,-94.11775,0.7094766,0.51763767,1.2477132,0.14384438,0.6527853,25.071005,AVARAGE
6,2.4873238,-0.25589654,0.09691052,5.2657027,0.46604598,0.4154254,0.532159,0.32936552,0.61041445,3.1601284,0.5809899,0.13345219,0.83143044,0.6790854,0.56063044,0.58849233,,0.6790854,0.56063044,0.39974573,0.24618171,0.71609396,-0.5809899,0.28049257,0.24819677,0.497036,-0.10750278,0.55608827,-0.15896885,0.5443855,0.6728414,0.08161065,0.30305183,0.43076578,0.61635417,7.10857,4.160081,-9.135466,0.43405154,0.56990063,-133.65685,0.689309,0.54880893,1.2552042,0.2117529,0.658804,26.999184,AVARAGE
7,2.477993,-0.25082284,0.113142975,5.1427784,inf,0.45443606,0.5122749,0.3693713,0.63769686,3.1243494,0.57805216,0.1502412,0.9304724,0.7478711,1.1298674,0.6067254,inf,0.7478711,1.1298674,0.40331832,0.2377055,0.7166519,-0.57805216,0.25776452,0.24626128,0.54474014,-0.12973088,0.563402,-0.16044208,0.566843,0.64639914,0.0903103,0.34127286,0.44678274,0.6173957,6.9278502,4.124349,1.4975855,-inf,0.5894867,-142.18811,0.67999274,0.5977833,1.3207879,0.24808468,0.65663487,29.663023,AVARAGE
8,2.1071744,-0.2585736,0.11458543,4.369163,0.42197227,0.4513321,0.5176742,0.35319468,0.62320155,2.6833055,0.53668666,0.17104611,0.9413093,0.76425976,1.3184727,0.5913894,0.8107412,0.76425976,1.3184727,0.37065795,0.21687338,0.69491297,-0.53668666,0.31394577,0.26244602,0.5490824,-0.09271301,0.54893994,-0.18640311,0.554865,0.5762075,0.0977503,0.3592076,0.4617371,0.5963157,6.420001,3.6832676,0.11110914,0.59085715,0.5773779,-159.4718,0.6686405,0.5788483,1.2244376,0.29973328,0.6274113,30.011759,AVARAGE
9,2.4893334,-0.26315352,0.088843174,5.740702,inf,0.4026388,0.54681325,0.3143425,0.59612113,3.1127594,0.5777675,0.13039963,0.86753964,0.6641901,0.5154648,0.5744352,0.85014486,0.6641901,0.5154648,0.40786898,0.23144051,0.71758443,-0.5777675,0.30333,0.25179416,0.47893128,-0.08621628,0.550084,-0.16340779,0.5334632,0.6234516,0.076298125,0.30166265,0.45639253,0.6110328,7.04933,4.112672,1.0368688,-inf,0.55875105,-129.29124,0.6963562,0.5294837,1.2029418,0.20444581,0.6456811,26.322052,AVARAGE
10,2.4978158,-0.27865925,0.07455187,6.1201344,0.43188515,0.36574537,0.56801516,0.27567458,0.5575045,3.0795062,0.57766676,0.1164587,0.7822904,0.5951018,0.12730505,0.54018253,inf,0.5951018,0.12730505,0.41676137,0.22007202,0.70110935,-0.57766676,0.30930752,0.22432496,0.4383397,-0.024071973,0.5290718,-0.14254224,0.5025806,0.5817699,0.072594345,0.2802773,0.45800692,0.65325433,6.6954393,4.0795064,2.3062503,0.38148856,0.5281342,-108.84317,0.69917655,0.4863301,1.0683061,0.18429297,0.60523283,23.69963,AVARAGE
11,2.5587249,-0.26072115,0.0857053,5.7471337,0.4399979,0.40569216,0.56736696,0.30815992,0.59864795,3.193139,0.5845722,0.1296149,0.8317365,0.66227996,0.50886196,0.57628965,0.8477814,0.66227996,0.50886196,0.41257936,0.2347098,0.7154678,-0.5845722,0.30930588,0.23681444,0.48525378,-0.050148893,0.5507444,-0.15660842,0.53591233,0.6345054,0.079561554,0.30310687,0.44837347,0.63908786,6.992991,4.193139,1.1311275,0.4447657,0.56077033,-142.46642,0.70567685,0.5366994,1.1338251,0.21421438,0.6542195,26.343664,AVARAGE
12,2.6358562,-0.2508411,0.093017355,5.4792438,inf,0.44709978,0.57440495,0.3318936,0.6341485,3.2258084,0.58499205,0.14340658,0.97078264,0.73321265,0.99064296,0.6054876,0.78661317,0.73321265,0.99064296,0.42427388,0.22142582,0.71969974,-0.58499205,0.32040447,0.24035825,0.53319365,-0.040905096,0.564488,-0.15931699,0.5626232,0.58998966,0.086100176,0.34359327,0.4734515,0.6321553,7.0469503,4.225763,1.0622923,-inf,0.5877299,-152.44722,0.7097959,0.5910425,1.1208879,0.233161,0.6576302,29.117865,AVARAGE
13,2.333889,-0.25043744,0.08426559,4.8070254,0.41997904,0.44308093,0.6162944,0.30867097,0.6284524,2.8833141,0.560787,0.15539265,0.96414953,0.74051183,0.97308546,0.60106796,inf,0.74051183,0.97308546,0.4041369,0.21016027,0.71399295,-0.560787,0.40612558,0.26117858,0.5327843,0.034665976,0.5617126,-0.17826936,0.55854505,0.5494249,0.089703344,0.3528722,0.4855643,0.59743255,6.7076178,3.8833141,0.7841405,0.48532128,0.5847893,-147.19327,0.7236122,0.576138,0.96432114,0.27262536,0.66111827,29.21243,AVARAGE
14,2.5277348,-0.273459,0.06938034,5.87413,inf,0.38349023,0.62824374,0.26611152,0.5698323,3.1075206,0.5737782,0.12783358,0.8133104,0.62313277,0.33969292,0.5496174,inf,0.62313277,0.33969292,0.41432095,0.21982293,0.69411784,-0.5737782,0.3767171,0.21959858,0.4658493,0.08753116,0.5307631,-0.13616416,0.5125905,0.5799691,0.082370244,0.3012633,0.44916886,0.65630543,6.664679,4.10752,1.7903719,-inf,0.5368655,-118.80956,0.72050387,0.5092015,0.8731998,0.1964354,0.620809,24.82728,AVARAGE
15,2.3000853,-0.25071508,0.10429777,4.748141,0.4391151,0.42614806,0.5198562,0.30755195,0.61891836,2.9192867,0.5619881,0.14642903,0.87018293,0.7121383,0.70937026,0.59463227,0.84374094,0.7121383,0.70937026,0.38575608,0.23019972,0.72064817,-0.5619881,0.29588148,0.26635405,0.50944567,-0.119091496,0.5623648,-0.1982262,0.5510712,0.61924577,0.08329762,0.3228447,0.4639377,0.5990126,6.791899,3.9192863,0.6540331,0.49045694,0.578787,-159.0787,0.68205756,0.55327255,1.3483812,0.262403,0.6715695,28.094141,
16,2.4511151,-0.23089153,0.11951044,4.4745984,0.4353826,0.49572405,0.5199994,0.42583677,0.68469495,3.0706184,0.5758358,0.16263857,1.0885767,0.8287302,1.5718257,0.64868915,0.819805,0.8287302,1.5718257,0.40297198,0.23077305,0.7386343,-0.5758358,0.29257444,0.28405395,0.5847167,-0.15273924,0.5917735,-0.19750082,0.60169375,0.6196103,0.08899263,0.37084037,0.47671467,0.56880754,7.3173084,4.070618,0.27398401,0.47253054,0.6278888,-167.43611,0.69147885,0.6449395,1.4381394,0.26648954,0.69774866,32.68928,AVARAGE
17,2.9689844,-0.23727931,0.08899897,6.0783067,0.4646247,0.4427372,0.5556133,0.35572132,0.6549253,3.6768022,0.6209551,0.119228266,1.0178351,0.71972245,0.71185553,0.6316556,0.9373803,0.71972245,0.71185553,0.43992242,0.25614768,0.7624202,-0.6209551,0.2861254,0.27827767,0.50928533,-0.15366486,0.59174603,-0.17037953,0.57715887,0.7078609,0.06654819,0.30367532,0.45744923,0.5730678,8.421359,4.676802,2.505521,0.27012143,0.6065443,-121.45081,0.7227979,0.5918107,1.3941627,0.13918546,0.7097819,28.671432,AVARAGE
18,2.7406068,-0.24807392,0.08255761,6.2635193,0.4533284,0.40827096,0.5593997,0.32896325,0.62030464,3.4122221,0.6089366,0.11594848,0.95037895,0.67057383,0.3982118,0.6018834,0.8716551,0.67057383,0.3982118,0.43171614,0.24673519,0.7598774,-0.6089366,0.31377593,0.28834274,0.47122982,-0.14231467,0.5779305,-0.17715001,0.5524581,0.6716156,0.06295891,0.28766948,0.4682373,0.5589815,8.0970745,4.4122224,-1.5740454,0.28725103,0.58100015,-91.59538,0.7231227,0.54051936,1.3420177,0.15299803,0.70232594,26.615839,AVARAGE
19,2.5962102,-0.26245135,0.09017655,5.9030795,0.4614087,0.39426705,0.52834624,0.3198728,0.59271467,3.252405,0.5881656,0.121192686,0.8360209,0.6441246,0.3550115,0.5736373,inf,0.6441246,0.3550115,0.41258362,0.24188985,0.72257215,-0.5881656,0.26995516,0.25109363,0.46649808,-0.123934805,0.5519025,-0.15811488,0.52995723,0.6563224,0.07223103,0.2872174,0.44415876,0.6099871,7.316339,4.2524047,-0.29511926,0.36606792,0.55683017,-100.95856,0.6904614,0.52358514,1.3002716,0.18289424,0.65330446,25.61449,AVARAGE
20,2.3502789,-0.24578461,0.11155845,4.7614083,0.42446467,0.44574538,0.51510113,0.36823803,0.63518363,2.9334705,0.5687173,0.15187027,0.94205916,0.74246037,0.92893946,0.6082178,0.7816561,0.74246037,0.92893946,0.4043713,0.2207,0.72157896,-0.5687173,0.2819447,0.26283488,0.53313667,-0.1303012,0.5684587,-0.17758398,0.5639325,0.5831916,0.08739135,0.34515437,0.4773658,0.5924657,6.7861934,3.9334705,0.8065325,0.49802262,0.59130204,-147.13866,0.6826211,0.58200437,1.324951,0.26978034,0.67548615,29.32388,
21,2.136509,-0.24975987,0.12066958,4.2086225,0.41155028,0.45154068,0.5094697,0.37087068,0.62990785,2.6829553,0.5386679,0.17288329,0.9417624,0.7664053,1.1446673,0.60175014,0.74431276,0.7664053,1.1446673,0.3800034,0.20892462,0.7027196,-0.5386679,0.3057135,0.26811028,0.54994535,-0.11266796,0.5582122,-0.19217828,0.5600759,0.5464467,0.09840466,0.3655349,0.48060542,0.58724415,6.4335146,3.6829553,0.43153062,0.6037932,0.58613485,-145.21188,0.66789734,0.57861406,1.2806605,0.31819347,0.6559607,30.071589,
22,2.462611,-0.24424012,0.09367376,5.122075,0.44774404,0.42902774,0.55225325,0.33777088,0.6311172,3.093197,0.5855697,0.1355769,0.89214367,0.7089921,0.590298,0.60941565,0.8298208,0.7089921,0.590298,0.4117028,0.23612493,0.7375597,-0.5855697,0.31711215,0.2718889,0.5061482,-0.10685706,0.5746587,-0.17863277,0.56006765,0.6305858,0.0771204,0.31569117,0.46683136,0.57917196,7.208512,4.093197,1.1806189,0.42648077,0.589688,-140.10843,0.7087674,0.5645993,1.2491107,0.23615612,0.6907372,28.079926,AVARAGE
23,2.2146401,-0.2602265,0.1074883,4.8513317,0.43748516,0.4144015,0.51079077,0.33688146,0.59908396,2.8183427,0.5537008,0.1503516,0.81083804,0.6938646,0.67410517,0.57588804,inf,0.6938646,0.67410517,0.38217366,0.22643669,0.7048504,-0.5537008,0.2871708,0.25368285,0.5024924,-0.111531556,0.5475343,-0.18154258,0.536486,0.60370255,0.08809099,0.3232896,0.45641753,0.60738504,6.487757,3.8183427,4.311014,0.5473004,0.56244487,-117.164536,0.6716736,0.53765976,1.2606367,0.28243688,0.6462921,27.354511,
24,2.4245641,-0.23977494,0.11780954,4.7505903,0.4337179,0.4673047,0.51491195,0.38677227,0.655577,3.0354369,0.5705184,0.15948059,0.9857785,0.78180826,1.22485,0.62578356,0.79662186,0.78180826,1.22485,0.401653,0.2282762,0.7284475,-0.5705184,0.2889157,0.2729983,0.5569844,-0.14782661,0.5777202,-0.18827635,0.5797034,0.6108724,0.08967968,0.35647994,0.472267,0.5856753,7.143896,4.0354366,0.054507427,0.5196413,0.6062867,-145.36815,0.68494457,0.6072664,1.3607905,0.28546688,0.68450093,30.830318,AVARAGE
25,2.3801098,-0.23746714,0.10893963,4.575147,0.42880094,0.46459478,0.5290621,0.3782252,0.66079664,2.9794197,0.5713846,0.15245351,1.0344571,0.77780485,1.1141526,0.63213414,0.78467786,0.77780485,1.1141526,0.40321118,0.22636378,0.7374538,-0.5713846,0.31830046,0.29249424,0.54731214,-0.14704445,0.5836952,-0.19504002,0.58232695,0.59931,0.08271737,0.3483387,0.4798943,0.55746365,7.381251,3.97942,0.33466583,0.464227,0.6104817,-140.91331,0.69561446,0.6037302,1.3591499,0.25568348,0.69166666,30.665133,AVARAGE
26,2.4724042,-0.24307145,0.10193724,5.085914,0.43669188,0.442675,0.5311695,0.36174625,0.64238906,3.0973938,0.58247274,0.14032911,0.95911205,0.7350456,0.8235435,0.6173913,0.82145727,0.7350456,0.8235435,0.410596,0.23370816,0.7389424,-0.58247274,0.30070168,0.28055462,0.5204441,-0.14248638,0.57768804,-0.18379073,0.5684131,0.6249896,0.0777691,0.32671964,0.47099376,0.56971663,7.371226,4.097394,1.5119405,0.43632677,0.5968049,-169.64688,0.698406,0.5798737,1.349336,0.23502414,0.6880186,29.062902,AVARAGE
27,2.684896,-0.24185535,0.096362725,5.561262,0.43480003,0.43659475,0.54649186,0.35086635,0.63993746,3.3141725,0.59458566,0.13403347,0.97393566,0.7188592,0.70703703,0.61697626,0.82361543,0.7188592,0.70703703,0.42762086,0.2337604,0.74180675,-0.59458566,0.2988071,0.27137554,0.5128316,-0.1271391,0.5788726,-0.16984554,0.5663496,0.6292969,0.076236874,0.3220443,0.47182485,0.58283836,7.614806,4.3141723,0.60200626,0.39204094,0.5953788,-110.69754,0.7075053,0.5760497,1.3150945,0.20586756,0.6958114,28.507547,AVARAGE
28,3.061162,-0.24786735,0.079180926,7.1124787,0.45525634,0.40262908,0.5712932,0.32090414,0.6150007,3.7404022,0.628071,0.10942027,0.90883076,0.65150034,0.27860212,0.5978559,0.8712485,0.65150034,0.27860212,0.45705125,0.24807516,0.7592976,-0.628071,0.28466672,0.25545388,0.4660785,-0.11514969,0.5768963,-0.15165724,0.54894555,0.67923987,0.06344947,0.28427073,0.46690828,0.60462457,8.079424,4.7404017,0.25946605,0.27455232,0.5779156,-94.804565,0.72953093,0.5403808,1.2831796,0.1480035,0.7063008,25.996578,
29,2.714293,-0.23513775,0.10628465,5.200957,,0.4680585,0.53992057,0.37637198,0.6659397,3.3143137,0.5910786,0.1454403,1.0774479,0.77205724,1.0926139,0.63742393,0.7763522,0.77205724,1.0926139,0.43140367,0.2250454,0.7401526,-0.5910786,0.29445735,0.27280104,0.5506028,-0.13510793,0.5868152,-0.17034532,0.58586717,0.6000625,0.08256588,0.35195944,0.48287597,0.5800506,7.6312695,4.314314,-1.609677,-inf,0.61422825,-159.5591,0.7030218,0.61679214,1.3335158,0.21577801,0.69722664,30.59719,AVARAGE
30,1.9373894,-0.2744352,0.11625639,4.4422145,-inf,0.37963474,0.462005,0.33306697,0.55802464,2.5010421,0.52633613,0.15122859,0.6873202,0.639863,0.34008437,0.53767914,0.7905698,0.639863,0.34008437,0.35778612,0.21512094,0.6797209,-0.52633613,0.24768433,0.24260253,0.47111592,-0.1315812,0.522914,-0.18759781,0.50500154,0.5636529,0.09148686,0.30920538,0.4534253,0.6166098,5.7526193,3.5010421,0.46216106,-inf,0.5305643,-125.51909,0.6342829,0.48917776,1.334147,0.2963086,0.618821,25.167412,
31,2.1908846,-0.24944839,0.11776663,4.3745847,0.410148,0.4447779,0.49781123,0.38633677,0.6300802,2.7336595,0.55008554,0.16010492,0.95103616,0.74880254,0.96972054,0.6030166,inf,0.74880254,0.96972054,0.3916479,0.20911244,0.71295166,-0.55008554,0.28485775,0.2718434,0.5354454,-0.14078061,0.56240314,-0.18987897,0.55982035,0.5428061,0.090667516,0.35510987,0.48686945,0.5778541,6.541662,3.7336595,1.4979382,0.5409464,0.5866643,-172.7152,0.66845196,0.5747289,1.3624231,0.2900285,0.66162574,29.464169,AVARAGE
32,2.2966573,-0.2564526,0.10366996,4.968582,0.4208999,0.41109046,0.51009053,0.3420886,0.6039499,2.859635,0.5611507,0.14144519,0.894549,0.68617284,0.5727357,0.5816931,inf,0.68617284,0.5727357,0.40031302,0.21541764,0.7174133,-0.5611507,0.28752577,0.2693597,0.49214938,-0.13563107,0.55522007,-0.18081047,0.53954536,0.56302047,0.081058905,0.32114697,0.47930598,0.58219594,6.7781825,3.859635,6.4367843,0.46081945,0.5669234,-113.1347,0.6775904,0.5353192,1.3320459,0.24056382,0.66266984,27.080881,AVARAGE
33,2.5553217,-0.23951432,0.11026883,5.1139455,0.41205135,0.46348527,0.52291113,0.38333642,0.6578186,3.1203647,0.58254087,0.14831057,1.1018239,0.7709926,1.1459568,0.6277748,0.7332082,0.7709926,1.1459568,0.4264645,0.21592711,0.74017936,-0.58254087,0.29078242,0.2810457,0.5454025,-0.1553012,0.5825359,-0.17761128,0.58109504,0.565043,0.08191723,0.3562211,0.49652869,0.567841,7.3836846,4.1203647,0.7677065,0.4109276,0.6077547,-139.10857,0.6949161,0.60615593,1.380814,0.22387731,0.69088024,30.464851,AVARAGE
34,2.119437,-0.2554417,0.120258704,4.2935634,inf,0.43707386,0.4907695,0.3691564,0.6178559,2.631528,0.5356344,0.1643524,0.9613203,0.7408842,0.9952959,0.5904776,0.68690604,0.7408842,0.9952959,0.38494217,0.19911504,0.70108956,-0.5356344,0.29263708,0.2725644,0.529941,-0.13790236,0.55247414,-0.18972847,0.54993945,0.512053,0.09287351,0.35689554,0.4906509,0.5798184,6.427984,3.6314898,4.9329004,-inf,0.57584995,-152.34459,0.6576099,0.5607435,1.3328713,0.29162824,0.6450955,29.083206,AVARAGE
35,2.2539663,-0.24642418,0.11623562,4.5840015,0.39733136,0.44956905,0.5111904,0.37214464,0.63542885,2.774173,0.552162,0.1626862,1.0174677,0.7604432,1.0801678,0.60720426,0.68022555,0.7604432,1.0801678,0.40150887,0.20175162,0.71848875,-0.552162,0.3032907,0.27778426,0.5397785,-0.13466616,0.56682044,-0.18791054,0.5647927,0.5202068,0.09020945,0.36415026,0.50088626,0.5716585,6.664368,3.7741733,-0.02687657,0.5245078,0.5911629,-146.27452,0.6775051,0.5779286,1.321324,0.28709787,0.67223394,29.87321,AVARAGE
36,2.633462,-0.23432381,0.09061208,5.168285,0.4329462,0.45038602,0.5729792,0.34858665,0.65838224,3.2454276,0.59548146,0.13508056,1.0433458,0.74352705,0.7821838,0.63437927,0.7873344,0.74352705,0.7821838,0.42879298,0.23081122,0.75233036,-0.59548146,0.34258896,0.2892097,0.5245877,-0.1086319,0.59066135,-0.18115017,0.57998794,0.61191696,0.074201584,0.3294811,0.48368567,0.55773956,7.765771,4.2453785,1.1965932,0.35694078,0.6105004,-152.69357,0.72492456,0.59341735,1.257793,0.19635391,0.71026444,29.45832,AVARAGE
37,2.4975398,-0.24786408,0.09786358,5.314325,0.4467371,0.4254108,0.532367,0.3458646,0.6247241,3.1278026,0.5868843,0.13334031,0.8910615,0.70094424,0.6100607,0.6015383,inf,0.70094424,0.6100607,0.41275513,0.23608646,0.7354224,-0.5868843,0.28665635,0.2647044,0.5021147,-0.12966284,0.57033616,-0.17610724,0.5557586,0.6302627,0.07670396,0.31349778,0.46501777,0.59103096,7.157344,4.1278024,-4.123041,0.41639188,0.5839216,-151.45717,0.6983044,0.5611874,1.3159682,0.2263914,0.68498534,27.7901,
38,2.688348,-0.22998461,0.103037104,5.1543975,0.43893832,0.47351497,0.55486465,0.3758666,0.675303,3.3201578,0.59535253,0.14588822,1.0732961,0.7837822,1.1122407,0.64736146,0.81245494,0.7837822,1.1122407,0.42651388,0.2355501,0.75129753,-0.59535253,0.31740716,0.28739768,0.5540695,-0.13447636,0.59543407,-0.18162347,0.59371775,0.63180965,0.080554515,0.34785795,0.47741058,0.5600382,7.866624,4.3201575,-48.702698,0.3982538,0.6227434,-137.67201,0.71553826,0.6223328,1.3303969,0.21978185,0.71236026,31.02425,AVARAGE
39,2.7935905,-0.2387826,0.08736206,5.9025173,0.45233157,0.43216032,0.56216794,0.34518656,0.6447735,3.4571934,0.61191,0.121854626,0.98896724,0.7077626,0.5757488,0.62405586,0.85413045,0.7077626,0.5757488,0.43758833,0.24561581,0.7612598,-0.61191,0.31046924,0.28600186,0.4992382,-0.13962066,0.5885369,-0.17314667,0.5702974,0.6636416,0.06707784,0.3046058,0.4697596,0.56030756,8.104249,4.4571934,0.3280461,0.3063768,0.6001507,-120.62262,0.7251605,0.57362646,1.3398494,0.16706562,0.712782,28.120691,AVARAGE
40,2.5837553,-0.225601,0.111911215,4.712442,0.42972755,0.49512407,0.5420557,0.40393552,0.69330174,3.199178,0.58595735,0.156502,1.1446555,0.8266793,1.4565998,0.6602308,0.78821564,0.8266793,1.4565998,0.41938195,0.23058577,0.7516626,-0.58595735,0.3200891,0.30045086,0.57874095,-0.15483932,0.6012425,-0.19100262,0.60740244,0.61542284,0.08361695,0.36630452,0.48458478,0.5434526,7.838285,4.1991787,0.6261813,0.4304429,0.6354955,-151.81877,0.7085899,0.6452379,1.3902712,0.23987667,0.7141438,32.622845,AVARAGE
41,2.5415685,-0.23272797,0.11306605,4.88289,0.4133601,0.47468036,0.5283272,0.3954123,0.6714134,3.1144679,0.57808596,0.15539658,1.1229241,0.79540724,1.2409824,0.6416205,0.7363762,0.79540724,1.2409824,0.42073348,0.21795565,0.7435748,-0.57808596,0.30693778,0.29381803,0.55836695,-0.15821232,0.5903068,-0.18730563,0.5910416,0.5728995,0.0836866,0.3634654,0.49603873,0.5520292,7.5542955,4.114468,1.2754346,0.43878496,0.6191273,-144.71556,0.6979226,0.6163904,1.3988124,0.24175797,0.7026949,31.34922,AVARAGE
42,2.6973007,-0.2450455,0.092198804,5.857757,0.42760703,0.41890296,0.5428865,0.34450147,0.6273771,3.3084323,0.5966448,0.12602122,0.9807786,0.6911667,0.49249092,0.6078678,0.7853621,0.6911667,0.49249092,0.4332443,0.22969349,0.7498069,-0.5966448,0.30073363,0.28390896,0.4885483,-0.14799245,0.5776589,-0.17455454,0.55725783,0.611084,0.06964534,0.30838463,0.4832586,0.564105,7.796815,4.3083844,0.042817954,0.34412906,0.5866263,-147.14203,0.7095873,0.5519781,1.3620207,0.17949304,0.699283,27.389212,AVARAGE
43,2.7928195,-0.23311412,0.09599086,5.603275,0.43046424,0.4500444,0.5517124,0.36481574,0.6605299,3.4180021,0.60536593,0.13140216,1.0601621,0.7407037,0.77060103,0.6373752,0.7970947,0.7407037,0.77060103,0.44094583,0.2330479,0.75840867,-0.60536593,0.30485106,0.28871495,0.5220621,-0.1518947,0.593773,-0.17513934,0.58180684,0.6251917,0.07201767,0.32733306,0.48568237,0.5580014,8.063716,4.418002,4.085499,0.33573422,0.6122362,-128.22845,0.71846193,0.5945727,1.3745047,0.18291381,0.71657515,29.378042,AVARAGE
44,2.7933497,-0.24482748,0.09901632,5.791042,inf,0.43273064,0.5281166,0.35779256,0.6364306,3.420211,0.5982349,0.12884502,1.0108126,0.7079421,0.690893,0.6131936,0.80367553,0.7079421,0.690893,0.4343254,0.23210743,0.74031115,-0.5982349,0.26999322,0.27063,0.5071974,-0.158604,0.5758369,-0.164552,0.56297135,0.6268612,0.07447347,0.3176277,0.4715477,0.5848098,7.9190574,4.420158,15.370852,-inf,0.59110475,-144.21739,0.69839525,0.57399553,1.4057238,0.1659146,0.68949324,28.138298,AVARAGE
45,2.775907,-0.24412943,0.09761097,5.7463603,inf,0.43634304,0.5393472,0.35164383,0.6385027,3.4264843,0.59456736,0.13302463,0.9997705,0.7172697,0.7812219,0.6147707,inf,0.7172697,0.7812219,0.42461556,0.23914918,0.74111825,-0.59456736,0.29005858,0.2766032,0.51233363,-0.14821295,0.57666504,-0.17271127,0.5650032,0.6505466,0.07600306,0.31784362,0.46192855,0.5785974,7.993631,4.426435,2.4153435,-inf,0.5926133,-105.03729,0.70335627,0.5759749,1.3721628,0.176894,0.691284,28.460697,AVARAGE
46,2.3304634,-0.26510444,0.10392256,5.205326,0.44434857,0.40093333,0.5014985,0.33157942,0.5882947,2.9152112,0.5601903,0.1389551,0.852653,0.664312,0.55076617,0.56563145,inf,0.664312,0.55076617,0.3952333,0.22068441,0.7041992,-0.5601903,0.26722562,0.25165412,0.48413965,-0.1293393,0.54226065,-0.16983287,0.52740866,0.5847307,0.08320639,0.31216568,0.45975488,0.6112252,6.742443,3.915126,-1.2823918,0.4196565,0.5524187,-114.981384,0.6672513,0.52453583,1.3165145,0.22541791,0.64216036,26.285948,UNHEALTHY
47,2.4809356,-0.24936578,0.10098543,5.1764126,0.41885373,0.428689,0.52942777,0.3455746,0.62490344,3.0664623,0.57495904,0.14015119,0.9682104,0.7101137,0.72814155,0.60071254,0.753463,0.7101137,0.72814155,0.41257915,0.2216776,0.7262277,-0.57495904,0.2982472,0.27139717,0.509352,-0.12884593,0.5659798,-0.17512937,0.55522436,0.5856093,0.08066299,0.32716072,0.47437042,0.58240104,7.2359643,4.0664625,4.543098,0.4316292,0.58225185,-170.05038,0.69143474,0.5616926,1.3106918,0.21277176,0.6760085,28.100868,AVARAGE
48,2.857082,-0.2508707,0.08225026,6.473014,0.45628974,0.40533835,0.5553491,0.3247127,0.6157341,3.5208578,0.61341465,0.112816066,0.9264402,0.66005826,0.3514142,0.5977671,0.85846436,0.66005826,0.3514142,0.44046602,0.2452231,0.7536895,-0.61341465,0.29111153,0.2709449,0.46919858,-0.1356024,0.57357025,-0.16303678,0.5484956,0.66382354,0.06386023,0.2862962,0.46440732,0.5806945,8.008777,4.520858,-3.3455148,0.28359887,0.5768645,-99.731094,0.7185953,0.54074246,1.3263084,0.1481571,0.69108677,26.278534,UNHEALTHY
49,2.620392,-0.23291858,0.0994234,5.1271176,0.4335582,0.46117982,0.552358,0.3680052,0.6659413,3.2383974,0.59163964,0.14158812,1.0769553,0.7651625,0.99383795,0.63886976,0.7892672,0.7651625,0.99383795,0.42515075,0.23134933,0.75153404,-0.59163964,0.32356802,0.29475757,0.53798354,-0.14037257,0.5921871,-0.18352336,0.5859787,0.6180055,0.07680373,0.33925396,0.4823109,0.54949725,7.834041,4.2383976,1.0767034,0.3741735,0.61533815,-176.97116,0.7146142,0.6045045,1.3444043,0.20602573,0.71043813,30.262165,AVARAGE
50,2.6449044,-0.22718467,0.105674565,4.968159,0.41655475,0.48416492,0.5527316,0.38578057,0.6851236,3.2380307,0.5901145,0.15122108,1.1521878,0.80658734,1.2914349,0.6544005,0.7546022,0.80658734,1.2914349,0.430457,0.22341633,0.75337285,-0.5901145,0.3267715,0.29801822,0.5652642,-0.14223263,0.59954536,-0.18483941,0.60123235,0.59312636,0.08109935,0.36323044,0.49597785,0.54461426,7.8480825,4.2380304,-0.09393078,0.40510496,0.6299383,-138.60524,0.7153995,0.632336,1.3497967,0.22491337,0.71539944,31.854767,AVARAGE
51,2.4102886,-0.24881512,0.10437269,4.9162216,inf,0.43560174,0.5278332,0.35118592,0.6292838,2.9736247,0.56492823,0.14737956,0.99580485,0.72705764,0.83490396,0.6044287,inf,0.72705764,0.83490396,0.40859708,0.21409696,0.721694,-0.56492823,0.30894753,0.27816987,0.5190005,-0.12714401,0.56568116,-0.17895368,0.55755955,0.5633446,0.08340503,0.33900714,0.4829197,0.57165986,7.174695,3.9736247,0.14694083,-inf,0.58528024,-128.98541,0.6873177,0.56731576,1.3074597,0.2318981,0.67062175,28.694704,
52,2.6424787,-0.23578675,0.10713333,5.2933097,0.42646512,0.45940882,0.5259175,0.38450634,0.660929,3.2455451,0.59202975,0.14172398,1.0685128,0.7615762,1.0228252,0.6330874,inf,0.7615762,1.0228252,0.43017206,0.22642708,0.74843204,-0.59202975,0.28608084,0.28597385,0.5370126,-0.16773777,0.5883927,-0.17741698,0.5828244,0.6030582,0.07760376,0.34282932,0.4875382,0.56142306,7.6810656,4.2454996,0.23022886,0.3881884,0.6111049,-140.00504,0.70080125,0.60258913,1.4237556,0.21695077,0.70409703,30.129337,AVARAGE
53,2.7433877,-0.22989084,0.10470363,5.173991,0.42130536,0.47776562,0.54267406,0.38864008,0.68169165,3.348341,0.5951664,0.14327998,1.1692437,0.7912249,1.2018892,0.6518771,0.7642357,0.7912249,1.2018892,0.43514743,0.22669475,0.75379527,-0.5951664,0.309448,0.2968084,0.5548646,-0.16117728,0.59766734,-0.17988846,0.5972725,0.60497,0.07709896,0.3524317,0.490208,0.54858845,8.106834,4.3483415,10.314722,0.3519099,0.62604433,-137.95612,0.7103409,0.6274471,1.4054291,0.18888603,0.7095992,31.313175,AVARAGE
54,2.6596072,-0.23687306,0.100495696,5.4041023,0.41652867,0.44772622,0.54358923,0.36655325,0.65275043,3.2423303,0.58821356,0.14028947,1.0859896,0.74512845,0.8531654,0.62878674,inf,0.74512845,0.8531654,0.4309057,0.22066249,0.74902964,-0.58821356,0.31593278,0.29406542,0.523655,-0.14903276,0.5865978,-0.18107866,0.5766102,0.5827992,0.075928815,0.33822003,0.49380216,0.55169475,7.8117657,4.2423306,-2.695914,0.3677119,0.6055844,-141.80695,0.70853865,0.5848435,1.3675516,0.19889331,0.7061618,29.438002,AVARAGE
55,2.6020205,-0.23793736,0.104184076,5.192574,0.4146295,0.44943175,0.5313099,0.37157145,0.6527191,3.1982121,0.5844261,0.14160042,1.0508182,0.74744993,0.87296,0.62822145,0.7702845,0.74744993,0.87296,0.42351907,0.22444405,0.7444727,-0.5844261,0.3027738,0.29141253,0.52675754,-0.15928869,0.58450073,-0.18232729,0.5759012,0.5962458,0.077325866,0.33689314,0.48627013,0.55409455,7.7018704,4.198212,-0.14686638,0.41023526,0.6050443,-143.61401,0.70056045,0.58762646,1.3923374,0.21214949,0.6995836,29.536884,AVARAGE
56,2.6368732,-0.23467214,0.10475272,5.2678146,0.42298558,0.45729226,0.53445405,0.3791882,0.66096556,3.2407963,0.5899681,0.14209215,1.0885441,0.76022124,0.97662896,0.6343344,0.76874274,0.76022124,0.97662896,0.42761788,0.22663976,0.75087035,-0.5899681,0.30313343,0.29401496,0.534179,-0.16367698,0.58990026,-0.18212122,0.5828088,0.60393167,0.07688675,0.34093213,0.4886682,0.5516607,7.802835,4.2407956,0.46930584,0.3799249,0.61160904,-190.48552,0.7056569,0.59814554,1.4089818,0.205712,0.7087767,30.045748,AVARAGE
57,2.6415505,-0.23197113,0.11025366,5.0253353,inf,0.47574404,0.53679335,0.39042062,0.6745476,3.2176583,0.5832806,0.15183784,1.1948181,0.7926591,1.2571037,0.6444374,0.73749876,0.7926591,1.2571037,0.42771858,0.21806943,0.7448395,-0.5832806,0.31339663,0.2969763,0.5585881,-0.15714155,0.59146357,-0.1805814,0.5927788,0.5760766,0.082858294,0.36313748,0.49331364,0.55031294,7.9053016,4.21761,0.51974905,-inf,0.6203404,-130.10167,0.70279145,0.6203406,1.3977551,0.19485185,0.7051079,31.30297,AVARAGE
58,2.7655416,-0.23795472,0.09981728,5.626213,0.4370735,0.44130072,0.53696615,0.36664054,0.64919055,3.3718357,0.5989132,0.13223666,1.0797389,0.7261874,0.7264951,0.626884,inf,0.7261874,0.7264951,0.437808,0.22808164,0.75034463,-0.5989132,0.29177073,0.28722182,0.51538724,-0.16356386,0.5856977,-0.17049582,0.57296044,0.6063435,0.07408646,0.32660505,0.48283228,0.56204164,8.04879,4.3718357,2.8980966,0.29916942,0.60243756,-137.09634,0.7072173,0.58222467,1.4148171,0.16213162,0.70633554,28.80405,AVARAGE
59,2.6787567,-0.22938256,0.10256015,5.1338077,inf,0.46569625,0.54714847,0.37884495,0.6743691,3.2949622,0.5967002,0.14052421,1.1295208,0.7698068,0.9737095,0.64890426,inf,0.7698068,0.9737095,0.43142745,0.23149034,0.75535935,-0.5967002,0.317384,0.3009484,0.54261464,-0.1600897,0.5970471,-0.17919405,0.5918479,0.61623603,0.07692536,0.34146833,0.4805651,0.5450323,8.133217,4.294913,-1.6025065,-inf,0.6215939,-125.95337,0.714084,0.61129385,1.4003916,0.18191096,0.7169928,30.485312,HEALTHY
60,1.7335923,-0.28905982,0.10646169,4.2520947,0.39132163,0.35197374,0.4696719,0.29916835,0.52642065,2.2182522,0.49964792,0.1500317,0.6994829,0.6026203,0.18275161,0.5079379,inf,0.6026203,0.18275161,0.3479046,0.18931429,0.662443,-0.49964792,0.2885447,0.25082764,0.44060928,-0.102096036,0.5031436,-0.19230592,0.4798017,0.4846737,0.088635504,0.30265534,0.47684366,0.6099855,5.4672446,3.2182198,0.27153265,0.597856,0.5042526,-120.90669,0.6281381,0.44621727,1.2425444,0.28865048,0.58225495,23.574272,AVARAGE
61,2.2580075,-0.24638902,0.119220614,4.4037366,0.40878764,0.45656767,0.49996057,0.38090226,0.64151293,2.80883,0.5542704,0.16081539,1.0089517,0.76697665,1.1456759,0.6116477,inf,0.76697665,1.1456759,0.3961793,0.20986961,0.7154053,-0.5542704,0.2859132,0.27292633,0.54717845,-0.14662272,0.56704503,-0.18688671,0.5681506,0.5508696,0.090610795,0.3604551,0.48792517,0.5796408,6.7313285,3.8088298,0.8818136,0.51307243,0.5945259,-136.53761,0.6707575,0.5911093,1.3565515,0.27422467,0.66566163,30.202246,AVARAGE
62,2.9305131,-0.25028673,0.08806532,6.433516,0.46048588,0.40572637,0.53904974,0.33112594,0.61463124,3.6170337,0.61160946,0.11459057,0.89719844,0.6580615,0.33806735,0.59684336,inf,0.6580615,0.33806735,0.43706906,0.24859211,0.7457645,-0.61160946,0.26176098,0.2592861,0.47299924,-0.14896294,0.5709816,-0.15893431,0.5468992,0.6865203,0.06727288,0.28582498,0.4550094,0.59727055,8.003883,4.6170335,-0.03478768,0.2929322,0.5759048,-96.99499,0.70705235,0.54308873,1.365722,0.14825378,0.6892209,26.236286,AVARAGE
63,2.0483232,-0.25655857,0.12432544,4.2675714,0.388251,0.43841547,0.48428208,0.37319294,0.6145362,2.5626433,0.53055865,0.17024848,0.9455917,0.74767107,1.0944108,0.5856527,0.69450146,0.74767107,1.0944108,0.37825418,0.19840375,0.699467,-0.53055865,0.2892816,0.2727036,0.5340789,-0.14082956,0.5501324,-0.19605799,0.5489475,0.514342,0.09566341,0.36289588,0.49351114,0.577994,6.261893,3.5626433,0.36229268,0.6082936,0.57353425,-129.15097,0.65341836,0.5591576,1.3425033,0.31311655,0.64628917,29.288334,AVARAGE
64,2.1548216,-0.24825618,0.10822677,4.3174953,0.387503,0.437327,0.52566475,0.35320872,0.6276952,2.6467798,0.5425697,0.15987417,1.0408305,0.7424131,0.87790036,0.6026242,0.66540563,0.7424131,0.87790036,0.396891,0.19326362,0.7161763,-0.5425697,0.33873123,0.29193017,0.52498174,-0.11766721,0.56386894,-0.19432043,0.5571333,0.4919262,0.087654784,0.35841462,0.50939435,0.5536842,6.729801,3.6467407,1.4710355,0.4961441,0.58528656,-182.4588,0.68238866,0.5602367,1.2822068,0.26673862,0.66931474,29.128397,AVARAGE
65,2.6815455,-0.2437317,0.0998698,5.5646315,0.41816542,0.4396292,0.53450024,0.3587496,0.64018583,3.2654614,0.5910606,0.13529779,1.0560335,0.72466,0.81669533,0.6148087,inf,0.72466,0.81669533,0.43320638,0.22138786,0.7408026,-0.5910606,0.2896264,0.27703175,0.5162129,-0.14645094,0.57712793,-0.16882719,0.5670149,0.58391637,0.07658373,0.33165583,0.48610684,0.57349193,7.65173,4.2654614,0.86991346,0.35601252,0.5943328,-144.2214,0.7015038,0.5792794,1.3682293,0.18061803,0.6913633,28.726315,AVARAGE
66,2.6633484,-0.25032207,0.09830564,5.7190394,0.40746123,0.4206391,0.53010654,0.34448147,0.6190982,3.2204769,0.58629835,0.13335615,1.0142987,0.6927571,0.61438125,0.5967872,inf,0.6927571,0.61438125,0.43458745,0.21303873,0.7307553,-0.58629835,0.28076217,0.26455477,0.4982024,-0.1335811,0.5660557,-0.16132821,0.5507122,0.55712867,0.07756331,0.32636464,0.49131095,0.5903378,7.413769,4.220477,0.74582,0.36666957,0.5785565,-134.00708,0.6947518,0.55477417,1.3371711,0.18056677,0.6797555,27.470058,
67,3.2118275,-0.23842378,0.08099309,6.921044,0.44505087,0.42802614,0.57255244,0.341336,0.647197,3.8694944,0.6324135,0.11042384,1.125548,0.694112,0.5164842,0.6289228,0.8532853,0.694112,0.5164842,0.46802592,0.24331212,0.7727553,-0.6324135,0.3029293,0.28918824,0.48860744,-0.15611547,0.59322613,-0.15753742,0.57144874,0.6576667,0.060581345,0.29899177,0.4781129,0.56005657,9.041204,4.869494,2.6921327,0.16454133,0.6011486,-64.03906,0.7356326,0.57308626,1.3865505,0.07461282,0.7150461,27.675266,HEALTHY
68,2.703415,-0.24038708,0.09371131,5.585743,0.41881022,0.435326,0.5547959,0.34765515,0.6420849,3.291841,0.59296846,0.13357162,1.0620074,0.7196457,0.6809878,0.62050503,0.76424676,0.7196457,0.6809878,0.4351848,0.2224041,0.7472885,-0.59296846,0.32052281,0.28685674,0.5094257,-0.13114843,0.5821024,-0.17305943,0.56781244,0.5884652,0.07409968,0.3271447,0.48983175,0.5615987,7.837865,4.2918406,0.121417336,0.3389425,0.59730375,-128.84479,0.7138057,0.57204753,1.3146069,0.17682046,0.701452,28.49844,AVARAGE
69,2.6233444,-0.23807442,0.095781,5.3632655,0.3940796,0.44588378,0.55317056,0.35757956,0.65120775,3.178468,0.5863445,0.13853203,1.1419216,0.74336624,0.86736375,0.6263071,inf,0.74336624,0.86736375,0.4343886,0.2126641,0.75143975,-0.5863445,0.3357983,0.30153376,0.519484,-0.1403654,0.5865118,-0.18279864,0.5752668,0.5551669,0.07360023,0.3402086,0.5078443,0.5422504,7.8449,4.1784678,6.4619,0.3614491,0.604143,-152.60909,0.71423125,0.5817194,1.3401746,0.1804648,0.7055104,29.350298,AVARAGE
70,2.6947944,-0.23213612,0.10542619,5.171419,0.41375837,0.4679213,0.5372622,0.38345772,0.6714465,3.2724726,0.591679,0.14305305,1.1604506,0.7757736,1.0763043,0.64350486,0.7308616,0.7757736,1.0763043,0.4361449,0.21933548,0.7506869,-0.591679,0.3053461,0.29448837,0.545611,-0.16142946,0.59343225,-0.17795104,0.5899267,0.5777243,0.077689685,0.35242134,0.49791923,0.5503135,7.9253936,4.272473,-0.22395526,0.3512062,0.619037,-154.19748,0.7065394,0.6138074,1.4005734,0.18880606,0.7078074,30.689814,AVARAGE
71,2.9761655,-0.23210064,0.09560792,6.1374927,0.43719697,0.45319614,0.5535601,0.36879343,0.66470796,3.6109858,0.61627525,0.1285402,1.1250644,0.7432301,0.835637,0.64081556,inf,0.7432301,0.835637,0.45359915,0.23591933,0.7662053,-0.61627525,0.29608715,0.2922889,0.5236416,-0.1676214,0.597294,-0.16910608,0.58552134,0.6349017,0.070445485,0.3280945,0.48606017,0.5529013,8.502183,4.6109858,-0.72169584,0.26785886,0.61487794,-139.96118,0.72343117,0.600641,1.4204566,0.14611039,0.72370154,29.515554,AVARAGE
72,2.644677,-0.24112509,0.1027967,5.540567,0.4172095,0.44434413,0.5333809,0.3668528,0.64525276,3.22901,0.58703786,0.14023626,1.0755259,0.7389834,0.90064836,0.61985433,0.74637365,0.7389834,0.90064836,0.42946303,0.22098547,0.7457383,-0.58703786,0.302355,0.2903544,0.521037,-0.15812117,0.5812721,-0.17813866,0.5713279,0.58437055,0.07669282,0.3369622,0.49175707,0.5562528,7.7609124,4.2290096,-176.55733,0.37331057,0.59898883,-128.10092,0.7023194,0.58087003,1.3898883,0.19828734,0.6977769,29.202385,AVARAGE
73,2.924587,-0.2218025,0.097315125,5.5689,0.4360434,0.48021385,0.5649917,0.38527498,0.694438,3.5679662,0.61606115,0.13446207,1.2134541,0.79029405,1.108213,0.66707236,0.8046099,0.79029405,1.108213,0.44929782,0.23940618,0.77397656,-0.61606115,0.32448047,0.30973816,0.55135155,-0.16814752,0.61170787,-0.17876323,0.6071092,0.6433795,0.07113765,0.3414491,0.48590556,0.5325769,8.759998,4.567967,-0.5500501,0.27763852,0.6375124,-134.5319,0.73194027,0.6343786,1.420634,0.1450674,0.737499,31.345808,HEALTHY
74,2.7451234,-0.24028131,0.098995514,5.5597754,0.4239684,0.44563997,0.5401839,0.36301613,0.65011466,3.3443797,0.5920247,0.13542339,1.1074616,0.73658574,0.85405254,0.625756,inf,0.73658574,0.85405254,0.43289036,0.22543888,0.74600697,-0.5920247,0.30585763,0.29048142,0.52025294,-0.1544202,0.5831701,-0.17407922,0.57322294,0.5993432,0.074612975,0.33104983,0.4839125,0.55802184,8.082191,4.34438,0.92240554,0.3228958,0.6018675,-120.851395,0.7048596,0.5859503,1.3853362,0.16159707,0.6921829,29.170816,HEALTHY
75,2.2987328,-0.2498721,0.10533357,4.6434026,0.4083369,0.43562993,0.5177432,0.39648342,0.62873656,2.8439755,0.550035,0.15254924,1.0494345,0.7380842,0.90148824,0.60319567,0.73152006,0.7380842,0.90148824,0.392881,0.20948794,0.7236169,-0.550035,0.318403,0.29068488,0.5171683,-0.13424908,0.5659484,-0.20300622,0.55763316,0.5454835,0.08153833,0.3417602,0.49255612,0.5722123,7.100336,3.8439755,3.8401742,0.45879024,0.58504647,-134.95558,0.67834586,0.5579218,1.4364583,0.24388026,0.6668643,28.978231,AVARAGE
76,2.2756875,-0.24184866,0.12171725,4.3724513,0.4138018,0.4594932,0.49421644,0.36465603,0.6475565,2.8403788,0.55580616,0.16198754,1.0007539,0.77384067,1.1222132,0.6185395,0.75174266,0.77384067,1.1222132,0.39477795,0.21470043,0.722575,-0.55580616,0.27771473,0.27775198,0.54957646,-0.15634066,0.5732694,-0.19458492,0.57323617,0.56471694,0.09008335,0.35994405,0.4868581,0.58402765,6.824082,3.8403788,-0.35660166,0.539925,0.60058725,-155.567,0.66875565,0.59212357,1.4886327,0.29542115,0.67918664,30.44576,AVARAGE
77,2.275664,-0.24942462,0.11144903,4.7514796,0.4086126,0.4305487,0.49985817,0.37160578,0.62278503,2.8240683,0.5609999,0.14902467,0.95287514,0.72162867,0.7674713,0.59797204,inf,0.72162867,0.7674713,0.40347776,0.21063347,0.72210616,-0.5609999,0.27925044,0.27384275,0.5144204,-0.15199552,0.56430995,-0.1842756,0.55431765,0.5484041,0.08387173,0.34009978,0.4905204,0.5808964,6.7566276,3.8240683,0.40428954,0.49344823,0.5819848,-133.38843,0.6741223,0.5583431,1.40653,0.26605394,0.67361677,28.439035,AVARAGE
78,2.3125272,-0.2416193,0.11318426,4.5518775,0.3958848,0.45466152,0.51553285,0.3798476,0.647133,2.843502,0.56103474,0.1566497,1.057004,0.7654201,1.0465086,0.61925757,0.69081825,0.7654201,1.0465086,0.40897098,0.2050609,0.72801083,-0.56103474,0.30555734,0.2869614,0.54034495,-0.14705361,0.57544905,-0.1888551,0.5724075,0.53097457,0.0856834,0.36051708,0.50333536,0.5607644,6.9886107,3.8435023,3.493852,0.4879236,0.6004103,-147.66476,0.684454,0.58758897,1.3666829,0.26556993,0.68296283,30.118341,AVARAGE
79,2.5825667,-0.2374626,0.10239277,5.2298665,0.40539736,0.45019224,0.539129,0.36971405,0.65268666,3.143341,0.58301264,0.1434596,1.1041334,0.75174415,0.9120737,0.627111,0.7163475,0.75174415,0.9120737,0.42924026,0.2139036,0.7462371,-0.58301264,0.31596652,0.29291984,0.5273267,-0.14769602,0.5853397,-0.1832557,0.5764948,0.56078297,0.077134416,0.34543747,0.5037748,0.5541928,7.619247,4.1433415,0.49615693,0.38638663,0.6055491,-133.72179,0.70499206,0.58659196,1.3644497,0.21042147,0.70271486,29.664541,AVARAGE
80,2.7795362,-0.22624245,0.09887751,5.436356,0.42734545,0.4699783,0.55930835,0.37883133,0.6802873,3.3864336,0.60387033,0.13951422,1.1529709,0.7795231,1.0186853,0.6542433,0.76316434,0.7795231,1.0186853,0.44241044,0.22861284,0.7654949,-0.60387033,0.32519644,0.30190408,0.5436243,-0.15374605,0.6037527,-0.18236317,0.5973206,0.6068975,0.07364603,0.345615,0.49638397,0.54199624,8.167974,4.3864336,2.008655,0.3272495,0.62763953,-125.379196,0.7248489,0.6164321,1.3769187,0.1905572,0.72776014,30.833424,AVARAGE
81,2.8382137,-0.22691448,0.09443716,5.5921907,inf,0.46063283,0.5631012,0.37076905,0.67568696,3.506199,0.61329955,0.13088661,1.0737514,0.75764346,0.83963674,0.65252465,inf,0.75764346,0.83963674,0.43955716,0.2459682,0.7682211,-0.61329955,0.3186027,0.29896897,0.5310368,-0.1554007,0.60358906,-0.17998445,0.592962,0.6679848,0.070410915,0.32430214,0.47389087,0.5458974,8.40361,4.506199,2.527174,-inf,0.6241783,-125.34589,0.72851485,0.6088126,1.3846543,0.17678845,0.73008704,30.056583,HEALTHY
82,2.388495,-0.2318366,0.11458802,4.6478305,0.41802368,0.48207372,0.5284344,0.40335068,0.6763936,2.976819,0.5715095,0.16105744,1.1178534,0.8148361,1.4340798,0.64368886,0.7582771,0.8148361,1.4340798,0.40630403,0.22200248,0.7465039,-0.5715095,0.32596934,0.3055029,0.5657915,-0.1602977,0.5925731,-0.20361494,0.5958418,0.58835816,0.08371776,0.36583877,0.49410048,0.5392704,7.4712467,3.9768193,0.5853138,0.46927774,0.6227415,-157.71722,0.6987323,0.6205904,1.4023699,0.26731142,0.7047522,32.018013,AVARAGE
83,2.5954483,-0.24428988,0.09863575,5.554953,0.4435334,0.43194255,0.53071094,0.35929555,0.6354197,3.2430298,0.590571,0.13309196,0.9598068,0.7158966,0.70992464,0.6123923,0.84754276,0.7158966,0.70992464,0.41670913,0.2385828,0.7459458,-0.590571,0.2941583,0.28331813,0.50484264,-0.15674247,0.57813674,-0.184425,0.56354064,0.64758205,0.07290006,0.31360433,0.4707175,0.5685333,7.6889815,4.2430305,12.168263,0.38072446,0.59193236,-123.93443,0.7013247,0.5667967,1.3918216,0.20744546,0.69418997,28.324232,
84,2.6198082,-0.221678,0.104416326,4.877618,0.43338835,0.48783022,0.5520666,0.39765102,0.6971218,3.2478063,0.5964642,0.14631718,1.1814717,0.8138501,1.2586356,0.66756064,0.79436463,0.8138501,1.2586356,0.42630523,0.23493725,0.76782334,-0.5964642,0.337642,0.31863946,0.56275344,-0.17108494,0.61029816,-0.19735253,0.60975915,0.62799823,0.074923255,0.35203063,0.48963466,0.52235806,8.25607,4.247806,-17.48169,0.35557213,0.6398278,-149.07506,0.7217901,0.6362373,1.4251676,0.2053999,0.73153687,32.125572,AVARAGE
85,2.5720952,-0.23281963,0.1110547,5.038054,0.43138042,0.46438262,0.5223399,0.39455944,0.66640615,3.182161,0.58589786,0.14717044,1.068537,0.7747389,1.0551424,0.63930357,0.7833422,0.7747389,1.0551424,0.42044616,0.22875452,0.7491674,-0.58589786,0.29386526,0.29464713,0.5435863,-0.1751794,0.59151894,-0.1875138,0.5869897,0.6100655,0.07920378,0.34552702,0.48550412,0.5509519,7.695901,4.182161,-3.4233034,0.40935734,0.616099,-134.97314,0.6982763,0.6056138,1.4439896,0.23010091,0.70863676,30.581625,AVARAGE
86,2.7716184,-0.22177549,0.112216264,5.15201,0.44128022,0.49377304,0.53429353,0.41616383,0.69900256,3.4223764,0.6039114,0.14686775,1.1502403,0.8180275,1.3500692,0.6677858,0.82723933,0.8180275,1.3500692,0.4332904,0.24042243,0.76393044,-0.6039114,0.29217836,0.29932678,0.5720546,-0.18587458,0.6089653,-0.18430197,0.6116082,0.65075785,0.07828163,0.35495418,0.4802189,0.5461614,8.215417,4.422376,0.8812469,0.37236482,0.6407828,-156.0444,0.7120081,0.6483977,1.4792814,0.21235901,0.72845936,32.369827,HEALTHY
87,2.647895,-0.22798339,0.10525108,5.182482,0.42611903,0.46580335,0.53705204,0.3916378,0.6749311,3.2559154,0.5961204,0.1413956,1.1157188,0.77522874,0.9761595,0.64947474,inf,0.77522874,0.9761595,0.4315943,0.22921833,0.7622469,-0.5961204,0.31007084,0.30587623,0.5402298,-0.17787969,0.6006839,-0.18856011,0.5934373,0.6080199,0.074426435,0.34209108,0.49372628,0.53693634,8.016427,4.255915,0.68615425,0.362115,0.62377864,-140.02354,0.71224755,0.60899925,1.4488822,0.20569956,0.7239747,30.626966,AVARAGE
88,2.894465,-0.2259224,0.09485095,5.8743577,0.43832192,0.4543501,0.55483127,0.37693486,0.67332304,3.538545,0.6185003,0.12684685,1.1123297,0.7487023,0.73957753,0.65221775,0.8032347,0.7487023,0.73957753,0.45026013,0.24014463,0.77803105,-0.6185003,0.30897638,0.30793202,0.5206596,-0.18233025,0.6072661,-0.18118975,0.5922063,0.64408,0.066309534,0.32240993,0.4894479,0.5323146,8.546247,4.5385447,6.95478,0.27675584,0.6238056,-114.179306,0.7296986,0.59978896,1.4547114,0.15877236,0.7400775,29.682495,AVARAGE
89,2.6997344,-0.22685175,0.10949134,5.2546015,0.42333224,0.48402104,0.53813237,0.4003774,0.6863161,3.303193,0.59501475,0.14889926,1.1771423,0.80721587,1.3299019,0.65514606,0.7618276,0.80721587,1.3299019,0.43346566,0.22690926,0.7602058,-0.59501475,0.3095639,0.30367067,0.5622629,-0.17508253,0.60213923,-0.18676683,0.6027704,0.6034586,0.07824185,0.3598671,0.49566764,0.5394703,8.044596,4.303193,0.53299886,0.37424308,0.630796,-198.70123,0.7117452,0.63147277,1.4359621,0.21344149,0.721273,31.86756,AVARAGE
90,2.0463185,-0.26664877,0.111256175,4.4462013,inf,0.40069795,0.49573416,0.33031034,0.5813445,2.5691094,0.53252125,0.15507314,0.82095164,0.674767,0.5565555,0.55933535,inf,0.674767,0.5565555,0.3764824,0.20288289,0.6878788,-0.53252125,0.2877031,0.2546501,0.49308077,-0.10795119,0.53455514,-0.18118265,0.522174,0.52300584,0.092394456,0.33066264,0.47377956,0.60083085,6.090763,3.5690722,-0.5110499,-inf,0.5480761,-132.07854,0.65534824,0.5163838,1.2540357,0.2808293,0.6301331,26.54833,
91,2.2559116,-0.2493213,0.11439072,4.5571156,0.4165333,0.44292387,0.51150715,0.36350068,0.6289816,2.8295176,0.55328166,0.15917607,0.94186574,0.7444537,0.9852033,0.60214424,0.76413226,0.7444537,0.9852033,0.38961285,0.21746282,0.7135739,-0.55328166,0.29827422,0.2734579,0.53373885,-0.13072786,0.5621425,-0.18834154,0.5590014,0.5736386,0.09081493,0.34728774,0.47395697,0.576496,6.78082,3.8295174,-20.446112,0.5346088,0.5852581,-174.82367,0.67529404,0.5725656,1.3157505,0.2718483,0.6652326,29.309877,AVARAGE
92,2.3690102,-0.23091689,0.11851692,4.361762,0.42814282,0.4885882,0.5256577,0.39861584,0.67923576,2.9624357,0.57128245,0.16416961,1.0718535,0.81891763,1.4288155,0.6462416,0.7876784,0.81891763,1.4288155,0.40445873,0.22428922,0.7365616,-0.57128245,0.31013066,0.29004294,0.5788151,-0.14738716,0.5901403,-0.19223215,0.5974089,0.5934258,0.09022692,0.37125438,0.4824129,0.55423415,7.22188,3.962436,3.6608317,0.49235544,0.6247575,-136.25365,0.694014,0.6341139,1.3595449,0.2762273,0.69881815,32.273003,AVARAGE
93,2.1767461,-0.2442215,0.11739071,4.2491336,inf,0.45469162,0.50894785,0.37778458,0.6428943,2.7127194,0.54774415,0.16412099,1.0086119,0.77011544,1.078044,0.6150722,0.70483226,0.77011544,1.078044,0.39151925,0.20688242,0.7193864,-0.54774415,0.3126042,0.28920394,0.54485166,-0.14307386,0.5700037,-0.1970761,0.5692841,0.5359735,0.09016658,0.36134458,0.49388477,0.5553373,6.7706914,3.7127194,0.7929196,-inf,0.59664893,-138.89915,0.6761053,0.5838185,1.3459629,0.2881545,0.67261946,30.239283,AVARAGE
94,2.098033,-0.24587487,0.120352216,4.134145,0.4072377,0.45733938,0.5131257,0.37217802,0.63816416,2.6409461,0.53981525,0.17364149,0.9634346,0.77866805,1.208257,0.60904354,inf,0.77866805,1.208257,0.38048235,0.20886914,0.7109336,-0.53981525,0.31885293,0.28179654,0.5539941,-0.12237115,0.5647771,-0.1992688,0.56689173,0.54291326,0.096654706,0.36870524,0.4856584,0.5654432,6.509741,3.6409461,6.5777884,0.606527,0.5930681,-148.64381,0.67400926,0.584206,1.2909445,0.32289895,0.6673033,30.519835,UNHEALTHY
95,2.7734363,-0.22917408,0.09680178,5.483031,0.455518,0.45905516,0.5530008,0.37272534,0.67102635,3.4495447,0.61018735,0.13146193,1.0347297,0.755166,0.856341,0.6463607,0.8640492,0.755166,0.856341,0.43259344,0.24872893,0.76512104,-0.61018735,0.30587935,0.29344076,0.5301795,-0.16014741,0.6003043,-0.18190552,0.5900499,0.6761178,0.07112435,0.3217156,0.46953082,0.55187875,8.17398,4.4495444,0.6716331,0.33457983,0.6205647,-118.25205,0.7225442,0.6068881,1.3932674,0.18895696,0.72529763,29.956814,AVARAGE
96,2.6633463,-0.2260725,0.1052554,5.058701,0.44086468,0.48327923,0.5504138,0.3905685,0.6876425,3.303156,0.59591854,0.14692394,1.1265631,0.8037743,1.2529674,0.65737563,inf,0.8037743,1.2529674,0.42442468,0.23818168,0.7601406,-0.59591854,0.32475814,0.30375302,0.5610672,-0.15859556,0.6030119,-0.19107318,0.60305303,0.63980925,0.07778796,0.3496666,0.4798951,0.54024225,8.093573,4.3031554,-0.47463164,0.37934473,0.63191974,-150.47682,0.7173132,0.6321763,1.3877215,0.2139249,0.7215652,31.762194,HEALTHY
97,2.7741368,-0.24105503,0.09479747,6.095448,0.46302825,0.42874417,0.5409088,0.3549445,0.63716626,3.4625604,0.6100292,0.12525813,0.91727585,0.7043692,0.5924158,0.61590546,0.88680696,0.7043692,0.5924158,0.43049195,0.25174955,0.7586531,-0.6100292,0.28144243,0.2780693,0.49824744,-0.16098088,0.584533,-0.1756107,0.5660219,0.68842375,0.069503285,0.3026233,0.46179408,0.57110757,7.902328,4.4625607,-0.30315676,0.35568795,0.5948312,-125.268074,0.7141114,0.56755453,1.3920251,0.20013982,0.7112702,27.954844,AVARAGE
98,2.5791965,-0.23556645,0.10709421,5.1579227,0.4323615,0.46115398,0.5398497,0.3746774,0.6593935,3.1909213,0.5845207,0.14927112,1.0399886,0.7688583,1.0685184,0.6321911,0.7970927,0.7688583,1.0685184,0.41911486,0.22924691,0.7442484,-0.5845207,0.31163466,0.28694397,0.5432478,-0.14326456,0.5865587,-0.18362884,0.582321,0.6117252,0.082093805,0.34643188,0.4806908,0.56215286,7.591665,4.1909213,0.6058784,0.434674,0.61042607,-124.59347,0.7046122,0.60154974,1.3452566,0.24012098,0.70340025,30.35633,
99,2.5698125,-0.24393806,0.097552024,5.533508,0.42740342,0.4329279,0.5413814,0.35433745,0.6350232,3.1621652,0.5855744,0.13691399,1.0238285,0.7214345,0.7619895,0.6109853,inf,0.7214345,0.7619895,0.4234867,0.22410826,0.7459195,-0.5855744,0.31539804,0.28738216,0.5070096,-0.1416223,0.5780287,-0.18249668,0.5638526,0.5923525,0.07408176,0.32568637,0.48905465,0.564505,7.5733547,4.1621647,1.0602262,0.3749818,0.5918472,-144.06596,0.7062273,0.5650463,1.3418063,0.20930006,0.6967276,28.488962,AVARAGE
100,3.192119,-0.22481523,0.08320438,6.5653725,0.45066053,0.44614702,0.5833968,0.35694826,0.6721488,3.8827822,0.6399166,0.11395451,1.1051835,0.72521883,0.56561166,0.6542318,0.85605556,0.72521883,0.56561166,0.4675123,0.25336498,0.7877691,-0.6399166,0.3171192,0.30142635,0.50704575,-0.16293347,0.6110985,-0.16936322,0.59080815,0.69066346,0.060898684,0.30450767,0.477377,0.5424536,9.129674,4.8827825,1.1829911,0.21263213,0.6231656,-85.6412,0.7485795,0.5964377,1.39794,0.110980496,0.7500669,28.891056,AVARAGE
101,2.8205185,-0.23870987,0.08992129,6.1812477,0.4480734,0.42324075,0.55264837,0.3478312,0.63717663,3.4774382,0.61365545,0.12132007,0.95548016,0.694918,0.46171087,0.6186421,0.83464915,0.694918,0.46171087,0.441325,0.24369407,0.7645943,-0.61365545,0.29759085,0.28633186,0.4897843,-0.15653802,0.58826625,-0.17472027,0.5657231,0.6569626,0.066543594,0.30143434,0.47562993,0.55941767,8.073,4.4774384,-1.1494393,0.32097796,0.5959833,-140.67734,0.7226585,0.5605994,1.3793573,0.17982522,0.7202067,27.585505,
102,2.5999022,-0.23128998,0.112555265,5.1147118,0.41174057,0.47576812,0.5328145,0.39475325,0.6731387,3.1760776,0.58329034,0.15479834,1.1380973,0.79750323,1.2806091,0.6432101,0.73291653,0.79750323,1.2806091,0.4264956,0.21862878,0.749643,-0.58329034,0.31113616,0.29800934,0.55851716,-0.16304556,0.59334695,-0.18779711,0.59332293,0.57617575,0.082748935,0.36477846,0.4997994,0.54652935,7.7158527,4.176078,0.42690182,0.43057716,0.62090796,-132.63733,0.7033428,0.6176072,1.4011892,0.23974505,0.7104299,31.428064,AVARAGE
103,2.7665863,-0.24056043,0.092465304,6.165273,0.43296283,0.42937082,0.54759604,0.3545718,0.6394816,3.3911753,0.60795563,0.12512727,1.0417047,0.70847756,0.6242371,0.6177781,0.79657143,0.70847756,0.6242371,0.4417623,0.23412435,0.7634667,-0.60795563,0.30426732,0.29386958,0.4966881,-0.1635187,0.5867799,-0.17683315,0.5678096,0.62458915,0.06731726,0.312714,0.4875202,0.5517758,8.111605,4.391175,3.5342338,0.30327538,0.5963217,-135.76031,0.71896386,0.5660292,1.401406,0.16621405,0.7147919,28.074648,AVARAGE
104,2.7918775,-0.2286982,0.09850137,5.588612,0.4339073,0.46050102,0.5522161,0.37464437,0.6713195,3.4223661,0.6108031,0.13321243,1.0976869,0.7576139,0.8675962,0.64698493,0.8048969,0.7576139,0.8675962,0.44365993,0.23571151,0.7652882,-0.6108031,0.30533573,0.29374543,0.53314143,-0.1606957,0.60056174,-0.17565155,0.5908904,0.63053,0.072640374,0.33366442,0.48678052,0.55048746,8.146796,4.422366,0.9994698,0.3210136,0.62118405,-150.07858,0.7225144,0.6087335,1.3940994,0.17855218,0.7265562,30.052946,AVARAGE
105,2.5154142,-0.25228143,0.097220644,5.479959,0.45084092,0.4093171,0.52830887,0.33415914,0.60938954,3.1678314,0.5828906,0.1318649,0.8245523,0.6742751,0.440471,0.5895268,0.8563425,0.6742751,0.440471,0.40735286,0.2407302,0.72810715,-0.5828906,0.28030255,0.26134375,0.4867856,-0.12978715,0.56226665,-0.17111154,0.5443446,0.6524737,0.07746847,0.30106476,0.45054772,0.59229493,7.178392,4.167832,-1.1520137,0.4401577,0.5718023,-123.36496,0.6929081,0.5389863,1.310481,0.22463214,0.67804897,26.735281,AVARAGE
106,2.8314528,-0.25023556,0.086635396,6.478644,0.4834546,0.3983346,0.54589003,0.32483175,0.60759634,3.5690172,0.61366105,0.1149228,0.7751745,0.64757395,0.23460487,0.5910426,inf,0.64757395,0.23460487,0.42624554,0.26415187,0.74862015,-0.61366105,0.2648095,0.25468814,0.4658394,-0.13607027,0.5704672,-0.16309002,0.5431344,0.73760515,0.06750476,0.27444482,0.43784416,0.59986246,7.704702,4.569018,3.956926,0.35662782,0.5722336,-99.681244,0.7126474,0.5321589,1.3247236,0.19215463,0.6975784,25.796799,AVARAGE
107,2.2501757,-0.27314475,0.10879522,5.3653107,inf,0.38784143,0.48462436,0.32751784,0.56795734,2.8278701,0.5522912,0.14281386,0.7625166,0.6457996,0.4906007,0.54585856,inf,0.6457996,0.4906007,0.38839117,0.21893671,0.69258755,-0.5522912,0.24482273,0.2364026,0.4746679,-0.12658048,0.5297179,-0.16421513,0.51323235,0.5776156,0.086837254,0.31009555,0.45532942,0.6269394,6.287159,3.827791,5.3147736,-inf,0.53693587,-116.357635,0.6534832,0.5054837,1.302509,0.2611002,0.62318337,25.508904,AVARAGE
108,2.3942974,-0.25920352,0.11543103,5.4791017,0.4404493,0.427657,0.49848863,0.35863307,0.60744464,3.0206714,0.56508905,0.15315497,0.8418483,0.7145206,0.9406232,0.58054495,inf,0.7145206,0.9406232,0.39385325,0.23192517,0.71140486,-0.56508905,0.25560066,0.25036466,0.5175463,-0.13924818,0.55099565,-0.1746067,0.54481095,0.6264156,0.089889325,0.33229953,0.4546729,0.6067879,6.7358923,4.020672,-0.64272887,0.5428872,0.56793994,-104.37301,0.6687651,0.5565432,1.3366159,0.2803863,0.65135217,28.190048,AVARAGE
109,2.5836425,-0.2421773,0.11239925,5.2668357,0.45744672,0.4453342,0.51037437,0.374516,0.64054465,3.2477434,0.5894942,0.1430196,0.8671597,0.73325706,0.8205575,0.6157545,inf,0.73325706,0.8205575,0.4121811,0.24418508,0.7326115,-0.5894942,0.24908319,0.25582808,0.5293949,-0.15578032,0.5754028,-0.17129092,0.56813127,0.66409147,0.08406071,0.32717064,0.45334774,0.5969133,7.168386,4.2476964,1.6286011,0.4726472,0.59627247,-139.24637,0.6865819,0.58803123,1.3786117,0.25669006,0.6882571,29.078407,AVARAGE
110,2.3457654,-0.23042841,0.12312851,4.372922,0.41589364,0.48875585,0.51597,0.41204464,0.67988676,2.9309413,0.566655,0.16756923,1.0925248,0.8252772,1.4765475,0.64749086,0.752002,0.8252772,1.4765475,0.40226945,0.22161327,0.73899275,-0.566655,0.31053728,0.3007948,0.57846045,-0.16731416,0.5913677,-0.19884364,0.59828615,0.5851763,0.08970457,0.37486815,0.48765147,0.54122186,7.3190327,3.9309418,1.2340617,0.5258504,0.62545514,-173.9132,0.6892945,0.6296961,1.4123745,0.28800693,0.7012939,32.439934,AVARAGE
111,2.6014245,-0.23251879,0.10434787,5.079767,0.44899857,0.46138084,0.5391449,0.37814826,0.66594344,3.2534118,0.59102696,0.14270814,1.018612,0.7662227,0.9757588,0.6397649,0.83925056,0.7662227,0.9757588,0.41588372,0.24104354,0.75185907,-0.59102696,0.3080545,0.29434052,0.53881055,-0.1583344,0.59258044,-0.19023694,0.58629316,0.65202373,0.07742971,0.33289596,0.47048283,0.5496407,7.8231664,4.2534113,-1.2770898,0.39557832,0.6158219,-143.13759,0.70812577,0.60435677,1.3892055,0.22065762,0.7113059,30.29399,UNHEALTHY
112,2.5997071,-0.2492074,0.10233396,5.6863813,0.45884073,0.42788708,0.5180286,0.35799298,0.627096,3.2691767,0.5889191,0.13361079,0.8978546,0.70652604,0.70087034,0.6036234,0.868674,0.70652604,0.70087034,0.410117,0.24550822,0.7382861,-0.5889191,0.2707553,0.27197996,0.5035693,-0.1622645,0.5706007,-0.17855588,0.5577542,0.66949624,0.075682156,0.30845934,0.45273742,0.58064723,7.5195847,4.269132,1.727871,0.40285102,0.5843,-126.43347,0.69200337,0.5629844,1.4005349,0.21393697,0.68058455,27.990368,UNHEALTHY
113,2.3937862,-0.2449937,0.10952487,5.0071096,0.42261305,0.44005534,0.5212311,0.3645512,0.63394725,2.9816718,0.5672348,0.15159534,0.95286477,0.7385473,0.8647469,0.60916275,inf,0.7385473,0.8647469,0.40374753,0.22149722,0.7291807,-0.5672348,0.3015466,0.28028128,0.5244278,-0.1415559,0.57116705,-0.1884682,0.56309056,0.5878857,0.08437249,0.3399297,0.480856,0.56882006,7.08237,3.9816718,4.5366287,0.490219,0.59076697,-139.68121,0.68803686,0.5701565,1.3411,0.264228,0.68353903,29.09223,
114,2.7609184,-0.24152869,0.0924016,5.9425864,0.45086938,0.43339738,0.54766726,0.3520044,0.6420993,3.429657,0.60544914,0.12615655,0.9850164,0.71320134,0.66966254,0.61998653,0.8626433,0.71320134,0.66966254,0.43006656,0.24503164,0.7569306,-0.60544914,0.30104193,0.28601155,0.5024327,-0.1545017,0.58468086,-0.17859621,0.5685776,0.6686914,0.069035314,0.3075883,0.46844953,0.5638868,8.068451,4.4296093,0.46610293,0.3284681,0.5971704,-108.46238,0.71586937,0.57247823,1.3762736,0.17905806,0.70338476,28.288692,AVARAGE
115,2.950145,-0.22584744,0.09947692,5.641016,,0.47570956,0.55502886,0.38390052,0.6866045,3.6188679,0.6143069,0.13376789,1.1446854,0.7804945,1.1007323,0.65855604,0.81925184,0.7804945,1.1007323,0.44352472,0.24455188,0.76654434,-0.6143069,0.30526182,0.29681638,0.548251,-0.16901593,0.6051809,-0.17658515,0.60131454,0.6687649,0.07255492,0.33559173,0.47383204,0.5511854,8.6287155,4.618868,1.2341447,-inf,0.63052607,-136.9978,0.72366977,0.62966925,1.4208027,0.1592018,0.7274097,30.99028,AVARAGE
116,2.6299002,-0.24051173,0.10237492,5.4960866,0.43847692,0.44837397,0.53235805,0.36932665,0.64993674,3.2566686,0.591552,0.13802065,1.0268309,0.7427611,0.9008464,0.62373036,0.80459887,0.7427611,0.9008464,0.42322296,0.23334628,0.748083,-0.591552,0.29648358,0.28689992,0.52414936,-0.16039942,0.5832554,-0.1816643,0.5748938,0.6267682,0.07577539,0.3302453,0.47703326,0.56247145,7.7545652,4.2566686,1.4510028,0.37837207,0.6022958,-122.146355,0.70343995,0.5883541,1.396032,0.2085211,0.6981026,29.392246,AVARAGE
117,2.2087648,-0.26565862,0.10296495,5.153997,0.4165423,0.3910158,0.5049802,0.32749948,0.5791878,2.7623851,0.5512959,0.14171027,0.82536936,0.65619016,0.43433258,0.5583774,inf,0.65619016,0.43433258,0.39106423,0.21220332,0.7080663,-0.5512959,0.28842357,0.2633792,0.47302905,-0.12587315,0.5416361,-0.1829662,0.5217321,0.5537062,0.08201323,0.3124518,0.47715142,0.5929119,6.526134,3.762346,0.5488199,0.49684608,0.54760617,-114.2877,0.6698932,0.5062943,1.3036861,0.25563198,0.64872676,25.84883,AVARAGE
118,2.900282,-0.23459144,0.09761,5.8685,0.46453965,0.44770926,0.5458278,0.36335364,0.6564485,3.5899909,0.6165566,0.12731615,0.9618268,0.7280057,0.71796024,0.63378406,inf,0.7280057,0.71796024,0.43840247,0.25194347,0.7554317,-0.6165566,0.27335122,0.2672442,0.5216251,-0.15251014,0.5908581,-0.16568251,0.57930124,0.68970925,0.07391589,0.31500074,0.45627895,0.5895839,8.0566225,4.589992,0.16489239,0.33798018,0.6088732,-151.37613,0.7158378,0.597473,1.3735235,0.18755367,0.7137317,28.998566,AVARAGE
119,2.4558473,-0.2415468,0.114425495,4.908134,inf,0.4626518,0.5239968,0.37366465,0.64976555,3.040008,0.5720171,0.15791017,1.0019385,0.77125496,1.1842314,0.62034667,inf,0.77125496,1.1842314,0.40966102,0.22048561,0.72621936,-0.5720171,0.29559827,0.2701954,0.5532181,-0.1327122,0.5746089,-0.18126138,0.57560134,0.5841521,0.090572946,0.35912248,0.47985667,0.5868594,7.1457896,4.039964,14.962599,-inf,0.60170346,-135.97836,0.6888408,0.6030829,1.3199878,0.2703875,0.6827351,30.452192,AVARAGE
120,2.742194,-0.22757433,0.11057666,5.257612,0.45828545,0.47709656,0.52516013,0.40916297,0.68065464,3.42568,0.6060826,0.14135577,1.0112044,0.7849495,1.1260803,0.65168524,0.8811464,0.7849495,1.1260803,0.4270384,0.24984637,0.75731224,-0.6060826,0.26482347,0.28110948,0.55567634,-0.17640097,0.5999731,-0.17923568,0.5981745,0.68348616,0.07857979,0.33769882,0.46388656,0.5666835,7.889021,4.42568,0.84601396,0.4004665,0.6272691,-161.87029,0.7048645,0.6307169,1.4951471,0.22831601,0.71944344,31.136827,
121,2.9665952,-0.22110625,0.09934865,5.676153,0.4617731,0.48191333,0.5521656,0.40985882,0.69646347,3.6734705,0.6236955,0.1311819,1.1178055,0.79008186,1.1117414,0.66799426,0.890525,0.79008186,1.1117414,0.44440436,0.25665274,0.77754647,-0.6236955,0.2918322,0.30118412,0.5514756,-0.18292713,0.6138115,-0.18021296,0.6091777,0.70687497,0.06956229,0.32955027,0.46811807,0.54200816,8.726351,4.67347,1.0787739,0.2954015,0.63938594,-139.86592,0.7276786,0.6392716,1.5090426,0.16837934,0.74003845,31.379585,AVARAGE
122,2.8177187,-0.22939721,0.10464682,5.6194773,0.45792577,0.46626303,0.53581715,0.39017862,0.6730625,3.5070465,0.6110306,0.13649707,1.0024611,0.7667602,0.9768573,0.6469096,0.88131994,0.7667602,0.9768573,0.43310717,0.2512192,0.7615522,-0.6110306,0.27411753,0.28305835,0.54164386,-0.17334518,0.5989884,-0.177324,0.59258235,0.68932754,0.0753808,0.3298078,0.46520042,0.5625515,8.043076,4.507046,1.0469462,0.38158816,0.6219444,-101.39453,0.71264964,0.61671853,1.4516892,0.21633184,0.7216301,30.420431,AVARAGE
123,3.152366,-0.23033607,0.08204108,6.7339787,0.4639715,0.43415087,0.5774786,0.349255,0.65741765,3.8662577,0.63831186,0.1117382,1.0279037,0.7059246,0.49876788,0.6395491,0.8947804,0.7059246,0.49876788,0.46063676,0.25921562,0.78463864,-0.63831186,0.30538967,0.29548696,0.494128,-0.16332543,0.6039164,-0.17038505,0.58057404,0.713892,0.05997714,0.29395816,0.4690094,0.5476395,8.956649,4.866258,3.9328275,0.22584482,0.6118082,-67.313805,0.744627,0.5804198,1.4030557,0.12622501,0.74320525,28.119495,
124,2.4199533,-0.23951855,0.117591985,4.889185,inf,0.46631217,0.5144933,0.38926134,0.6550943,3.0175397,0.5712669,0.15922607,1.0033424,0.78263956,1.251201,0.624866,inf,0.78263956,1.251201,0.4055851,0.22510135,0.73316723,-0.5712669,0.29019892,0.28212,0.5542626,-0.15627998,0.57933354,-0.18866834,0.5801689,0.5976211,0.08796375,0.35768098,0.4794935,0.56445664,7.1760106,4.01754,-0.07546397,-inf,0.60629845,-157.70184,0.6867805,0.6044824,1.3838857,0.27974814,0.6885548,30.828419,AVARAGE
125,2.6786828,-0.24020371,0.10517638,5.6516223,0.4427514,0.45155773,0.52686256,0.3738759,0.6505355,3.3159623,0.59756804,0.13887483,0.9927061,0.7462815,0.95919687,0.62355727,0.82627857,0.7462815,0.95919687,0.427381,0.23731123,0.7483986,-0.59756804,0.27608153,0.2764784,0.52886945,-0.16290554,0.5836861,-0.17532001,0.57619613,0.6372793,0.077311754,0.33145404,0.47366413,0.57179135,7.6438417,4.315962,1.2062311,0.4010011,0.6032767,-110.49289,0.70178163,0.5944044,1.4002593,0.22206995,0.6971829,29.555984,AVARAGE
126,3.0756989,-0.23622614,0.08304047,6.68612,0.45757225,0.42539647,0.56585133,0.34444794,0.6450571,3.7659364,0.6327108,0.11092498,0.99653393,0.69095165,0.44255805,0.62675583,0.87071365,0.69095165,0.44255805,0.4585908,0.25284386,0.77610064,-0.6327108,0.2916116,0.28492278,0.48607728,-0.16059002,0.5952686,-0.16564395,0.5711451,0.6902375,0.060680874,0.291851,0.4714907,0.5611055,8.594674,4.7659364,3.395591,0.24133657,0.6016122,-89.99731,0.7351179,0.56928056,1.3913629,0.13322867,0.72923183,27.533552,UNHEALTHY
127,2.855543,-0.2221291,0.10441983,5.5562854,0.43518862,0.48925677,0.5537052,0.39802727,0.69619143,3.4989367,0.6093146,0.14361206,1.1883949,0.81209457,1.3570805,0.6647592,0.8077137,0.81209457,1.3570805,0.44204187,0.23820384,0.77217144,-0.6093146,0.314333,0.30683303,0.5639171,-0.17497754,0.6108508,-0.18528277,0.6105734,0.64339405,0.074660294,0.35342088,0.48939613,0.53467447,8.416932,4.498936,0.40101448,0.33771953,0.6389512,-153.12206,0.7255651,0.64134574,1.4342084,0.19500658,0.735842,32.113476,
128,3.4878757,-0.21156742,0.08369555,6.7808475,0.46858528,0.47899896,0.5944826,0.3819885,0.71174747,4.2355337,0.6606494,0.11209635,1.2402625,0.7751469,0.87302494,0.6899939,0.91404945,0.7751469,0.87302494,0.48314947,0.26790142,0.80800575,-0.6606494,0.31571952,0.31659606,0.53635925,-0.19133514,0.6330866,-0.16933146,0.6199291,0.74765843,0.057360224,0.312471,0.47334832,0.52355736,10.085639,5.2355337,1.0708524,0.11915548,0.652885,-76.66537,0.76382554,0.6432262,1.4830855,0.06603147,0.775133,30.929382,AVARAGE
129,3.2167094,-0.22906993,0.08136715,6.953167,0.4660702,0.4401688,0.5789069,0.3561991,0.66557294,3.9455938,0.6435616,0.109939165,1.1001642,0.71646,0.5822397,0.6470282,0.90941596,0.71646,0.5822397,0.46442202,0.26267192,0.7930406,-0.6435616,0.31215382,0.3078486,0.49714842,-0.18013701,0.6088043,-0.17321335,0.5866784,0.7288843,0.0569796,0.29370922,0.4704689,0.5344369,9.386886,4.9455943,6.546637,0.17630284,0.61721444,-81.92177,0.7487127,0.5878884,1.4480581,0.097249106,0.7476201,28.52851,AVARAGE
130,2.7758458,-0.23138794,0.103559546,5.657044,0.45966786,0.4624066,0.53634024,0.3834222,0.668391,3.4643424,0.61277723,0.13372718,0.98354924,0.7583066,0.93773544,0.6416127,0.88661647,0.7583066,0.93773544,0.43332872,0.25150046,0.76119745,-0.61277723,0.2732035,0.2777077,0.5368767,-0.16938464,0.59675,-0.17460145,0.58943856,0.6884966,0.074470066,0.32654914,0.46466702,0.5710057,7.8747025,4.4643426,-1.3973936,0.37953848,0.61833,-179.30962,0.7138006,0.6132285,1.4174873,0.21928568,0.71978927,30.11468,
131,2.9355068,-0.21372202,0.10200112,5.366153,0.44932136,0.506313,0.56760335,0.40735644,0.71946985,3.6145344,0.6206073,0.14059125,1.229447,0.8353568,1.4292876,0.687405,0.8470758,0.8353568,1.4292876,0.44650027,0.24890287,0.782052,-0.6206073,0.32733583,0.31387264,0.57878506,-0.17486995,0.62380993,-0.18558648,0.62677056,0.6790275,0.07247198,0.3525959,0.48124263,0.52837247,8.832402,4.6145344,0.7732065,0.29977623,0.6567603,-178.45293,0.73720276,0.6675505,1.436078,0.17688107,0.74927837,33.103554,AVARAGE
132,2.6153412,-0.22766474,0.11207298,4.930646,0.4279801,0.4830773,0.5377927,0.3963328,0.6823831,3.2284498,0.5879924,0.15412068,1.1038179,0.80564046,1.2567624,0.652939,0.7878798,0.80564046,1.2567624,0.42276984,0.2291001,0.7500739,-0.5879924,0.30878353,0.29128116,0.56667924,-0.15438594,0.5976334,-0.18666402,0.59954494,0.6131176,0.08360195,0.36148217,0.48665184,0.5560661,7.6986885,4.2284493,-0.14314201,0.43467277,0.6284102,-147.89471,0.70658255,0.63021225,1.3777463,0.24492331,0.71319866,31.805387,AVARAGE
133,2.7434611,-0.22735192,0.106769934,5.321791,0.4352106,0.47639278,0.54069227,0.39181882,0.68080455,3.3767965,0.6049681,0.14199598,1.0822154,0.78601027,1.1206561,0.6521362,0.8063062,0.78601027,1.1206561,0.4368231,0.23613779,0.7589753,-0.6049681,0.29140142,0.28650573,0.55428314,-0.16277462,0.6007191,-0.17701516,0.5983709,0.6333775,0.0778904,0.34760633,0.48243383,0.55856776,7.8763943,4.3767962,112.56029,0.38396123,0.62754625,-156.5375,0.7137861,0.6280178,1.4007415,0.21694577,0.72091,31.14779,HEALTHY
134,3.1543956,-0.22661129,0.08981991,6.35329,0.46399206,0.45853493,0.5721381,0.36513495,0.6745863,3.8626196,0.63814,0.119779795,1.0321286,0.741369,0.76787496,0.6511194,0.89534235,0.741369,0.76787496,0.46209446,0.2572527,0.7753307,-0.63814,0.28435904,0.27410024,0.52634114,-0.14762476,0.60590035,-0.15955488,0.59324604,0.7082241,0.067806214,0.31465974,0.465761,0.5747918,8.560846,4.8626194,0.1260514,0.27268857,0.623917,-136.56265,0.73846835,0.6162007,1.366145,0.15469925,0.736913,29.591036,AVARAGE
135,2.8596387,-0.22182095,0.100886635,5.386673,-inf,0.47990152,0.55220526,0.39120412,0.6931205,3.4869084,0.6134032,0.13592713,1.1775147,0.7903653,1.0563799,0.66607547,0.78874755,0.7903653,1.0563799,0.4475167,0.2343638,0.7713346,-0.6134032,0.3059615,0.29964975,0.55215687,-0.17297927,0.6109106,-0.18135491,0.6064925,0.6272699,0.07226231,0.34624523,0.49324813,0.5462105,8.327255,4.4869084,2.6371279,-inf,0.6374886,-160.62253,0.72538394,0.63377243,1.4321765,0.17419982,0.7346375,31.340263,UNHEALTHY
136,3.3083305,-0.22618052,0.090700485,6.7508836,inf,0.45089564,0.55552095,0.37324184,0.67296773,4.0270658,0.64436436,0.11364255,1.073246,0.72894436,0.65028524,0.6522426,0.9038972,0.72894436,0.65028524,0.46842748,0.2588867,0.78300154,-0.64436436,0.25989625,0.28088367,0.513465,-0.19027357,0.60873455,-0.16341,0.59147793,0.71873516,0.06257585,0.30528644,0.4694989,0.5696912,8.976886,5.0270658,0.5340299,-inf,0.6229936,-99.832214,0.7343382,0.60595375,1.4879507,0.11693527,0.7433779,29.09601,UNHEALTHY
137,2.6499403,-0.23657763,0.11593515,5.2378473,0.41884315,0.46842757,0.51442707,0.3963529,0.6625465,3.2424128,0.5856045,0.15105712,1.0872375,0.778271,1.1836039,0.6327309,0.7703513,0.778271,1.1836039,0.42592588,0.22198628,0.7393249,-0.5856045,0.27077457,0.27562404,0.55298764,-0.1686049,0.58469194,-0.17792074,0.58458376,0.59251815,0.08456008,0.35793465,0.48892078,0.5769991,7.523526,4.242413,0.740356,0.42307937,0.6117564,-155.21107,0.6901733,0.6132956,1.4255238,0.22789478,0.69617075,30.765535,AVARAGE
138,3.389888,-0.22334725,0.083972506,6.9692197,0.4595337,0.44843554,0.57366717,0.36528212,0.6768732,4.1067185,0.6525917,0.108324535,1.1221459,0.7242301,0.5709605,0.6587246,0.88881767,0.7242301,0.5709605,0.4792314,0.25892416,0.793568,-0.6525917,0.28382885,0.2944343,0.50645053,-0.18735597,0.6149283,-0.16255301,0.59421015,0.7168301,0.058014955,0.3003717,0.47588786,0.5507446,9.392373,5.1067185,-8.725943,0.15833803,0.6266549,-86.81876,0.7478062,0.60328627,1.4715861,0.08696985,0.75472754,28.918518,UNHEALTHY
139,2.8754106,-0.2273143,0.10931407,5.590142,0.46131894,0.4746286,0.5271834,0.39895013,0.6800235,3.5737097,0.61649406,0.13646449,0.9901195,0.7761772,1.0485033,0.65194625,0.89656574,0.7761772,1.0485033,0.43747056,0.25346383,0.76051897,-0.61649406,0.25107196,0.27044567,0.55166227,-0.18008995,0.60115826,-0.17106953,0.59782106,0.6982991,0.07703368,0.33397284,0.46214166,0.5782902,7.9032874,4.573709,1.6187319,0.38852575,0.6271613,-138.62616,0.70899606,0.6311221,1.4502358,0.22296798,0.72254497,30.85495,UNHEALTHY
140,3.1330886,-0.22995664,0.09444658,6.500877,0.4592057,0.45539698,0.5578116,0.3702109,0.6675665,3.8317664,0.631371,0.123818226,1.0310681,0.7409011,0.82220477,0.6431674,0.88669455,0.7409011,0.82220477,0.45733735,0.25393385,0.7716227,-0.631371,0.27254924,0.27328584,0.5246449,-0.1610699,0.60106426,-0.16326943,0.5887283,0.6986778,0.06924803,0.3181377,0.46819842,0.5763329,8.422203,4.831766,-1.425524,0.2963722,0.6181333,-132.9808,0.7290165,0.608456,1.3973312,0.16638389,0.73109365,29.50662,
141,4.2593956,-0.20523763,0.07200379,8.293093,0.49988058,0.4836208,0.6290404,0.37210968,0.7263342,5.1195455,0.69921786,0.09586843,1.2670379,0.76819754,0.8274403,0.7066353,1.0364923,0.76819754,0.8274403,0.5158465,0.29607344,0.82814634,-0.69921786,0.30334997,0.30769742,0.53347415,-0.18882921,0.64628136,-0.15190412,0.6302945,0.86015064,0.049853347,0.29252034,0.4510945,0.53388846,11.54298,6.1195455,2.8356092,-0.0019735522,0.66385835,-48.919636,0.78985447,0.6605292,1.4762151,-0.013416681,0.7969493,30.857851,AVARAGE
142,3.3734283,-0.23451203,0.08322563,7.5845637,0.47575152,0.4383128,0.57053727,0.35493007,0.6575623,4.1300316,0.64942735,0.109093964,1.0416017,0.7095731,0.6455772,0.63646495,0.9518181,0.7095731,0.6455772,0.46898803,0.2690308,0.7877222,-0.64942735,0.2764149,0.28497115,0.49714875,-0.1784596,0.60180336,-0.16160017,0.5815398,0.7566028,0.058835875,0.29226866,0.4595193,0.5622885,9.220781,5.1300316,-0.87142915,0.20349838,0.6098726,-92.14946,0.74289405,0.58837056,1.4466166,0.11195073,0.7333895,28.30909,AVARAGE
143,3.9311275,-0.23365715,0.06679766,9.216756,0.4929134,0.40628693,0.6061392,0.32348955,0.6389215,4.742734,0.6867163,0.086542904,0.9621277,0.64343,0.12025221,0.62770164,1.0058572,0.64343,0.12025221,0.50569004,0.2845698,0.8049288,-0.6867163,0.26281416,0.26531157,0.4554088,-0.1572128,0.60515654,-0.13827117,0.5682513,0.81160617,0.049121875,0.2571996,0.45063332,0.58587354,9.896539,5.742734,-2.7069638,0.103928946,0.59901255,-45.213436,0.76977414,0.5563895,1.387874,0.054834634,0.7603985,25.874058,
144,3.4176412,-0.24547276,0.07808789,8.107203,0.47701296,0.40260932,0.5624717,0.32998446,0.62091804,4.1616383,0.65265507,0.098398805,0.93104386,0.64516824,0.26545018,0.6039462,0.9463545,0.64516824,0.26545018,0.47513163,0.26615995,0.7769512,-0.65265507,0.24427952,0.25696468,0.45907807,-0.16390193,0.5851359,-0.14465798,0.55416214,0.74399716,0.056468777,0.2701074,0.4552608,0.5983805,8.798045,5.1616383,-1.7831097,0.19253966,0.58242124,-77.74278,0.735228,0.54542357,1.4102554,0.1016413,0.7218469,25.83376,AVARAGE
145,2.957566,-0.2253911,0.10372342,5.8541627,0.440538,0.47285107,0.5429962,0.3943184,0.6830118,3.6087065,0.618312,0.13436198,1.1061616,0.776619,1.0296472,0.65607035,0.81999934,0.776619,1.0296472,0.45118594,0.24082401,0.7689885,-0.618312,0.27912518,0.28756106,0.5458582,-0.17884064,0.6058042,-0.17184007,0.59990525,0.6511402,0.073007196,0.33937648,0.48344114,0.5573953,8.28677,4.6087074,1.1815207,0.32752007,0.62972605,-146.19154,0.72001594,0.6261801,1.4477063,0.18748222,0.731366,30.82525,AVARAGE
146,2.5070295,-0.23476475,0.114323825,5.0854483,0.42497826,0.4689186,0.5218382,0.39454392,0.664671,3.1066139,0.5804696,0.15447736,1.0488453,0.786704,1.1926491,0.63540196,0.7725568,0.786704,1.1926491,0.41577178,0.2259002,0.745619,-0.5804696,0.29582107,0.29043144,0.5519465,-0.16592067,0.58844626,-0.19028948,0.5872151,0.5995843,0.083027914,0.35576794,0.48785946,0.5543913,7.399713,4.1066136,1.4115762,0.46712816,0.6146375,-161.142,0.6965066,0.6082464,1.4070976,0.2638769,0.7019611,30.993097,AVARAGE
147,2.8662724,-0.22237256,0.10673652,5.479415,0.4509206,0.48512387,0.54307455,0.40174899,0.69358724,3.538856,0.61364424,0.13992196,1.0944496,0.7992319,1.1813492,0.6645954,0.8507729,0.7992319,1.1813492,0.43919343,0.24732378,0.7687131,-0.61364424,0.28813836,0.29366696,0.56052434,-0.1796498,0.6093711,-0.18074583,0.60786945,0.67258364,0.0754005,0.3435662,0.47451934,0.5496306,8.261574,4.5388556,2.7614775,0.3584127,0.63753414,-195.31026,0.7196649,0.64054203,1.449315,0.207251,0.73286074,31.68829,AVARAGE
148,3.1511586,-0.23283957,0.09392673,6.6701894,inf,0.4420847,0.54622495,0.3676002,0.65727603,3.8870916,0.63439417,0.117655605,0.9579924,0.716593,0.6243865,0.6363418,0.9364825,0.716593,0.6243865,0.452805,0.26402938,0.7720585,-0.63439417,0.2540339,0.27221122,0.50845134,-0.179889,0.59783816,-0.16400018,0.5805725,0.7359803,0.06637323,0.30013442,0.45527357,0.5771105,8.546135,4.887092,-0.32725927,-inf,0.61062354,-114.31212,0.72417325,0.59267807,1.4512516,0.16152142,0.7287589,28.575981,AVARAGE
149,2.9010463,-0.22884278,0.1035959,5.8029776,0.45242557,0.46680862,0.5406798,0.38539657,0.67447054,3.575752,0.6162044,0.13395242,1.0298975,0.76444715,0.9468116,0.6482954,0.85971844,0.76444715,0.9468116,0.44232967,0.24742892,0.7627969,-0.6162044,0.27275315,0.27825797,0.54163104,-0.16970727,0.5999856,-0.17178777,0.5935237,0.6747058,0.074822426,0.3322832,0.4706821,0.56932753,8.096569,4.575752,-1.0533781,0.3553077,0.6230493,-148.5949,0.7162796,0.61987543,1.4195936,0.201273,0.7234037,30.373714,
150,2.739881,-0.23876962,0.09375441,5.6555467,inf,0.43568572,0.55794996,0.34900644,0.6432511,3.3496606,0.5914355,0.13613488,1.0801568,0.72323143,0.6661929,0.6231688,0.79049635,0.72323143,0.6661929,0.4317755,0.22410528,0.75033355,-0.5914355,0.3257882,0.29136264,0.5103702,-0.13705048,0.5842532,-0.18313234,0.5690718,0.60995334,0.07469068,0.32792422,0.49531063,0.56484485,8.075,4.3496604,-1.7806718,-inf,0.5990212,-103.3742,0.716582,0.57030237,1.3503741,0.17679748,0.7068366,28.59854,AVARAGE
151,2.5866632,-0.2505107,0.09625718,5.8918357,0.43928275,0.41527796,0.52248514,0.34868854,0.6182525,3.2247896,0.59214765,0.12740025,0.9251755,0.6872119,0.5443018,0.59652877,0.8371412,0.6872119,0.5443018,0.42024493,0.2357589,0.7465351,-0.59214765,0.2795391,0.2781934,0.48549125,-0.16536763,0.5713237,-0.18104872,0.55161226,0.63816106,0.0702133,0.3034275,0.47609922,0.5754449,7.525554,4.22479,0.19889832,0.36873493,0.5790121,-113.87428,0.69867074,0.545723,1.4119476,0.2018337,0.6871933,27.204151,AVARAGE
152,2.7970507,-0.22956762,0.115168504,5.3341312,0.43613833,0.47698087,0.5131703,0.4081995,0.67815244,3.4312673,0.6042697,0.14249495,1.0570235,0.78399384,1.1263447,0.6489821,0.8167135,0.78399384,1.1263447,0.43755963,0.23504922,0.7519208,-0.6042697,0.24732365,0.27100104,0.5572057,-0.18576437,0.59660035,-0.17111139,0.59609675,0.63421685,0.08022482,0.34977624,0.48033366,0.5787176,7.6806006,4.4312677,1.0212278,0.39474398,0.62498707,-163.61836,0.69745606,0.6311707,1.4680636,0.22289678,0.7098135,31.109655,AVARAGE
153,2.5798862,-0.22995786,0.116080955,5.0226507,0.42681912,0.48505268,0.52802444,0.40218148,0.6795576,3.197748,0.58267576,0.15929537,1.100302,0.814025,1.4133321,0.64769584,0.7975393,0.814025,1.4133321,0.41640943,0.22917797,0.7481962,-0.58267576,0.30096513,0.2933025,0.5702781,-0.16547796,0.5946987,-0.19210465,0.59852564,0.61787057,0.08522542,0.36538616,0.48661682,0.55164653,7.6186686,4.1977477,1.2625402,0.45978656,0.6255695,-122.7441,0.70059615,0.6289826,1.4108868,0.25840878,0.7093185,32.06596,AVARAGE
154,2.9559877,-0.23088826,0.096657835,6.148238,0.45888692,0.45281303,0.5484345,0.37435535,0.66570157,3.6586785,0.61999875,0.12765059,1.0358176,0.74372065,0.81200176,0.642788,0.899093,0.74372065,0.81200176,0.44241905,0.25384527,0.7703501,-0.61999875,0.28572398,0.2897442,0.52170074,-0.1767436,0.60002035,-0.17595702,0.5869299,0.7026904,0.068887755,0.31627297,0.46798855,0.55659103,8.455,4.658678,1.1480781,0.31055418,0.61673355,-113.04128,0.7229172,0.5996242,1.44256,0.17514712,0.72430784,29.519295,AVARAGE
155,3.2267835,-0.22688527,0.081679374,6.8257427,0.46542946,0.4370167,0.5800834,0.35411832,0.6641649,3.955852,0.64467865,0.10986352,1.0533323,0.70950544,0.47125307,0.6480297,0.9074965,0.70950544,0.47125307,0.4654632,0.26228818,0.7906849,-0.64467865,0.3050739,0.2986991,0.49546912,-0.17186534,0.60944617,-0.17125505,0.5853949,0.7290679,0.058452364,0.29325736,0.4698541,0.5473504,9.2132,4.9558516,0.76001656,0.20325659,0.61760056,-77.33122,0.7487999,0.5850308,1.4294397,0.11540581,0.7513144,28.27745,AVARAGE
156,2.927119,-0.23891552,0.09318509,6.5220337,inf,0.43300647,0.54014295,0.3647508,0.64526504,3.65157,0.6233143,0.119293705,0.9546503,0.7083727,0.64438415,0.6231931,0.9275582,0.7083727,0.64438415,0.43899164,0.2604065,0.7699313,-0.6233143,0.2691165,0.2825287,0.49790105,-0.18441132,0.5910636,-0.17647964,0.57223374,0.7245363,0.06490103,0.29757565,0.4587173,0.57074374,8.356448,4.65157,0.22591583,-inf,0.60059315,-147.58403,0.71972376,0.5751917,1.4726924,0.17717545,0.71459424,28.155716,AVARAGE
157,3.0818682,-0.22025186,0.10972764,5.8790035,0.44721523,0.49052837,0.53397816,0.4196362,0.70060796,3.7587392,0.62597454,0.13601162,1.1472967,0.80313194,1.2348187,0.67109454,inf,0.80313194,1.2348187,0.4554567,0.24727346,0.77376544,-0.62597454,0.25866798,0.286745,0.56450725,-0.20184095,0.6135763,-0.172013,0.61301094,0.6768707,0.073978834,0.34700108,0.4784195,0.5634139,8.581038,4.758739,1.2282295,0.31879824,0.642503,-142.72807,0.7182863,0.6512488,1.5282971,0.1840623,0.7376798,31.913012,AVARAGE
158,2.5738626,-0.23591174,0.10754556,5.287483,0.43050203,0.4607351,0.5364818,0.3785972,0.659494,3.192522,0.58194625,0.15094374,1.0470637,0.77260864,1.0825467,0.63261646,0.7953094,0.77260864,1.0825467,0.41591045,0.22993736,0.74699754,-0.58194625,0.31306565,0.2952187,0.5417107,-0.15449809,0.58726794,-0.19059296,0.5828389,0.6186597,0.08097567,0.34654248,0.48301077,0.54976976,7.6907797,4.1925216,0.6212329,0.4390488,0.61054265,-139.69145,0.7038683,0.5976122,1.3828956,0.24448663,0.70407206,30.442825,AVARAGE
159,2.8389244,-0.23610799,0.09616506,6.0484314,0.46282765,0.44245085,0.5520783,0.35892406,0.6501537,3.5390973,0.6088546,0.13229887,0.94634557,0.7292953,0.73693925,0.6283327,0.8982954,0.7292953,0.73693925,0.42966747,0.2535386,0.75866514,-0.6088546,0.2933847,0.28072762,0.51566887,-0.15039295,0.58981746,-0.17688082,0.5756557,0.70017236,0.07321803,0.31301814,0.45993245,0.56829697,8.076258,4.539097,0.51412964,0.37513566,0.60493475,-126.44704,0.718956,0.5837886,1.3725703,0.2084364,0.71593475,28.910284,AVARAGE
160,3.3231106,-0.22483149,0.08429572,6.86667,0.4783781,0.4518831,0.5863622,0.3578391,0.67441213,4.08615,0.6446453,0.11609388,1.0267245,0.73279434,0.6597542,0.6554137,0.9553047,0.73279434,0.6597542,0.4617219,0.27071056,0.78563225,-0.6446453,0.30090684,0.28878304,0.5153599,-0.15546529,0.6105369,-0.16718994,0.59307516,0.7630399,0.06347681,0.30025926,0.45568568,0.5578528,9.245608,5.0861506,-1.951095,0.24341229,0.62458265,-96.38506,0.7490611,0.6055262,1.3916987,0.13547756,0.74796814,29.21767,AVARAGE
161,2.9755301,-0.24313985,0.09029316,6.8779564,0.4740464,0.42627183,0.5482968,0.35069048,0.6358841,3.7079234,0.62245834,0.1193931,0.9336898,0.69674724,0.6020764,0.6147773,0.93729264,0.69674724,0.6020764,0.43850958,0.26265156,0.76593876,-0.62245834,0.27468136,0.2796445,0.49251372,-0.16936794,0.58502954,-0.17147912,0.56546533,0.7324859,0.06624193,0.29331306,0.45225528,0.57070756,8.436951,4.707923,2.854703,0.3078999,0.59281677,-98.45768,0.7212927,0.5668347,1.433811,0.16824071,0.7110042,27.702354,AVARAGE
162,2.9968514,-0.22706352,0.10545198,5.946721,0.45624128,0.4710102,0.5360635,0.3943139,0.67957866,3.6874049,0.6225098,0.13270786,1.0412829,0.76911557,0.9891286,0.6535419,0.8796006,0.76911557,0.9891286,0.44763458,0.25183704,0.76576114,-0.6225098,0.25742957,0.27663192,0.5454739,-0.1829881,0.60301495,-0.1670217,0.5973434,0.6905533,0.074463695,0.3319356,0.46636972,0.57193327,8.288607,4.6874046,7.788908,0.34479403,0.626882,-138.11304,0.7158544,0.6270692,1.4663435,0.19345193,0.72570574,30.590376,AVARAGE
163,2.47339,-0.23923093,0.10694395,5.187723,0.43371123,0.458823,0.5383636,0.37200594,0.6535045,3.1007643,0.5770421,0.153397,1.0147401,0.77085364,1.11264,0.6257806,0.8187016,0.77085364,1.11264,0.4063219,0.23302549,0.7427234,-0.5770421,0.31881902,0.2921837,0.54161197,-0.14291358,0.5824739,-0.1927447,0.5788856,0.62744665,0.08278899,0.34447867,0.47618917,0.55587995,7.506793,4.1007643,1.4816264,0.47008914,0.605568,-161.68286,0.70271003,0.59413797,1.3546864,0.25765005,0.69701606,30.3537,AVARAGE
164,2.8689837,-0.23741437,0.09439234,6.2143826,0.46177155,0.4417836,0.5575424,0.35724932,0.64908904,3.5749998,0.6097524,0.13149092,0.9808131,0.72890127,0.7674839,0.62666655,inf,0.72890127,0.7674839,0.43079397,0.25413877,0.7609443,-0.6097524,0.30152622,0.2835796,0.51383036,-0.1482629,0.58938813,-0.1773052,0.575143,0.7060157,0.07204676,0.31293657,0.46149507,0.5690383,8.223716,4.5749993,-0.0871504,0.35685727,0.6035943,-115.98982,0.7220991,0.5822633,1.3719624,0.19672395,0.7144665,28.884783,AVARAGE
165,3.472699,-0.21739574,0.086959705,6.7309084,0.48335108,0.47746027,0.5850477,0.37719083,0.7013017,4.2534547,0.6538343,0.11606474,1.1035104,0.7704804,0.9239849,0.6765813,0.9768148,0.7704804,0.9239849,0.4693018,0.2753992,0.79221255,-0.6538343,0.2877742,0.28536338,0.54035985,-0.16752677,0.62214786,-0.16527085,0.61235625,0.78080547,0.06289964,0.3103748,0.45440274,0.56594145,9.403017,5.253455,1.0509135,0.2097464,0.64390534,-92.34658,0.7519383,0.64262843,1.4236648,0.11934863,0.75572103,30.774221,AVARAGE
166,2.7237575,-0.2354793,0.113840245,5.414436,0.43857405,0.47489586,0.5217986,0.3973058,0.66797966,3.3729448,0.59397036,0.14891599,1.0236515,0.7855134,1.2897451,0.63625735,0.846802,0.7855134,1.2897451,0.4236165,0.23870106,0.74412346,-0.59397036,0.26645684,0.26947144,0.55864304,-0.16376609,0.5878559,-0.17547819,0.58984625,0.6491782,0.08374716,0.34945038,0.469077,0.5884561,7.5857406,4.372898,-9.518417,0.4524696,0.61565423,-134.06134,0.6967524,0.62378687,1.4166572,0.24678107,0.6969392,31.100502,AVARAGE
167,2.7142107,-0.23421659,0.11100805,5.4657483,0.44328386,0.4695172,0.52227426,0.39430064,0.66788304,3.3637943,0.59791994,0.14400475,1.027149,0.77671605,1.1470977,0.63809085,0.8411707,0.77671605,1.1470977,0.42730603,0.23923509,0.75113094,-0.59791994,0.2695582,0.27679595,0.5490276,-0.17350231,0.59130234,-0.17731217,0.5893073,0.6495834,0.07951038,0.34320438,0.4744061,0.57568043,7.66055,4.3637943,1.1870897,0.42000163,0.6165748,-156.45949,0.7007439,0.61729777,1.4331515,0.23820461,0.70545185,30.75081,
168,3.5318472,-0.22225896,0.08323033,7.31338,0.46832916,0.45455325,0.5785411,0.3680479,0.6828484,4.282231,0.65999866,0.10680381,1.1325215,0.7321342,0.6652601,0.6629824,0.92753685,0.7321342,0.6652601,0.48365766,0.26759675,0.79873985,-0.65999866,0.2799513,0.29421198,0.5116279,-0.19181478,0.61803454,-0.15965432,0.5991399,0.7503833,0.057074647,0.2987297,0.46801487,0.55120033,9.667946,5.282231,0.4351791,0.14764626,0.6305222,-76.085976,0.752689,0.6129351,1.4844356,0.078282125,0.75940925,29.262363,AVARAGE
169,3.445266,-0.21715541,0.09099729,6.8048925,0.45038384,0.4815363,0.5722607,0.39331815,0.7052576,4.152288,0.649328,0.11830478,1.2711949,0.78278244,1.0644686,0.6783836,0.8659442,0.78278244,1.0644686,0.4807135,0.2549274,0.7977573,-0.649328,0.29283443,0.3078789,0.5425526,-0.20108269,0.62451345,-0.16772136,0.6157571,0.70707035,0.06101625,0.32608542,0.48450947,0.53558683,9.696869,5.152288,-1.1492053,0.14739294,0.6460791,-87.687,0.7479595,0.64386725,1.5238272,0.07897793,0.7599233,31.183718,UNHEALTHY
170,3.2062564,-0.22911999,0.10069491,6.7167716,0.44162872,0.46702033,0.5438625,0.39644513,0.67713714,3.879603,0.62905157,0.12830152,1.1428319,0.76435477,1.0399364,0.6496487,0.84771657,0.76435477,1.0399364,0.46383628,0.24470599,0.774469,-0.62905157,0.26251125,0.28234336,0.5364465,-0.18843567,0.6038923,-0.16471119,0.5960864,0.67335606,0.069426164,0.33282202,0.48357183,0.5678731,8.655788,4.879603,4.729403,0.27444845,0.6241015,-137.46295,0.7228194,0.62046856,1.495635,0.15274021,0.730077,30.376234,
171,3.481822,-0.24270585,0.07679246,8.211385,0.4658829,0.4035384,0.56748986,0.33061486,0.625636,4.2037373,0.6570512,0.09654961,0.96221745,0.6451478,0.2010665,0.6109434,0.90691864,0.6451478,0.2010665,0.485122,0.26056948,0.7812125,-0.6570512,0.24828728,0.2594947,0.45902875,-0.16580342,0.58925885,-0.14189349,0.5573406,0.7219047,0.05549034,0.27222383,0.4640381,0.5983249,8.912181,5.2036767,-13.694515,0.17469922,0.58665985,-75.58184,0.7400675,0.54753816,1.4152633,0.09112002,0.7279549,25.854677,
172,3.289108,-0.23385297,0.07822273,7.3075976,inf,0.41754863,0.5759447,0.34062204,0.6441901,4.0357785,0.64849985,0.102852516,0.98141706,0.6747543,0.28801203,0.6300285,0.94116896,0.6747543,0.28801203,0.46728554,0.26751584,0.7884108,-0.64849985,0.28843015,0.28712022,0.4732842,-0.17072643,0.6008255,-0.16308789,0.5708796,0.74667096,0.05574162,0.27561864,0.4612988,0.56141686,9.116421,5.035779,4.380658,-inf,0.6022729,-55.85024,0.74627084,0.5613607,1.420039,0.10716728,0.74388546,26.93699,HEALTHY
173,3.0035892,-0.23930216,0.092448756,6.7000318,0.4654127,0.44135985,0.5568103,0.35716307,0.6492595,3.7306957,0.61789304,0.1265206,1.0269217,0.7258307,0.8121495,0.6254454,inf,0.7258307,0.8121495,0.43834123,0.25819817,0.76574326,-0.61789304,0.29474393,0.28302228,0.51001346,-0.15882295,0.589787,-0.1721261,0.57530683,0.7271073,0.06865364,0.30785713,0.46041274,0.5707959,8.508383,4.7306957,-0.48090717,0.29873645,0.60258085,-84.40426,0.72413445,0.5835245,1.3893827,0.1611701,0.6981283,28.796265,UNHEALTHY
174,2.7595053,-0.24289827,0.09859448,6.0247264,0.4549488,0.42863622,0.5363352,0.35339105,0.63269985,3.4402804,0.60138494,0.13189448,0.91726035,0.7065393,0.6194245,0.61182266,0.8890337,0.7065393,0.6194245,0.425419,0.24716702,0.74793065,-0.60138494,0.27620408,0.2692109,0.50328517,-0.15127318,0.57888705,-0.17154403,0.56266356,0.6807749,0.07464894,0.31026444,0.46072116,0.5837971,7.7157035,4.44028,1.2975863,0.38754454,0.59112847,-103.53508,0.7063404,0.565305,1.3684483,0.20943472,0.7017359,28.007994,AVARAGE
175,2.4978058,-0.22984557,0.12086194,4.7608643,0.43608594,0.48142043,0.50912476,0.4133968,0.6775572,3.120205,0.5857331,0.15463877,1.0393727,0.8016406,1.2598908,0.6473402,0.8026337,0.8016406,1.2598908,0.41562888,0.23275185,0.7460635,-0.5857331,0.2743723,0.2869722,0.5665751,-0.18270455,0.5940062,-0.18585488,0.59647375,0.6223995,0.085154645,0.35885897,0.4787044,0.5575817,7.434934,4.120205,0.53092474,0.4698649,0.62467086,-120.97985,0.69146484,0.62909734,1.4584404,0.2674944,0.70809513,31.664593,AVARAGE
176,2.8777907,-0.24663903,0.10086936,6.624009,0.46324888,0.41914055,0.51118916,0.36629006,0.6249343,3.5768483,0.613168,0.122447856,0.8807515,0.6864726,0.5243972,0.60414594,0.90777576,0.6864726,0.5243972,0.43511763,0.25311092,0.75468713,-0.613168,0.23149835,0.2645647,0.48844093,-0.19191672,0.5774501,-0.16675852,0.55720806,0.69905806,0.06930036,0.29719797,0.45853776,0.5868699,7.8388166,4.576848,-0.7742738,0.35941112,0.58492553,-135.41064,0.6981941,0.5565145,1.4894109,0.19835776,0.699961,27.274334,AVARAGE
177,2.6607447,-0.23625816,0.11209829,5.5682926,0.43571025,0.45977587,0.51670766,0.39511594,0.6590038,3.2945492,0.5931202,0.14478128,1.0219277,0.7651127,1.0600368,0.6314044,0.81627285,0.7651127,1.0600368,0.42478374,0.23505017,0.7510047,-0.5931202,0.27338263,0.28576076,0.5385088,-0.182444,0.5883367,-0.18216737,0.5828932,0.6338043,0.0787329,0.34042996,0.4792921,0.5602974,7.6892366,4.294549,-0.0066486406,0.42462826,0.61025816,-141.00342,0.6972097,0.6011258,1.4597633,0.23752756,0.70667124,30.228485,AVARAGE
178,2.7711382,-0.24166381,0.10800018,6.0833187,0.44790816,0.43621373,0.5105994,0.37822977,0.6382553,3.4290605,0.60205764,0.13455431,0.9208497,0.71971333,0.7098728,0.6152844,0.8534464,0.71971333,0.7098728,0.43054336,0.24197386,0.7492614,-0.60205764,0.24362704,0.26650625,0.51207227,-0.18252337,0.58096313,-0.17140734,0.56730056,0.65793115,0.075858526,0.3195616,0.46949592,0.58418536,7.5575933,4.42906,1.970147,0.4112676,0.5954977,-125.440346,0.6946897,0.5751534,1.4562538,0.22889517,0.7018573,28.520657,AVARAGE
179,3.1511962,-0.22894794,0.098941974,6.4723263,0.46542537,0.45567775,0.5400923,0.38204786,0.669434,3.8633044,0.6341151,0.121999115,1.0002295,0.73912656,0.76579684,0.6458751,0.91215825,0.73912656,0.76579684,0.4579661,0.25774547,0.7717228,-0.6341151,0.24476208,0.26845396,0.5245034,-0.18414178,0.6022982,-0.15993354,0.5896989,0.7121079,0.06882567,0.31444833,0.46331885,0.5817805,8.363936,4.8633046,0.1621001,0.30288422,0.6199071,-126.69493,0.72141635,0.6105424,1.4616969,0.1730813,0.7315841,29.468023,AVARAGE
180,2.586083,-0.23537362,0.10197834,5.15569,0.42189482,0.45445395,0.5429802,0.36728263,0.65645415,3.175904,0.5892586,0.14261422,1.0329891,0.7542937,0.89383566,0.63070786,0.7633985,0.7542937,0.89383566,0.42612317,0.22358157,0.7476581,-0.5892586,0.30666378,0.28204536,0.53304255,-0.13750489,0.58781815,-0.18401553,0.58003116,0.58982116,0.07858858,0.34241122,0.49205044,0.56597316,7.411346,4.1759043,3.5050004,0.40540916,0.6093439,-139.22054,0.70868695,0.5957139,1.3343114,0.2278227,0.70617706,29.82826,AVARAGE
181,2.8003569,-0.21801984,0.10445667,5.036316,0.43315592,0.5044512,0.55910313,0.40125695,0.71089214,3.4269464,0.609817,0.14488937,1.2072997,0.83221287,1.440669,0.6766964,0.78878564,0.83221287,1.440669,0.44256225,0.23506655,0.76943165,-0.609817,0.31758246,0.30045325,0.58151805,-0.15837027,0.61527616,-0.18386096,0.62056684,0.62658983,0.077066824,0.3635314,0.4906539,0.54259425,8.202062,4.4269466,1.7825269,0.3381578,0.6497359,-161.96594,0.7272743,0.6651695,1.3932141,0.19662146,0.73513365,32.979973,UNHEALTHY
182,2.704762,-0.2407429,0.098344125,5.7425623,0.42995584,0.44820693,0.54235864,0.3631959,0.6491997,3.3152258,0.5980129,0.13577402,1.0526007,0.7410709,0.93073815,0.622055,0.78740674,0.7410709,0.93073815,0.4330607,0.22963862,0.75167596,-0.5980129,0.2972562,0.28141403,0.522665,-0.14763354,0.5842738,-0.17761338,0.5751705,0.6105128,0.074458085,0.33254492,0.48558927,0.5681807,7.7112474,4.3152256,-3.3604498,0.35769764,0.6020476,-143.10884,0.710401,0.58954805,1.365703,0.19648226,0.6992737,29.345488,
183,2.83712,-0.22953387,0.103048444,5.617707,0.42643532,0.47371525,0.54587495,0.3855304,0.6780194,3.4470513,0.6061885,0.13998322,1.1385992,0.78237486,1.1406077,0.64883184,0.7734661,0.78237486,1.1406077,0.4445669,0.22948822,0.7609901,-0.6061885,0.29636028,0.28802332,0.5494517,-0.16034591,0.5995128,-0.1763655,0.5964024,0.60997045,0.075736485,0.34946156,0.49265212,0.5582043,8.017513,4.4470506,-0.68371195,0.3436741,0.6247272,-163.25409,0.7165258,0.62398666,1.39889,0.19342415,0.7176673,30.992786,AVARAGE
184,3.1477487,-0.2225637,0.09293416,6.1230416,0.45352557,0.47491026,0.5721841,0.37561813,0.68964434,3.832934,0.63408744,0.12578881,1.1133155,0.7717463,0.9811803,0.6630409,0.8624635,0.7717463,0.9811803,0.46244285,0.25082213,0.77707523,-0.63408744,0.29400784,0.2825446,0.54436857,-0.15279047,0.6115656,-0.16508198,0.60446614,0.6851852,0.06945831,0.32970318,0.4753994,0.56458724,8.624901,4.832934,0.07832375,0.26788878,0.6348115,-125.84789,0.738309,0.6352175,1.3747971,0.1519133,0.7400947,30.747833,UNHEALTHY
185,2.8954604,-0.25063354,0.08458837,6.5912175,0.46496564,0.40688655,0.5477691,0.33214605,0.61595184,3.5987883,0.6141472,0.11329049,0.8981937,0.6633855,0.40417662,0.5963752,inf,0.6633855,0.40417662,0.43532243,0.25382623,0.75548804,-0.6141472,0.27659577,0.2684475,0.4705175,-0.14751793,0.5741513,-0.16617627,0.54937565,0.7033761,0.06363096,0.28175953,0.45766094,0.5859171,8.044344,4.5987883,1.0874931,0.29334748,0.57713825,-112.862816,0.71550536,0.54240936,1.3706776,0.15686744,0.6947115,26.399572,AVARAGE
186,3.713622,-0.2125284,0.07694842,7.340024,0.48489228,0.47818923,0.6162515,0.36982593,0.71099037,4.5185337,0.6681512,0.108722806,1.2357875,0.77130556,0.91314137,0.6886151,0.99074686,0.77130556,0.91314137,0.4855911,0.28050604,0.81067705,-0.6681512,0.3288847,0.31236696,0.53389084,-0.16831416,0.63305086,-0.1658297,0.6194614,0.8050213,0.055701595,0.30377072,0.45992333,0.5312235,10.528592,5.5185337,0.9091014,0.09183257,0.65153176,-72.96571,0.77440447,0.6440026,1.4325248,0.04641036,0.775806,30.812202,AVARAGE
187,2.682266,-0.21964721,0.10739054,4.9385924,0.42687175,0.49963778,0.5540008,0.40606228,0.7052873,3.298913,0.5987696,0.15074761,1.2308193,0.83258,1.432319,0.6730252,0.7775937,0.83258,1.432319,0.43349084,0.23112832,0.7671027,-0.5987696,0.33222416,0.31418803,0.5778844,-0.16583282,0.6124235,-0.19056584,0.6165453,0.6166473,0.07824659,0.3663175,0.49477112,0.5258587,8.263703,4.2989135,1.1871808,0.3582341,0.6456847,-174.52615,0.72264403,0.65245265,1.4227042,0.20524535,0.73250085,32.878307,AVARAGE
188,3.0873842,-0.22830288,0.08619461,6.446352,0.45211414,0.4470134,0.5731801,0.36026186,0.66777766,3.7759478,0.6309408,0.11817203,1.096222,0.73095864,0.68750435,0.6467621,0.85943484,0.73095864,0.68750435,0.45797232,0.25139454,0.78276503,-0.6309408,0.3141251,0.3020071,0.50925,-0.16723654,0.6062221,-0.17483547,0.58808774,0.6885639,0.06223659,0.3080569,0.47829238,0.5419374,8.924866,4.7759485,5.751884,0.2334573,0.61883193,-92.08239,0.7408277,0.59440994,1.4130106,0.13031764,0.7419598,29.058224,UNHEALTHY
189,3.5695267,-0.22215022,0.07572764,7.4697914,0.47111267,0.45167497,0.6006205,0.35689136,0.68345124,4.3295355,0.6602222,0.10451033,1.1776515,0.73035055,0.65350866,0.6646425,0.9305999,0.73035055,0.65350866,0.48202854,0.27042723,0.8055403,-0.6602222,0.32047066,0.31082866,0.50494266,-0.17786722,0.6205582,-0.16845945,0.5993842,0.7600093,0.053267673,0.29218936,0.46868852,0.5340713,10.14693,5.329536,-20.439466,0.1072091,0.6307645,-64.47891,0.7646459,0.60691214,1.4471143,0.05320027,0.76185155,29.150204,AVARAGE
190,3.073871,-0.236098,0.095197685,6.7315664,0.45113555,0.4478686,0.5466924,0.37228414,0.6579166,3.750084,0.62465996,0.12389162,1.0578382,0.7330737,0.8167765,0.6331941,0.8594556,0.7330737,0.8167765,0.45394066,0.24774207,0.7699963,-0.62465996,0.2707422,0.27830118,0.5152583,-0.174792,0.5948194,-0.16728647,0.58164227,0.67621315,0.06738975,0.31645784,0.4749879,0.57526,8.385119,4.7500834,2.2434936,0.28851768,0.6095271,-107.23298,0.72239864,0.59486765,1.4424194,0.16174817,0.7198271,29.132193,AVARAGE
191,2.9144666,-0.22806528,0.102403186,5.845909,0.4345829,0.46460736,0.5433689,0.38670713,0.6739453,3.5446804,0.6142732,0.13427933,1.0829287,0.763716,0.9219145,0.64848924,0.79787505,0.763716,0.9219145,0.4500317,0.23549065,0.76501125,-0.6142732,0.27991578,0.2820528,0.53819335,-0.1684383,0.60129887,-0.17096111,0.5932519,0.63021326,0.07358603,0.33796072,0.48764792,0.56655407,8.048121,4.5446806,3.715132,0.3405518,0.62326086,-173.21008,0.7183118,0.6147508,1.423412,0.19560544,0.726635,30.304173,AVARAGE
192,2.756872,-0.23815897,0.10017671,5.8613315,0.44714347,0.4434197,0.5380464,0.36650005,0.6472949,3.4069235,0.6047143,0.1336038,0.95982087,0.72987294,0.7699428,0.6233474,0.84232193,0.72987294,0.7699428,0.43302682,0.24079594,0.7529181,-0.6047143,0.27628997,0.27111283,0.5184667,-0.15221165,0.5860751,-0.17227937,0.5737877,0.6500511,0.07504703,0.32212242,0.47269854,0.5813053,7.648958,4.4069233,-1.9523395,0.38548437,0.6024472,-124.265854,0.70992476,0.58585536,1.3810943,0.21727233,0.7090068,28.94745,AVARAGE
193,2.8709142,-0.23177572,0.10394317,5.880739,0.44942668,0.4659481,0.540837,0.38637528,0.6697173,3.5343976,0.610842,0.13747713,1.043377,0.7668085,1.035522,0.6421583,0.85555166,0.7668085,1.035522,0.43828654,0.24411143,0.7596702,-0.610842,0.27595514,0.2765071,0.5419873,-0.1624317,0.5960785,-0.17386135,0.5906364,0.6635247,0.076039165,0.33544576,0.47298166,0.5744005,7.9460416,4.534397,1.3857901,0.36195004,0.61880803,-144.63864,0.7142388,0.61575085,1.4122504,0.20503677,0.7170632,30.41441,AVARAGE
194,2.701634,-0.22397582,0.10836284,5.1351237,0.41943365,0.49032077,0.5485872,0.40090296,0.6931806,3.2967756,0.5954711,0.15142567,1.2053581,0.81837714,1.3603734,0.6621115,0.75566787,0.81837714,1.3603734,0.43460456,0.22487825,0.76132166,-0.5954711,0.3209276,0.30334455,0.5697495,-0.15994392,0.6056679,-0.18795088,0.6079396,0.59514123,0.07942869,0.36693066,0.49934694,0.53927845,7.989694,4.296776,2.9961047,0.37150323,0.6366069,-151.20552,0.71711963,0.6392572,1.3985409,0.21214671,0.72387564,32.29912,AVARAGE
195,2.8218846,-0.2284271,0.09895586,5.3663526,0.42162266,0.47478113,0.55976576,0.37205747,0.6793966,3.4188468,0.6060989,0.13893515,1.1355989,0.7799523,1.0863427,0.65011936,0.7575281,0.7799523,1.0863427,0.44770306,0.22579971,0.7566114,-0.6060989,0.30834687,0.28027338,0.55200636,-0.13241118,0.5990889,-0.16892964,0.5966733,0.5970063,0.07722523,0.3523546,0.49410534,0.56741285,7.863051,4.4188466,0.25908262,0.34659147,0.6259242,-171.50467,0.721858,0.62852013,1.3171023,0.19241303,0.7175047,30.955269,AVARAGE
196,2.4653683,-0.24096191,0.109900475,4.8601923,inf,0.45951742,0.529562,0.3676115,0.6496715,3.0534232,0.5779152,0.15199976,0.96120137,0.7618997,1.0454211,0.6209805,0.76469934,0.7618997,1.0454211,0.4148578,0.22294605,0.72896886,-0.5779152,0.2895853,0.2632141,0.5472765,-0.12218061,0.5764005,-0.17489251,0.57531375,0.5880642,0.08776602,0.35231033,0.47953883,0.5881744,6.943642,4.0534234,-12.066351,-inf,0.60253036,-184.15137,0.69355816,0.6028875,1.2898325,0.27141398,0.6841106,30.139978,
197,2.7054226,-0.22979009,0.099932306,5.2188363,0.44178346,0.46980926,0.5570475,0.37024283,0.6734723,3.3397136,0.6026091,0.14064111,1.0276399,0.77350664,1.0115288,0.6458498,0.81427526,0.77350664,1.0115288,0.43237352,0.2372275,0.7541277,-0.6026091,0.3074354,0.27686462,0.54828286,-0.12804145,0.59644413,-0.17650656,0.59265244,0.63433224,0.078473575,0.34230876,0.47761774,0.5726283,7.6283784,4.339713,0.7888656,0.3999234,0.6221821,-180.0672,0.7195403,0.6206174,1.3053076,0.22873005,0.7150583,30.675259,AVARAGE
198,2.6956847,-0.23866028,0.105790876,5.4222684,0.4477037,0.46298498,0.5387674,0.36912754,0.6563141,3.3442616,0.5957641,0.14431216,0.9627605,0.7617623,1.085864,0.62670434,0.851721,0.7617623,1.085864,0.4224591,0.23996559,0.74082756,-0.5957641,0.27945346,0.25827578,0.54635864,-0.12891544,0.58283883,-0.17412357,0.5808797,0.64857715,0.08337371,0.341459,0.46562943,0.600651,7.336271,4.344262,-0.1906716,0.44416028,0.6074636,-136.8203,0.7042719,0.61170495,1.3103838,0.2458843,0.6952313,30.216635,AVARAGE
199,3.3860776,-0.22737943,0.075735584,7.122744,0.47920159,0.44338492,0.6053076,0.3413542,0.66755855,4.1417627,0.65204936,0.10830153,1.0339545,0.71485174,0.5726208,0.64783466,0.95279783,0.71485174,0.5726208,0.4695506,0.2698928,0.7892254,-0.65204936,0.31618583,0.2808454,0.5027265,-0.12777779,0.60897774,-0.16385016,0.5880985,0.7556848,0.059341583,0.29286465,0.4588959,0.5706721,9.132821,5.1417627,-1.7155377,0.19772194,0.6191425,-94.691864,0.75983685,0.5973014,1.3028457,0.11209858,0.748583,28.561493,
200,2.7618153,-0.2375105,0.09093599,5.644731,inf,0.44996405,0.5661536,0.35042432,0.6556061,3.417525,0.60630184,0.13045745,1.0138906,0.73852164,0.84530866,0.62999344,inf,0.73852164,0.84530866,0.43269086,0.24279387,0.7553017,-0.60630184,0.3170757,0.27939525,0.5223496,-0.12177852,0.5890345,-0.17510526,0.5788527,0.6557098,0.07239183,0.32194263,0.47034866,0.57069343,7.9078517,4.417525,0.8118667,-inf,0.60736895,-144.6695,0.7238679,0.5960792,1.2876428,0.18981215,0.7058682,29.320093,UNHEALTHY
201,2.867766,-0.22933061,0.09388273,5.7291393,0.46204415,0.46036017,0.5641758,0.36492616,0.67089856,3.5631046,0.6183585,0.12947705,1.0004907,0.75277746,0.86050767,0.6458102,0.8911907,0.75277746,0.86050767,0.43871918,0.2537062,0.76546556,-0.6183585,0.30182627,0.2808643,0.5322354,-0.14114356,0.600184,-0.17400552,0.5905737,0.6953385,0.0718752,0.32042795,0.46405563,0.5673423,8.14839,4.5631046,3.4750624,0.34090638,0.6205955,-135.01129,0.728681,0.61215156,1.3417549,0.1942476,0.7255496,29.925682,AVARAGE
202,2.377362,-0.24461555,0.10141979,5.0351825,0.43714964,0.44999442,0.54559016,0.35476857,0.6423795,2.9876208,0.57289374,0.14997754,0.989287,0.75447595,1.0576388,0.61368096,0.79882246,0.75447595,1.0576388,0.40239295,0.22940965,0.7374543,-0.57289374,0.33306012,0.28862745,0.53171307,-0.1205983,0.57543576,-0.19261006,0.57040316,0.610285,0.08171859,0.338222,0.4764325,0.5605468,7.2903976,3.9875762,0.34033716,0.45701098,0.5961528,-152.09743,0.7035611,0.5838224,1.2897346,0.25229046,0.6864845,29.730024,AVARAGE
203,2.428904,-0.24687049,0.10279727,5.1366835,0.44115245,0.43601805,0.53637844,0.34779516,0.6289376,3.0461373,0.5770074,0.14565349,0.883214,0.7241562,0.77296096,0.6040585,0.82896394,0.7241562,0.77296096,0.40621033,0.23150977,0.7278343,-0.5770074,0.29781824,0.2616219,0.5199471,-0.11088526,0.5687797,-0.1775542,0.5595747,0.61723363,0.08392898,0.3292019,0.46745208,0.5932596,6.9238358,4.0461373,1.2907668,0.4852876,0.58724886,-136.24222,0.69617504,0.5710142,1.2614368,0.26432353,0.68044335,28.630064,
204,3.3531992,-0.23297505,0.07217136,7.360398,0.5041049,0.4201163,0.59763056,0.32951763,0.6474205,4.178516,0.6587885,0.098792806,0.882961,0.6726989,0.276992,0.632677,1.045302,0.6726989,0.276992,0.46310434,0.28850526,0.78868717,-0.6587885,0.2935769,0.27224776,0.4754915,-0.13590564,0.6021575,-0.15810262,0.5729369,0.8253168,0.055375177,0.26399586,0.43513873,0.57788384,9.081359,5.178516,4.0903687,0.21957432,0.6045994,-59.76725,0.7570611,0.56961626,1.3214144,0.12460033,0.7438515,26.943686,AVARAGE
205,2.5284534,-0.2475741,0.10019278,5.4514136,0.4543382,0.43744457,0.5378243,0.3476427,0.63131464,3.181729,0.58859044,0.13933653,0.87331265,0.7214324,0.8021485,0.60576314,0.86664665,0.7214324,0.8021485,0.41145155,0.2417271,0.7345878,-0.58859044,0.28705516,0.26061624,0.51811945,-0.12024715,0.57105017,-0.17457706,0.5617597,0.65327555,0.080674835,0.3215497,0.45875153,0.59216887,7.1662216,4.181729,-0.47431305,0.45345482,0.58841515,-146.5127,0.7008723,0.57694966,1.2857741,0.24846084,0.6805437,28.593143,AVARAGE
206,2.3985121,-0.24982832,0.1107532,5.146521,0.4439177,0.4506505,0.52337235,0.35915363,0.63289964,3.0268312,0.57398194,0.1537516,0.8851703,0.747935,1.0905795,0.6034764,0.83803517,0.747935,1.0905795,0.40061477,0.2337323,0.7220058,-0.57398194,0.28115025,0.257401,0.54094166,-0.120203145,0.564903,-0.17695165,0.56422293,0.6283541,0.090291195,0.3432863,0.46046355,0.5970759,6.8712316,4.0268316,-0.6660667,0.5272292,0.5882002,-100.038475,0.6871506,0.5904933,1.2933577,0.28374693,0.6674195,29.577446,AVARAGE
207,2.7514868,-0.23328374,0.09717426,5.467748,0.46173394,0.45883158,0.56091493,0.3591688,0.66198254,3.436606,0.6091889,0.13574122,0.93698305,0.7494264,0.8591443,0.6369805,0.8838917,0.7494264,0.8591443,0.43000564,0.25066072,0.7512536,-0.6091889,0.29598522,0.2659497,0.53770804,-0.117888466,0.59118444,-0.16894689,0.5842179,0.6851612,0.07887648,0.3272012,0.45833582,0.58496463,7.7032843,4.436606,0.75646484,0.40532652,0.613583,-120.0064,0.72045654,0.6107548,1.2868564,0.22689366,0.7105006,29.804485,AVARAGE
208,2.3845937,-0.25217912,0.10139521,5.1764426,0.44683093,0.4282375,0.53408384,0.33829674,0.6175797,3.0119724,0.57702523,0.1433399,0.8269156,0.70769525,0.70484823,0.5932395,0.84156114,0.70769525,0.70484823,0.4030363,0.23432182,0.72219324,-0.57702523,0.2880053,0.25175157,0.5132228,-0.101172335,0.5615047,-0.17275009,0.5514894,0.627379,0.084985316,0.32430404,0.46006304,0.60274607,6.7328105,4.0119724,0.99867886,0.49981442,0.5780889,-144.9415,0.6929048,0.5636509,1.2402297,0.27014026,0.6692153,28.028433,AVARAGE
209,2.3888521,-0.24765807,0.11226258,4.87418,0.43359908,0.45261657,0.5258157,0.35659623,0.6343439,2.9904168,0.57198584,0.15583606,0.8876001,0.74869734,1.0624963,0.60548806,inf,0.74869734,1.0624963,0.40453902,0.2266595,0.7153796,-0.57198584,0.28049254,0.24836831,0.5463184,-0.104262106,0.56443965,-0.16801567,0.5646791,0.60159945,0.09370177,0.35082304,0.4640306,0.6071116,6.6758137,3.9904168,-0.4444959,0.5452301,0.5898733,-152.88887,0.68562245,0.59474784,1.2436346,0.28873965,0.66846067,29.642365,AVARAGE
210,2.876333,-0.23981707,0.091185816,5.9158697,0.4719312,0.43679443,0.5569293,0.34122005,0.64187413,3.576054,0.62005365,0.12285895,0.84687746,0.70437896,0.57977676,0.61879754,0.92096037,0.70437896,0.57977676,0.43934634,0.25536066,0.74646246,-0.62005365,0.2632292,0.2362477,0.5113234,-0.105871014,0.5823831,-0.15188912,0.56838346,0.69972116,0.0745289,0.30600703,0.4488916,0.62648195,7.4213576,4.576054,-1.315688,0.38181064,0.598284,-150.55643,0.71798253,0.5882166,1.2442962,0.21415499,0.70195615,28.14087,AVARAGE
211,2.4050088,-0.25158945,0.113310814,5.0137506,0.44933966,0.44989625,0.51846373,0.35553646,0.62800926,3.0331688,0.57348996,0.15551445,0.83734035,0.74321526,1.0866715,0.5982325,0.8550597,0.74321526,1.0866715,0.39979222,0.23397921,0.7115713,-0.57348996,0.2635568,0.23401108,0.5442795,-0.10227654,0.5596277,-0.1675227,0.5601854,0.62815994,0.094383225,0.345446,0.45346966,0.6318471,6.501157,4.033169,0.795663,0.55777615,0.5844532,-128.40001,0.6804375,0.5918435,1.2379556,0.30042633,0.6577567,29.439022,
212,2.437245,-0.24587284,0.11532683,4.9156685,0.44397727,0.45459098,0.51929903,0.3645765,0.636903,3.0595856,0.57684416,0.15551665,0.8563923,0.7501136,1.0387628,0.6083677,0.8380988,0.7501136,1.0387628,0.40507558,0.23271649,0.71623254,-0.57684416,0.26305893,0.23880425,0.548888,-0.109980874,0.5663973,-0.16738372,0.56655484,0.6223408,0.09429706,0.34885135,0.45795023,0.62239575,6.6031146,4.0595856,2.2032464,0.55133575,0.59255016,-134.29916,0.6832153,0.5990123,1.2568946,0.29736358,0.67159706,29.724243,
213,2.3779652,-0.25452572,0.10647637,5.1250963,0.43912262,0.42499548,0.5189517,0.34163842,0.6110721,2.9781058,0.57422495,0.144613,0.81516397,0.7007034,0.68004423,0.5865497,0.8091481,0.7007034,0.68004423,0.40572152,0.22690234,0.71424335,-0.57422495,0.26545662,0.23879866,0.5127432,-0.10543951,0.55622613,-0.16598332,0.5465503,0.6001405,0.08774766,0.3290175,0.46431732,0.61985904,6.4709644,3.978106,0.4780627,0.5148732,0.57301825,-145.13754,0.68226445,0.560669,1.2444706,0.27641353,0.66212267,27.774342,AVARAGE
214,2.8815048,-0.2270436,0.09262902,5.6053376,0.438544,0.47395247,0.5814516,0.3620843,0.68119633,3.5230246,0.6134652,0.13635704,1.1068527,0.7782403,1.0759189,0.65298635,0.81139076,0.7782403,1.0759189,0.44673568,0.23847489,0.76427174,-0.6134652,0.3313981,0.28686702,0.5489321,-0.116723284,0.60273397,-0.17241962,0.59847236,0.64151996,0.074979596,0.3422056,0.4829481,0.5579051,8.174116,4.523024,0.78648496,0.33708054,0.6276511,-136.12053,0.7353977,0.6277806,1.2750224,0.18818733,0.7256131,30.892244,AVARAGE
215,2.93461,-0.24271506,0.07439166,6.6029997,0.45654228,0.42268243,0.5954941,0.32341275,0.63751745,3.619626,0.62160605,0.11391758,1.0138628,0.6918706,0.5396376,0.6171848,0.86957526,0.6918706,0.5396376,0.44589838,0.25108808,0.77169263,-0.62160605,0.3490267,0.2937628,0.48326162,-0.11052943,0.5882398,-0.1738309,0.5657311,0.68501663,0.06057917,0.29221323,0.47064552,0.55162656,8.537842,4.6196265,0.1953957,0.24977902,0.59401804,-97.269966,0.7449101,0.5615351,1.2598152,0.1354857,0.71127456,27.494486,AVARAGE
216,2.571108,-0.2518065,0.08462702,5.891836,0.4425474,0.41695303,0.56765693,0.32117787,0.6177213,3.1944222,0.5952862,0.12719826,0.91098076,0.68705946,0.5593086,0.5952034,0.82110745,0.68705946,0.5593086,0.42492813,0.23444328,0.7429642,-0.5952862,0.32451516,0.26870352,0.48860827,-0.091039024,0.5692945,-0.17077184,0.5512089,0.623314,0.07165529,0.30717608,0.47311923,0.5821801,7.330421,4.1944222,-11.6571045,0.37884405,0.57828736,-156.76868,0.7188433,0.55040205,1.2092013,0.20847546,0.68005925,27.238901,
217,2.908908,-0.24764729,0.07131499,6.710734,0.4840178,0.40610638,0.59588736,0.31100854,0.6207758,3.6515703,0.6275181,0.10717322,0.8503195,0.6585721,0.31211933,0.6031186,0.9635347,0.6585721,0.31211933,0.43869504,0.267354,0.76533127,-0.6275181,0.32653415,0.26977742,0.46598545,-0.09099911,0.5805512,-0.165061,0.55307674,0.74266213,0.059879053,0.27092,0.44556716,0.5812389,8.150885,4.651571,-7.7040734,0.28821602,0.58193433,-97.27295,0.74356997,0.54425704,1.2085564,0.16143681,0.70100796,26.258146,UNHEALTHY
218,2.4664297,-0.2561039,0.099439,5.577585,0.45460293,0.42436916,0.53702116,0.33511925,0.61209095,3.1157575,0.58012664,0.14121257,0.8301902,0.7023418,0.7786358,0.58669835,0.87681973,0.7023418,0.7786358,0.40356362,0.23992209,0.72354615,-0.58012664,0.28768283,0.25150236,0.507088,-0.102352835,0.55849314,-0.17176203,0.5477302,0.6493638,0.082718834,0.31765562,0.45361784,0.6045457,6.925269,4.115757,3.2055793,0.48128113,0.5726726,-132.38281,0.6946202,0.5577955,1.2405037,0.2573772,0.6612023,27.801899,AVARAGE
219,2.3016028,-0.2690893,0.09596551,5.585965,0.46749857,0.39593962,0.52738255,0.31286973,0.5804059,2.9564831,0.57046264,0.13667816,0.7236066,0.6544731,0.46838066,0.55866325,0.90993035,0.6544731,0.46838066,0.3882892,0.24199341,0.7095848,-0.57046264,0.27861843,0.23896575,0.47856635,-0.089174196,0.54031795,-0.16976212,0.5234223,0.65494484,0.08262677,0.2984456,0.440721,0.62113065,6.509637,3.9564831,-1.01205,0.49196455,0.54777753,-112.84735,0.6834248,0.5209921,1.2093297,0.25839,0.63105255,25.918432,AVARAGE
220,2.430846,-0.2338756,0.11010882,4.595584,0.4400197,0.4805463,0.54914606,0.37163824,0.66941965,3.0497398,0.57813585,0.16065899,0.97861254,0.79993117,1.2903005,0.6385951,0.8131261,0.79993117,1.2903005,0.4069517,0.2322439,0.7332946,-0.57813585,0.31782934,0.27232906,0.57201004,-0.10437507,0.5854952,-0.18278764,0.5907082,0.6188938,0.091463745,0.362629,0.47020176,0.5753325,7.0924377,4.04974,0.006392644,0.52168006,0.61790645,-149.6306,0.704437,0.6281466,1.2438549,0.2904036,0.69434845,31.600584,AVARAGE
221,2.5915298,-0.23997621,0.09888153,5.3223586,0.46220177,0.44599614,0.54698336,0.3521169,0.64517874,3.264471,0.59909594,0.13647747,0.8730402,0.7309272,0.77720404,0.6201312,0.882757,0.7309272,0.77720404,0.4185532,0.24816322,0.7423872,-0.59909594,0.2883145,0.259769,0.5256192,-0.11771867,0.5810333,-0.17096412,0.5718956,0.6729411,0.079623125,0.32099006,0.45546514,0.59256834,7.2689013,4.264471,-12.886519,0.44092923,0.60041386,-137.70926,0.70972437,0.59177077,1.2747394,0.24683502,0.6980885,29.033941,AVARAGE
222,2.3955433,-0.2534179,0.10880301,5.2574387,0.44467285,0.4413525,0.52602196,0.34835345,0.62210345,3.016258,0.5721806,0.153346,0.85673726,0.7332001,1.0043341,0.5938437,0.8403536,0.7332001,1.0043341,0.40059182,0.23190966,0.716835,-0.5721806,0.2800498,0.2464157,0.5321007,-0.10404416,0.5591813,-0.1713872,0.5560597,0.6207147,0.09074818,0.3401631,0.45973364,0.61346036,6.645543,4.0162582,1.8102397,0.538844,0.58016187,-159.37077,0.68612653,0.5778391,1.2436804,0.29053184,0.6597313,28.985062,AVARAGE
223,2.6708956,-0.26087108,0.08968819,6.338876,0.4678959,0.4070007,0.53849727,0.32231432,0.6020333,3.343263,0.60201955,0.12226355,0.814185,0.66256934,0.48548788,0.5799095,0.9100094,0.66256934,0.48548788,0.42309332,0.24790615,0.73211825,-0.60201955,0.2629068,0.2382722,0.48023316,-0.10972317,0.5572781,-0.15414388,0.53932923,0.67236716,0.07323254,0.29374358,0.4476444,0.6247357,7.1505966,4.343263,8.350436,0.38684615,0.56464756,-136.03378,0.70096344,0.54328126,1.2565795,0.20809913,0.6550778,26.38128,AVARAGE
224,2.495844,-0.24216117,0.096449256,5.159407,0.43211302,0.44171944,0.5604779,0.340987,0.6385763,3.0994003,0.5847486,0.14328088,0.93317145,0.73123586,0.77520293,0.61433566,0.79011786,0.73123586,0.77520293,0.41809025,0.22773457,0.73543584,-0.5847486,0.32314605,0.2666105,0.5240004,-0.08895824,0.5761522,-0.17522329,0.5667881,0.6035565,0.082280986,0.33465207,0.47781873,0.5855287,7.105949,4.0994,-0.983797,0.4574673,0.59538954,-149.17915,0.7113961,0.5804208,1.2054124,0.2516638,0.691346,28.943163,AVARAGE
225,2.7894146,-0.22685194,0.09588316,5.2453966,0.45111427,0.4817763,0.5775807,0.36830175,0.68428653,3.4535995,0.6091375,0.14097114,1.0481724,0.7893739,1.1617599,0.65412134,0.86007845,0.7893739,1.1617599,0.4351971,0.24483971,0.7563976,-0.6091375,0.3216855,0.27297717,0.56145525,-0.10239181,0.6007203,-0.17126274,0.6008569,0.6641848,0.07967887,0.34493822,0.46948078,0.58152854,7.8092012,4.4536,0.90963316,0.3908201,0.62977475,-167.1431,0.7297291,0.63897175,1.2549614,0.22219639,0.71858895,31.358269,AVARAGE
226,2.3900194,-0.26801434,0.100065164,5.534075,0.45492092,0.39576375,0.50959593,0.3195833,0.57977504,3.0217042,0.5753957,0.13319264,0.7235118,0.6471627,0.42941412,0.5575197,0.8865514,0.6471627,0.42941412,0.4010635,0.2347321,0.7032254,-0.5753957,0.240268,0.21947387,0.4794289,-0.09951277,0.5389479,-0.15333754,0.5221809,0.631685,0.083665155,0.30249423,0.44621065,0.6483145,6.3401384,4.0217047,-0.16000332,0.48991492,0.54738927,-150.7972,0.67326,0.5259778,1.2357556,0.2554004,0.6360187,25.726923,UNHEALTHY
227,2.4920237,-0.25401905,0.10713465,5.3578615,0.4542218,0.43718597,0.5238325,0.34491158,0.6195272,3.133576,0.5846857,0.14459705,0.8120313,0.71451855,0.85061145,0.59235024,0.87436235,0.71451855,0.85061145,0.41009596,0.23764521,0.7145043,-0.5846857,0.25150856,0.2265966,0.52731454,-0.09858793,0.5577789,-0.15606603,0.55328315,0.6415516,0.09012863,0.3320529,0.45071876,0.6368489,6.5917635,4.1335754,2.568891,0.51085746,0.5782332,-131.17078,0.68552935,0.58152366,1.2325422,0.2733299,0.6584616,28.409895,
228,2.704713,-0.24518104,0.09784051,5.6570773,0.45176342,0.44141594,0.54542273,0.34634852,0.63681656,3.3523548,0.6016985,0.13400918,0.90251845,0.7197321,0.7986246,0.61084473,0.8580734,0.7197321,0.7986246,0.42930272,0.24029422,0.7360942,-0.6016985,0.2732224,0.24601708,0.52151924,-0.10908241,0.57412434,-0.15876518,0.56541777,0.647642,0.08010334,0.32382604,0.46131152,0.6109591,7.252642,4.3523555,0.7840115,0.41348293,0.5925556,-168.3919,0.7060067,0.5885049,1.2575556,0.22448239,0.68568766,28.64119,AVARAGE
229,2.4191043,-0.2628092,0.107048914,5.572952,0.45115647,0.41977528,0.51607084,0.33195078,0.59799874,3.0465062,0.5735014,0.14636223,0.7622398,0.69070345,0.74472505,0.57246417,inf,0.69070345,0.74472505,0.40134677,0.23348679,0.7045041,-0.5735014,0.2500873,0.22306032,0.51086384,-0.09430285,0.54504734,-0.15697406,0.53730994,0.62740195,0.091088556,0.32502025,0.44836867,0.64133734,6.375203,4.0465064,4.4252076,0.5396192,0.5611034,-139.05515,0.67645806,0.55466735,1.2187619,0.2830083,0.63934875,27.397465,
230,2.478994,-0.24826182,0.09573704,5.193865,0.45597324,0.43607605,0.54946834,0.33690974,0.6294089,3.1225681,0.5882183,0.13747649,0.8486126,0.71536195,0.755543,0.6033043,0.8691331,0.71536195,0.755543,0.41147557,0.24007,0.7278763,-0.5882183,0.2938051,0.24773651,0.51751894,-0.08722724,0.5683394,-0.16629434,0.55936325,0.64357406,0.081442855,0.32004812,0.4554724,0.6087186,6.8727455,4.1225677,1.9860984,0.45736295,0.5867734,-177.2489,0.70354265,0.57802546,1.2024593,0.2509407,0.67537063,28.405909,UNHEALTHY
231,3.1977122,-0.22787724,0.07903422,6.5366874,0.47639817,0.4595368,0.60126615,0.3490924,0.6779783,3.933281,0.6403519,0.115673125,1.0805176,0.7444008,0.8598616,0.65272164,0.9273974,0.7444008,0.8598616,0.45963117,0.2646644,0.7808067,-0.6403519,0.3294556,0.28775966,0.52221775,-0.12170117,0.607641,-0.1644654,0.59503406,0.73561525,0.062680975,0.30580753,0.4581587,0.5596582,9.001637,4.9332814,1.318345,0.21908937,0.62469244,-101.329285,0.7530824,0.6162629,1.2916356,0.12295587,0.7332138,29.691895,AVARAGE
232,2.70303,-0.26171893,0.082586154,6.349513,inf,0.39546153,0.54952997,0.31087187,0.59483683,3.4062276,0.60894465,0.11331451,0.7711426,0.6386499,0.32274568,0.574275,0.96846664,0.6386499,0.32274568,0.4238491,0.25639188,0.73300093,-0.60894465,0.2639712,0.23265576,0.46441543,-0.095258266,0.5561999,-0.14895548,0.53304714,0.70332414,0.06895964,0.2774411,0.43678892,0.63102853,7.2107134,4.406227,0.6020247,-inf,0.55948216,-156.85074,0.7072734,0.5317448,1.2266016,0.19024816,0.65707177,25.501541,
233,2.6411276,-0.26680663,0.077210665,6.6610193,0.4720014,0.38096374,0.5621743,0.2972877,0.58059657,3.3323884,0.6046355,0.11217512,0.7727312,0.6201951,0.22447354,0.5620605,inf,0.6201951,0.22447354,0.4208183,0.25228804,0.7360203,-0.6046355,0.29182607,0.24400963,0.44723672,-0.08420869,0.55141973,-0.15715036,0.52336454,0.691261,0.06627295,0.27143797,0.4447558,0.6179325,7.242173,4.332389,-0.43367174,0.3484973,0.5488155,-110.05871,0.7141115,0.5083689,1.1967014,0.18668483,0.65266687,24.69391,UNHEALTHY
234,3.0714269,-0.23602687,0.07652553,6.565749,0.46815014,0.42988035,0.5919182,0.33380452,0.6497496,3.8016076,0.6340274,0.11023207,0.9771059,0.6967057,0.47929996,0.6312223,0.92989624,0.6967057,0.47929996,0.4516219,0.26177582,0.7747504,-0.6340274,0.32092634,0.281435,0.49031886,-0.12080667,0.59608424,-0.1678235,0.5738669,0.73018086,0.060438477,0.28775194,0.46027222,0.56855345,8.64088,4.8016076,0.8217511,0.2414966,0.60451746,-121.44075,0.7460973,0.576346,1.2877637,0.13368025,0.7239348,27.784563,UNHEALTHY
235,2.3862963,-0.2475021,0.10830528,4.989473,-inf,0.45055395,0.5303275,0.362214,0.6367582,2.9883933,0.5697694,0.1532039,0.957357,0.7527357,1.1128824,0.60721153,0.8102075,0.7527357,1.1128824,0.40167463,0.22521994,0.72558403,-0.5697694,0.30214384,0.2690145,0.53711873,-0.119024634,0.56869364,-0.1845865,0.5661719,0.60209703,0.08657116,0.34459224,0.47561312,0.58417696,6.962873,3.9883938,0.72528005,-inf,0.59133697,-128.27061,0.6913239,0.5866321,1.2864459,0.26376307,0.6741326,29.698168,AVARAGE
236,2.279768,-0.2616344,0.10790607,5.345555,0.4308192,0.42669082,0.51421696,0.34473538,0.6069911,2.8670752,0.56050646,0.15189308,0.8697051,0.7154768,0.9138197,0.57974666,inf,0.7154768,0.9138197,0.39318317,0.22215056,0.7133779,-0.56050646,0.28644332,0.25795713,0.51381344,-0.11682974,0.550575,-0.18134582,0.54421014,0.5873154,0.08712258,0.33325076,0.47002947,0.59620315,6.5678873,3.8670754,1.8102623,0.5190108,0.56740195,-134.6247,0.6773977,0.55366945,1.2747636,0.2763708,0.63652587,28.19227,AVARAGE
237,2.4733214,-0.24147096,0.101785325,5.043058,0.43812117,0.44768238,0.5462518,0.3526444,0.6429644,3.0893953,0.5818961,0.14628962,0.91709596,0.742795,0.860941,0.6175179,0.81353986,0.742795,0.860941,0.4120372,0.23124821,0.7346199,-0.5818961,0.30835462,0.26748922,0.5310666,-0.107852444,0.57715434,-0.17889023,0.57021976,0.61608297,0.08338423,0.3357853,0.47290012,0.5822856,7.047005,4.089395,-0.55888766,0.47469598,0.5985386,-130.47334,0.7042002,0.5870574,1.2507057,0.26325703,0.68511146,29.377155,
238,2.2892892,-0.2695623,0.10686461,5.4144225,0.4355681,0.411009,0.5053681,0.33205003,0.5874823,2.8740332,0.56231284,0.14560571,0.79195905,0.6802842,0.71049404,0.5619942,0.81552947,0.6802842,0.71049404,0.39761835,0.2203994,0.6996376,-0.56231284,0.2562714,0.22986138,0.4999279,-0.10061695,0.5378843,-0.16046555,0.52890366,0.5847833,0.088918924,0.32489398,0.46360013,0.63472867,6.222076,3.8740332,4.4612823,0.5243742,0.55190116,-148.55153,0.6680308,0.5399971,1.2378638,0.27731705,0.6147393,26.928009,AVARAGE
239,2.4670513,-0.2547781,0.10688706,5.43106,0.44106773,0.43736997,0.52918243,0.3443724,0.61829054,3.089823,0.57643306,0.14933547,0.8434922,0.72121644,0.91304463,0.5907313,0.8445919,0.72121644,0.91304463,0.4072862,0.23087579,0.714589,-0.57643306,0.2715392,0.23752292,0.5281133,-0.095086984,0.5568459,-0.16299985,0.5528184,0.6228064,0.090743355,0.33682078,0.4604662,0.62405324,6.6525292,4.089823,0.42091998,0.5225641,0.577064,-134.21008,0.68682826,0.57672995,1.2291287,0.2773084,0.6584562,28.585882,
240,2.42755,-0.24890321,0.10961653,4.832511,0.42504662,0.44791594,0.52927494,0.35071903,0.6304914,3.0084991,0.571555,0.1534295,0.8988082,0.739123,0.9705788,0.6025619,0.7888827,0.739123,0.9705788,0.4102014,0.21933064,0.71154547,-0.571555,0.279275,0.23844111,0.54100955,-0.09038166,0.56208676,-0.16379982,0.5607716,0.5809579,0.093093544,0.3518264,0.4732673,0.6262664,6.553793,4.0084987,-1.2169199,0.5303415,0.58701825,-144.69482,0.6852805,0.58990496,1.2102461,0.28376186,0.6634547,29.288395,AVARAGE
241,2.463996,-0.26098746,0.10721717,5.519117,0.4603719,0.42327127,0.5149911,0.33609173,0.60266185,3.1150146,0.57973224,0.14364912,0.7602576,0.6925243,0.7496432,0.5765851,0.91022015,0.6925243,0.7496432,0.40263,0.2396339,0.7062713,-0.57973224,0.24061516,0.2161151,0.5137065,-0.09605306,0.54773825,-0.15443486,0.5405691,0.6510866,0.09043524,0.32220474,0.44235736,0.65664077,6.4053087,4.115015,0.44442776,0.5219272,0.5647063,-144.28125,0.6772422,0.56188697,1.2236241,0.27563673,0.6436099,27.524832,
242,3.0050163,-0.25518355,0.07890386,7.0828114,inf,0.39639327,0.5644097,0.31064928,0.602585,3.751109,0.6311233,0.10637665,0.7665955,0.63423055,0.23345132,0.5842783,1.0014049,0.63423055,0.23345132,0.44349656,0.26762733,0.74740124,-0.6311233,0.2528341,0.22552691,0.4621024,-0.097163215,0.566293,-0.14079748,0.53962445,0.74609244,0.06571483,0.27021378,0.43269783,0.64164156,7.5919313,4.751109,5.2314286,-inf,0.56723243,-105.321205,0.72223467,0.5374316,1.2264321,0.17199592,0.68377316,25.409727,
243,3.3286223,-0.24205379,0.07315478,7.454778,0.48538864,0.4185121,0.5898377,0.324103,0.63663816,4.0951176,0.6495618,0.10119916,0.9200349,0.6698926,0.395897,0.6179215,0.9917523,0.6698926,0.395897,0.46478033,0.27257273,0.7746872,-0.6495618,0.28415272,0.25739142,0.4766118,-0.1194667,0.5898081,-0.14933585,0.5647445,0.76649547,0.058099717,0.27379477,0.44509894,0.5999028,8.709849,5.095118,0.45028737,0.21944454,0.59366065,-87.165504,0.7461923,0.5674487,1.2851973,0.11766738,0.71472543,26.834705,
244,2.4729178,-0.24876018,0.11124167,5.1439233,0.4495391,0.45636335,0.5262342,0.36281505,0.63703245,3.1111162,0.57720184,0.15393558,0.8899289,0.75469774,1.1782358,0.6061164,0.85914606,0.75469774,1.1782358,0.4031504,0.23603767,0.7193725,-0.57720184,0.27368122,0.2455726,0.5477768,-0.10970036,0.5655572,-0.17119727,0.5669328,0.63823324,0.09141342,0.34537223,0.4562104,0.61762327,6.829051,4.1111164,0.34805137,0.52134055,0.59098524,-137.11743,0.6872295,0.5998673,1.2673227,0.28213316,0.6661997,29.882687,UNHEALTHY
245,2.556745,-0.24956922,0.08060938,5.5533376,0.4542515,0.41088915,0.5779619,0.3139879,0.6162104,3.2004552,0.59585947,0.12300139,0.86987877,0.6733656,0.39211485,0.596542,inf,0.6733656,0.39211485,0.42051345,0.23993963,0.7407661,-0.59585947,0.3334864,0.2644848,0.48152828,-0.07265149,0.570129,-0.17055288,0.5488512,0.64371043,0.07063909,0.2970968,0.46371645,0.5909562,7.320811,4.2004557,3.467019,0.36993837,0.5780712,-139.4686,0.722406,0.5449161,1.169126,0.20323108,0.6873957,26.747843,UNHEALTHY
246,2.34673,-0.24749035,0.096938066,4.978328,0.4467631,0.44069242,0.5558713,0.33980784,0.6322685,2.978157,0.5755575,0.14598997,0.9009426,0.73331034,0.8992201,0.6051989,0.8430973,0.73331034,0.8992201,0.39947015,0.23557112,0.7299461,-0.5755575,0.32950383,0.26897135,0.52340466,-0.087333374,0.5696303,-0.18327394,0.56232554,0.63142776,0.08271226,0.3289525,0.4635548,0.5870477,6.978685,3.9781575,0.7348631,0.4820939,0.588841,-155.40765,0.70589995,0.5759046,1.2057086,0.2654544,0.6787411,28.972652,AVARAGE
247,3.101574,-0.24446888,0.076641254,6.912015,0.4904962,0.42142585,0.5831138,0.32699051,0.6353645,3.8715544,0.6340772,0.108612835,0.916278,0.6809465,0.49639502,0.6154139,inf,0.6809465,0.49639502,0.44434336,0.27255943,0.7668002,-0.6340772,0.30077097,0.26700217,0.482543,-0.11951715,0.58557546,-0.1607719,0.56341755,0.7699914,0.061117142,0.27833056,0.43986818,0.5912666,8.590974,4.8715544,0.4652493,0.25704804,0.59184664,-97.06989,0.73800725,0.5662714,1.2869096,0.13982894,0.6942766,27.185379,AVARAGE
248,2.2551649,-0.2534867,0.10592618,4.9418316,0.43828174,0.44286606,0.542773,0.3407192,0.6220788,2.855961,0.5562471,0.16197164,0.8913134,0.74680686,1.1151459,0.5932018,0.81764734,0.74680686,1.1151459,0.38647798,0.2248903,0.7145416,-0.5562471,0.32565942,0.26393998,0.53491473,-0.082651086,0.55827874,-0.18975517,0.55609924,0.6008052,0.09204872,0.34696433,0.468213,0.5936003,6.6351542,3.8559616,-0.9533172,0.5578989,0.5799542,-132.96709,0.6910382,0.5711592,1.193472,0.3037491,0.65920633,29.368877,AVARAGE
249,3.4011722,-0.23896645,0.06333745,7.840625,0.49461043,0.40646166,0.62544036,0.30814084,0.6321205,4.204001,0.65872097,0.09558247,0.89517415,0.6510506,0.20039415,0.61801314,1.0223094,0.6510506,0.20039415,0.46865836,0.28176537,0.7877065,-0.65872097,0.3293895,0.2702013,0.4598993,-0.08945641,0.59520084,-0.15543306,0.5621876,0.80287874,0.053437695,0.25952,0.4433594,0.5814877,9.091118,5.204001,0.62564933,0.19272104,0.5924854,-49.46262,0.7679808,0.55096686,1.2045025,0.10682771,0.73749614,26.07349,AVARAGE
250,3.1694996,-0.24513346,0.07435915,7.3053026,0.48792875,0.414028,0.5871321,0.32219732,0.62926096,3.9391482,0.642048,0.10446247,0.8826839,0.6658746,0.37495986,0.61085135,1.0053546,0.6658746,0.37495986,0.45364252,0.27262646,0.7706143,-0.642048,0.29073265,0.2584832,0.47382736,-0.112339936,0.5850691,-0.15448399,0.55970126,0.7696944,0.05979945,0.27307004,0.44357035,0.5975253,8.440533,4.939148,0.6964747,0.24886659,0.58813244,-81.57407,0.74281955,0.5590578,1.2726644,0.13797732,0.7082465,26.628202,AVARAGE
251,2.628,-0.25661966,0.09808248,6.127867,0.47466266,0.4221853,0.5282792,0.3475047,0.6135981,3.3333738,0.598225,0.13095306,0.8314894,0.6916573,0.72159266,0.5882153,0.9772742,0.6916573,0.72159266,0.411602,0.25428316,0.732544,-0.598225,0.2548545,0.24205936,0.4994778,-0.123233914,0.5617297,-0.16450074,0.5489132,0.7054135,0.07729249,0.30382514,0.4422458,0.6207358,7.144532,4.3333735,2.2628365,0.40842634,0.5735739,-122.00404,0.69545114,0.5602676,1.3158021,0.22234565,0.6574585,27.477541,AVARAGE
252,2.427007,-0.24673016,0.10897757,5.1529694,0.44644463,0.4501938,0.5262811,0.3675994,0.6374025,3.065216,0.57893115,0.15020567,0.9122518,0.7474858,1.0343053,0.6086065,0.86875445,0.7474858,1.0343053,0.40245438,0.23655857,0.72762436,-0.57893115,0.28176582,0.25827998,0.53680545,-0.12149168,0.5699388,-0.17890754,0.56694907,0.63824534,0.08661164,0.3389958,0.46136034,0.59731007,6.9035873,4.0652156,1.5891219,0.48967582,0.59246206,-145.52933,0.6912238,0.5897892,1.3032547,0.26625323,0.676311,29.555391,
253,2.6354043,-0.2594534,0.0883804,6.3870487,0.47389218,0.40262216,0.539961,0.32310143,0.6004096,3.3317726,0.6051272,0.11976946,0.78940916,0.6565767,0.4343322,0.5787571,0.9400405,0.6565767,0.4343322,0.4199906,0.2544665,0.7397239,-0.6051272,0.2662823,0.24667199,0.4731603,-0.11942687,0.56022125,-0.1617609,0.5389622,0.6963682,0.07053817,0.2862838,0.44554588,0.6110402,7.21349,4.3317723,-0.40554923,0.38444376,0.564442,-139.30028,0.70555735,0.5367729,1.2837387,0.21066488,0.6664925,26.126581,
254,3.4383886,-0.2424693,0.06526496,8.222966,0.48374796,0.40824115,0.6146685,0.31298384,0.6304845,4.2035384,0.65790015,0.09625805,0.98135483,0.65576,0.32275292,0.61354613,0.96969754,0.65576,0.32275292,0.47566423,0.27267614,0.7894188,-0.65790015,0.32092384,0.27851388,0.46097827,-0.113765076,0.59270823,-0.1535432,0.56172824,0.7651502,0.0527371,0.2667987,0.45463043,0.5724654,9.325288,5.2035384,0.08101451,0.15216948,0.58963794,-62.196304,0.764053,0.55181354,1.2804756,0.0811214,0.73232746,26.235308,HEALTHY
255,2.431828,-0.25186467,0.10430439,5.10182,0.45066795,0.43357363,0.5228451,0.34621555,0.6217511,3.0567517,0.5818693,0.14120528,0.82913184,0.71132445,0.75840914,0.5955473,inf,0.71132445,0.75840914,0.4087474,0.23409095,0.7172002,-0.5818693,0.26079383,0.23394237,0.5190235,-0.10424038,0.5612135,-0.16009095,0.55377895,0.6249238,0.08544986,0.3261463,0.45625278,0.6324678,6.563574,4.0567517,0.021030892,0.4914649,0.5806404,-158.68997,0.68627536,0.57399726,1.2443173,0.269353,0.66149503,28.244635,
256,2.518392,-0.26774353,0.09699432,5.9631424,0.46290353,0.40282023,0.5144483,0.32427096,0.58896434,3.1976495,0.588829,0.12773062,0.74473256,0.65602386,0.53955126,0.56501436,0.95611423,0.65602386,0.53955126,0.406246,0.24782869,0.7122202,-0.588829,0.23437648,0.2192159,0.48185676,-0.10825234,0.54407734,-0.15020593,0.5289358,0.67932594,0.07903655,0.2950403,0.4347396,0.6513802,6.6462693,4.1976495,0.63176924,0.45721376,0.55318284,-121.40586,0.6801907,0.53732353,1.2536844,0.23427403,0.6312161,26.116978,
257,2.6843965,-0.23851828,0.10304676,5.3463726,0.46200582,0.47127992,0.54635775,0.36760098,0.66381466,3.3589396,0.60087746,0.14240174,0.9776461,0.7721093,1.2205318,0.63148355,inf,0.7721093,1.2205318,0.4231749,0.24621871,0.7405102,-0.60087746,0.28328675,0.2574198,0.5537674,-0.11948174,0.58431846,-0.16644348,0.5857282,0.6745616,0.082487434,0.34003747,0.4571906,0.59792155,7.4558434,4.3589396,1.0275296,0.41663525,0.6116926,-126.44663,0.70784986,0.6254706,1.2840312,0.2333078,0.688206,30.673367,AVARAGE
258,2.4857197,-0.24937089,0.101826206,5.326928,0.451102,0.44259667,0.5346203,0.34986773,0.6322744,3.1296031,0.58673954,0.14130546,0.8916476,0.7289127,0.91549116,0.6042049,0.8689902,0.7289127,0.91549116,0.4107289,0.23835993,0.72945404,-0.58673954,0.2822986,0.25345698,0.52520126,-0.11309544,0.56831026,-0.17048784,0.5625016,0.64389235,0.08260456,0.32840928,0.45999706,0.60222054,6.98379,4.1296034,0.84614575,0.45534724,0.58803546,-123.92274,0.69683915,0.5844822,1.266952,0.24987952,0.6721322,28.903841,
259,2.4651983,-0.24912886,0.10350654,5.217164,0.4584983,0.44147888,0.534018,0.34872264,0.63001585,3.1224833,0.58474845,0.14340737,0.8520042,0.7267527,0.8905098,0.60284024,0.88811076,0.7267527,0.8905098,0.4048068,0.2424327,0.7255173,-0.58474845,0.279366,0.24766009,0.52653813,-0.10694373,0.5666855,-0.17123517,0.5608176,0.6572849,0.08505927,0.3265251,0.4517007,0.61186504,6.887431,4.1224833,0.68406004,0.4790263,0.5867667,-150.78716,0.6949138,0.5830884,1.2511615,0.26115438,0.6722585,28.822657,UNHEALTHY
260,2.1692095,-0.290412,0.088120475,5.8417344,0.46917194,0.36521727,0.51610756,0.28683168,0.54203933,2.810425,0.55919814,0.12771218,0.6923116,0.60410017,0.3616758,0.51966923,inf,0.60410017,0.3616758,0.37640667,0.23741797,0.6913553,-0.55919814,0.27168936,0.22530057,0.44280934,-0.07460185,0.5149999,-0.16096447,0.49358332,0.64127636,0.07759211,0.2789741,0.43231127,0.6472495,6.194724,3.8104253,-0.39740008,0.45728818,0.51439035,-119.09479,0.6691777,0.47953454,1.176921,0.23357444,0.57191974,23.91784,
261,2.6223574,-0.24831137,0.078087345,5.7100096,0.46001068,0.4250586,0.595037,0.3133815,0.6268019,3.2916722,0.6019069,0.124966934,0.8859217,0.69489086,0.61568975,0.60282165,0.88547164,0.69489086,0.61568975,0.4224977,0.2466166,0.742672,-0.6019069,0.34425226,0.25913015,0.4969445,-0.047758657,0.5731778,-0.16662253,0.55737853,0.6693251,0.0718859,0.3024361,0.45701674,0.5977542,7.379252,4.291672,-1.9126639,0.37281963,0.5850271,-147.7807,0.73122483,0.5651235,1.1143839,0.20538463,0.6849902,27.626755,UNHEALTHY
262,2.3662043,-0.27759412,0.08216369,5.9901156,0.4529911,0.38194522,0.5518511,0.2905611,0.5673278,2.9824429,0.5744213,0.1255147,0.75603247,0.62808996,0.38194603,0.54560226,inf,0.62808996,0.38194603,0.4016692,0.23191933,0.7083952,-0.5744213,0.3021853,0.23429076,0.457403,-0.050935753,0.533359,-0.15802696,0.51267165,0.6162479,0.07545776,0.28847554,0.4512151,0.63042384,6.543482,3.9824424,1.5555351,0.43292794,0.536021,-106.25241,0.6943608,0.5049762,1.1233447,0.22579584,0.59971434,24.918993,UNHEALTHY
263,2.184823,-0.2726664,0.103166156,5.1216564,0.4544406,0.401954,0.5111464,0.3204172,0.57628334,2.7959127,0.55829346,0.14385773,0.70533633,0.6620628,0.611963,0.5510696,0.8746843,0.6620628,0.611963,0.38316008,0.22997928,0.68898046,-0.55829346,0.25618562,0.21711932,0.492447,-0.07275437,0.5304608,-0.15855858,0.51980007,0.6110899,0.09049299,0.31268576,0.4410273,0.65351844,5.9686937,3.7959127,0.23597099,0.54927397,0.54318213,-144.57579,0.6660495,0.5304316,1.1885064,0.28476968,0.6098032,26.25183,AVARAGE
264,2.586298,-0.24899413,0.095442876,5.443597,0.45804703,0.4376249,0.5484987,0.34431058,0.63122237,3.245737,0.5911595,0.13566302,0.88253194,0.7176506,0.8212915,0.6047816,0.88409543,0.7176506,0.8212915,0.41449904,0.24298333,0.73138916,-0.5911595,0.29050833,0.25293696,0.517217,-0.099356726,0.56941277,-0.16725029,0.560747,0.6594391,0.07959206,0.31813037,0.45437482,0.606908,7.224663,4.2457366,0.6130102,0.43129995,0.5873111,-146.7959,0.70392203,0.58012813,1.2588902,0.23422395,0.67094874,28.500334,AVARAGE
265,2.5218115,-0.24341844,0.101372965,5.1350784,0.4502179,0.45669952,0.5531028,0.35243106,0.6453025,3.1623485,0.58687025,0.14724723,0.90778685,0.751413,1.0396365,0.6160469,inf,0.751413,1.0396365,0.41265896,0.23796815,0.7295384,-0.58687025,0.29992154,0.253289,0.5438406,-0.08858661,0.57407886,-0.1699844,0.57248175,0.6405745,0.087141044,0.3401339,0.4600936,0.60353523,7.038848,4.1623483,4.01929,0.48142612,0.5985953,-132.03676,0.705641,0.60355186,1.2232821,0.26350144,0.68074644,29.80622,AVARAGE
266,2.2921934,-0.2744086,0.10099351,5.5814066,0.46811944,0.39650038,0.5041913,0.31970903,0.5752199,2.9455502,0.57075715,0.13556722,0.70304996,0.6507083,0.5226183,0.5515121,inf,0.6507083,0.5226183,0.38743034,0.24179241,0.6993859,-0.57075715,0.24139425,0.21808055,0.48094717,-0.098251075,0.5330295,-0.15826336,0.5192515,0.65339017,0.08444681,0.29967707,0.43347868,0.6539239,6.2074113,3.9455502,-3.354207,0.5016705,0.54233766,-123.75686,0.66861975,0.52496326,1.2329462,0.26259825,0.6084253,25.834837,
267,2.141889,-0.27262253,0.10326232,5.1983123,0.4563508,0.41300753,0.5237295,0.315203,0.5828915,2.762073,0.5549201,0.15268417,0.75483096,0.6861719,0.8251323,0.5557522,0.909821,0.6861719,0.8251323,0.37699553,0.23199266,0.6910158,-0.5549201,0.28156844,0.22435339,0.50707567,-0.061463725,0.53168136,-0.16399224,0.5259885,0.6202772,0.09406814,0.32479972,0.44077435,0.65011626,6.030975,3.762073,1.4470413,0.5666201,0.54753715,-118.16202,0.67306316,0.53955704,1.1470226,0.29547417,0.60808855,27.125093,
268,3.3898637,-0.2549194,0.070640415,8.108756,0.50959134,0.39282227,0.5768757,0.306519,0.60605615,4.195488,0.6544014,0.09284657,0.8142659,0.6220777,0.19641212,0.5887065,1.0731536,0.6220777,0.19641212,0.4631424,0.2830708,0.7638929,-0.6544014,0.24549468,0.2293418,0.4495063,-0.1154455,0.572752,-0.13220075,0.542041,0.80563647,0.056683995,0.25228313,0.42430556,0.6409266,8.503712,5.195488,1.4139321,0.21136712,0.5690984,-77.170044,0.73619705,0.5374262,1.273281,0.11120487,0.6915773,25.015839,HEALTHY
269,2.3698897,-0.27840325,0.100578584,6.1119943,0.46916938,0.3880443,0.5059319,0.309443,0.5637437,3.0178316,0.57496256,0.13454294,0.6652742,0.6334783,0.4427774,0.5407121,0.9176295,0.6334783,0.4427774,0.39601794,0.2400167,0.6943487,-0.57496256,0.22582777,0.20210421,0.47470614,-0.08604777,0.5263208,-0.1450882,0.51111877,0.6479414,0.086661845,0.29776067,0.43250743,0.6745002,6.096014,4.0178313,-0.93195707,0.5105928,0.5334848,-112.62837,0.66788983,0.5163557,1.2005196,0.2652823,0.6000661,25.1979,
270,2.884713,-0.21942873,0.09744135,5.263494,0.4376653,0.50268257,0.5806867,0.391387,0.70866776,3.522692,0.61299366,0.14333455,1.2367089,0.8278188,1.4605682,0.6744678,0.80696076,0.8278188,1.4605682,0.4456871,0.23794243,0.7691669,-0.61299366,0.33787036,0.2984491,0.5793788,-0.12881343,0.61379653,-0.17939821,0.61875933,0.63797915,0.076696225,0.3606619,0.48612916,0.5501436,8.457908,4.5226917,-1.5329267,0.31132525,0.6473602,-187.05782,0.7361781,0.6637716,1.3446113,0.17523022,0.73275006,32.82649,AVARAGE
271,2.2436986,-0.26860705,0.10250439,5.224538,inf,0.4092835,0.5109079,0.32659352,0.5884966,2.8594928,0.5650386,0.14176148,0.76180094,0.675324,0.6536934,0.5634069,0.8719344,0.675324,0.6536934,0.38960785,0.23148616,0.7018671,-0.5650386,0.26191562,0.23231357,0.49593365,-0.09638689,0.5395773,-0.16430269,0.52929735,0.6157529,0.086656086,0.3148972,0.4478951,0.63151914,6.2677774,3.8594515,0.8559452,-inf,0.5528421,-128.6808,0.6718353,0.53917176,1.2341492,0.27135217,0.62230814,26.76087,
272,2.4112992,-0.2517458,0.099452905,5.100739,0.4523035,0.43015566,0.53865236,0.33517486,0.6188761,3.041432,0.5833794,0.13958998,0.81618,0.7043642,0.7090268,0.59329975,0.855993,0.7043642,0.7090268,0.4075702,0.23597755,0.7199235,-0.5833794,0.28055513,0.23856218,0.51529694,-0.086271286,0.56139904,-0.16413897,0.5521507,0.63013256,0.08514124,0.32247528,0.45595223,0.62169284,6.622644,4.0414314,1.6890897,0.48008433,0.57889926,-131.14041,0.69516456,0.5711034,1.2025187,0.26103553,0.6684055,27.98729,
273,2.3314266,-0.2670988,0.101203315,5.3214693,0.45733312,0.41115135,0.5161095,0.32498634,0.5915747,2.9788249,0.57329416,0.13840188,0.74946165,0.6738333,0.64823973,0.5665148,0.9250738,0.6738333,0.64823973,0.392325,0.24008757,0.7040381,-0.57329416,0.25735864,0.22516575,0.49713308,-0.091555536,0.5419068,-0.16002321,0.5314018,0.647355,0.08598173,0.30985507,0.43867648,0.6432515,6.3821177,3.9787824,0.9923478,0.5051242,0.55529624,-119.24112,0.6760423,0.54503393,1.2156408,0.26034534,0.62521446,26.765884,
274,2.4099927,-0.26449254,0.090429224,5.734106,0.45542055,0.40387693,0.5484844,0.3110931,0.5919336,3.046539,0.5770814,0.13505015,0.8092053,0.6682585,0.5689441,0.56909746,0.8795088,0.6682585,0.5689441,0.40064284,0.23705389,0.7185261,-0.5770814,0.30525586,0.2471927,0.4833658,-0.07528141,0.5483422,-0.16976239,0.5319907,0.6365461,0.079488836,0.30411467,0.45295346,0.61397,6.7963176,4.046539,-1.5370662,0.45004255,0.5566134,-98.09099,0.6974162,0.5307829,1.1733791,0.23724528,0.64545274,26.45507,AVARAGE
275,2.2611523,-0.25448003,0.09760625,4.7798204,0.44075423,0.4300351,0.54389656,0.32973745,0.6170046,2.8512022,0.56644934,0.14515999,0.8561064,0.7132284,0.78968155,0.5904204,inf,0.7132284,0.78968155,0.39685634,0.22494535,0.7151323,-0.56644934,0.3138534,0.25449276,0.51495296,-0.076204084,0.5579603,-0.17497478,0.55017304,0.5900502,0.0849178,0.32832813,0.4657925,0.6003733,6.534246,3.851202,4.3553977,0.49277923,0.57637215,-179.42699,0.6937322,0.5638594,1.172722,0.2696532,0.6579,28.211794,AVARAGE
276,2.397989,-0.24163577,0.102160424,4.6487627,0.4456328,0.46233577,0.555001,0.34984726,0.64953196,3.0160756,0.57916045,0.1513818,0.9037094,0.7618336,1.0796009,0.6192112,0.82392615,0.7618336,1.0796009,0.4063904,0.23278518,0.72402066,-0.57916045,0.3106321,0.2531308,0.5521343,-0.074027926,0.57421285,-0.17187728,0.57515347,0.6180867,0.089798436,0.34694222,0.4625012,0.600581,6.776172,4.0160756,-1.8017946,0.50648814,0.6020243,-151.40292,0.7035369,0.61029243,1.1802431,0.27861544,0.6798689,30.203478,HEALTHY
277,2.6352606,-0.2515882,0.092341416,5.811654,0.4662476,0.4380383,0.550251,0.34167224,0.63213044,3.3157842,0.599385,0.1309174,0.89539653,0.71690047,0.86367005,0.60462636,0.91339993,0.71690047,0.86367005,0.41816148,0.24973609,0.73964566,-0.599385,0.2913634,0.25898954,0.5137471,-0.10975237,0.5706331,-0.16779976,0.5620701,0.6805238,0.075708844,0.31191686,0.45091194,0.59474605,7.4334235,4.3157845,1.9783353,0.3947518,0.58698666,-138.99713,0.70863503,0.58196986,1.2730216,0.21544437,0.6643873,28.49064,AVARAGE
278,2.251124,-0.25790328,0.098238595,4.9521213,0.43151355,0.41322154,0.5368861,0.32672372,0.6012431,2.8337238,0.5636369,0.14366728,0.8176546,0.6870305,0.5797509,0.5782832,0.7914474,0.6870305,0.5797509,0.39674348,0.22174057,0.71278965,-0.5636369,0.30500492,0.25267312,0.49791992,-0.081162676,0.5521984,-0.17550665,0.53854656,0.58267736,0.08469837,0.3215951,0.46973738,0.60270786,6.4630218,3.8337238,-4.9734464,0.5096884,0.5653722,-157.94513,0.6886608,0.54064536,1.1977551,0.27195585,0.65664995,27.152048,AVARAGE
279,2.178003,-0.2720112,0.10147047,5.236387,0.44787514,0.40855667,0.5167434,0.32657465,0.58477855,2.7830305,0.5556149,0.14657395,0.77602786,0.6814903,0.7484071,0.55901676,inf,0.6814903,0.7484071,0.38136432,0.22793522,0.7006124,-0.5556149,0.28206697,0.24098286,0.49540707,-0.088370085,0.5364017,-0.17553619,0.5269191,0.6050276,0.08685042,0.31812328,0.4527223,0.6249907,6.263497,3.7830305,-1.3548125,0.5371774,0.54928344,-127.25971,0.6724091,0.53250366,1.2270126,0.28574905,0.60870767,26.902342,AVARAGE
280,2.6898925,-0.24471982,0.09223023,5.8340855,0.46575648,0.44180313,0.5595531,0.3544234,0.6399492,3.3744245,0.60290295,0.13203473,0.91944623,0.72482353,0.86673325,0.6128402,0.90608084,0.72482353,0.86673325,0.42129898,0.2511068,0.74681455,-0.60290295,0.3015831,0.26481813,0.51702565,-0.110626794,0.5784171,-0.17305987,0.5683553,0.68457097,0.07522254,0.3144274,0.4541528,0.5926466,7.6034346,4.374425,1.1504161,0.39270553,0.5945771,-178.81097,0.71647745,0.5854308,1.2796916,0.21776791,0.6916581,28.780674,AVARAGE
281,3.0343094,-0.24847096,0.07739037,6.89938,0.4888601,0.41491944,0.57345986,0.32353166,0.62616205,3.7821248,0.63301295,0.10707545,0.87303454,0.6680237,0.42342597,0.60594875,0.99313915,0.6680237,0.42342597,0.4448361,0.269016,0.7619283,-0.63301295,0.28318426,0.25520495,0.47677714,-0.11662218,0.57965046,-0.1554978,0.5568195,0.747857,0.061857667,0.27642015,0.4405507,0.60388714,8.184649,4.782124,-0.1493748,0.2735748,0.58464575,-113.07397,0.7319154,0.5596435,1.2812383,0.1503602,0.69276786,26.703878,HEALTHY
282,2.2413793,-0.265499,0.10175295,5.438337,0.44823036,0.4164278,0.5276867,0.32543498,0.5952236,2.8595827,0.5613301,0.1490132,0.7835897,0.6953868,0.7834406,0.5689527,0.85313475,0.6953868,0.7834406,0.38606614,0.23137327,0.7076083,-0.5613301,0.2914545,0.24260421,0.5040751,-0.08445475,0.54401463,-0.17723948,0.5353238,0.6182353,0.08764733,0.32215273,0.4540461,0.62169254,6.336969,3.8595824,0.61747,0.545938,0.5585271,-149.8008,0.6822061,0.5422188,1.195383,0.29293016,0.6322787,27.440304,
283,2.3550878,-0.26669416,0.10232194,5.4356604,0.45525602,0.41604143,0.51700026,0.32931826,0.5957451,2.980046,0.57111555,0.14158292,0.77898854,0.68531793,0.7320559,0.56993294,0.87543017,0.68531793,0.7320559,0.39508483,0.23409204,0.70489675,-0.57111555,0.26094505,0.22787659,0.50235623,-0.09326539,0.54321575,-0.16408034,0.53457725,0.6249913,0.08631482,0.31655696,0.447162,0.64209527,6.403423,3.9800453,10.350878,0.50292116,0.5582058,-122.978195,0.6765076,0.54871625,1.2189156,0.26645726,0.6180326,27.173208,AVARAGE
284,2.6828256,-0.24831338,0.09431697,5.7790008,0.46526372,0.433578,0.55412346,0.33581555,0.62824035,3.3610098,0.5976133,0.13385437,0.85687536,0.7091625,0.7433339,0.6030955,0.90459263,0.7091625,0.7433339,0.41671312,0.2487478,0.73542464,-0.5976133,0.28887713,0.24878465,0.51306695,-0.09739263,0.57022303,-0.17017515,0.55935216,0.6782614,0.079488896,0.31322372,0.4497782,0.6117183,7.296262,4.3610096,-0.6452037,0.41916835,0.5858613,-122.397224,0.7088837,0.5760422,1.2309285,0.22606474,0.68320334,28.1893,AVARAGE
285,2.2436771,-0.27602777,0.10389986,5.1040034,0.46263802,0.3969641,0.50505424,0.31451643,0.5685444,2.8734992,0.56143475,0.14129484,0.6798257,0.64664453,0.5475256,0.5438177,inf,0.64664453,0.5475256,0.38451168,0.23287813,0.6764118,-0.56143475,0.22879604,0.18970045,0.4901717,-0.06012469,0.52302825,-0.14002645,0.51269174,0.62989634,0.09320753,0.30928916,0.42908868,0.7051502,5.7840285,3.8734992,0.35423458,0.5396685,0.53639495,-150.5322,0.6581656,0.5268007,1.1542263,0.27592105,0.60084796,25.741343,AVARAGE
286,2.1383827,-0.2758162,0.11454008,4.844022,0.44443175,0.41746613,0.49331406,0.34048668,0.5799358,2.7250643,0.54547906,0.15869874,0.76489764,0.6915422,0.9435981,0.55139464,inf,0.6915422,0.9435981,0.37725145,0.22026372,0.672416,-0.54547906,0.24250036,0.20537056,0.51822203,-0.0738308,0.5233374,-0.15027642,0.5226461,0.58668166,0.10075585,0.3378796,0.44262666,0.6818825,5.760239,3.7250643,0.19979088,0.5983168,0.543662,-91.53231,0.64827585,0.5459134,1.1857934,0.30585125,0.588575,27.365686,AVARAGE
287,2.0136678,-0.29454497,0.10315805,5.0130033,0.46759883,0.36406657,0.4824935,0.28741536,0.5273806,2.628271,0.5426296,0.13932362,0.56517065,0.5928155,0.2791749,0.5055962,inf,0.5928155,0.2791749,0.36355975,0.23008984,0.6504,-0.5426296,0.21201804,0.17301822,0.4594418,-0.048349302,0.49579626,-0.13093981,0.48089704,0.61466056,0.095375195,0.29097125,0.41108474,0.7220581,5.243187,3.628271,0.5146902,0.57398015,0.50274456,-105.688095,0.63537854,0.48385957,1.1172881,0.2770565,0.55564904,23.602268,
288,1.9771247,-0.30137485,0.101732396,4.9421244,0.4775573,0.35414347,0.47300303,0.27983966,0.5153119,2.5750675,0.53626376,0.13505761,0.5492026,0.5747418,0.2357523,0.49358118,inf,0.5747418,0.2357523,0.3591312,0.22630997,0.6411414,-0.53626376,0.2063682,0.17063995,0.44767848,-0.050701816,0.48675236,-0.12931293,0.47028235,0.5979426,0.09353506,0.28405902,0.40636563,0.72278917,5.1854577,3.5750673,2.7568886,0.53987896,0.49174324,-110.648544,0.6264068,0.47225302,1.1180288,0.26490623,0.5360169,22.90951,AVARAGE
289,2.0162208,-0.2827373,0.11604115,4.6812606,0.46036348,0.40824902,0.48471487,0.31786516,0.56491375,2.6123154,0.5369101,0.15929718,0.67220324,0.67428976,0.8730113,0.5368691,inf,0.67428976,0.8730113,0.36133733,0.22534461,0.6609209,-0.5369101,0.23649351,0.19836397,0.51215434,-0.06666324,0.5123903,-0.15393946,0.51147616,0.5961238,0.10390536,0.32993603,0.4253582,0.68210953,5.477925,3.6123154,-27.283695,0.62451583,0.53139555,-120.458694,0.6394665,0.53666335,1.153077,0.3148238,0.5685885,26.710615,AVARAGE
290,2.4907737,-0.27654442,0.085962325,5.863455,0.49544364,0.38049814,0.5247564,0.29673716,0.5677228,3.187236,0.5884344,0.11602471,0.68754315,0.61236566,0.29011574,0.5461578,inf,0.61236566,0.29011574,0.3995307,0.25463888,0.7016663,-0.5884344,0.24013402,0.20658399,0.45520985,-0.07803145,0.53213984,-0.13850757,0.51096445,0.69660354,0.074711666,0.2719115,0.41457146,0.6719609,6.5809093,4.187236,1.7940923,0.39366552,0.5356641,-146.41194,0.6804365,0.51240855,1.1809729,0.20280777,0.6107796,24.482412,AVARAGE
291,2.0431776,-0.27274776,0.10458603,4.8713045,0.4495454,0.4106425,0.5175066,0.31899053,0.5820183,2.6476564,0.54335827,0.1551611,0.7604324,0.6899376,0.8389135,0.5552249,inf,0.6899376,0.8389135,0.36726922,0.22735336,0.69203126,-0.54335827,0.2981647,0.24352778,0.5025905,-0.0759754,0.532167,-0.17993267,0.525099,0.60453796,0.091948025,0.32423514,0.44734538,0.61780554,6.068705,3.6476567,-0.3223807,0.5795433,0.5468915,-124.75285,0.6686979,0.53152907,1.1746473,0.30290234,0.60736144,27.167072,AVARAGE
292,2.2877576,-0.24571513,0.106381275,4.5821257,0.45624432,0.4592615,0.54379916,0.35191342,0.64175,2.928279,0.5700108,0.15672037,0.8649681,0.76292855,1.1665407,0.6106738,0.8695736,0.76292855,1.1665407,0.38976848,0.23873186,0.7194477,-0.5700108,0.30958995,0.25606608,0.55085886,-0.083604485,0.5685369,-0.1816877,0.5701111,0.6405547,0.09159736,0.34388924,0.45196638,0.59801084,6.6604757,3.928279,1.0242543,0.54176855,0.59543854,-121.95767,0.69554025,0.60148597,1.1967396,0.29731557,0.67111635,30.160608,AVARAGE
293,2.774704,-0.24906579,0.08287802,6.003826,0.47941327,0.4261702,0.5687574,0.32687268,0.6298626,3.4862406,0.6115228,0.11937627,0.88737744,0.6921456,0.6237405,0.60609174,inf,0.6921456,0.6237405,0.42520025,0.25910148,0.746165,-0.6115228,0.3017499,0.25718132,0.49525136,-0.09786462,0.5746415,-0.16260193,0.5589412,0.7116163,0.06908112,0.2936287,0.4411259,0.60050213,7.7379317,4.486241,0.43618515,0.33141443,0.5862617,-95.65807,0.72134924,0.5699514,1.2312489,0.17920429,0.67592245,27.582016,HEALTHY
294,2.6305132,-0.26918933,0.082593605,6.3729067,0.48801866,0.38621315,0.5402089,0.30358323,0.5817247,3.3362546,0.5983291,0.114055626,0.74640244,0.626181,0.31655306,0.56107897,inf,0.626181,0.31655306,0.4106463,0.2570956,0.7240453,-0.5983291,0.26570687,0.23338786,0.45537516,-0.097491674,0.5463006,-0.1531082,0.5229212,0.7057774,0.06916202,0.27095634,0.42692184,0.6339929,7.134086,4.3362546,-0.81974256,0.36236358,0.5477556,-112.89147,0.69770575,0.51672226,1.2284923,0.18985623,0.635798,24.968533,AVARAGE
295,2.5006104,-0.25409764,0.10226902,5.5384545,0.46471575,0.43210015,0.5261518,0.34550455,0.6203553,3.1620765,0.5874778,0.1385239,0.81473833,0.70949465,0.7986643,0.59372735,0.89725137,0.70949465,0.7986643,0.40700224,0.24466227,0.72390085,-0.5874778,0.2624375,0.23914805,0.5146814,-0.112221085,0.5616039,-0.16549443,0.55342615,0.66153735,0.082581274,0.3169864,0.4470191,0.6244212,6.798006,4.162077,33.579945,0.47371492,0.5788289,-130.25331,0.69079417,0.5720483,1.2631906,0.25991505,0.659335,28.163713,AVARAGE
296,2.52593,-0.2489463,0.098611996,5.365616,0.44204295,0.43549636,0.5324835,0.34952745,0.63076293,3.146815,0.587741,0.13501029,0.9223051,0.7170156,0.7982951,0.6041163,0.8297383,0.7170156,0.7982951,0.41734397,0.23299582,0.7343557,-0.587741,0.2853372,0.261555,0.5128778,-0.1257513,0.5704345,-0.17178287,0.56045246,0.620885,0.07738151,0.32120058,0.46945715,0.59349537,7.13766,4.146815,0.8830502,0.41614163,0.5871665,-159.95197,0.69764006,0.57527244,1.3005825,0.22761163,0.6761024,28.434929,HEALTHY
297,2.2703524,-0.25829703,0.111936636,4.9350433,0.4324763,0.43923587,0.5101115,0.35469377,0.61704826,2.860225,0.5586416,0.1550343,0.88138306,0.7334244,1.0617752,0.5873757,0.81013554,0.7334244,1.0617752,0.39191124,0.22236165,0.7099445,-0.5586416,0.28200412,0.25484276,0.5295748,-0.117193915,0.55320585,-0.17853953,0.551423,0.5899134,0.090338975,0.34183982,0.4675918,0.60284585,6.5514264,3.860225,4.1609535,0.5382144,0.5745873,-144.80847,0.6733353,0.5722747,1.2801266,0.2867936,0.6431457,28.941967,HEALTHY
298,2.6495318,-0.24731338,0.09979452,5.6585193,0.4639874,0.4314196,0.5284323,0.3510484,0.62928563,3.3292346,0.60087734,0.12989514,0.84498036,0.70345956,0.65669215,0.60513276,0.90394723,0.70345956,0.65669215,0.42122123,0.24868216,0.7379336,-0.60087734,0.25782615,0.24911718,0.5086127,-0.1350988,0.5723145,-0.16310446,0.5596968,0.6797023,0.07719306,0.3092944,0.4523125,0.6087528,7.2408814,4.3292346,2.344991,0.4170473,0.5872359,-140.12016,0.69865936,0.5751106,1.3229383,0.22934762,0.68313676,27.993261,AVARAGE
299,2.3339696,-0.2630722,0.10175721,5.4992366,0.45460984,0.4168082,0.51472795,0.33827353,0.6019442,2.9722612,0.57426953,0.13863613,0.83322054,0.6900351,0.7364771,0.57582456,0.89359885,0.6900351,0.7364771,0.39695427,0.23656118,0.71797025,-0.57426953,0.2708659,0.24852547,0.49786,-0.12097115,0.55063015,-0.17014079,0.53963447,0.6383009,0.0810519,0.3125931,0.45455647,0.6142293,6.6931806,3.9722612,2.3654258,0.46424598,0.5634261,-128.02524,0.6813738,0.5473175,1.2868189,0.2511085,0.64431643,27.31186,AVARAGE
