,ARI_2_mean,ATSAVI_mean,blue_mean,CRI_2_mean,DATT_mean,DVI_mean,ENDVI_mean,EVI_mean,EVI_2_mean,GCI_mean,GNDVI_mean,green_mean,MCARI_mean,MCARI_1_mean,MCARI_2_mean,MSAVI_mean,MTCI_mean,MTVI_1_mean,MTVI_2_mean,NDCI_mean,NDRE_mean,NDVI_mean,NDWI_mean,NEXG_mean,NGRDI_mean,nir_mean,NPCI_mean,OSAVI_mean,PSRI_mean,RDVI_mean,RECI_mean,red_mean,rede_mean,RERI_mean,RGVI_mean,RVI_1_mean,RVI_2_mean,R_MCARI_MTVI2_mean,R_TCARI_OSAVI_mean,SAVI_mean,SAVI_2_mean,SIPI_mean,SPVI_mean,SRPI_mean,TCARI_mean,TSAVI_mean,TVI_mean,HEALTH_STA
0,2.2378922,-0.2933972,0.10823361,5.0382423,0.41980264,0.36646318,0.49049565,0.27153754,0.5209772,2.7469506,0.55162203,0.14423065,0.57850987,0.573656,0.16281201,0.49917075,inf,0.573656,0.16281201,0.40479195,0.19704594,0.62024426,-0.55162203,0.16255735,0.10855306,0.48123932,0.014944812,0.48344496,-0.07578103,0.47584966,0.50897056,0.11477611,0.32873777,0.42995733,0.8201737,4.6856847,3.7468429,1.8701115,0.64256614,0.49727637,104.00783,0.6298576,0.5004931,0.9813677,0.28382546,0.55417293,23.165972,AVARAGE
1,2.4411104,-0.27446622,0.12654024,5.085355,inf,0.42030692,0.46704397,0.3284854,0.5752944,3.0375228,0.57216954,0.15205252,0.63721806,0.66109705,0.7158609,0.5467183,0.9084854,0.66109705,0.7158609,0.4086661,0.22314347,0.64921814,-0.57216954,0.1327914,0.12427433,0.5365394,-0.057317812,0.51421946,-0.089984,0.5200108,0.59647113,0.1162405,0.34770107,0.41839108,0.7905279,5.158153,4.0374646,0.55205333,-inf,0.5402634,84.12789,0.63157487,0.5752667,1.134723,0.30515,0.590121,26.650408,AVARAGE
2,3.0632086,-0.24738027,0.11358203,5.659544,0.44325238,0.4646508,0.5188999,0.34903494,0.6403092,3.682406,0.6194069,0.13788563,0.8079315,0.72310674,0.91599286,0.6083788,0.852037,0.72310674,0.91599286,0.46215573,0.23063965,0.6970933,-0.6194069,0.14796986,0.13778247,0.5679148,-0.06237093,0.55928767,-0.08787897,0.5689193,0.61923295,0.10326404,0.35984656,0.4433573,0.76639587,6.1217422,4.682406,0.9276267,0.5171144,0.5929278,187.27832,0.6805465,0.6431308,1.1445177,0.26084128,0.65293694,29.264465,AVARAGE
3,2.5041106,-0.25509325,0.12041546,4.618883,0.4161158,0.46482325,0.5130688,0.341804,0.62654084,3.0543334,0.573807,0.16202089,0.832944,0.74364835,1.1832225,0.59213936,0.77764827,0.74364835,1.1832225,0.42071536,0.21045102,0.67446613,-0.573807,0.20555408,0.16690204,0.5792141,-0.043195534,0.5436888,-0.11484586,0.55990046,0.5501871,0.11439089,0.38269758,0.45240924,0.7232585,5.6480374,4.054278,0.95006406,0.6316271,0.5805199,122.35639,0.6643894,0.6270398,1.0996684,0.30901843,0.6283073,29.794594,AVARAGE
4,2.6413493,-0.26007527,0.1271876,4.9420347,0.44353434,0.45760342,0.49583676,0.34108278,0.6138517,3.2430863,0.5790054,0.16133821,0.7402088,0.7234119,1.1115892,0.58098966,0.8574514,0.7234119,1.1115892,0.41897812,0.22359687,0.66246533,-0.5790054,0.16018377,0.13766697,0.5776192,-0.047286056,0.5339265,-0.098680496,0.54936624,0.6015717,0.120015785,0.37324992,0.42728582,0.76987845,5.553169,4.2428985,0.99316984,0.64288497,0.5700578,100.20672,0.65116626,0.6238567,1.1093997,0.3095314,0.61549646,29.109104,AVARAGE
5,2.7339246,-0.28043565,0.09853313,6.2432847,0.47405523,0.38129878,0.50894815,0.28554276,0.55192214,3.3768246,0.5995991,0.1250098,0.59383106,0.58984345,0.18698333,0.52943724,inf,0.58984345,0.18698333,0.4305342,0.23614876,0.6607602,-0.5995991,0.13739969,0.105522275,0.48017204,-0.016379168,0.5115372,-0.069848046,0.49965128,0.64288867,0.098873176,0.30333477,0.40975574,0.8271954,5.427237,4.3767643,0.7205088,0.48484975,0.523153,117.94011,0.65971816,0.52729845,1.0417852,0.23848774,0.59351015,23.923391,AVARAGE
6,2.4923315,-0.2696453,0.1282904,4.9381,0.48088738,0.42738938,0.4713448,0.33101243,0.58444625,3.147625,0.57996136,0.15125637,0.58979404,0.6659344,0.69264674,0.5562737,0.993499,0.6659344,0.69264674,0.40309814,0.24082649,0.6503084,-0.57996136,0.12256171,0.11557326,0.546278,-0.054044418,0.5189163,-0.08464331,0.527767,0.6552445,0.11888863,0.33974522,0.39191702,0.80290544,5.2080245,4.147563,2.236382,0.631577,0.5476947,85.97213,0.6353732,0.5884921,1.1219054,0.29768106,0.5990547,26.938072,AVARAGE
7,3.1038346,-0.24958481,0.108815774,6.004435,0.4729285,0.45527148,0.52186334,0.3411488,0.63281125,3.7791097,0.6277331,0.13165158,0.743018,0.70624316,0.81181973,0.601935,inf,0.70624316,0.81181973,0.45876718,0.24683341,0.70067436,-0.6277331,0.13833605,0.12938103,0.5544537,-0.06034329,0.5580932,-0.08444338,0.56248283,0.6753,0.0991822,0.3403403,0.427001,0.7811639,6.1280303,4.7791095,6.7702274,0.4894472,0.58772784,142.22668,0.6846465,0.63247293,1.1366581,0.25582856,0.6539072,28.615063,AVARAGE
8,2.6384978,-0.24897797,0.12041939,4.808327,0.42617673,0.48047814,0.5185813,0.35311544,0.64334744,3.2183263,0.58581764,0.16054498,0.8505747,0.768087,1.3395522,0.60686827,inf,0.768087,1.3395522,0.4297099,0.21851146,0.6862707,-0.58581764,0.20076086,0.1675778,0.592178,-0.05125333,0.55466497,-0.11520106,0.5716038,0.5798284,0.11169979,0.38534358,0.45511505,0.722357,5.8479176,4.218326,0.09761135,0.6152877,0.5943118,111.96356,0.67277807,0.6508606,1.1185337,0.31558305,0.6418012,30.782495,AVARAGE
9,2.8312898,-0.26590365,0.11453727,6.0424786,inf,0.43332425,0.49465218,0.329012,0.5975427,3.4711015,0.6032561,0.13955349,0.6919696,0.6779512,0.79424304,0.56717247,inf,0.6779512,0.79424304,0.43860304,0.23451537,0.67460734,-0.6032561,0.12893842,0.12020055,0.53826994,-0.056676462,0.53269166,-0.08121479,0.53625095,0.6398117,0.104953624,0.34134668,0.42541638,0.8022318,5.6407475,4.470974,0.12868607,-inf,0.55849,114.44539,0.65860784,0.59633416,1.1316445,0.28146243,0.61553216,27.38297,AVARAGE
10,2.3675103,-0.30595726,0.096657395,6.063367,0.45197153,0.33536372,0.48294437,0.25135005,0.49138877,2.9240477,0.57349724,0.12245227,0.47980967,0.51449645,-0.13884911,0.47181803,inf,0.51449645,-0.13884911,0.41683102,0.21211597,0.61845154,-0.57349724,0.11438803,0.07129404,0.43757704,0.020691257,0.47118598,-0.048109677,0.45199922,0.55660254,0.10221335,0.29032966,0.41304907,0.8878451,4.5347357,3.9240477,0.44669622,0.5518298,0.4743811,112.99492,0.6284416,0.46521893,0.9682625,0.25545213,0.53468716,20.931377,AVARAGE
11,2.5237434,-0.29137304,0.12093417,5.9714813,inf,0.38859683,0.44582826,0.30726266,0.5403331,3.1567357,0.5836854,0.13700627,0.5351464,0.59948826,0.39440307,0.51507586,inf,0.59948826,0.39440307,0.41295248,0.23415154,0.63269454,-0.5836854,0.076086536,0.07991186,0.5000064,-0.05134722,0.4932568,-0.05208923,0.4914327,0.63308734,0.11141692,0.3186452,0.39220607,0.873724,4.8746037,4.1567354,0.35048836,-inf,0.5117057,102.00562,0.61645657,0.5385288,1.1201601,0.28195104,0.5452314,24.338943,AVARAGE
12,3.127393,-0.2665791,0.10463038,6.824383,0.45167065,0.41922367,0.5001905,0.3203065,0.592278,3.7427742,0.6256655,0.12214429,0.7174755,0.646362,0.52880514,0.56440544,inf,0.646362,0.52880514,0.47028854,0.22939867,0.6842945,-0.6256655,0.10310903,0.10240896,0.514009,-0.057721224,0.53550506,-0.06270119,0.530975,0.6153813,0.094785355,0.3289952,0.43972868,0.8324381,5.7840924,4.7427745,-1.1174169,0.46742222,0.5553936,126.30163,0.6677971,0.5841121,1.1343213,0.24185373,0.6210643,26.247774,AVARAGE
13,2.8477776,-0.26665917,0.10697319,6.393065,0.43628073,0.43014213,0.50198984,0.32487744,0.59953123,3.4338665,0.6060401,0.13440374,0.79747045,0.6775768,0.7511685,0.56948847,inf,0.6775768,0.7511685,0.45202565,0.22006638,0.68337375,-0.6060401,0.14719576,0.13295437,0.527256,-0.0595395,0.5363548,-0.080993675,0.5368845,0.5860888,0.09711387,0.34633416,0.45175973,0.7881356,5.7774634,4.4338665,1.3300523,0.49527735,0.56004643,110.641655,0.66599256,0.5888607,1.1369497,0.25719574,0.6125066,27.300117,AVARAGE
14,2.9783676,-0.28452027,0.10024762,7.4993153,inf,0.38040113,0.4837918,0.29569376,0.54992884,3.5908718,0.6137539,0.11737994,0.6453977,0.58850235,0.25908905,0.52581507,inf,0.58850235,0.25908905,0.45549628,0.2281802,0.66871184,-0.6137539,0.09512281,0.095119104,0.4716616,-0.05679098,0.5118967,-0.057331853,0.49874005,0.61243546,0.091267675,0.30382594,0.4278237,0.8515502,5.544844,4.590803,0.29933423,-inf,0.5209771,91.10214,0.6517898,0.5263663,1.1304728,0.2270031,0.5864943,23.868124,AVARAGE
15,2.2575197,-0.2719042,0.112080425,4.71992,0.4391127,0.41470635,0.50739944,0.30907962,0.5774496,2.8229852,0.5567854,0.15501812,0.7035944,0.6679526,0.6913914,0.5502573,0.8423987,0.6679526,0.6913914,0.39553243,0.21363369,0.65801847,-0.5567854,0.21459335,0.16402437,0.52435565,-0.026476333,0.519553,-0.11956307,0.52097726,0.5655221,0.109649286,0.34611496,0.436961,0.7328189,5.3421154,3.8229852,-0.35015324,0.6045831,0.5426517,102.98618,0.65308607,0.5552624,1.0657707,0.30116263,0.6014321,26.697136,
16,2.8357787,-0.23651472,0.11131471,5.126419,0.44962242,0.49281147,0.54225516,0.36410266,0.6705776,3.4770298,0.61032003,0.14898616,0.9090273,0.78743273,1.3579834,0.63382137,inf,0.78743273,1.3579834,0.44209242,0.2363437,0.71752447,-0.61032003,0.21919268,0.18891045,0.59193593,-0.06857088,0.57840854,-0.12829672,0.5918737,0.6412513,0.0991245,0.37209406,0.4559246,0.6899582,6.4908524,4.47703,13.275524,0.5021023,0.61713636,146.43538,0.6990685,0.6691276,1.1578033,0.27861056,0.67762196,31.563156,AVARAGE
17,3.4077702,-0.24547212,0.085810825,7.0369463,0.4938743,0.43431738,0.56855273,0.3206314,0.6321095,4.158098,0.6533076,0.11037952,0.7616516,0.67379266,0.48456252,0.6067855,1.0492709,0.67379266,0.48456252,0.47332692,0.26715758,0.7323825,-0.6533076,0.17849438,0.15226005,0.5136868,-0.05062369,0.57211083,-0.095689744,0.56089336,0.75032836,0.07936945,0.30204532,0.42486027,0.7450146,6.980611,5.1580987,-2.70103,0.34962562,0.5894112,116.80662,0.7208672,0.60478103,1.1162982,0.18958583,0.684814,27.299444,AVARAGE
18,2.5432556,-0.26026765,0.118005775,5.261311,0.47129035,0.43173325,0.49259776,0.34254628,0.6028246,3.2004118,0.58629256,0.14609385,0.6861824,0.6899096,0.729967,0.5750265,0.961906,0.6899096,0.729967,0.41010377,0.24108377,0.68435335,-0.58629256,0.17034286,0.16227469,0.5341005,-0.079968065,0.54054177,-0.11920438,0.53993917,0.6571693,0.1023672,0.33474013,0.42472863,0.73034006,5.7549057,4.200412,0.10403406,0.5670885,0.5647872,87.54072,0.6593742,0.58552736,1.1865753,0.29400814,0.63334244,27.653063,AVARAGE
19,2.5178366,-0.25936082,0.12774706,4.8829165,0.4763751,0.44657484,0.48294517,0.3518279,0.60841066,3.1725771,0.58346844,0.1547717,0.6577011,0.70734984,0.8804841,0.57890016,0.93908364,0.70734984,0.8804841,0.40729585,0.24069569,0.6712587,-0.58346844,0.14917128,0.14324614,0.5601401,-0.069861926,0.53715366,-0.10774235,0.5445452,0.65474033,0.113565214,0.35005173,0.41555247,0.7592229,5.508334,4.172577,0.31994668,0.61588424,0.56856745,86.272385,0.6491682,0.6101514,1.1696775,0.3165185,0.62411904,28.442749,AVARAGE
20,2.3666236,-0.26820418,0.11502351,4.914112,0.4449017,0.42673746,0.4981422,0.3227048,0.5886924,2.938924,0.5692692,0.15230942,0.7099419,0.6827976,0.77012193,0.5597697,-inf,0.6827976,0.77012193,0.40854952,0.21711774,0.66437006,-0.5692692,0.18729463,0.15419684,0.53526753,-0.041732483,0.52615845,-0.11001404,0.52909195,0.57230026,0.10853011,0.35043687,0.44006252,0.7448349,5.358566,3.9389236,1.9643404,0.59408075,0.5520786,93.26743,0.6526697,0.57690173,1.104236,0.30749097,0.60849583,27.35542,
21,2.2637823,-0.262129,0.11885483,4.450046,0.41845393,0.45002502,0.50916725,0.33167627,0.6078525,2.7871985,0.5565924,0.16673145,0.79021776,0.731016,1.0747,0.5760353,0.75022376,0.731016,1.0747,0.40543443,0.2027075,0.6667711,-0.5565924,0.22405586,0.17408982,0.56356424,-0.033052895,0.5340007,-0.1261244,0.54435176,0.52341634,0.11353921,0.37982866,0.46327072,0.7135748,5.3340383,3.7871985,-0.3655864,0.6580473,0.5672021,101.71485,0.65759414,0.6011958,1.0791787,0.34426406,0.6139223,29.129192,
22,2.8026283,-0.25181788,0.093790546,5.6765566,inf,0.4417788,0.55760235,0.3171725,0.6239219,3.4294415,0.6138474,0.1313141,0.7723639,0.69714195,0.6855651,0.59530693,inf,0.69714195,0.6855651,0.44716793,0.23515274,0.70553535,-0.6138474,0.21634944,0.16059881,0.5339863,-0.017507361,0.55743814,-0.106362216,0.555343,0.62681335,0.092216134,0.33539775,0.44690925,0.7343009,6.0866275,4.429442,0.5976183,-inf,0.58204746,167.00948,0.70167327,0.60577786,1.0431787,0.261325,0.6550103,28.07013,AVARAGE
23,2.7533803,-0.26113644,0.1013037,5.945837,0.4747138,0.43344834,0.5327455,0.31600654,0.6048134,3.4097004,0.6053211,0.13738637,0.7132644,0.68448687,0.7399164,0.575574,inf,0.68448687,0.7399164,0.43267405,0.24055688,0.688472,-0.6053211,0.18138951,0.13904811,0.53216726,-0.024107672,0.54207414,-0.09757072,0.54182327,0.6563198,0.09871887,0.335236,0.42932388,0.77675855,5.760074,4.4097,0.5606316,0.5177162,0.5659641,119.225174,0.68262386,0.59216297,1.064027,0.2793523,0.6312994,27.5536,
24,2.7816083,-0.25292617,0.11459747,5.4885964,0.4670413,0.46318018,0.51111966,0.34952718,0.6318791,3.4360416,0.60591286,0.144554,0.771497,0.7318394,1.0598819,0.59808844,inf,0.7318394,1.0598819,0.43349367,0.24114852,0.6927269,-0.60591286,0.16275856,0.14670356,0.5661573,-0.06373165,0.55309486,-0.10262768,0.5624847,0.6544331,0.10297715,0.35413864,0.43084303,0.7660486,5.908885,4.4360414,1.0107778,0.5430919,0.5861518,103.790054,0.67418826,0.63243496,1.1534556,0.29022577,0.63996774,29.453884,AVARAGE
25,2.6043503,-0.24829982,0.11890557,4.819549,0.44975293,0.46758968,0.5096651,0.35527933,0.63748,3.2090151,0.5948177,0.1506632,0.7794427,0.7430367,1.0283011,0.6048008,0.8475809,0.7430367,1.0283011,0.4295821,0.22854565,0.69248223,-0.5948177,0.18264896,0.16309497,0.57356864,-0.066053875,0.5568391,-0.11553007,0.5667403,0.60466504,0.10597892,0.36540788,0.4473129,0.7301477,5.7887764,4.2090154,0.36714736,0.5783087,0.5920613,116.43487,0.6726304,0.63756883,1.1524007,0.31344545,0.6488956,29.842756,AVARAGE
26,2.7076511,-0.25309655,0.11465351,5.407608,inf,0.451596,0.5060401,0.34786814,0.6246678,3.3117106,0.60057366,0.14301741,0.7848318,0.7170602,0.88523364,0.5938743,0.8740052,0.7170602,0.88523364,0.43814635,0.22767246,0.695226,-0.60057366,0.1715502,0.15963349,0.5518003,-0.074826404,0.5527893,-0.1093596,0.5568206,0.6040593,0.10021313,0.3537409,0.45046481,0.7354181,5.876919,4.3117104,1.5201794,-inf,0.5819385,116.6103,0.6724501,0.6161168,1.1698432,0.2890763,0.64545274,28.8074,AVARAGE
27,2.6967647,-0.26907822,0.110191464,5.7941637,0.46297327,0.41048795,0.49647534,0.3132815,0.5785059,3.3186898,0.6009187,0.1334034,0.61692345,0.6378241,0.41212365,0.5530806,0.92777425,0.6378241,0.41212365,0.43448472,0.23276599,0.66958916,-0.6009187,0.12907921,0.11303615,0.51394165,-0.040422868,0.52600217,-0.080763236,0.5212019,0.62192506,0.1034537,0.32587788,0.42406493,0.80701464,5.357281,4.31869,-0.691609,0.554895,0.54597026,117.08561,0.6579345,0.5695428,1.0929102,0.2790714,0.61441797,25.827265,AVARAGE
28,3.3770492,-0.271013,0.08118978,8.14033,0.48612902,0.3844024,0.544453,0.2852567,0.5711778,4.068096,0.650106,0.10088514,0.6420959,0.5872034,0.0876282,0.549553,inf,0.5872034,0.0876282,0.48199907,0.25133175,0.7013564,-0.650106,0.12089489,0.094288535,0.46370813,-0.018905027,0.5356221,-0.055139266,0.5148787,0.69106174,0.07930571,0.2838992,0.42350283,0.8495906,6.0942907,5.068096,-0.8395706,0.36852363,0.54091257,100.50385,0.6972011,0.53916883,1.0475918,0.19608271,0.63021755,23.927322,
29,3.6295624,-0.2514618,0.09063178,8.0092,0.45479026,0.43372557,0.5496571,0.32327396,0.6240348,4.2856436,0.6570282,0.11111417,0.8260481,0.66862,0.5427672,0.5968351,inf,0.66862,0.5427672,0.50152475,0.24052271,0.7223049,-0.6570282,0.13451344,0.12205605,0.51659924,-0.054639526,0.56337535,-0.07085316,0.5558648,0.6560802,0.08287363,0.32333648,0.45139557,0.80634326,6.674341,5.2856436,0.5210197,0.351469,0.5818356,142.28581,0.7087633,0.60431886,1.1303786,0.19162194,0.6669057,27.153156,AVARAGE
30,2.1511836,-0.2787181,0.14432408,4.3908834,0.43129754,0.41640136,0.43353176,0.3444872,0.5629559,2.706989,0.54060155,0.17003316,0.62272996,0.66659576,0.76792705,0.53571844,-inf,0.66659576,0.76792705,0.3812988,0.2098455,0.6301921,-0.54060155,0.13521676,0.13783504,0.5435,-0.07877483,0.5023139,-0.10787076,0.510963,0.5556135,0.12709872,0.3618537,0.42241982,0.76751095,4.8638015,3.7067215,-0.59155643,0.7337148,0.5303504,86.11636,0.6033348,0.5609092,1.1851133,0.33633104,0.57558364,26.701462,
31,2.6792161,-0.25182664,0.11286956,5.1333165,0.4238659,0.45119396,0.51501447,0.3439728,0.6267752,3.2575517,0.59151965,0.14609922,0.8275519,0.72019374,0.88381094,0.5965474,0.7884007,0.72019374,0.88381094,0.43691844,0.2180452,0.6943084,-0.59151965,0.1978732,0.17477944,0.5521172,-0.06960379,0.5534814,-0.117080174,0.5575329,0.5783567,0.10092332,0.35947695,0.46165314,0.7126477,6.0156984,4.2575517,0.7637288,0.5540645,0.5830093,140.29092,0.6749884,0.611858,1.1589504,0.28366342,0.64732355,28.878674,AVARAGE
32,2.4743264,-0.26426092,0.124605305,5.0372553,0.4385419,0.4284246,0.47804385,0.3412669,0.5935196,3.0744278,0.573185,0.15261549,0.69207174,0.6852103,0.73702186,0.5659551,0.8692616,0.6852103,0.73702186,0.41023365,0.22385931,0.67014575,-0.573185,0.16315526,0.15644872,0.53727156,-0.079771645,0.53126717,-0.11447854,0.53289574,0.6001137,0.10884699,0.3476021,0.43640795,0.7412448,5.5179634,4.0744276,2.4102023,0.62734634,0.55683047,94.65826,0.64520633,0.57968616,1.1828343,0.30951083,0.61964047,27.456219,AVARAGE
33,2.887814,-0.24431686,0.10590627,5.5231953,0.4294823,0.46219304,0.5374538,0.34552974,0.6436917,3.470316,0.6121956,0.13910176,0.8843374,0.7337836,0.92387855,0.612688,0.7932695,0.7337836,0.92387855,0.458962,0.22096431,0.7113439,-0.6121956,0.20172681,0.17251226,0.5575604,-0.060149595,0.5672377,-0.11104779,0.57074165,0.5825019,0.09536737,0.36147308,0.47125143,0.7156,6.260325,4.470316,1.1842787,0.48342317,0.59749883,144.69174,0.6946387,0.63094485,1.1365178,0.26495555,0.6674333,29.480955,AVARAGE
34,2.1706405,-0.27376089,0.13782993,4.4353228,inf,0.42522696,0.45304906,0.3400462,0.5742786,2.7519526,0.54925597,0.1679568,0.61703354,0.6819632,0.8160205,0.546472,0.8678259,0.6819632,0.8160205,0.38282254,0.21982396,0.6415569,-0.54925597,0.1511133,0.14182329,0.5485295,-0.066966414,0.5116582,-0.112151936,0.5188486,0.5813536,0.12331065,0.3582122,0.42022446,0.7631841,4.945487,3.7519524,-0.13445628,-inf,0.54065174,92.47969,0.61911845,0.5738813,1.1537604,0.34565076,0.5882713,27.298979,AVARAGE
35,2.3751776,-0.2744506,0.12343326,5.071643,0.45986918,0.42331418,0.47347528,0.3249119,0.5771019,2.9771123,0.5709586,0.15328577,0.6440302,0.6712501,0.7975647,0.5476821,inf,0.6712501,0.7975647,0.40302494,0.22603624,0.65222365,-0.5709586,0.14609015,0.1293652,0.53706294,-0.052063707,0.5159459,-0.09597519,0.52109164,0.60193497,0.11374875,0.3471594,0.41937262,0.788503,5.135353,3.9771123,1.1644028,0.63237745,0.54213494,95.43999,0.6363701,0.57562274,1.118801,0.3156155,0.5907984,26.98033,AVARAGE
36,2.5615382,-0.25306636,0.115146995,4.896855,0.43947166,0.45517886,0.5131948,0.34290907,0.62502414,3.1449854,0.58869326,0.14996193,0.78571725,0.7260305,0.941499,0.5937369,inf,0.7260305,0.941499,0.42762062,0.22149237,0.6877884,-0.58869326,0.19419742,0.16484927,0.55990165,-0.055706065,0.5501922,-0.117056854,0.55680215,0.58344764,0.104722805,0.36202064,0.4534832,0.72849095,5.740488,4.144985,-0.21482074,0.5704882,0.58201045,126.32077,0.67157805,0.61838156,1.1260514,0.30443162,0.6406246,29.120295,AVARAGE
37,2.2366629,-0.2866092,0.107687324,5.112558,0.47406104,0.3787459,0.4843306,0.28532982,0.5379136,2.8449864,0.5690306,0.13738088,0.5236951,0.59341824,0.21177755,0.51489073,inf,0.59341824,0.21177755,0.39494103,0.229044,0.6403452,-0.5690306,0.1483515,0.112172656,0.48534212,-0.013200128,0.49829707,-0.086703874,0.48913273,0.60836697,0.10659621,0.31037322,0.40715012,0.8097502,4.7971296,3.8449867,0.50488204,0.5915792,0.51274437,98.95332,0.63729614,0.52122045,1.032078,0.2892483,0.57233316,23.956142,
38,2.9650207,-0.24061163,0.09539097,5.621177,0.4487467,0.46406007,0.56620735,0.33434987,0.65142214,3.5821757,0.625425,0.13109212,0.8612121,0.73128194,0.84983665,0.6207771,inf,0.73128194,0.84983665,0.46337566,0.23307768,0.72095376,-0.625425,0.22127835,0.17183122,0.5547449,-0.032209788,0.5744499,-0.1098251,0.57625985,0.61715525,0.09068484,0.34921333,0.460384,0.71397305,6.426095,4.582176,-0.55099875,0.4427232,0.6040619,158.77696,0.7130392,0.63783044,1.072074,0.24870099,0.67805904,29.459894,AVARAGE
39,2.7747889,-0.26046297,0.10175083,5.9763412,0.46270436,0.42890128,0.52149165,0.32319567,0.6066049,3.4334874,0.6090026,0.13117127,0.7344404,0.6780175,0.6703584,0.57841194,inf,0.6780175,0.6703584,0.43587607,0.24285513,0.6972167,-0.6090026,0.17812867,0.15472859,0.52135485,-0.05861434,0.5460979,-0.100967124,0.5427962,0.65868634,0.09245357,0.3251243,0.4298456,0.7474451,6.0525737,4.4334245,1.2212307,0.4984068,0.5671097,123.81865,0.68115383,0.58618665,1.1312265,0.25650945,0.63664216,27.282784,AVARAGE
40,3.028537,-0.2322692,0.10620971,5.5709915,0.44513422,0.49959624,0.55361414,0.36903238,0.6836225,3.655667,0.62238586,0.14298761,1.0055051,0.79873705,1.4275391,0.6454005,0.8160266,0.79873705,1.4275391,0.46134838,0.23419532,0.7321527,-0.62238586,0.22803207,0.1991754,0.5917387,-0.07881093,0.58851284,-0.12371338,0.601503,0.62713015,0.09214243,0.37400392,0.4672444,0.6789337,6.8991323,4.6556673,21.869335,0.44141328,0.62690693,161.57524,0.7112643,0.67778087,1.1797526,0.25184017,0.69047076,32.009583,AVARAGE
41,2.4800627,-0.26710975,0.102432884,5.1741753,0.41730326,0.41643068,0.531648,0.30247462,0.58438176,3.002872,0.5778072,0.14474162,0.74143374,0.66270983,0.54551035,0.5586041,inf,0.66270983,0.54551035,0.43052238,0.20314474,0.66959465,-0.5778072,0.21058866,0.14974298,0.52075577,-0.001450779,0.52834165,-0.10307429,0.5250631,0.5228092,0.10432515,0.3512783,0.4647682,0.7510964,5.3916907,4.002872,0.18910667,0.5737497,0.5505168,123.11924,0.67192346,0.56637347,1.0145878,0.29441267,0.61557066,26.602497,AVARAGE
42,2.8277943,-0.27549726,0.09158459,6.650108,0.46794054,0.39363733,0.5204632,0.29477203,0.57018304,3.4503617,0.61390656,0.11714731,0.6759054,0.613871,0.31861022,0.54555565,inf,0.613871,0.31861022,0.44944096,0.23310454,0.6836992,-0.61390656,0.15302208,0.12351582,0.48063514,-0.031075219,0.5267492,-0.07543825,0.5136578,0.6226753,0.08699782,0.30524406,0.43345478,0.7977322,5.72601,4.4503617,-0.8120171,0.44099486,0.5382234,139.92564,0.67585325,0.54390585,1.0714664,0.23325472,0.6037273,24.82422,AVARAGE
43,3.0896654,-0.25761226,0.0908648,6.818655,0.46363264,0.43021703,0.5427045,0.31963018,0.6163816,3.7505429,0.63270986,0.1173207,0.8028859,0.6734579,0.63369983,0.5878032,inf,0.6734579,0.63369983,0.46490365,0.244058,0.7137867,-0.63270986,0.17681728,0.15162417,0.5129574,-0.054207746,0.5556787,-0.08888107,0.54956585,0.66100806,0.08274032,0.3177999,0.43929765,0.7533025,6.479927,4.7505426,0.403011,0.4008486,0.57435393,122.03295,0.699881,0.5928482,1.1236988,0.2101224,0.64660424,27.19624,AVARAGE
44,3.224724,-0.25596073,0.09382302,7.107087,0.4777068,0.42486784,0.5351702,0.3244323,0.61281604,3.9211504,0.63420093,0.11724838,0.77539927,0.6662421,0.5869034,0.5855731,inf,0.6662421,0.5869034,0.46229985,0.2525214,0.7174766,-0.63420093,0.16296048,0.15332139,0.5072236,-0.07472733,0.556961,-0.096511826,0.5469432,0.6964262,0.082355775,0.3102375,0.4327295,0.74889874,6.6621246,4.92115,-1.3628116,0.3884548,0.5726335,122.56854,0.6977297,0.5853139,1.175528,0.20664465,0.6593708,26.887777,AVARAGE
45,3.4206443,-0.24707842,0.09546386,6.9522038,0.45676038,0.43856698,0.5462816,0.3290438,0.6306103,4.065256,0.64295,0.118112385,0.83005524,0.6809441,0.56870544,0.60420984,inf,0.6809441,0.56870544,0.4867887,0.23844391,0.7210175,-0.64295,0.158634,0.14669147,0.52500784,-0.06612351,0.56657207,-0.087338634,0.559969,0.64467263,0.08644086,0.32766706,0.4513285,0.7534114,6.751132,5.065256,-19.664968,0.37342098,0.5872735,123.07026,0.7050832,0.609393,1.1506209,0.19890963,0.6746403,27.580877,AVARAGE
46,1.8670427,-0.3144801,0.13012503,4.33093,0.43983427,0.35242814,0.43406868,0.26428986,0.48054776,2.3816648,0.5139656,0.1640772,0.45441425,0.548614,0.23947115,0.45893365,inf,0.548614,0.23947115,0.35819885,0.19880609,0.5645436,-0.5139656,0.11499045,0.07417261,0.49014795,0.017581027,0.44318616,-0.055938385,0.44574258,0.51459616,0.13771982,0.3352415,0.38104984,0.8787069,3.9404802,3.3816192,-0.9329104,0.7819579,0.46130648,64.26414,0.576409,0.48078164,0.97716814,0.31013298,0.4880616,22.199984,UNHEALTHY
47,2.7585754,-0.2571383,0.116656706,5.52352,0.43925416,0.450983,0.5072432,0.3421119,0.61832225,3.3540745,0.59482306,0.14799349,0.80730647,0.7154377,1.0309665,0.5857838,inf,0.7154377,1.0309665,0.43750125,0.22320175,0.68492407,-0.59482306,0.17122976,0.15409784,0.55665463,-0.06423427,0.5449174,-0.102447,0.5524856,0.5955109,0.10567158,0.36130974,0.44552055,0.74487567,5.9093432,4.3540745,0.30161616,0.55284905,0.57472813,97.99585,0.6676133,0.61403584,1.1491234,0.27984288,0.63428795,28.751856,AVARAGE
48,3.3130996,-0.25299966,0.09234287,6.8566837,0.47798628,0.43322334,0.5474595,0.31893364,0.6203353,4.002954,0.64221317,0.115912504,0.75446224,0.66972655,0.56142,0.59262437,inf,0.66972655,0.56142,0.47322413,0.25137776,0.7127556,-0.64221317,0.15260199,0.13151611,0.51972246,-0.045125388,0.55850595,-0.081430376,0.5520555,0.68991387,0.08649913,0.31599852,0.42998806,0.77816176,6.492682,5.0029535,1.05664,0.39332232,0.5785292,120.534325,0.7022614,0.6043724,1.1031548,0.20885482,0.6595853,27.169933,UNHEALTHY
49,2.4704046,-0.25716078,0.12532161,4.680672,0.45373023,0.45268312,0.49206004,0.34744334,0.615036,3.0738895,0.5807019,0.15631548,0.7064492,0.7187393,0.93675256,0.58410436,0.8666405,0.7187393,0.93675256,0.41424647,0.22730234,0.6729194,-0.5807019,0.16755782,0.15078959,0.56612974,-0.060718946,0.54028696,-0.110382035,0.54957736,0.6035864,0.11344656,0.36219034,0.4333693,0.7435288,5.4648743,4.0738897,0.014284441,0.6248643,0.5736745,123.56782,0.6547001,0.6177006,1.1379883,0.32230285,0.626932,28.875744,AVARAGE
50,3.1306105,-0.24636878,0.0922552,6.275272,0.45640206,0.4501989,0.557645,0.32912332,0.6397962,3.7795374,0.6345596,0.122337945,0.8515358,0.70541847,0.73734444,0.61045414,inf,0.70541847,0.73734444,0.4699915,0.24100329,0.7214922,-0.6345596,0.19607295,0.16250615,0.53591365,-0.047677957,0.5691897,-0.097136766,0.567055,0.6489267,0.085714765,0.3332992,0.44883975,0.73027146,6.627842,4.779537,0.010151896,0.403773,0.5938089,144.19237,0.70995104,0.62091583,1.1092572,0.21645334,0.66949046,28.476858,AVARAGE
51,2.8519437,-0.25659117,0.1010301,6.013544,inf,0.440623,0.53759444,0.3228077,0.61686915,3.4486775,0.6057687,0.13781588,0.84424466,0.6997542,0.8530099,0.5865832,0.86427057,0.6997542,0.8530099,0.44980836,0.22373694,0.69815564,-0.6057687,0.20061715,0.16248645,0.5365913,-0.04283174,0.5500701,-0.101563014,0.55081594,0.5967879,0.09597664,0.34978473,0.45496365,0.73379195,6.157242,4.448677,2.075125,-inf,0.574519,139.4349,0.6885536,0.5994898,1.0997037,0.25232035,0.6438988,28.110445,
52,3.0458918,-0.25464395,0.1027343,6.290259,0.47364515,0.44784823,0.5218641,0.3385577,0.62782985,3.714957,0.62329876,0.1280621,0.8190835,0.703968,0.89352584,0.5957667,inf,0.703968,0.89352584,0.45436424,0.24488735,0.7066634,-0.62329876,0.16208734,0.15348178,0.53804713,-0.07694292,0.55663806,-0.092689544,0.55819756,0.6690526,0.090198964,0.33350018,0.43283194,0.74964356,6.443686,4.7148886,-0.33927608,0.43134716,0.58208525,113.138535,0.68608695,0.61482143,1.1767578,0.23034124,0.64545774,28.385424,AVARAGE
53,3.3952043,-0.23888208,0.093969025,6.7306743,0.47061512,0.46824434,0.5638289,0.3407998,0.6594772,4.0925794,0.6509918,0.12097676,0.8609525,0.7290258,0.8929037,0.6277067,0.9606797,0.7290258,0.8929037,0.4825735,0.25369495,0.7326576,-0.6509918,0.17948201,0.15614155,0.5541224,-0.05761046,0.58066434,-0.09291527,0.5824906,0.6974374,0.08587806,0.33617422,0.44118124,0.73997283,6.931739,5.092579,0.38829744,0.391621,0.60912937,132.93575,0.71882755,0.64962536,1.1300561,0.21317735,0.6868192,29.498608,AVARAGE
54,2.9115875,-0.26680917,0.09428653,6.5011306,inf,0.41559806,0.531457,0.305257,0.59367394,3.5682826,0.61697334,0.123316474,0.7239992,0.6488877,0.52711844,0.56668335,inf,0.6488877,0.52711844,0.44775125,0.24172615,0.69040656,-0.61697334,0.16658126,0.13284051,0.50657487,-0.031916615,0.5377206,-0.07838117,0.53324276,0.6567625,0.090984635,0.31706652,0.42241326,0.7844252,5.9962983,4.568283,0.926868,-inf,0.55567795,125.20133,0.68342245,0.5716909,1.0740569,0.23076336,0.6207631,26.228691,AVARAGE
55,3.001889,-0.24825388,0.10494221,6.037169,0.44472644,0.45715785,0.5330608,0.3412467,0.63652426,3.6355464,0.6198434,0.13487425,0.8303798,0.7212772,0.94172627,0.60461235,0.8766041,0.7212772,0.94172627,0.45732486,0.23589039,0.70954096,-0.6198434,0.17919809,0.15888579,0.55166686,-0.06330051,0.5626835,-0.10181301,0.56587917,0.63365746,0.09450895,0.34850377,0.4480591,0.7364741,6.3154144,4.6355467,0.66092026,0.50013226,0.5908157,123.70097,0.6925355,0.62668246,1.1443294,0.25642186,0.66152406,29.04408,AVARAGE
56,3.3905287,-0.25293508,0.09632294,7.5170865,0.4760577,0.44203836,0.53131324,0.33657038,0.62918323,4.0865936,0.6442229,0.118215494,0.8478938,0.69232774,0.784227,0.5990908,inf,0.69232774,0.784227,0.4766121,0.25160742,0.7234597,-0.6442229,0.14771754,0.14917196,0.52448946,-0.08882678,0.56370664,-0.085841335,0.5596907,0.6959886,0.08245106,0.3236884,0.43796143,0.7594767,6.8276234,5.086517,0.15783685,0.36794907,0.58414876,112.421005,0.6993249,0.6089525,1.206653,0.20031436,0.6596644,27.952879,AVARAGE
57,2.9160016,-0.2660737,0.09679472,6.527952,0.4378506,0.4140854,0.5301508,0.30578655,0.5898839,3.4992008,0.6147085,0.12574737,0.75069475,0.6456706,0.47231716,0.5633398,0.8797111,0.6456706,0.47231716,0.4617085,0.22092152,0.68818694,-0.6147085,0.1621647,0.12826106,0.508174,-0.02643839,0.53643775,-0.079630494,0.5297283,0.5831993,0.094088614,0.33207288,0.45231348,0.7870809,5.7998357,4.499201,1.2130196,0.47184882,0.5541608,117.30757,0.6823122,0.57198346,1.0648506,0.24218835,0.6268959,26.111471,AVARAGE
58,3.0141637,-0.27607214,0.10037992,6.884273,inf,0.3956777,0.5006003,0.30352703,0.5694813,3.6121936,0.6144281,0.120368496,0.7075766,0.6109077,0.32698992,0.5453125,inf,0.6109077,0.32698992,0.46024027,0.22421402,0.6741007,-0.6144281,0.117627,0.10784689,0.48966494,-0.048822973,0.5222366,-0.060538728,0.5133675,0.5982745,0.09399486,0.3179087,0.43341777,0.83001286,5.7651505,4.612193,-0.7791136,-inf,0.5362889,104.96554,0.6623581,0.54666513,1.1164172,0.22096677,0.59752256,24.795149,AVARAGE
59,3.608314,-0.25557366,0.09894402,8.055205,0.4396064,0.42669854,0.5258438,0.330455,0.613624,4.233893,0.6458986,0.116771884,0.84969085,0.66078335,0.54287815,0.5872319,0.8778824,0.66078335,0.54287815,0.49719527,0.23103268,0.7137816,-0.6458986,0.11885659,0.12428967,0.5137669,-0.08049468,0.5556033,-0.07302125,0.5483064,0.6255792,0.087068364,0.33010596,0.4565166,0.80805904,6.6420546,5.2338934,2.1375248,0.38134575,0.57291025,83.759926,0.6931381,0.58956665,1.192335,0.18996952,0.65812325,26.790052,HEALTHY
60,2.0405004,-0.27947915,0.1311033,4.155101,0.40088105,0.41327313,0.46081984,0.32305205,0.56251884,2.517568,0.5297714,0.16956878,0.7031532,0.67050827,0.78284687,0.53477895,0.68661106,0.67050827,0.78284687,0.3865296,0.18803377,0.6331495,-0.5297714,0.18759395,0.1592753,0.5345118,-0.051291108,0.50338966,-0.118360825,0.50898296,0.4771455,0.12123866,0.37113994,0.45454365,0.7334796,4.857496,3.5175202,1.2991357,0.721055,0.53000885,105.39487,0.61731875,0.5511338,1.1172639,0.34216434,0.5746296,26.729597,AVARAGE
61,2.9062235,-0.24213868,0.11116519,5.3242755,inf,0.47961998,0.53182983,0.3569108,0.65675527,3.4930236,0.61179906,0.1433413,0.91951656,0.7597972,1.1921579,0.621388,0.794121,0.7597972,1.1921579,0.45815474,0.22232795,0.70952237,-0.61179906,0.19655441,0.1749893,0.57862103,-0.07009768,0.56983656,-0.11015879,0.5805166,0.5868642,0.09900984,0.37327865,0.46593228,0.7086171,6.3800035,4.4930234,1.1165909,-inf,0.605674,151.99202,0.6910756,0.6558488,1.1591042,0.26415104,0.6657494,30.54993,AVARAGE
62,3.141807,-0.2564131,0.093887396,6.604907,inf,0.41987035,0.5390766,0.3150023,0.60712,3.8220503,0.6291955,0.11856907,0.716658,0.65351486,0.4330977,0.5823674,0.94270176,0.65351486,0.4330977,0.4599809,0.24846993,0.70685256,-0.6291955,0.16291878,0.14190829,0.5070618,-0.05159749,0.5520922,-0.090448454,0.54200506,0.6802561,0.08720728,0.31006563,0.42855874,0.76234394,6.394502,4.82205,-26.94106,-inf,0.5688269,135.65067,0.69489896,0.5820452,1.1184739,0.22173023,0.6544453,26.445738,AVARAGE
63,2.4197876,-0.26699668,0.11906271,5.196406,0.4456183,0.437406,0.4865714,0.33833918,0.5990905,3.0087957,0.57253325,0.15400746,0.7756069,0.7065318,1.0152113,0.5672162,inf,0.7065318,1.0152113,0.40984902,0.22075848,0.675125,-0.57253325,0.18448472,0.16811857,0.54226786,-0.07654701,0.5325186,-0.11691729,0.53796196,0.58901876,0.104861856,0.35723937,0.4443545,0.72758055,5.60715,4.0087957,0.8118124,0.58991516,0.559235,98.97281,0.6516953,0.5864415,1.1742442,0.3087386,0.6104802,28.210184,AVARAGE
64,2.431327,-0.26309398,0.10679302,4.967769,0.41858804,0.42674962,0.5215929,0.31605557,0.5970479,2.966162,0.57368976,0.14791639,0.78014606,0.6854603,0.6992387,0.5693243,inf,0.6854603,0.6992387,0.42259657,0.20670468,0.67814904,-0.57368976,0.22144222,0.17226432,0.529191,-0.03349541,0.5358378,-0.118648894,0.5352347,0.5348452,0.102441445,0.35390618,0.46395752,0.7158096,5.599193,3.966162,-8.702195,0.5744998,0.55977315,124.21899,0.6699137,0.5756937,1.0764971,0.2944823,0.62483,27.423975,AVARAGE
65,2.8031275,-0.27537596,0.09523418,6.2485495,-inf,0.40845135,0.52000123,0.299975,0.58072484,3.4131927,0.6062708,0.12410315,0.74856764,0.6377961,0.55524224,0.55300456,inf,0.6377961,0.55524224,0.44515312,0.22801329,0.67686015,-0.6062708,0.16406114,0.12963137,0.5007289,-0.02882952,0.5260322,-0.07173236,0.52217245,0.6102963,0.09228479,0.32232696,0.4299046,0.7905562,5.8273363,4.4131927,0.14996889,inf,0.5435946,144.77809,0.67127293,0.56141907,1.0668254,0.22523008,0.59219664,25.779383,AVARAGE
66,2.724559,-0.28432083,0.09967181,6.101442,,0.3898306,0.5010097,0.2889303,0.55492866,3.321161,0.59160155,0.12690723,0.668195,0.60455835,0.4024672,0.5290295,inf,0.60455835,0.4024672,0.43378377,0.22253737,0.65203786,-0.59160155,0.13844538,0.10735688,0.48898575,-0.018837178,0.506993,-0.061060086,0.50103027,0.5967959,0.09918548,0.3169799,0.41809207,0.8277251,5.4383407,4.3211613,-1.887497,,0.5226296,145.19984,0.65107775,0.5367604,1.050096,0.23386762,0.57466006,24.496885,
67,3.5920947,-0.26072946,0.087685734,8.080807,0.50548154,0.41854715,0.5359877,0.314735,0.60766155,4.349283,0.6598304,0.1034705,0.73880106,0.64191985,0.4852956,0.58043236,inf,0.64191985,0.4852956,0.48324326,0.26806006,0.71606386,-0.6598304,0.111837864,0.111659676,0.49688178,-0.06507237,0.55317265,-0.059394296,0.5424635,0.7573173,0.07833461,0.2942778,0.41008905,0.82259226,6.724429,5.3492837,1.3659697,0.32700393,0.5670814,116.5629,0.69960225,0.58512616,1.1514523,0.17478722,0.64499515,26.118263,HEALTHY
68,3.1275542,-0.25141418,0.10064827,6.4241314,0.46349505,0.45598093,0.5354784,0.335405,0.6355095,3.797686,0.6303255,0.12789495,0.8289706,0.7118177,0.921889,0.6024732,inf,0.7118177,0.921889,0.46308297,0.24475273,0.70772547,-0.6303255,0.16255566,0.14337023,0.548488,-0.056455236,0.56000775,-0.08505856,0.5641613,0.6702504,0.09250709,0.34077868,0.43348417,0.76610106,6.405696,4.797686,2.0641594,0.4486288,0.58821714,163.96362,0.6935904,0.6293087,1.1325463,0.23063916,0.6515721,28.77437,AVARAGE
69,2.8858588,-0.26898444,0.096319005,6.4246626,0.47564787,0.41627324,0.5181913,0.31073788,0.5922273,3.5107627,0.61421585,0.12277147,0.76635516,0.6518463,0.5806364,0.56437165,inf,0.6518463,0.5806364,0.45121652,0.23234902,0.68883383,-0.61421585,0.15844335,0.13575006,0.50544673,-0.047958717,0.5360789,-0.07823596,0.53022665,0.6250078,0.0891735,0.3231503,0.4365606,0.77898794,5.9846497,4.5107627,0.5910263,0.41377074,0.55417633,129.9294,0.6761621,0.5728006,1.1097933,0.22699215,0.61413527,26.32031,AVARAGE
70,3.114207,-0.2503681,0.105375476,6.1362553,inf,0.45719922,0.521289,0.34618196,0.6362799,3.7446518,0.6277716,0.12793185,0.83996093,0.714119,0.9159671,0.60353667,inf,0.714119,0.9159671,0.467662,0.23474167,0.7070406,-0.6277716,0.14941582,0.14337467,0.5493597,-0.07255694,0.5611465,-0.08638247,0.5646078,0.63067764,0.092177525,0.34601524,0.4475819,0.76269776,6.296143,4.744652,0.7208656,-inf,0.58983487,142.29906,0.68659705,0.6321336,1.1690722,0.2384967,0.65030164,28.8611,AVARAGE
71,2.8698347,-0.2814426,0.095935896,6.72084,inf,0.40215304,0.507771,0.29438204,0.5683608,3.5336528,0.6148177,0.12109219,0.6801828,0.6207104,0.48589623,0.54084563,inf,0.6207104,0.48589623,0.44368666,0.2415025,0.66751224,-0.6148177,0.12160962,0.095744066,0.49655822,-0.021630496,0.5170388,-0.04933934,0.5120848,0.66397405,0.09441242,0.3143451,0.4102925,0.85371,5.566473,4.533653,0.05884921,-inf,0.53394485,113.718925,0.66276854,0.55730945,1.0583988,0.22924253,0.57649976,25.195938,AVARAGE
72,2.639489,-0.30140486,0.0945122,6.7405014,inf,0.36130178,0.48817196,0.26813826,0.51996857,3.2525198,0.59052116,0.120242044,0.5972284,0.5582515,0.21208525,0.49638006,inf,0.5582515,0.21208525,0.4261895,0.22717156,0.6370992,-0.59052116,0.11415442,0.08248901,0.45718655,-0.00599753,0.48620212,-0.040098175,0.47445658,0.6131648,0.09589156,0.29822335,0.40225604,0.87891823,5.093276,4.25252,2.2805858,-inf,0.49430516,105.16557,0.6389193,0.4975744,1.0244316,0.22962643,0.53146267,22.651716,AVARAGE
73,3.231048,-0.25600204,0.09341907,6.960282,0.46731082,0.43059105,0.53585136,0.3225897,0.6171968,3.8964984,0.6406647,0.11509514,0.7768606,0.66799283,0.5517321,0.5898499,inf,0.66799283,0.5517321,0.47496215,0.24470933,0.7128355,-0.6406647,0.14891794,0.13501227,0.51495427,-0.059128772,0.5565261,-0.08027497,0.54989046,0.66547525,0.08436325,0.31820375,0.4390965,0.77916795,6.4316983,4.8964987,1.0254037,0.39689004,0.57578677,134.50542,0.6970765,0.59817326,1.1340905,0.21190318,0.6500442,27.064737,HEALTHY
74,3.4086113,-0.2613738,0.09575813,7.7988048,inf,0.4279442,0.51969105,0.32796866,0.6114686,4.0896745,0.64145905,0.114595786,0.8148753,0.66707194,0.68866503,0.58217055,inf,0.66707194,0.68866503,0.47748524,0.2458219,0.7114262,-0.64145905,0.1279486,0.13160752,0.50993985,-0.08426371,0.5519151,-0.074286826,0.54546607,0.6813806,0.082003616,0.31735688,0.43690848,0.79651606,6.625453,5.089675,-0.18660066,-inf,0.56947947,133.88878,0.6881949,0.5905553,1.1957668,0.19800018,0.6315156,26.980364,HEALTHY
75,2.7835703,-0.25598186,0.10094962,5.6394124,0.40430126,0.43690053,0.5375564,0.32228646,0.61488366,3.304145,0.5971759,0.13853739,0.89439684,0.69665086,0.75337553,0.5863764,inf,0.69665086,0.75337553,0.4559213,0.20203753,0.6965116,-0.5971759,0.21540087,0.1705927,0.5321597,-0.03960804,0.54998523,-0.109248936,0.54833555,0.5205847,0.09525915,0.35975167,0.48459128,0.72204816,6.052978,4.304145,0.42022002,0.4834739,0.574045,129.61232,0.68659157,0.5933512,1.0913508,0.25342774,0.64394295,27.945162,AVARAGE
76,2.654069,-0.26201007,0.10331459,5.3858128,inf,0.43024915,0.5335974,0.30894762,0.59882516,3.191027,0.5941865,0.14147405,0.7584667,0.6766252,0.636529,0.57125163,-inf,0.6766252,0.636529,0.44629186,0.20764722,0.6766869,-0.5941865,0.19061522,0.13798057,0.5351258,-0.005581386,0.5363262,-0.09320302,0.53657186,0.536958,0.10488516,0.35715052,0.4633725,0.76883394,5.512191,4.191027,-0.11345632,-inf,0.5617626,152.387,0.6773063,0.59127605,1.0207442,0.28738558,0.6253272,27.277996,AVARAGE
77,2.5415378,-0.2726921,0.114236034,5.6537967,0.4583787,0.41413087,0.48340857,0.32018983,0.57763106,3.1511896,0.5895371,0.13943465,0.65217906,0.6516634,0.5972819,0.5500041,inf,0.6516634,0.5972819,0.42220935,0.22913826,0.6665435,-0.5895371,0.13859172,0.12740587,0.5181072,-0.057032015,0.5225903,-0.08941126,0.5210471,0.6097139,0.103976324,0.33221456,0.42573637,0.78881186,5.3433595,4.1511893,0.24125065,0.573062,0.5436534,111.1074,0.64926004,0.56756747,1.1300446,0.28645518,0.6022796,26.266184,AVARAGE
78,2.1534216,-0.2769514,0.12592007,4.3090477,0.44696283,0.42216146,0.4826322,0.3109926,0.5674445,2.7125766,0.55126506,0.16586533,0.60818243,0.66937226,0.7518339,0.5397144,0.8592909,0.66937226,0.7518339,0.3882896,0.21400112,0.6319791,-0.55126506,0.1663617,0.123959646,0.54862964,-0.010545427,0.50525373,-0.09811971,0.51307786,0.55919707,0.12646812,0.36261195,0.42145458,0.7915201,4.743076,3.7125766,-1.413376,0.704997,0.53503996,106.462746,0.6311698,0.574815,1.0333023,0.34282985,0.5774066,26.905579,AVARAGE
79,3.1494012,-0.24095207,0.09622959,6.178094,0.47077617,0.46717373,0.5577411,0.34121394,0.65450734,3.8187628,0.6359146,0.12717341,0.87003195,0.73460597,0.98229414,0.62123275,0.9002783,0.73460597,0.98229414,0.46769828,0.24635677,0.7265293,-0.6359146,0.19800192,0.16693449,0.55468315,-0.055774055,0.5764532,-0.1042629,0.57888895,0.6693611,0.087509416,0.34186167,0.44715092,0.72671866,6.7013993,4.8187623,3.5178542,0.4021375,0.6051952,148.23352,0.71237624,0.6427052,1.1262506,0.23273575,0.68087935,29.616985,AVARAGE
80,3.241525,-0.24507338,0.08832678,6.522517,0.46530887,0.45144683,0.57168084,0.32447284,0.64190125,3.9069214,0.6431262,0.119065456,0.84329695,0.70377964,0.7286805,0.61220723,inf,0.70377964,0.7286805,0.47726512,0.2454214,0.72487026,-0.6431262,0.19650637,0.15375692,0.53609174,-0.03045089,0.5714544,-0.0924226,0.5687195,0.6653963,0.084644854,0.33070529,0.44674024,0.74740493,6.6800923,4.906921,-5.15064,0.38493976,0.59577525,149.78976,0.7183421,0.62508065,1.0726497,0.21307129,0.674837,28.463636,AVARAGE
81,3.592555,-0.2315978,0.08703644,6.9454036,0.4747455,0.47070494,0.5828456,0.34290713,0.6727559,4.29976,0.6656657,0.11292577,0.9157328,0.7318915,0.8171945,0.6425795,0.9417212,0.7318915,0.8171945,0.49763983,0.25758058,0.750323,-0.6656657,0.19378354,0.16808067,0.54896635,-0.061491705,0.59393483,-0.096944444,0.59156984,0.7072049,0.07826143,0.3286753,0.44857657,0.7214258,7.394809,5.2997594,1.1472529,0.31174034,0.620631,136.64911,0.73580414,0.65441674,1.1388358,0.1779693,0.70879,29.628868,HEALTHY
82,2.7130017,-0.26320928,0.100349,5.975175,0.46305355,0.4356349,0.52289593,0.32232812,0.608963,3.3507025,0.60544425,0.13428056,0.7944381,0.6925282,0.8377924,0.578051,inf,0.6925282,0.8377924,0.43591943,0.2352941,0.69460016,-0.60544425,0.18674372,0.15526105,0.5281116,-0.049627196,0.5442361,-0.09791793,0.54433453,0.6377626,0.09247677,0.3375032,0.4402853,0.7502766,5.9559093,4.3507023,0.4873685,0.47688228,0.56768805,123.48526,0.68018585,0.5925241,1.11328,0.25944373,0.62277395,27.810246,AVARAGE
83,2.8439765,-0.26511082,0.10448307,6.405703,0.47389188,0.42590982,0.50756776,0.32398584,0.5989213,3.5044854,0.61204535,0.13046323,0.72431046,0.6704271,0.69238865,0.569824,inf,0.6704271,0.69238865,0.44127026,0.24117774,0.6909429,-0.61204535,0.148052,0.13647062,0.5197596,-0.06393252,0.5396485,-0.08967043,0.5369893,0.6605085,0.0938498,0.3272587,0.4299411,0.7795775,5.9035044,4.504485,1.6856656,0.48148745,0.56038666,114.74588,0.6724706,0.5838508,1.1466997,0.25898486,0.624693,27.019127,
84,3.1131542,-0.2411126,0.10763775,6.083918,inf,0.47493333,0.52810705,0.36430845,0.65912896,3.7639425,0.6272757,0.1339866,0.9040138,0.75276536,1.1295496,0.6243349,0.88126653,0.75276536,1.1295496,0.46360555,0.23985171,0.7239198,-0.6272757,0.1776189,0.1749424,0.5647608,-0.097041294,0.5761955,-0.11005379,0.5824386,0.6507883,0.08983641,0.3524836,0.4546085,0.7161158,6.719224,4.7639422,-0.018361965,-inf,0.60793096,153.00165,0.69665194,0.64890116,1.2260585,0.2453839,0.6755733,30.261473,AVARAGE
85,3.356283,-0.24675526,0.09488425,6.967867,0.4701089,0.44639927,0.54567015,0.33425197,0.6364346,4.0408573,0.6464904,0.1178319,0.80610895,0.69469583,0.6790842,0.6077683,inf,0.69469583,0.6790842,0.479565,0.24980858,0.72402495,-0.6464904,0.15611143,0.14354496,0.53097427,-0.065775976,0.5691481,-0.08849637,0.5647487,0.6845744,0.08457496,0.32495824,0.4413517,0.76477,6.659342,5.0408573,0.9296867,0.3953651,0.5917704,151.80641,0.7068952,0.6189818,1.1508497,0.21760029,0.6730781,28.114239,AVARAGE
86,3.1208642,-0.24001499,0.104098715,6.0519733,0.45712316,0.47411457,0.53918046,0.35612938,0.6591824,3.7676547,0.6296746,0.13296664,0.8974659,0.7490638,1.0523258,0.62570125,0.88884974,0.7490638,1.0523258,0.4654848,0.2390864,0.7244576,-0.6296746,0.18479015,0.17025302,0.56455636,-0.079640016,0.5771177,-0.10930754,0.58264494,0.6468511,0.09044178,0.35323945,0.4562322,0.7254784,6.641211,4.7676544,2.482597,0.42990083,0.60877913,150.11118,0.7024697,0.64919734,1.1866645,0.2446383,0.67850304,30.147871,HEALTHY
87,2.9402003,-0.25083786,0.10269255,6.2203703,0.44004196,0.4492229,0.5281652,0.34333882,0.6314314,3.554863,0.61426616,0.13362764,0.8803556,0.7171086,0.9087688,0.60008013,0.8660388,0.7171086,0.9087688,0.4542686,0.22901772,0.71598816,-0.61426616,0.19347022,0.17703809,0.53783274,-0.08183844,0.56263065,-0.11639994,0.56189716,0.61466306,0.088609874,0.34526178,0.464629,0.71704847,6.434521,4.5548635,1.2451004,0.4476925,0.58685803,140.9595,0.692031,0.60952115,1.1938636,0.24575436,0.6616976,28.754086,AVARAGE
88,3.5887291,-0.25116915,0.08398325,8.305048,0.48016205,0.4265749,0.5551438,0.32280836,0.62515235,4.323708,0.6624327,0.104378656,0.8215123,0.6644167,0.49585956,0.59941846,1.0601783,0.6644167,0.49585956,0.48914152,0.26278245,0.74193347,-0.6624327,0.15852948,0.15356985,0.4988069,-0.083404936,0.57063645,-0.09000339,0.55664283,0.7350505,0.072232,0.29900977,0.43771023,0.75264317,7.18836,5.3237085,-0.15931027,0.30629915,0.58301437,107.006775,0.7194478,0.59127355,1.1931423,0.16775982,0.67883915,26.880363,AVARAGE
89,3.537845,-0.25187364,0.08669821,8.075737,0.47069284,0.42750248,0.5517629,0.32298732,0.6233734,4.2351284,0.65414345,0.10843963,0.8346341,0.6669993,0.50780976,0.59747237,0.9930139,0.6669993,0.50780976,0.48756358,0.25233483,0.73463976,-0.65414345,0.16107778,0.15230028,0.5029961,-0.07728351,0.56738067,-0.09077621,0.55498767,0.69728327,0.07549368,0.30768958,0.4459984,0.7534471,7.0280037,5.2351284,1.634494,0.31950754,0.58149517,103.252014,0.71416897,0.59165114,1.1759433,0.17396274,0.67356426,26.967985,AVARAGE
90,2.2977042,-0.26826903,0.109337285,4.7027583,0.4093902,0.41818574,0.51387805,0.31178552,0.5841519,2.8131695,0.56059617,0.1523032,0.75868374,0.67361397,0.66919374,0.5568826,0.7438885,0.67361397,0.66919374,0.4110139,0.20049162,0.6649336,-0.56059617,0.22193122,0.16907379,0.5247028,-0.02468829,0.5256713,-0.11986903,0.52514213,0.5154654,0.10651702,0.3543125,0.46187848,0.7215374,5.3716826,3.8131695,0.9495564,0.6069349,0.54900444,151.01614,0.65942526,0.56182814,1.0664283,0.29806647,0.6109257,26.92259,
91,2.9228334,-0.24383995,0.1066475,5.5614305,0.44493693,0.46861124,0.5379957,0.34879604,0.64923674,3.5526276,0.61315954,0.1399534,0.86512285,0.74320716,1.0661173,0.615927,0.8530059,0.74320716,1.0661173,0.4504027,0.23407763,0.7118522,-0.61315954,0.20254552,0.17674543,0.564714,-0.06631655,0.568264,-0.1140823,0.57493687,0.6297261,0.09610282,0.35532385,0.45107472,0.7095261,6.4755054,4.5525594,-1.5739725,0.4987821,0.6001073,139.47525,0.69471955,0.63923645,1.1554431,0.25811306,0.66727674,29.870697,AVARAGE
92,3.0368845,-0.23915586,0.10391311,5.739524,0.47156867,0.47760946,0.5461679,0.3512334,0.6603513,3.6928563,0.6294817,0.13409258,0.85805416,0.7509371,1.088158,0.62558204,0.8924747,0.7509371,1.088158,0.4618358,0.24298783,0.7208253,-0.6294817,0.18996683,0.16559415,0.5712023,-0.062087264,0.5763683,-0.105955444,0.5838388,0.65598506,0.09359286,0.35342407,0.44728693,0.7255655,6.4982524,4.692857,0.28746518,0.42730218,0.60965824,143.28731,0.7044254,0.65726364,1.1400104,0.2556539,0.6785867,30.276554,AVARAGE
93,2.5855277,-0.24831192,0.1237421,4.773539,0.43241814,0.4700175,0.49984324,0.36522248,0.6398248,3.1599329,0.5855179,0.1564151,0.84950674,0.7547862,1.1472541,0.60633135,0.8066157,0.7547862,1.1472541,0.42760262,0.21871886,0.6928931,-0.5855179,0.19156691,0.18009377,0.5764576,-0.08766436,0.5571698,-0.12569559,0.56810385,0.5744054,0.10644013,0.3753644,0.4598761,0.70440304,5.941208,4.159933,1.5090789,0.58042556,0.59286773,133.60916,0.6666779,0.63495547,1.2011299,0.30717683,0.64847225,30.20005,AVARAGE
94,2.8593736,-0.25258926,0.0992997,6.0147276,0.44391584,0.447119,0.54301447,0.32827288,0.62651294,3.4648213,0.6110993,0.13597769,0.8606445,0.7115629,0.8879137,0.5957378,inf,0.7115629,0.8879137,0.45199698,0.22685339,0.708122,-0.6110993,0.20940523,0.17086697,0.5396918,-0.048713826,0.55787426,-0.109316915,0.55819184,0.60544795,0.092572816,0.3488903,0.46007633,0.7231799,6.2799196,4.4648213,0.56950253,0.46136025,0.5828468,125.91517,0.6957455,0.6081261,1.1128439,0.25383484,0.65441865,28.563334,UNHEALTHY
95,2.28174,-0.28235632,0.11022221,5.053631,0.4406984,0.3931718,0.4887655,0.29689398,0.5515602,2.8288193,0.56604844,0.1432687,0.62055695,0.6216615,0.39623782,0.5267393,0.8847849,0.6216615,0.39623782,0.40808922,0.21062765,0.64519507,-0.56604844,0.16310114,0.12494974,0.5008673,-0.017753115,0.5049825,-0.09167612,0.49963894,0.54712313,0.10769554,0.3332602,0.43667796,0.7917609,4.9156585,3.8288193,-2.6159697,0.6014159,0.5232385,114.956436,0.6408662,0.53705776,1.0475309,0.299763,0.5783707,25.013235,AVARAGE
96,2.9872906,-0.25657243,0.097078554,6.297519,0.46547854,0.44232744,0.5347097,0.3271376,0.622409,3.6366458,0.62665737,0.124166325,0.79439783,0.69180626,0.7556405,0.5917217,inf,0.69180626,0.7556405,0.4589819,0.24096385,0.70555407,-0.62665737,0.16870454,0.1439359,0.5313305,-0.04928556,0.55453736,-0.08738833,0.5540093,0.6493548,0.089003034,0.33139223,0.43865526,0.76366585,6.2114263,4.636646,265.32965,0.43360078,0.5788087,121.95945,0.6924116,0.61056,1.1134397,0.23518755,0.6400458,27.946182,HEALTHY
97,3.1290925,-0.26650235,0.09249543,7.1147246,0.49450967,0.42130747,0.52347755,0.31363642,0.60138017,3.824066,0.63749427,0.113958605,0.72873724,0.65240633,0.5563024,0.57331735,inf,0.65240633,0.5563024,0.46362382,0.25225964,0.7004685,-0.63749427,0.13257001,0.11834538,0.5059561,-0.051680766,0.5437104,-0.06476932,0.53747714,0.69503164,0.08464862,0.31054765,0.42098173,0.8126082,6.161588,4.824066,0.8748986,0.39379615,0.5617507,135.89943,0.68587965,0.5851145,1.1186903,0.21887353,0.6139647,26.450848,AVARAGE
98,2.8530364,-0.26282823,0.0995514,6.2445903,0.44499224,0.43441412,0.52885944,0.31804392,0.6066487,3.4450276,0.61087996,0.13196902,0.8068311,0.68402684,0.78483176,0.5757878,inf,0.68402684,0.78483176,0.4550022,0.22260089,0.69153315,-0.61087996,0.17549777,0.13969146,0.528902,-0.033856943,0.5427313,-0.08657378,0.5427518,0.5920453,0.09448786,0.34527773,0.45473066,0.7745567,5.869155,4.4450274,-0.41653028,0.47420195,0.5661958,119.31643,0.68261564,0.59533715,1.0803627,0.25656617,0.6265299,27.56409,
99,2.5833259,-0.2900157,0.095217995,6.2436824,0.4656855,0.37768874,0.50340885,0.27690795,0.53977674,3.1636825,0.5931334,0.12374585,0.6243332,0.58580756,0.2699219,0.5150837,inf,0.58580756,0.2699219,0.43371004,0.21976185,0.64981914,-0.5931334,0.13762473,0.09631665,0.47455984,0.0011636999,0.50068665,-0.05806421,0.48998737,0.580406,0.09687112,0.31207255,0.42610836,0.8466994,5.093233,4.1636825,-1.2066073,0.49048188,0.5124489,128.33488,0.65199816,0.5219839,1.0077806,0.25127184,0.5626395,23.736313,AVARAGE
100,3.2667704,-0.25548053,0.08944519,7.129893,0.46330386,0.42613637,0.5420362,0.31911135,0.61621875,3.9066665,0.6466873,0.11037637,0.80972534,0.6603064,0.4852549,0.5894937,inf,0.6603064,0.4852549,0.48595563,0.23894593,0.7184852,-0.6466873,0.15249844,0.13663532,0.5065961,-0.057051938,0.55882525,-0.077672236,0.54898095,0.6398959,0.080459684,0.3169518,0.4504502,0.77420664,6.4773145,4.9066663,0.930719,0.3506127,0.5755934,144.43472,0.7030308,0.59296685,1.1268427,0.19584052,0.65617687,26.76485,AVARAGE
101,3.2939172,-0.26429173,0.09041201,7.5798717,0.47917193,0.4181713,0.5266278,0.31299138,0.6019603,3.9678564,0.64820886,0.1084355,0.752972,0.643928,0.475857,0.5744435,inf,0.643928,0.475857,0.4811199,0.24734297,0.7077468,-0.64820886,0.120443195,0.11293005,0.49983668,-0.056543827,0.54736084,-0.061895233,0.53830457,0.67406905,0.08166542,0.3097721,0.43227643,0.81808436,6.2513785,4.9678564,0.08277896,0.3667128,0.5629717,142.81638,0.69148916,0.5838736,1.1264439,0.20116773,0.63079596,26.161081,
102,3.2401888,-0.2663956,0.091890305,7.4362226,0.46043736,0.4162782,0.5301047,0.30863306,0.5951932,3.8693035,0.6369289,0.11456831,0.76041836,0.6434033,0.50387365,0.56741285,inf,0.6434033,0.50387365,0.4788296,0.2338278,0.69766045,-0.6369289,0.12953727,0.10969066,0.5026653,-0.037108637,0.54109734,-0.06486753,0.5331999,0.6291148,0.086387075,0.3202278,0.44372895,0.82815915,6.051557,4.8693037,0.1151202,0.39989418,0.5575739,130.46397,0.687923,0.57841927,1.0910958,0.21595694,0.62661,26.10394,AVARAGE
103,3.1355994,-0.28178182,0.08988047,7.8250003,inf,0.39649773,0.509545,0.29534563,0.56939465,3.7870424,0.6347755,0.10940224,0.720327,0.6092882,0.40307578,0.5425561,inf,0.6092882,0.40307578,0.46961653,0.23900965,0.6804284,-0.6347755,0.1024905,0.08770745,0.4813141,-0.034440048,0.52220434,-0.039300587,0.51257807,0.6514427,0.08482382,0.30652973,0.42299375,0.87730294,5.7923036,4.787042,0.5747925,-inf,0.53496504,115.17474,0.6708218,0.55098236,1.0874368,0.20155947,0.57922655,24.772549,AVARAGE
104,3.5338774,-0.2741551,0.08345204,9.088663,0.4873164,0.39459145,0.5294938,0.29539472,0.5784675,4.213233,0.657836,0.1004779,0.7436015,0.6036263,0.2634831,0.55411816,inf,0.6036263,0.2634831,0.49395865,0.2465163,0.70327485,-0.657836,0.09741812,0.08773046,0.47236764,-0.04195642,0.5360189,-0.0413712,0.5203022,0.6794926,0.0777762,0.29624096,0.43108615,0.87598586,6.2261844,5.213233,5.928939,0.3071388,0.54432285,111.69022,0.69164777,0.5517097,1.1034847,0.16971396,0.60897857,24.583553,AVARAGE
105,3.347835,-0.24591547,0.09048775,7.02135,0.45059577,0.44121262,0.5603183,0.326615,0.6347168,3.9957051,0.6434722,0.117838666,0.8838528,0.69052124,0.6723966,0.60678095,inf,0.69052124,0.6723966,0.48422518,0.23923877,0.72992295,-0.6434722,0.18863067,0.1640516,0.52368253,-0.06133602,0.5710199,-0.09677664,0.5639751,0.6480008,0.08247,0.32821384,0.45711768,0.729851,6.915548,4.995705,-0.292894,0.3538726,0.5904106,109.34247,0.7153123,0.6085791,1.1393433,0.18831973,0.6819476,27.887505,AVARAGE
106,3.096179,-0.24720311,0.109157816,6.2808366,0.46463853,0.46266335,0.51803327,0.35528412,0.6429793,3.7713027,0.6275198,0.13257487,0.8328473,0.72810215,0.9981316,0.6099646,inf,0.72810215,0.9981316,0.45748878,0.24646522,0.71481407,-0.6275198,0.15479356,0.15724637,0.5555799,-0.09332086,0.56620806,-0.101098396,0.5710938,0.6751362,0.09291659,0.3436337,0.43811342,0.74347776,6.4944773,4.771302,1.221651,0.45546457,0.59518504,124.063774,0.688457,0.63497186,1.2176148,0.24403726,0.66364974,29.346132,AVARAGE
107,2.7757113,-0.27465457,0.105398595,6.378837,0.44889084,0.40499398,0.49398667,0.3122212,0.5750587,3.3597524,0.5980206,0.13079706,0.760566,0.6379449,0.55302423,0.54801923,inf,0.6379449,0.55302423,0.442814,0.21915098,0.6752611,-0.5980206,0.14576672,0.13326615,0.5006926,-0.062235776,0.52412194,-0.08137702,0.5189014,0.5842042,0.09569867,0.33061755,0.4426591,0.78871244,5.7154293,4.359752,-0.37558448,0.4730631,0.5403681,104.36729,0.6579051,0.551838,1.1437874,0.23964846,0.6042436,25.703577,AVARAGE
108,2.9559257,-0.27051836,0.103322685,6.9141116,0.4780795,0.42061207,0.5003667,0.32001543,0.59257334,3.6300902,0.61886704,0.12639688,0.7204254,0.658696,0.6714942,0.5640285,inf,0.658696,0.6714942,0.44717738,0.24519995,0.6878623,-0.61886704,0.12805054,0.12249968,0.51302516,-0.06714111,0.53476906,-0.07273958,0.53208196,0.6741525,0.09241315,0.32225472,0.42028555,0.8084313,5.921685,4.6300244,0.1526906,0.48097375,0.5542125,120.39641,0.6679477,0.5777099,1.1514418,0.2463691,0.6012967,26.596073,AVARAGE
109,2.9220576,-0.25877485,0.10880779,6.1661625,0.48160937,0.4386925,0.5054834,0.3340596,0.6122354,3.606033,0.62006176,0.13061059,0.68981683,0.6840159,0.75131214,0.5820157,inf,0.6840159,0.75131214,0.44477925,0.2497619,0.69257694,-0.62006176,0.1312113,0.12636712,0.5357783,-0.06671908,0.54629767,-0.08471951,0.54755235,0.68401796,0.09708574,0.3283642,0.41755185,0.79253566,5.892978,4.605964,0.4255281,0.5074708,0.5712178,127.03266,0.6731876,0.6058805,1.1501162,0.26732588,0.63565665,27.662544,AVARAGE
110,2.7910116,-0.2553637,0.11512745,5.673875,0.46140173,0.45161495,0.5027645,0.346766,0.6224628,3.4310563,0.6045521,0.14261815,0.75773895,0.71491283,0.94197506,0.59081435,inf,0.71491283,0.94197506,0.4373198,0.23618333,0.69194937,-0.6045521,0.15615375,0.14853701,0.5528309,-0.07514742,0.5497558,-0.101779655,0.55519426,0.639979,0.10121599,0.34911802,0.4367524,0.75735235,5.918007,4.4309907,-0.70366555,0.5405064,0.5791247,122.59912,0.66972286,0.6167225,1.172932,0.28826803,0.638624,28.752983,AVARAGE
111,2.7479172,-0.2542789,0.11101802,5.4492836,0.4403018,0.45664245,0.5202568,0.33983216,0.6267441,3.348175,0.59845626,0.14544551,0.80950123,0.72533417,1.01107,0.5939367,inf,0.72533417,1.01107,0.43938562,0.22472583,0.6914381,-0.59845626,0.1857905,0.15766986,0.5586464,-0.052705336,0.55092424,-0.106551945,0.5581684,0.60025734,0.10200387,0.36004308,0.45155373,0.74129564,5.924118,4.348175,0.46096456,0.54621845,0.5820919,116.18455,0.67690045,0.6220825,1.1224066,0.287888,0.6392856,29.136213,UNHEALTHY
112,2.635496,-0.28749028,0.09640267,6.2693973,0.490827,0.38831586,0.50367004,0.28165892,0.55103105,3.298909,0.60392714,0.12263113,0.5824793,0.59685856,0.3067049,0.5257663,inf,0.59685856,0.3067049,0.42709348,0.2428983,0.6539542,-0.60392714,0.123443045,0.08816024,0.48679078,-0.0027402728,0.5055825,-0.04961858,0.49900118,0.6633418,0.09847489,0.30596322,0.39717636,0.860262,5.184364,4.2987905,-0.41566893,0.50587624,0.5207097,133.57755,0.6546347,0.54046637,1.0139092,0.2503217,0.5607873,24.265202,UNHEALTHY
113,2.271651,-0.29416874,0.1009847,5.416141,0.4512617,0.37743267,0.506307,0.26781896,0.5288659,2.832924,0.5657523,0.1406443,0.5743709,0.58992124,0.29754364,0.5049615,inf,0.58992124,0.29754364,0.40551445,0.21334393,0.6283198,-0.5657523,0.16278161,0.09868696,0.48832172,0.033568528,0.48795208,-0.067126565,0.4822604,0.5612201,0.11088904,0.3266943,0.4191702,0.8419011,4.6823044,3.8328712,2.156736,0.606275,0.50359094,103.78079,0.6422258,0.51774096,0.9452525,0.2914276,0.5463799,23.836168,
114,2.931783,-0.27288273,0.09031964,6.6687145,0.50603634,0.41784823,0.5251406,0.30541313,0.59414226,3.6462193,0.6258294,0.116544545,0.7352666,0.65056807,0.61685026,0.565298,inf,0.65056807,0.61685026,0.44373107,0.2564242,0.6908776,-0.6258294,0.15279473,0.12492463,0.50306785,-0.03809775,0.53558284,-0.06214803,0.53141665,0.7145429,0.08521973,0.3080916,0.40675557,0.8079751,6.1039157,4.6462193,0.029715324,0.39213142,0.5540702,130.34073,0.6809157,0.5762898,1.0882888,0.21390997,0.5905027,26.323881,AVARAGE
115,3.541856,-0.24590115,0.09292417,7.194561,0.48454967,0.45655018,0.548245,0.33919653,0.6475364,4.2588844,0.6556453,0.11332072,0.86443645,0.70706373,0.85521656,0.6153401,inf,0.70706373,0.85521656,0.48557004,0.25832704,0.72852707,-0.6556453,0.1503232,0.14477213,0.5380558,-0.07577301,0.5730549,-0.08089334,0.5725968,0.71702814,0.08150563,0.3224586,0.43029296,0.7653766,7.0705795,5.2588844,1.9252337,0.33069313,0.5978313,131.33887,0.71000534,0.63451326,1.1757964,0.17923972,0.67278975,28.665613,AVARAGE
116,3.1386359,-0.270338,0.09235297,7.549965,0.48287266,0.41481796,0.51960844,0.30927882,0.5931386,3.8228981,0.6363595,0.11389599,0.74338657,0.64313895,0.537469,0.56491524,inf,0.64313895,0.537469,0.46582875,0.24801199,0.6980833,-0.6363595,0.12777805,0.11512069,0.4993543,-0.05344082,0.53865033,-0.06248047,0.53172445,0.68433213,0.08453631,0.31106454,0.42482084,0.8220683,6.118053,4.8228984,1.5837022,0.39528602,0.5546554,159.37764,0.6830892,0.5745084,1.1207407,0.21257605,0.61178625,26.063465,AVARAGE
117,2.4850116,-0.2996109,0.101528205,6.625711,0.46334544,0.35897592,0.47062254,0.27870178,0.5184415,3.0758374,0.57916903,0.12658824,0.594737,0.56534034,0.21642983,0.49546188,inf,0.56534034,0.21642983,0.4173067,0.22139429,0.6434585,-0.57916903,0.12391046,0.105719954,0.4545288,-0.039159257,0.488745,-0.06578726,0.47410345,0.5907686,0.095552936,0.30074948,0.41888615,0.8375445,5.065153,4.0757804,0.84185195,0.5203787,0.4947067,72.00694,0.63218665,0.488708,1.0907192,0.25472224,0.5453724,22.779966,AVARAGE
118,3.272553,-0.25930482,0.09336336,7.2550654,0.46876574,0.42621443,0.53158766,0.3198381,0.6110784,3.9369721,0.639449,0.11496315,0.7915578,0.6616145,0.59559816,0.582756,inf,0.6616145,0.59559816,0.4753352,0.24424417,0.7100487,-0.639449,0.14349666,0.13329546,0.5104944,-0.06352475,0.5521314,-0.07541162,0.54613245,0.66441905,0.084280014,0.31708324,0.43460858,0.783626,6.471093,4.936894,-17.962027,0.38196528,0.5698309,118.79293,0.6937296,0.59028286,1.1457728,0.20177099,0.64437455,26.80019,AVARAGE
119,3.036994,-0.2632933,0.098320045,6.920588,0.4496694,0.4253527,0.52525055,0.31875896,0.60227,3.6648953,0.6182991,0.12692055,0.7980785,0.67071617,0.6987334,0.5732764,inf,0.67071617,0.6987334,0.4582278,0.23226778,0.70041865,-0.6182991,0.16385719,0.1443461,0.5149602,-0.05801989,0.54453206,-0.090851925,0.53951657,0.6280172,0.089607544,0.33064312,0.44827992,0.7657368,6.194028,4.6648955,0.45756733,0.44694695,0.56307304,104.05095,0.6848271,0.58265996,1.1331786,0.23326674,0.63401735,27.01368,AVARAGE
120,2.9451382,-0.25013468,0.10577375,5.827497,0.45329922,0.44844294,0.52260935,0.33728266,0.6276295,3.564564,0.62372136,0.13016021,0.7656475,0.6998842,0.72476226,0.5979672,0.8631276,0.6998842,0.72476226,0.46224985,0.23294188,0.7036162,-0.62372136,0.15373619,0.13960041,0.54390675,-0.058944836,0.55835235,-0.091509745,0.55875593,0.619426,0.09546386,0.3440229,0.44957548,0.76288575,5.9788237,4.564564,1.4611139,0.48726916,0.58529013,148.39232,0.68641055,0.6214806,1.1320512,0.26728126,0.65598404,28.294432,
121,3.56961,-0.24095054,0.09170509,7.2495866,0.4903004,0.45166248,0.55145615,0.34021324,0.64889365,4.3065877,0.6633639,0.11003165,0.80435014,0.6989258,0.6699844,0.62022996,0.9962226,0.6989258,0.6699844,0.4892861,0.26508793,0.7387568,-0.6633639,0.14571288,0.14581318,0.530584,-0.08262807,0.5801716,-0.087754406,0.5739919,0.7370449,0.07892149,0.31311226,0.43193632,0.7569694,7.0555387,5.306588,0.4418757,0.34507075,0.60201526,135.03133,0.71709234,0.6302894,1.1883708,0.1950586,0.6893197,28.344158,AVARAGE
122,2.872739,-0.25746414,0.1115459,5.9345098,0.4720046,0.45353195,0.5114137,0.3368083,0.62001544,3.5296795,0.61404914,0.13927995,0.7355032,0.70996106,0.970624,0.58693874,inf,0.70996106,0.970624,0.4442963,0.24139851,0.68917304,-0.61404914,0.14228861,0.1272402,0.5563535,-0.052226122,0.54701036,-0.08630149,0.5539679,0.65694046,0.10282159,0.3496214,0.42895642,0.7901081,5.775915,4.52968,0.22979933,0.5314451,0.5769488,108.61933,0.67385775,0.6254254,1.1223776,0.28613022,0.632371,28.670252,AVARAGE
123,2.6325605,-0.26359564,0.10724616,5.362027,0.4412868,0.43378899,0.5206752,0.31537768,0.599165,3.2059987,0.5939795,0.14262103,0.7359096,0.6808035,0.7236371,0.56997573,0.8428393,0.6808035,0.7236371,0.4375385,0.21850231,0.67362946,-0.5939795,0.17471583,0.13532175,0.5404181,-0.020773685,0.53414553,-0.09077774,0.536762,0.5734892,0.10662913,0.3534253,0.44605333,0.7723438,5.533691,4.2059984,1.3093146,0.5561777,0.5609208,111.52954,0.6702539,0.59735185,1.0579032,0.28587553,0.6194495,27.467012,
124,1.931714,-0.32854763,0.10841272,4.9400706,0.46527395,0.3251345,0.46214437,0.22767724,0.45201543,2.4536774,0.52738166,0.1468565,0.41958722,0.4926391,-0.04157956,0.43290076,inf,0.4926391,-0.04157956,0.37070417,0.20065653,0.5531022,-0.52738166,0.10881417,0.04300022,0.45632082,0.07353893,0.42669767,-0.020267049,0.41919312,0.52198964,0.13118635,0.31422624,0.3733559,0.94275105,3.8469172,3.4536312,1.5595089,0.6568405,0.4377082,63.55807,0.58829,0.44831395,0.87898093,0.27548772,0.4530255,20.134872,AVARAGE
125,2.3451338,-0.29569167,0.103961386,5.4436083,inf,0.38424677,0.48504332,0.27900094,0.53516537,2.946656,0.5756747,0.1352563,0.57588136,0.5975324,0.39975446,0.5096388,inf,0.5975324,0.39975446,0.4063049,0.22555226,0.6297435,-0.5756747,0.13110527,0.08910978,0.49114516,0.006339652,0.48983046,-0.05274113,0.48618105,0.6017399,0.106905505,0.32088903,0.4036666,0.8600897,4.7595015,3.9466565,0.003042718,-inf,0.50736195,113.12984,0.63308704,0.5294446,0.9964371,0.28150955,0.5289982,24.18841,AVARAGE
126,2.552136,-0.29396158,0.0952091,5.968949,0.48692647,0.37414122,0.50423026,0.26990086,0.5322126,3.1726863,0.59121794,0.123971924,0.5655738,0.5740183,0.2079583,0.50832,inf,0.5740183,0.2079583,0.42208895,0.23092738,0.6367806,-0.59121794,0.12483418,0.07791038,0.47551373,0.021992633,0.49250662,-0.044503197,0.48315543,0.62058735,0.10137254,0.30550647,0.4013923,0.87958866,4.9308586,4.172627,0.7434292,0.50169593,0.50572586,110.43006,0.6468104,0.51977205,0.97024906,0.24946685,0.5473853,23.352446,UNHEALTHY
127,3.0626283,-0.24641836,0.108746365,6.2076592,0.46982756,0.46971378,0.52068526,0.3577658,0.64821905,3.7350276,0.6277359,0.13424878,0.8398451,0.7411855,1.1048056,0.613591,0.9983356,0.7411855,1.1048056,0.4580684,0.24622622,0.7161506,-0.6277359,0.15899406,0.15790756,0.56242555,-0.0881839,0.56833047,-0.100334816,0.57497925,0.67239916,0.092711784,0.34895194,0.44141784,0.740105,6.4286513,4.735028,0.5109675,0.4614284,0.5992559,152.73563,0.69026494,0.6442857,1.2055267,0.258395,0.66144353,29.844305,
128,3.3663735,-0.2532066,0.08342719,7.2139683,0.48592213,0.42512488,0.5629139,0.31143868,0.61858565,4.0724163,0.65273154,0.1073664,0.7567173,0.65675753,0.43002322,0.59299856,inf,0.65675753,0.43002322,0.4807088,0.2567005,0.7224732,-0.65273154,0.1637501,0.13323396,0.50391585,-0.03487548,0.5620501,-0.07872976,0.5503903,0.706043,0.07879098,0.30296475,0.4310328,0.7795154,6.630251,5.0724163,-1.3068492,0.3493984,0.57795954,104.805664,0.7143614,0.5931363,1.0818018,0.19289136,0.6643042,26.65051,AVARAGE
129,3.052242,-0.27955574,0.09440116,7.5672193,0.50546366,0.3960927,0.49750367,0.3049955,0.57181424,3.7770965,0.6319654,0.11087399,0.6589635,0.61218935,0.37666237,0.5460928,inf,0.61218935,0.37666237,0.4508051,0.2590513,0.6863294,-0.6319654,0.099848635,0.10107151,0.48016167,-0.06339912,0.5258485,-0.05353253,0.5148969,0.7248546,0.08406896,0.29272667,0.40215173,0.84711707,5.9063344,4.7770967,0.8287514,0.4012327,0.537652,136.05905,0.6675409,0.54943854,1.1476239,0.21062532,0.58423436,24.83776,AVARAGE
130,3.6490612,-0.25642854,0.09267462,8.299123,0.50791746,0.4366472,0.52707875,0.33167204,0.62437886,4.419613,0.6692946,0.10527608,0.7745738,0.669147,0.63437426,0.5948522,inf,0.669147,0.63437426,0.49066,0.27135378,0.72315145,-0.6692946,0.09208367,0.1063475,0.5160419,-0.08312736,0.56122774,-0.05448649,0.5555508,0.7706226,0.07939469,0.3062914,0.4139632,0.83574015,6.7167993,5.4196134,1.2786193,0.32575774,0.5802439,118.75792,0.7002132,0.6114762,1.1938797,0.18261167,0.64737505,27.234087,
131,3.3809347,-0.23977949,0.09961368,6.746762,0.44695672,0.4739889,0.54209024,0.3563483,0.66301376,4.020132,0.64854413,0.12239818,0.9736561,0.74147016,1.0380131,0.62836856,0.9139015,0.74147016,1.0380131,0.49087536,0.23766166,0.73271465,-0.64854413,0.1637776,0.16002841,0.55861396,-0.08763535,0.5809381,-0.09065909,0.5850329,0.63919735,0.08462503,0.35122088,0.46265087,0.7414613,6.9125614,5.020132,0.42917,0.35421985,0.6109391,161.15477,0.70892733,0.65450084,1.2035325,0.19509116,0.68133974,29.950264,AVARAGE
132,3.388368,-0.2456144,0.09604365,6.860854,0.44919428,0.45419607,0.54774874,0.33450738,0.6412199,4.0121207,0.64788836,0.119315155,0.8538104,0.7031318,0.7151192,0.6111819,inf,0.7031318,0.7151192,0.4933179,0.23377423,0.7208154,-0.64788836,0.15116313,0.13302223,0.5420435,-0.05205701,0.5695304,-0.08049078,0.56865406,0.623753,0.08784752,0.3426618,0.46028993,0.77962285,6.46458,5.0121202,1.0128225,0.39319688,0.5955515,163.96782,0.70680016,0.6329558,1.1176734,0.2198226,0.6708085,28.510466,AVARAGE
133,3.7044666,-0.26198968,0.092742614,8.517218,0.47129226,0.42038998,0.52652234,0.31449616,0.6029263,4.369382,0.66433907,0.10516375,0.7363609,0.63699836,0.4244811,0.57539266,inf,0.63699836,0.4244811,0.5066893,0.24445681,0.7071487,-0.66433907,0.076312326,0.07740462,0.50527376,-0.050201014,0.54822975,-0.04394863,0.5398571,0.6649906,0.08488375,0.31456256,0.4364913,0.8857502,6.188703,5.369382,0.5614568,0.36700526,0.5645639,119.00295,0.6931225,0.59188956,1.113597,0.19862318,0.63926005,26.034597,HEALTHY
134,3.7938216,-0.26882476,0.086955056,8.967085,0.45918494,0.39895114,0.5328348,0.29640374,0.5817988,4.41872,0.6634044,0.100355715,0.7144299,0.6007285,0.19302234,0.55766153,inf,0.6007285,0.19302234,0.5152371,0.23274094,0.6983539,-0.6634044,0.07147229,0.06137581,0.48248708,-0.026272802,0.5376146,-0.03467019,0.5229323,0.6248988,0.08353595,0.306764,0.44599605,0.9222683,6.0379524,5.4187207,0.46905297,0.35028362,0.54844475,138.84752,0.6922711,0.56167805,1.0656639,0.18671675,0.62777555,24.60986,AVARAGE
135,3.1815212,-0.22555569,0.11053402,5.5263624,0.44891548,0.51036626,0.54118747,0.38655826,0.6989541,3.8215308,0.63826203,0.13621463,1.0000482,0.80583876,1.3893375,0.6600734,0.84459835,0.80583876,1.3893375,0.47678646,0.23891614,0.7402565,-0.63826203,0.19138229,0.190145,0.6011251,-0.106030606,0.5982814,-0.11575176,0.61264235,0.64000934,0.09075872,0.37367302,0.4666587,0.6862962,7.000662,4.821531,0.82035106,0.41526672,0.63949686,175.30876,0.71102077,0.70068043,1.2436516,0.24090853,0.7037204,32.44022,UNHEALTHY
136,3.1010337,-0.24273829,0.10256054,5.9965625,0.46520516,0.46127716,0.5368281,0.34572595,0.6471444,3.763431,0.6319274,0.12832938,0.8108821,0.72283244,0.83964235,0.6162077,0.9281704,0.72283244,0.83964235,0.46457478,0.24469936,0.7190311,-0.6319274,0.17013507,0.15674242,0.5520468,-0.070673585,0.57159877,-0.10097751,0.5730917,0.66239744,0.090769604,0.3404099,0.44473058,0.7372709,6.4550934,4.763431,1.4668057,0.44892177,0.6002838,141.30505,0.69971895,0.6371241,1.1598281,0.24897665,0.67446935,29.179022,UNHEALTHY
137,2.6088681,-0.2608105,0.11648934,5.2845035,0.4409057,0.44653472,0.50629866,0.33073902,0.60846347,3.1934712,0.5889857,0.15107448,0.74381715,0.70686084,0.9145438,0.57768077,0.8529137,0.70686084,0.9145438,0.43107143,0.2205935,0.6752081,-0.5889857,0.16920346,0.14205839,0.5566792,-0.043573357,0.5377499,-0.09904864,0.5449056,0.58460313,0.11014447,0.36442134,0.44581443,0.76185733,5.531592,4.1934714,1.0937142,0.6011075,0.56814283,117.72324,0.66336274,0.6106259,1.1010175,0.31139755,0.622958,28.429287,AVARAGE
138,3.2795026,-0.24817847,0.09718244,6.6920624,0.46163172,0.44002005,0.53704554,0.33333492,0.629362,3.9436283,0.6397729,0.11956001,0.7931796,0.685826,0.59518397,0.60204405,0.92984474,0.685826,0.59518397,0.4763915,0.24406995,0.7183927,-0.6397729,0.15150674,0.14154783,0.5261203,-0.06737274,0.5652025,-0.088802114,0.55918145,0.66412556,0.08610032,0.3258356,0.44579002,0.7652962,6.480849,4.9436283,0.3279292,0.4142357,0.586922,120.16409,0.70003825,0.60974693,1.1534328,0.22420411,0.6695772,27.73959,UNHEALTHY
139,2.7626293,-0.2658229,0.10965079,5.6836395,0.48205835,0.43072525,0.50781024,0.31504324,0.5936927,3.4189196,0.611804,0.13424636,0.61425316,0.6607976,0.58758175,0.5650385,inf,0.6607976,0.58758175,0.4396433,0.24202392,0.6679775,-0.611804,0.1186583,0.09480417,0.538976,-0.018821636,0.52998817,-0.06553722,0.532821,0.65629005,0.108250745,0.33554307,0.41226068,0.84011453,5.3222675,4.418919,0.9114569,0.55107087,0.5569963,113.72188,0.66420513,0.6029251,1.0508549,0.2866725,0.6122411,26.88334,UNHEALTHY
140,2.633506,-0.2955469,0.09702317,6.3178296,0.5029071,0.36396983,0.49927786,0.2611434,0.5191396,3.288061,0.6016688,0.121102475,0.4599686,0.5461739,0.013677263,0.49729043,inf,0.5461739,0.013677263,0.42667228,0.2415613,0.6293339,-0.6016688,0.085870236,0.044756886,0.47093302,0.033969082,0.48591763,-0.029126162,0.47411594,0.6545548,0.106963165,0.2949625,0.3832959,0.9345699,4.680173,4.288061,-0.5911713,0.5244269,0.49700525,102.68697,0.64356,0.5127092,0.94642085,0.25451374,0.55034274,22.403763,
141,3.1745033,-0.25884873,0.08692922,6.780134,0.47924837,0.4208729,0.5566378,0.30393904,0.6056447,3.8456044,0.6374526,0.11469653,0.7234287,0.65024483,0.4345178,0.57953876,0.9670429,0.65024483,0.4345178,0.46900415,0.24702561,0.7039094,-0.6374526,0.16296789,0.12095878,0.507244,-0.011526088,0.54981595,-0.074346304,0.5406724,0.6711013,0.086371034,0.3119405,0.43037263,0.8020086,6.1658077,4.8456044,1.0149875,0.4038387,0.56748337,137.71869,0.70247203,0.58612365,1.034412,0.21788903,0.64360124,26.385395,AVARAGE
142,3.1469479,-0.28028783,0.08939249,7.5050235,0.53369653,0.4071277,0.5156557,0.29566967,0.578664,3.9314895,0.6402974,0.11017763,0.6446605,0.6235668,0.51201326,0.55034906,inf,0.6235668,0.51201326,0.44868487,0.27387667,0.6829192,-0.6402974,0.10051347,0.08292216,0.4933933,-0.029189497,0.5258397,-0.033914603,0.519825,0.7847815,0.08626555,0.29410055,0.3812334,0.8829292,5.9005747,4.9314895,0.59132576,0.39351916,0.5417245,108.40147,0.6742092,0.5676116,1.0713633,0.21113187,0.5645538,25.38415,AVARAGE
143,3.70103,-0.26398253,0.081451334,8.517949,0.5234884,0.40327427,0.54562193,0.29785463,0.5938207,4.492011,0.67345685,0.095140085,0.6361224,0.6086938,0.19234817,0.5704172,inf,0.6086938,0.19234817,0.49140513,0.2780208,0.7135418,-0.67345685,0.087691195,0.07805464,0.48047918,-0.034527685,0.548244,-0.040557675,0.5316959,0.7909816,0.077204905,0.2783821,0.39850616,0.88010633,6.4127564,5.4920115,0.72546893,0.33001128,0.5581566,122.93824,0.7047989,0.5707316,1.0785325,0.18125686,0.64137244,24.913862,
144,2.679694,-0.30922198,0.09178651,7.270578,0.5170394,0.34107137,0.47332272,0.25616544,0.49889567,3.3484592,0.6087283,0.10792522,0.48661444,0.5145671,-0.06060484,0.4772967,inf,0.5145671,-0.06060484,0.43187988,0.24376586,0.63118315,-0.6087283,0.06135277,0.041477036,0.43398732,-0.000887456,0.476186,-0.011207303,0.4576587,0.66886735,0.09291592,0.27486718,0.38157246,0.95411074,4.780578,4.3484592,0.4404093,0.44507843,0.4787343,111.64742,0.63233984,0.47735763,1.0098385,0.22351088,0.51602674,21.064655,AVARAGE
145,3.3074927,-0.25673863,0.10340516,7.3088694,0.4618407,0.43846875,0.50925905,0.33903706,0.6192487,3.9659348,0.63889384,0.12071436,0.81165326,0.68260443,0.72325087,0.58922756,inf,0.68260443,0.72325087,0.47806495,0.24052097,0.70944136,-0.63889384,0.11652087,0.12603027,0.52635664,-0.08838309,0.554953,-0.074676916,0.55223835,0.65844226,0.087887846,0.33227873,0.44473755,0.80141664,6.3227863,4.9659348,0.0498546,0.41220695,0.57680285,147.5627,0.68349606,0.606516,1.2027609,0.22464058,0.64563584,27.621187,AVARAGE
146,3.4632397,-0.26658902,0.097688235,8.444035,0.4916019,0.41710794,0.50409937,0.32137328,0.5973587,4.1877723,0.65029174,0.11183106,0.72858137,0.6429733,0.49961418,0.57023436,inf,0.6429733,0.49961418,0.47999454,0.25625938,0.7043413,-0.65029174,0.08274482,0.09723414,0.5017994,-0.08154453,0.5437171,-0.051211756,0.53545105,0.7245324,0.08469141,0.31018767,0.4217493,0.8566112,6.2262645,5.1877723,0.38594416,0.38679248,0.5593536,161.06831,0.67989796,0.5804678,1.1877985,0.21147113,0.6211798,26.112064,AVARAGE
147,3.750482,-0.24760124,0.093026355,8.367828,0.48157215,0.44401982,0.53765136,0.33758634,0.63728076,4.469025,0.6679989,0.10820751,0.82538164,0.68471706,0.63242763,0.60860485,inf,0.68471706,0.63242763,0.5020805,0.25813302,0.73363376,-0.6679989,0.11306115,0.12484178,0.5231706,-0.08911149,0.572116,-0.07082852,0.5656322,0.71861535,0.079150796,0.31670025,0.43835998,0.79896694,6.920776,5.4690247,-0.3948303,0.32804546,0.5920778,145.32788,0.7092022,0.6202828,1.2055084,0.18428661,0.6750799,27.803457,AVARAGE
148,3.8889048,-0.2597842,0.08476335,9.372147,0.5054778,0.41534254,0.5349112,0.3159826,0.6093042,4.66896,0.6775962,0.0964144,0.7273817,0.63424605,0.37553963,0.5841625,inf,0.63424605,0.37553963,0.5019269,0.27475756,0.72774464,-0.6775962,0.086291105,0.10023475,0.4885821,-0.080383204,0.55825514,-0.05110814,0.5437695,0.78005505,0.07323953,0.28568944,0.4118163,0.8473771,6.9048924,5.66896,-7.9669337,0.30656058,0.56938154,88.81838,0.7059124,0.58315647,1.186329,0.16559382,0.6504356,25.84755,AVARAGE
149,3.941901,-0.25370228,0.08667767,9.542981,0.5069806,0.4313508,0.5427487,0.3259517,0.6248057,4.729317,0.67904234,0.1005908,0.76573515,0.6617889,0.56628644,0.59636736,1.1519171,0.6617889,0.56628644,0.5034588,0.27558276,0.73541665,-0.67904234,0.0972032,0.10938571,0.505888,-0.08319895,0.56673104,-0.060663886,0.5564289,0.7874162,0.07453715,0.29628533,0.4173848,0.833919,7.033447,5.7293177,0.23253877,0.30786616,0.58148974,114.65351,0.7129651,0.603802,1.1965343,0.1732528,0.66578275,26.923195,
150,2.398439,-0.2821979,0.1063338,5.271239,0.41736647,0.38151708,0.4940883,0.2882303,0.545138,2.9118795,0.56960166,0.138044,0.63560426,0.59935147,0.20127946,0.5232197,0.7690993,0.59935147,0.20127946,0.4232028,0.20020951,0.6457197,-0.56960166,0.16150689,0.1230306,0.48753107,-0.015393836,0.5040246,-0.08564737,0.49365604,0.5134408,0.10601394,0.33017087,0.44939932,0.7944894,5.027643,3.9118795,-0.32014632,0.5881588,0.5187771,106.7118,0.64402926,0.52343726,1.0432023,0.28017694,0.5837567,24.172224,AVARAGE
151,2.3329594,-0.2873663,0.12663019,5.447301,0.47383547,0.39452168,0.43440422,0.32413226,0.54746187,2.9423797,0.570127,0.14364779,0.57031345,0.6216641,0.49283943,0.52170193,inf,0.6216641,0.49283943,0.3999353,0.22818309,0.6411901,-0.570127,0.09904794,0.11201576,0.5038407,-0.08053445,0.49992517,-0.08152935,0.4972402,0.6094202,0.10931903,0.32514527,0.40988263,0.8147275,4.9125633,3.9423797,0.36465356,0.6043254,0.51866883,96.72488,0.6122135,0.54019517,1.1854087,0.3014751,0.55853075,25.044453,AVARAGE
152,2.92571,-0.25289717,0.112052135,5.742393,inf,0.4485653,0.5007661,0.34819648,0.62543213,3.5532126,0.6183009,0.13199052,0.7629181,0.7015316,0.76778096,0.5953346,inf,0.7015316,0.76778096,0.4553094,0.23444773,0.6983839,-0.6183009,0.13527201,0.13928963,0.5449005,-0.08297929,0.55471283,-0.09022283,0.55659306,0.6276226,0.096343406,0.34372237,0.4432805,0.76556027,5.9637766,4.5532126,-3.0025752,-inf,0.58259755,133.15486,0.6730577,0.62007594,1.1902779,0.26839128,0.6412038,28.339304,AVARAGE
153,2.8463523,-0.24690463,0.120294034,5.5268846,0.45711517,0.47432026,0.4991671,0.3693816,0.6466299,3.4836287,0.60820156,0.14598465,0.83269817,0.7539887,1.1848006,0.61163753,inf,0.7539887,1.1848006,0.44215453,0.23622686,0.7043778,-0.60820156,0.15898424,0.16526003,0.57481295,-0.10156785,0.5633982,-0.11102925,0.5739661,0.6373299,0.10049268,0.3633844,0.446221,0.72578603,6.165383,4.4836283,0.64991915,0.5279405,0.59805053,120.00289,0.67350733,0.6468191,1.2350055,0.28913623,0.6532528,30.278894,AVARAGE
154,3.0213826,-0.25676244,0.11451105,6.364153,0.50492287,0.45026395,0.48547027,0.3561236,0.62465006,3.7407303,0.6262095,0.12979884,0.7392221,0.7046364,0.9076813,0.5923578,inf,0.7046364,0.9076813,0.4459301,0.25823995,0.7019046,-0.6262095,0.110099755,0.13490419,0.54400104,-0.110068664,0.5532968,-0.08461635,0.5566488,0.7195775,0.09373711,0.33121872,0.4148744,0.77720106,6.168472,4.7407303,0.065490074,0.45598638,0.5802147,122.88879,0.66727746,0.621447,1.2546703,0.25695616,0.63136667,28.458307,AVARAGE
155,3.0675755,-0.2615692,0.095131874,6.8299623,0.48520964,0.40874064,0.51618695,0.31754187,0.5966471,3.7635713,0.63273686,0.113370426,0.69085383,0.6363609,0.31647944,0.57332194,inf,0.6363609,0.31647944,0.45724177,0.25368232,0.7077271,-0.63273686,0.13734156,0.13660851,0.4914864,-0.07704972,0.5479597,-0.0855349,0.5340034,0.69599587,0.08274584,0.29895037,0.4244132,0.77360463,6.2566166,4.763571,-3.1550035,0.40893278,0.5609489,139.37115,0.68523127,0.56665564,1.1734716,0.21852854,0.6438354,25.74942,AVARAGE
156,2.6392562,-0.28063154,0.11722357,6.377359,0.5247433,0.401463,0.45012623,0.33060855,0.5657406,3.3912258,0.60340995,0.1288806,0.5581234,0.6267067,0.47449344,0.53930426,inf,0.6267067,0.47449344,0.4087641,0.26527917,0.6681715,-0.60340995,0.082177095,0.10806975,0.49918982,-0.09789323,0.5168566,-0.07398595,0.51145023,0.7520207,0.097726785,0.30098662,0.38236815,0.8293905,5.42545,4.3912263,1.7766267,0.51209354,0.5334313,96.316505,0.63421327,0.553189,1.2297809,0.26852503,0.57534546,25.333931,AVARAGE
157,3.3774214,-0.25188407,0.10127825,7.181111,0.50336814,0.44948626,0.5137115,0.34927654,0.6355731,4.1327615,0.6502655,0.116100825,0.77942383,0.6979706,0.7898093,0.6047559,inf,0.6979706,0.7898093,0.4686227,0.26738086,0.72134596,-0.6502655,0.114451185,0.13411357,0.5330806,-0.10470623,0.56522065,-0.08081581,0.56400836,0.7553396,0.083594255,0.31730843,0.41724586,0.7893519,6.709669,5.1327615,-0.046133373,0.38077208,0.5890305,133.76508,0.6909423,0.62310827,1.2509898,0.21517819,0.6515065,28.269438,AVARAGE
158,3.0644732,-0.24982214,0.11111907,6.5237083,0.4762524,0.46685743,0.51040095,0.35998863,0.64348674,3.7622058,0.6231261,0.13631995,0.84809756,0.739651,1.1260561,0.60877043,inf,0.739651,1.1260561,0.4494614,0.24951439,0.7133111,-0.6231261,0.15392521,0.15922636,0.55998737,-0.10167996,0.564317,-0.10242441,0.5713985,0.69800454,0.09312997,0.3488845,0.43583226,0.7507868,6.485415,4.7622056,0.2518103,0.4631327,0.5947084,113.034035,0.6834127,0.636694,1.2420146,0.25881326,0.6482638,29.739044,AVARAGE
159,3.3306968,-0.25883257,0.103340454,7.5727267,0.5081459,0.43915856,0.500241,0.34335667,0.62100035,4.0914984,0.645676,0.1171961,0.7406565,0.682502,0.73922217,0.5910365,inf,0.682502,0.73922217,0.46324393,0.26842052,0.7126546,-0.645676,0.100870796,0.12488772,0.52423054,-0.107398786,0.55550134,-0.072999805,0.55314946,0.76136357,0.08507199,0.31287533,0.40993145,0.80504733,6.5194798,5.091498,0.62952405,0.4002954,0.5771731,109.42383,0.680637,0.6082475,1.2506274,0.22293381,0.6303095,27.63448,AVARAGE
160,3.2314267,-0.26468343,0.08948494,7.5908303,0.4839806,0.40325475,0.52694225,0.30885616,0.59159017,3.9275465,0.6388925,0.10932562,0.70902026,0.6270432,0.29824466,0.5682804,inf,0.6270432,0.29824466,0.46777445,0.25224078,0.71031046,-0.6388925,0.1376515,0.12999994,0.48286474,-0.066286996,0.54604995,-0.079244345,0.5303389,0.6961331,0.07960999,0.29569,0.42880163,0.790481,6.3593106,4.927547,-0.7226816,0.37955797,0.55641437,122.95858,0.6916231,0.55887234,1.1515335,0.20544578,0.6389516,25.38391,AVARAGE
161,2.8727968,-0.29373652,0.105654165,7.87811,inf,0.3886921,0.45524985,0.3113632,0.5518036,3.639957,0.61399245,0.11919412,0.6006792,0.60548455,0.4827635,0.5249149,inf,0.60548455,0.4827635,0.4228788,0.26697448,0.6666013,-0.61399245,0.0702845,0.09263486,0.47853425,-0.09042144,0.5069166,-0.048175428,0.49996117,0.7672652,0.089849204,0.29122642,0.37824625,0.872907,5.6127114,4.6399574,0.29094133,-inf,0.5192431,107.32286,0.6366964,0.53405213,1.2147888,0.23550953,0.51921415,24.4949,AVARAGE
162,3.6302445,-0.25091377,0.09501058,7.8092847,0.49479777,0.44363996,0.5282663,0.34111762,0.6346718,4.3662453,0.65760636,0.11055087,0.82515764,0.68771607,0.7114137,0.6051951,inf,0.68771607,0.7114137,0.4855542,0.26259506,0.7283011,-0.65760636,0.120127894,0.13579258,0.52286106,-0.09966051,0.5680756,-0.07751957,0.56290424,0.7361977,0.07922109,0.31333938,0.42763084,0.7826323,7.0088067,5.3662453,-0.2157401,0.32976177,0.58860594,123.77944,0.7006285,0.61674416,1.2384673,0.18349756,0.6582328,27.87159,AVARAGE
163,3.2492495,-0.26493585,0.09419739,8.094671,0.4895376,0.42959648,0.51804155,0.32771072,0.61259115,3.9774203,0.6379168,0.117823966,0.84056365,0.6770888,0.73128146,0.5832022,inf,0.6770888,0.73128146,0.46258843,0.25617042,0.7153791,-0.6379168,0.14352204,0.14430481,0.50993973,-0.090858705,0.5514177,-0.07543965,0.5465185,0.72829586,0.08034327,0.31679603,0.4289214,0.78254914,6.652306,4.97742,2.1063318,0.35896477,0.56955194,111.64849,0.688634,0.5877495,1.2139987,0.19841284,0.608921,27.275019,AVARAGE
164,3.6045713,-0.25406116,0.089651704,8.411751,0.48242703,0.42162356,0.53685796,0.32617167,0.6170529,4.3292913,0.6540506,0.10879264,0.8122913,0.6592209,0.46215278,0.59241325,inf,0.6592209,0.46215278,0.48464495,0.25819853,0.7331355,-0.6540506,0.14026886,0.1464089,0.49702972,-0.09547883,0.56462467,-0.085886545,0.5504897,0.72512555,0.07540613,0.30323577,0.4385268,0.76684487,7.003103,5.3292913,-0.25338945,0.3260916,0.57694274,121.470146,0.7065688,0.5819214,1.2221302,0.1807726,0.6629552,26.632877,AVARAGE
165,3.255741,-0.24039349,0.0973386,6.341306,0.45762086,0.46675563,0.5514433,0.34574375,0.65578526,3.9097042,0.6414159,0.12417799,0.9004926,0.7307158,0.92060286,0.6233441,0.9138978,0.7307158,0.92060286,0.4779773,0.24161302,0.7283889,-0.6414159,0.18015409,0.16197251,0.5533773,-0.06672165,0.5778074,-0.09939847,0.5795523,0.6539633,0.08662175,0.34433725,0.45536822,0.73065424,6.7543364,4.9097047,0.15743387,0.38212353,0.60639405,162.57558,0.71062493,0.6451577,1.1565778,0.21284859,0.6813772,29.507586,AVARAGE
166,3.3800278,-0.24364313,0.103819616,6.8001757,inf,0.46514073,0.52805287,0.35470107,0.6509561,4.0703273,0.64674234,0.122811615,0.8597715,0.7242065,0.9463955,0.6179013,inf,0.7242065,0.9463955,0.47934294,0.2505623,0.7248958,-0.64674234,0.13777444,0.14586125,0.5530616,-0.09307286,0.5735271,-0.08809764,0.5765586,0.69029915,0.08792942,0.33997682,0.44057837,0.75807244,6.7322636,5.0703273,-8.014366,-inf,0.6017302,114.43199,0.6990574,0.6449122,1.2169195,0.21631984,0.6734243,29.303215,AVARAGE
167,3.0637836,-0.2528398,0.10522762,6.408941,0.47409526,0.44758365,0.51637226,0.3405838,0.6266607,3.72578,0.6295347,0.12720563,0.7773928,0.6995493,0.79036325,0.5957978,inf,0.6995493,0.79036325,0.46114504,0.24350865,0.7079741,-0.6295347,0.14164655,0.1378776,0.5395144,-0.07581537,0.55800277,-0.08944119,0.55828404,0.66192544,0.091930754,0.33729097,0.43882173,0.77583325,6.1600943,4.7257094,0.1790345,0.45236334,0.5833184,135.8537,0.6854468,0.6179309,1.1720243,0.2539844,0.65161693,28.266016,
168,3.2343042,-0.2462351,0.1003408,6.6930747,0.46861717,0.45566508,0.53200465,0.34549832,0.64237195,3.9109037,0.6392567,0.123301454,0.83855474,0.7140073,0.85036665,0.61104596,0.96102166,0.7140073,0.85036665,0.47038057,0.24791104,0.7241387,-0.6392567,0.15844473,0.1543278,0.54188335,-0.086134136,0.5703163,-0.09878873,0.5698387,0.6765996,0.08621832,0.33421502,0.44403157,0.7544752,6.6377473,4.9109035,-0.34775028,0.4110792,0.59562767,141.39043,0.70014083,0.62744695,1.198605,0.22894008,0.6718425,28.823225,AVARAGE
169,3.4034312,-0.24723437,0.09497022,7.22392,0.47774047,0.44972008,0.53939885,0.34086007,0.6406339,4.1094,0.64845127,0.11710259,0.8514376,0.70377076,0.78840536,0.61043644,inf,0.70377076,0.78840536,0.47737515,0.25499347,0.7301765,-0.64845127,0.15612102,0.1528599,0.5308139,-0.087777354,0.5717323,-0.093368895,0.5679473,0.70596826,0.08109373,0.32330614,0.4395055,0.7608273,6.917793,5.109399,0.97806585,0.36425912,0.5939978,122.29662,0.7064694,0.61956257,1.2043557,0.20380329,0.6722486,28.42356,UNHEALTHY
170,2.936313,-0.27822754,0.095819905,6.9941053,0.49863482,0.39485025,0.51151747,0.2914213,0.5645428,3.6332366,0.6219473,0.11911944,0.59211946,0.6063467,0.28709465,0.5401253,inf,0.6063467,0.28709465,0.44537386,0.25113735,0.6721673,-0.6219473,0.10960773,0.08596807,0.48976314,-0.018769648,0.5196125,-0.05299593,0.5098434,0.697037,0.09491287,0.30339673,0.40389112,0.8680418,5.4828944,4.6332364,1.4467245,0.47357485,0.53370696,125.485695,0.6678166,0.5501025,1.0510179,0.2468602,0.5910055,24.659279,
171,3.1253777,-0.27704108,0.08645364,7.5416994,0.5137232,0.38380122,0.5231857,0.28567183,0.56389225,3.8518646,0.6380719,0.10556817,0.58938164,0.5863357,0.1367258,0.5413617,inf,0.5863357,0.1367258,0.4580715,0.26122567,0.6864117,-0.6380719,0.1090241,0.08959562,0.4677912,-0.026113277,0.5256124,-0.049903937,0.50894076,0.7264874,0.08398999,0.2812,0.3980735,0.8575588,5.826664,4.8518643,0.94587386,0.3944657,0.5334852,119.24608,0.6805413,0.5376744,1.0618104,0.21097268,0.60631144,23.8912,
172,3.1355145,-0.2747616,0.09971717,7.7934165,0.5314396,0.38951412,0.48098442,0.31607428,0.5701157,3.9329548,0.63758373,0.108880855,0.57383764,0.6023197,0.2556029,0.54646146,inf,0.6023197,0.2556029,0.4446852,0.27821413,0.6954216,-0.63758373,0.07382211,0.10256118,0.47184417,-0.09932422,0.53100824,-0.06415344,0.51442915,0.7974403,0.082329996,0.2757641,0.3863639,0.83840424,6.007708,4.932955,1.5840715,0.41284218,0.5386881,98.27292,0.6642899,0.5414233,1.2295704,0.22176118,0.61290556,24.432882,HEALTHY
173,3.584743,-0.26067963,0.090577155,8.425655,0.51936984,0.4296692,0.53063816,0.32233435,0.6153224,4.3893547,0.65697926,0.1095459,0.7554688,0.6661486,0.6883494,0.58573467,inf,0.6661486,0.6883494,0.47218046,0.2779144,0.72025806,-0.65697926,0.11655075,0.12170452,0.5088146,-0.08097264,0.55578357,-0.06615428,0.5490074,0.8046115,0.07914529,0.29968792,0.4034572,0.810552,6.8503857,5.389355,0.9908015,0.34361973,0.5722899,113.72286,0.6984037,0.59611064,1.1873506,0.18847908,0.63511336,26.996178,UNHEALTHY
174,3.1710954,-0.27512896,0.09006467,7.943239,0.4920644,0.3917398,0.5154668,0.29769918,0.5722532,3.899586,0.63554424,0.11012353,0.675282,0.60721743,0.30959007,0.5479873,inf,0.60721743,0.30959007,0.45783007,0.25773245,0.69642544,-0.63554424,0.11787958,0.110860094,0.47422734,-0.057375383,0.53119224,-0.062433403,0.5169587,0.7285934,0.08248753,0.29118392,0.4110997,0.82682633,6.1107135,4.8995857,0.54843044,0.39554372,0.539395,98.46352,0.6801285,0.5421479,1.1339993,0.20162348,0.61254555,24.609827,AVARAGE
175,3.235626,-0.2396959,0.1119131,6.2575693,0.46147278,0.477207,0.516421,0.3716601,0.6610786,3.9023783,0.6363923,0.13120773,0.87633085,0.7489899,1.0570551,0.6270938,0.9296928,0.7489899,1.0570551,0.4708795,0.24404235,0.7240975,-0.6363923,0.14410786,0.15824728,0.56879175,-0.10792987,0.577455,-0.10102034,0.5842177,0.6668154,0.09158474,0.3526217,0.45040658,0.73806524,6.633584,4.902378,-0.772683,0.4297885,0.6101447,150.97983,0.6923322,0.6579338,1.2521085,0.24124819,0.6774914,30.21734,AVARAGE
176,3.4304996,-0.26720053,0.096373506,8.116594,0.5011974,0.4058038,0.50680643,0.31279162,0.58674705,4.1678996,0.6495443,0.108384795,0.63025045,0.62046736,0.33009946,0.56128025,inf,0.62046736,0.33009946,0.47387967,0.2627336,0.7010227,-0.6495443,0.07753008,0.089593485,0.4910412,-0.07077355,0.5400095,-0.058191344,0.52759445,0.7373998,0.08523744,0.29505247,0.4101941,0.8580608,6.0731606,5.1678996,3.26198,0.4100268,0.5522692,108.17266,0.6800324,0.5692415,1.1608732,0.2200155,0.6317646,25.274122,AVARAGE
177,3.6484118,-0.2537081,0.09950697,8.202849,0.48239067,0.4457395,0.5225536,0.33758962,0.62820137,4.364099,0.65649813,0.11508961,0.79063267,0.68717873,0.7697012,0.5966699,inf,0.68717873,0.7697012,0.49061736,0.2557861,0.7175985,-0.65649813,0.099455655,0.10991892,0.53178173,-0.081959784,0.5609043,-0.06520667,0.5593209,0.71570015,0.086042225,0.32500485,0.43109587,0.8299947,6.5544877,5.364099,0.9334761,0.38505596,0.5834982,127.0712,0.6945513,0.62147796,1.1876608,0.211965,0.6550946,27.906265,AVARAGE
178,3.9076023,-0.26652682,0.0896063,9.96561,0.5049352,0.40881354,0.51857173,0.31237376,0.5950335,4.674122,0.672264,0.10018464,0.7043013,0.62259465,0.3475653,0.56972796,inf,0.62259465,0.3475653,0.5022469,0.26735917,0.71445805,-0.672264,0.06000283,0.07605866,0.48726544,-0.075399294,0.5469386,-0.036273897,0.5336574,0.76673114,0.07845185,0.29325047,0.41484642,0.9012542,6.472276,5.674122,-26.081594,0.33402896,0.5580407,94.31578,0.6928408,0.57345164,1.1720985,0.18427347,0.6262775,25.398125,AVARAGE
179,3.8869755,-0.2539268,0.09371003,8.992579,0.48333108,0.42615843,0.52676654,0.3282314,0.6173715,4.610157,0.6690225,0.10536969,0.76169944,0.65259016,0.4294342,0.5916826,inf,0.65259016,0.4294342,0.5057508,0.25816888,0.7242926,-0.6690225,0.08350745,0.099508494,0.50657815,-0.08493666,0.56153226,-0.05756039,0.55063766,0.7231812,0.08041965,0.30714008,0.43283495,0.85122705,6.6829834,5.610157,-0.05040082,0.3426167,0.57712483,118.58464,0.7005879,0.59636116,1.1957505,0.18789421,0.66434413,26.567507,AVARAGE
180,3.2929032,-0.23866923,0.09881154,6.422884,0.44282234,0.46812895,0.54922074,0.34956232,0.6580591,3.918603,0.6394073,0.12574944,0.9326225,0.7359442,0.9541045,0.62568474,inf,0.7359442,0.9541045,0.483778,0.23360413,0.73170966,-0.6394073,0.18385157,0.16972733,0.5542384,-0.077862576,0.5803353,-0.1030089,0.5816555,0.6257122,0.0861094,0.3502767,0.46846795,0.7183334,6.82773,4.918603,0.5956748,0.38701123,0.6086013,152.29112,0.7110608,0.644937,1.1775296,0.21690615,0.68764377,29.673338,AVARAGE
181,3.2243958,-0.23074359,0.101484634,5.9046235,0.42837763,0.49010357,0.5575538,0.36433288,0.681499,3.823234,0.63327235,0.13380967,1.0441077,0.77807045,1.189315,0.64655936,0.78748155,0.77807045,1.189315,0.4821455,0.22597082,0.7384568,-0.63327235,0.21595484,0.19364269,0.57755345,-0.08261193,0.5916067,-0.11612491,0.59903836,0.5988386,0.08744986,0.37003806,0.48307997,0.68413156,7.0416083,4.823234,-0.28566888,0.38139185,0.6264677,157.20656,0.7168145,0.6694839,1.1898466,0.2157845,0.69874865,31.260607,UNHEALTHY
182,3.224019,-0.2549196,0.092492044,7.1465783,0.47719404,0.43230274,0.53739494,0.32418284,0.6199478,3.9190977,0.6420194,0.11538749,0.78597873,0.6741699,0.6115608,0.5916705,1.0657223,0.6741699,0.6115608,0.4709403,0.25228435,0.7193173,-0.6420194,0.15576741,0.14326258,0.5145787,-0.06761989,0.5597337,-0.08512638,0.55268604,0.69507843,0.08227599,0.3155744,0.43463904,0.7673399,6.5309963,4.9190974,0.25974628,0.38872886,0.5780461,136.96858,0.70060813,0.5979055,1.1521857,0.21277608,0.6563083,27.262619,
183,3.0677345,-0.25295588,0.10307521,6.3533254,0.47732452,0.44888768,0.5194943,0.3409027,0.629413,3.74099,0.63050485,0.12507902,0.7890536,0.70158064,0.81255794,0.5981005,inf,0.70158064,0.81255794,0.461031,0.24630196,0.70950645,-0.63050485,0.14645612,0.1419309,0.5385933,-0.07574606,0.5592708,-0.08691932,0.55972683,0.67342365,0.08970566,0.3331539,0.43597364,0.768416,6.2617793,4.74099,0.5918095,0.43458992,0.58486456,145.70142,0.6870959,0.6200709,1.1735499,0.24341148,0.6465545,28.348196,AVARAGE
184,3.2696252,-0.24289766,0.10574881,6.313758,0.47830406,0.46823514,0.5288803,0.35441273,0.651051,3.965732,0.6401709,0.1267478,0.806678,0.7288267,0.95533395,0.6177789,0.9837517,0.7288267,0.95533395,0.46988654,0.25266495,0.7183183,-0.6401709,0.14078629,0.14068346,0.56000334,-0.078616485,0.57183874,-0.08953676,0.5763911,0.6961066,0.09176824,0.33999774,0.434487,0.7660807,6.4898357,4.9657316,0.4514972,0.4343406,0.6024067,137.14001,0.69613004,0.6496729,1.1846666,0.24193598,0.6713233,29.49329,UNHEALTHY
185,2.7184093,-0.290183,0.108067736,6.841253,0.5458414,0.37493944,0.45002759,0.30781442,0.5412061,3.4874592,0.60564476,0.11866834,0.52244323,0.58324033,0.26842475,0.51725924,inf,0.58324033,0.26842475,0.40946022,0.2700369,0.6627106,-0.60564476,0.07151759,0.09707224,0.46583372,-0.09149977,0.5054069,-0.06227523,0.4915993,0.7695772,0.09089433,0.27827224,0.37131047,0.8460349,5.442092,4.4874597,-10.176979,0.45631042,0.51353145,95.79811,0.6318189,0.5177286,1.21153,0.24001369,0.56621015,23.607328,AVARAGE
186,3.229975,-0.25554883,0.09843662,7.002551,0.5097512,0.4264564,0.52039677,0.32913408,0.61327565,3.989565,0.6408752,0.11604901,0.6774813,0.6625927,0.50747716,0.5872013,inf,0.6625927,0.50747716,0.4563798,0.26995704,0.71394736,-0.6408752,0.1271753,0.13337567,0.51141846,-0.08341673,0.55634046,-0.08620932,0.54734516,0.759715,0.08496209,0.30141902,0.4085687,0.77655137,6.4552264,4.989565,2.488798,0.4148477,0.5737349,99.72745,0.6903962,0.59271026,1.1895103,0.22713247,0.6549056,26.830856,AVARAGE
187,3.1768613,-0.24476108,0.106124945,6.441977,0.46833524,0.4608285,0.5223209,0.35817277,0.6469952,3.8532884,0.6312283,0.12902898,0.8581209,0.72864735,0.9483099,0.61545193,inf,0.72864735,0.9483099,0.4630943,0.24723254,0.72405356,-0.6312283,0.16232108,0.16827518,0.54815596,-0.10405746,0.5720838,-0.10556211,0.57321024,0.6764273,0.08732748,0.33913893,0.44504926,0.7237021,6.720461,4.8532887,0.75891006,0.4231902,0.59909093,125.10339,0.69430655,0.6310618,1.2396783,0.23553212,0.67194384,29.31777,AVARAGE
188,3.187242,-0.2578334,0.0992311,7.1012826,0.49351743,0.4316046,0.52169895,0.33113095,0.6142162,3.893493,0.6311518,0.122128755,0.76326054,0.6785138,0.71946394,0.5853261,inf,0.6785138,0.71946394,0.45757067,0.2546694,0.71218616,-0.6311518,0.14713112,0.14592855,0.5171928,-0.08284658,0.5542408,-0.091879465,0.54856473,0.70637554,0.08558818,0.3166051,0.42642006,0.7616012,6.493692,4.893493,2.0017235,0.41106102,0.5728919,106.26178,0.68896174,0.5932378,1.1901321,0.22683997,0.6491295,27.357893,UNHEALTHY
189,3.4393656,-0.26173237,0.09733348,7.8798857,inf,0.4269492,0.5153119,0.33228445,0.61193013,4.2033687,0.6410068,0.117045365,0.77264845,0.67077,0.69587094,0.584708,inf,0.67077,0.69587094,0.46170244,0.2676062,0.71568173,-0.6410068,0.1258811,0.13916816,0.50810564,-0.10065689,0.5532949,-0.0794258,0.5459821,0.76444787,0.08116434,0.30606347,0.41262144,0.7809306,6.8349576,5.2033687,-0.122476764,-inf,0.56993514,91.9971,0.68718815,0.5860215,1.2354182,0.2030702,0.630355,27.051722,AVARAGE
190,3.1897736,-0.27104512,0.09313864,7.870131,0.52118033,0.40771854,0.5119049,0.30979517,0.58748144,3.9664557,0.6429962,0.11052231,0.6364443,0.6299344,0.42347652,0.56107825,inf,0.6299225,0.42347652,0.4549327,0.27301311,0.70138955,-0.6429962,0.104641736,0.10672433,0.4908,-0.06680045,0.53826493,-0.06240121,0.5277716,0.7769834,0.08308141,0.29055113,0.39688534,0.8302144,6.1279125,4.9664555,0.60622704,0.40464914,0.55128586,128.69821,0.68162954,0.5676403,1.1512123,0.22128011,0.61364794,25.560747,AVARAGE
191,3.418182,-0.25367606,0.08986431,7.5156794,0.48767707,0.42677313,0.5403841,0.32207826,0.6188735,4.1341352,0.65230834,0.10922685,0.7452149,0.66077363,0.46330217,0.59307224,inf,0.66077363,0.46330217,0.48048225,0.25843588,0.723146,-0.65230834,0.13813771,0.13269474,0.50637156,-0.068776004,0.5619575,-0.07884973,0.5511638,0.7160202,0.07959846,0.30440277,0.4299558,0.7808657,6.6407194,5.1341352,0.4843122,0.36707672,0.57816666,136.89081,0.70450145,0.59453,1.1563568,0.20405138,0.66075706,26.791523,AVARAGE
192,3.401351,-0.25701374,0.091094606,7.7238297,0.48554718,0.4308951,0.5372148,0.323085,0.61813045,4.102525,0.6470881,0.11292493,0.78507537,0.6705806,0.6227571,0.5896008,inf,0.6705806,0.6227571,0.47788978,0.25370336,0.71911,-0.6470881,0.14175901,0.13418968,0.51170987,-0.068781346,0.5583365,-0.07822972,0.55084497,0.70130277,0.08081484,0.31249645,0.43276075,0.78465915,6.631767,5.1025257,0.6007391,0.36637902,0.57603365,115.72337,0.70057225,0.59708095,1.1583918,0.20410924,0.64441854,27.138107,AVARAGE
193,3.5986793,-0.256789,0.08957345,8.378182,0.50212955,0.44020063,0.5366659,0.32999822,0.6288257,4.3539505,0.66001976,0.108636186,0.8260649,0.6834039,0.7576448,0.59813434,inf,0.6834039,0.7576448,0.4836883,0.26723966,0.72733027,-0.66001976,0.12858239,0.13208735,0.51709646,-0.084578805,0.563274,-0.07038164,0.55857277,0.7552717,0.07689577,0.30912882,0.42106444,0.794808,6.981029,5.3539505,0.38600466,0.31816477,0.5825847,141.64296,0.70453477,0.6105829,1.1955003,0.1786963,0.64074,27.681652,AVARAGE
194,3.404104,-0.24623263,0.0935077,7.4080887,0.45673957,0.4511798,0.5478968,0.34191826,0.644277,4.0681853,0.6398494,0.12199689,0.95082295,0.7163765,0.8599978,0.6148307,inf,0.7163765,0.8599978,0.47869158,0.24258207,0.73561144,-0.6398494,0.18927874,0.17856352,0.5304346,-0.09243086,0.57497656,-0.102902256,0.5707453,0.66447496,0.07925483,0.33369046,0.45861316,0.7179586,7.175566,5.0681853,0.4630684,0.34593543,0.59676206,104.72412,0.7108877,0.61481065,1.2154987,0.19010343,0.6688309,28.780466,AVARAGE
195,2.9792008,-0.24850667,0.10414343,5.8592706,0.43950427,0.45239463,0.53111213,0.33805504,0.6324119,3.573813,0.6225283,0.1311195,0.8221983,0.70864516,0.7953419,0.6017414,0.828539,0.70864516,0.7953419,0.46748027,0.22533391,0.706727,-0.6225283,0.16822891,0.14736825,0.54684955,-0.05493025,0.5611909,-0.094641544,0.5623558,0.5946119,0.09445489,0.35123882,0.46197262,0.7521568,6.0879855,4.5738125,0.41925016,0.47228587,0.5887732,148.6748,0.6913601,0.6248724,1.1238484,0.25922245,0.6602631,28.610264,AVARAGE
196,3.2027926,-0.23788232,0.105977155,6.1011972,0.46174544,0.48474613,0.5392746,0.36026278,0.6670701,3.8650231,0.6380797,0.13215385,0.88836694,0.7600638,1.1828545,0.6307049,0.9074864,0.7600638,1.1828545,0.4728053,0.24438381,0.7249773,-0.6380797,0.16866215,0.15882342,0.57713753,-0.07744474,0.5797605,-0.09864118,0.5891338,0.6622309,0.09239141,0.3573326,0.44910455,0.7367336,6.625442,4.8650236,1.1396918,0.4406345,0.61442655,123.65657,0.7037638,0.66880286,1.1762122,0.24777928,0.68080765,30.675268,
197,3.1856256,-0.23717229,0.10415168,6.044939,0.4607158,0.4784542,0.54087067,0.35770026,0.66455203,3.842058,0.6399782,0.12889054,0.87316686,0.7489644,1.0319102,0.63043946,0.89237034,0.7489644,1.0319102,0.47497144,0.2435254,0.7274647,-0.6399782,0.17015216,0.16035096,0.5688893,-0.07760266,0.58084416,-0.0999512,0.5868694,0.6564959,0.09043516,0.35184842,0.4520062,0.7320337,6.6105485,4.8420577,0.067998484,0.42991358,0.6134947,126.31584,0.7058321,0.6615015,1.1747528,0.24409093,0.68492866,30.245468,AVARAGE
198,3.2752025,-0.24234292,0.10437662,6.557093,0.47767603,0.466549,0.5296667,0.35382512,0.65181595,3.9679317,0.6452925,0.124217324,0.8124746,0.7264293,0.9103055,0.61920834,0.9703515,0.7264293,0.9103055,0.47515273,0.25260365,0.72433597,-0.6452925,0.14189738,0.14454965,0.5557672,-0.08546305,0.5743721,-0.09044633,0.57734317,0.69272965,0.089218155,0.33889502,0.43863696,0.7577971,6.5513024,4.967932,3.1525867,0.42376724,0.6034212,157.85767,0.6999356,0.64760697,1.1925354,0.24119362,0.6765963,29.392906,AVARAGE
199,3.2574914,-0.24618445,0.09036502,6.7919087,0.48215288,0.4403647,0.552733,0.32854503,0.6343986,3.959539,0.64844257,0.11388179,0.77684563,0.685642,0.57340455,0.6069504,0.991621,0.685642,0.57340455,0.47486612,0.2563168,0.72929263,-0.64844257,0.16951,0.15074694,0.52122283,-0.061712403,0.57117945,-0.09354716,0.56317407,0.70204765,0.080858186,0.31386444,0.43656614,0.750198,6.6624184,4.959539,1.025923,0.380817,0.59106725,149.52551,0.71268463,0.61105454,1.1376011,0.21597217,0.6788232,27.742826,
200,3.322649,-0.2633708,0.090861924,7.6920037,0.50670445,0.41875783,0.5278651,0.3169386,0.6037409,4.073435,0.64570767,0.11133441,0.74104077,0.65179694,0.5744855,0.57624567,inf,0.65179694,0.5744855,0.46428728,0.26642308,0.71334094,-0.64570767,0.13166557,0.1273455,0.49881944,-0.07174673,0.5500164,-0.072988294,0.540009,0.75078577,0.08006158,0.2998426,0.41237557,0.8023749,6.5615954,5.073435,0.40620136,0.36751235,0.56419426,90.19251,0.6936959,0.5784035,1.1641787,0.20053583,0.6361139,26.376387,UNHEALTHY
201,3.6169724,-0.24424066,0.09053323,7.6868443,0.5002233,0.44319588,0.55100024,0.33415365,0.63949937,4.384825,0.66471314,0.10912216,0.77065635,0.6858254,0.6025737,0.6120449,1.1023253,0.6858254,0.6025737,0.48582348,0.27226657,0.73736846,-0.66471314,0.13877052,0.13854633,0.52179027,-0.079724275,0.5758323,-0.08476926,0.56736165,0.7678523,0.078594364,0.3054403,0.42264572,0.7729615,7.027041,5.384825,-1.3079339,0.34930035,0.5948501,123.37507,0.7163806,0.6177101,1.1827656,0.19580862,0.6868526,27.812862,AVARAGE
202,2.5935726,-0.27203256,0.107967146,6.031833,0.4773955,0.417659,0.4946232,0.31907558,0.58456486,3.2474897,0.59573936,0.13683735,0.67553073,0.6621408,0.649998,0.5563762,inf,0.6621408,0.649998,0.42083344,0.24030365,0.6779323,-0.59573936,0.15179911,0.13663125,0.5155786,-0.05891401,0.52859986,-0.09298348,0.52614176,0.65391725,0.09791959,0.3267231,0.42210096,0.7770781,5.5485373,4.24749,-0.84929943,0.53196824,0.5489646,81.81858,0.6594709,0.56959933,1.1348329,0.28132504,0.6012099,26.616257,AVARAGE
203,2.412925,-0.28218707,0.115046255,5.499402,0.4748094,0.40156755,0.4727015,0.3090369,0.5580592,3.014841,0.57777464,0.14165829,0.60545784,0.631087,0.49500504,0.53174955,inf,0.631087,0.49500504,0.41021264,0.22620526,0.6485628,-0.57777464,0.12812686,0.11273446,0.5093607,-0.04187891,0.5074046,-0.08036225,0.5052223,0.6019633,0.10779311,0.33046338,0.4179814,0.8116193,5.000101,4.0148406,-0.15676725,0.57404715,0.52758497,106.1749,0.6357447,0.5514194,1.1007291,0.2957621,0.5735279,25.448662,
204,3.1212287,-0.2638948,0.09728054,6.965752,0.50503504,0.41655925,0.50996786,0.3227151,0.5996098,3.8522446,0.6350108,0.11427733,0.6803778,0.64651585,0.46671548,0.57331353,inf,0.64651585,0.46671548,0.4530496,0.26265207,0.70266056,-0.6350108,0.119623624,0.123908885,0.5009195,-0.076697335,0.545474,-0.07665858,0.53609014,0.73101616,0.08436034,0.29928055,0.40944713,0.7973023,6.215483,4.852244,2.6985183,0.40404874,0.56160355,106.17415,0.6804329,0.57844824,1.1782203,0.21916533,0.62943596,26.190231,AVARAGE
205,3.575737,-0.26019043,0.09073945,8.290506,inf,0.42793286,0.5288556,0.32371187,0.6143365,4.328095,0.6616229,0.1062383,0.7682679,0.6592568,0.6121965,0.58521557,inf,0.6592568,0.6121965,0.48479217,0.2669017,0.7207702,-0.6616229,0.10633022,0.11447539,0.5065696,-0.07849249,0.5561896,-0.062243354,0.5482325,0.7524971,0.078645065,0.30374852,0.41776073,0.81645995,6.69311,5.3280954,-1.7763096,-inf,0.5722195,102.020515,0.6988966,0.59759724,1.181155,0.18373877,0.64333004,26.779202,AVARAGE
206,3.6529934,-0.26142246,0.08853552,8.650842,0.5105782,0.43132687,0.53233397,0.32264432,0.6179136,4.420932,0.6676588,0.10409644,0.7942846,0.6628915,0.6507748,0.5880711,inf,0.6628915,0.6507748,0.4898147,0.26968694,0.72231656,-0.6676588,0.10371002,0.11038027,0.50864077,-0.076133296,0.556826,-0.05224186,0.55064815,0.76821625,0.07731392,0.30479068,0.4147623,0.82885253,6.7990675,5.4209313,-1.8824238,0.30306026,0.5739858,146.72153,0.7015202,0.6027824,1.174826,0.17202961,0.6299127,26.950912,AVARAGE
207,3.422482,-0.25794047,0.08727867,7.5679574,0.48593977,0.42365038,0.55189884,0.30926445,0.610213,4.1078362,0.6536013,0.10930713,0.7365383,0.6502201,0.4396886,0.5837665,inf,0.6502201,0.4396886,0.48664248,0.25069076,0.7119605,-0.6536013,0.1341384,0.10865089,0.5072116,-0.027883096,0.5539402,-0.063162126,0.5446818,0.68535376,0.083561234,0.31131554,0.43162668,0.8214293,6.315023,5.1078362,-1.413626,0.36838716,0.5709825,138.93459,0.70533055,0.59367836,1.0645763,0.20607872,0.6464427,26.448856,AVARAGE
208,3.3359835,-0.2774382,0.08665063,8.634771,0.49761802,0.39594686,0.52373356,0.29386252,0.57447046,4.0400057,0.6474616,0.10587607,0.6888297,0.6077003,0.3153977,0.5494056,inf,0.6077003,0.3153977,0.47637814,0.25269225,0.69438094,-0.6474616,0.10247067,0.086953945,0.4777608,-0.03537748,0.5302414,-0.041312665,0.5173144,0.7040219,0.081813976,0.297375,0.41773045,0.87865615,5.9912877,5.040006,0.50609565,0.36676428,0.5406202,118.85693,0.6847255,0.5521737,1.080233,0.20159145,0.5939556,24.719294,AVARAGE
209,3.6472273,-0.27875257,0.08848051,9.55333,0.49208227,0.38717708,0.5167963,0.2919853,0.56448716,4.34572,0.6519718,0.104120694,0.65955544,0.59086245,0.25596648,0.5400775,inf,0.59086245,0.25596648,0.48801175,0.25101906,0.69265693,-0.6519718,0.07266685,0.069610976,0.469934,-0.043537933,0.526426,-0.038828086,0.5105406,0.69849247,0.08275693,0.29289815,0.41827703,0.91239375,6.020256,5.3457203,-5.94098,0.37179872,0.53329474,90.25123,0.6811157,0.5402042,1.1040311,0.19884568,0.59870964,24.085175,AVARAGE
210,3.0699806,-0.25295478,0.09734372,6.292795,0.46113345,0.429266,0.5313146,0.32436785,0.6154282,3.7062342,0.6329646,0.11891926,0.7359814,0.6662548,0.47202855,0.5891048,0.89527375,0.6662548,0.47202855,0.46938232,0.2382456,0.70866394,-0.6329646,0.15059786,0.13512065,0.51734424,-0.054563742,0.5565912,-0.08726329,0.5487353,0.6362531,0.08807833,0.32236484,0.44558355,0.77021813,6.1230206,4.706234,0.674305,0.43451673,0.57645667,167.7552,0.6931649,0.5976658,1.121022,0.23772854,0.65861434,26.989594,AVARAGE
211,3.0808144,-0.25669682,0.09870297,6.7722893,0.47243723,0.4379535,0.52785784,0.3284372,0.6182882,3.7548268,0.6318698,0.12390788,0.7788794,0.68638086,0.74891174,0.58844143,inf,0.68638086,0.74891174,0.46229982,0.24620809,0.71053404,-0.6318698,0.15379344,0.14076263,0.52613837,-0.06471172,0.5551696,-0.08711784,0.5520219,0.6740128,0.08818487,0.32889533,0.43791097,0.7699011,6.2578864,4.754827,-2.4049125,0.43733287,0.5764935,115.79702,0.6918205,0.6037059,1.1450425,0.24171644,0.6464739,27.70613,
212,2.7492275,-0.26737532,0.103222795,6.0615125,0.45094407,0.4222814,0.5196146,0.31047887,0.58968544,3.3574362,0.603072,0.13595033,0.71781695,0.6637368,0.6711321,0.56117684,inf,0.6637368,0.6711321,0.44148314,0.22767638,0.6797517,-0.603072,0.1624485,0.1286902,0.5225576,-0.028139217,0.5325126,-0.08633259,0.530343,0.60820854,0.10027622,0.33905944,0.43957415,0.7904486,5.610308,4.357436,13.083854,0.5314884,0.5536864,99.32021,0.6728252,0.57946277,1.070776,0.276031,0.61830276,26.763847,
213,2.8869882,-0.27288643,0.09625466,6.7175474,0.4780241,0.40079287,0.51118785,0.3021324,0.57569057,3.5421405,0.6186642,0.11984226,0.6616017,0.6234961,0.3693989,0.5504844,inf,0.6234961,0.3693989,0.4486359,0.24141096,0.6848453,-0.6186642,0.13318865,0.11449875,0.4909208,-0.042279866,0.5293456,-0.07256328,0.51859707,0.65520686,0.09012791,0.30905512,0.42505348,0.8162839,5.7003,4.5421405,0.7468089,0.4594887,0.5429992,111.70428,0.67242205,0.55430514,1.0980177,0.24391393,0.60964906,25.236149,AVARAGE
214,3.064427,-0.26195058,0.09583303,6.738274,0.47352397,0.42138258,0.5310411,0.31218058,0.6001297,3.7301812,0.62904406,0.12124006,0.705366,0.6548966,0.5224991,0.5731485,0.9860845,0.6548966,0.5224991,0.46077225,0.24424212,0.6984321,-0.62904406,0.145245,0.121818,0.5117856,-0.03848529,0.54468304,-0.07853139,0.5376625,0.66575485,0.09040307,0.3189774,0.4315949,0.7992609,5.990795,4.7301817,1.3021073,0.4525673,0.56286645,117.15606,0.6881008,0.5846457,1.0882398,0.2430609,0.6362906,26.516436,AVARAGE
215,2.1240451,-0.31020522,0.107762076,5.5237775,0.4976436,0.36163443,0.462849,0.26681402,0.5040934,2.7449281,0.5572375,0.13957512,0.49814257,0.5653696,0.28434128,0.48039716,inf,0.5653696,0.28434128,0.3797855,0.22906569,0.60886604,-0.5572375,0.12020986,0.08050047,0.47260955,0.0066030337,0.468251,-0.052896816,0.46231034,0.6211993,0.11097512,0.309321,0.384888,0.87977546,4.4211283,3.7449281,0.6935117,0.5914803,0.4816185,85.89337,0.61240214,0.49505997,0.9967557,0.28743738,0.4853845,22.842066,AVARAGE
216,2.8115582,-0.2852477,0.10209209,6.6359982,0.5185662,0.40463957,0.4834083,0.30356437,0.5665725,3.5169635,0.6138883,0.12134538,0.6281514,0.62446463,0.56768906,0.5375985,inf,0.62446463,0.56768906,0.4301317,0.2541495,0.66330993,-0.6138883,0.09573233,0.08861338,0.49920058,-0.045473743,0.51368314,-0.047610227,0.5107503,0.7055681,0.094560996,0.30809644,0.39125937,0.8680967,5.4394617,4.5169635,-2.5505078,0.45162547,0.53182614,108.09538,0.64972806,0.5615342,1.1030531,0.24199244,0.5505802,25.350727,
217,1.7668073,-0.33892766,0.110946156,4.675346,0.5054304,0.3194925,0.44486657,0.22198223,0.43783832,2.3138547,0.5110823,0.15198857,0.3798979,0.48983017,0.0119999675,0.41833827,inf,0.48983017,0.0119999675,0.34427404,0.2072132,0.53737235,-0.5110823,0.10400372,0.036374617,0.4524034,0.07595765,0.4134966,-0.019669537,0.4082182,0.54714924,0.13291098,0.3095994,0.35446468,0.9608964,3.5549707,3.3138552,0.36792633,0.65484715,0.4250951,49.95737,0.5707065,0.43636173,0.87036806,0.28646544,0.41198382,19.93265,UNHEALTHY
218,3.0426428,-0.27469036,0.09969798,7.127059,0.51047105,0.41507232,0.49426693,0.31771195,0.58728206,3.7494051,0.6317906,0.11539792,0.69576496,0.64135736,0.5973814,0.5579069,inf,0.64135736,0.5973814,0.4534931,0.25457957,0.6875864,-0.6317906,0.098626964,0.103655726,0.50248724,-0.06938321,0.53188086,-0.053487897,0.5270298,0.707056,0.087415025,0.3091209,0.40886325,0.84034526,5.888308,4.749405,0.8341628,0.40193176,0.549357,140.4198,0.6664643,0.57676387,1.1568921,0.2245524,0.5888827,26.023653,AVARAGE
219,2.2202117,-0.31402105,0.11396372,5.992699,0.507755,0.35830995,0.44243035,0.265927,0.49511564,2.8527868,0.5653257,0.13912822,0.46076354,0.55058587,0.22299404,0.47207582,inf,0.55058587,0.22299404,0.3879123,0.23148747,0.5998497,-0.5653257,0.07537231,0.052674554,0.47524616,-0.0018511005,0.46056873,-0.031150395,0.45603484,0.63265747,0.11693623,0.3111339,0.37535158,0.9285902,4.270824,3.8527873,-0.1808776,0.5928181,0.4742375,77.10719,0.6002339,0.49643016,1.0134223,0.28576398,0.48165143,22.386278,AVARAGE
220,3.2095044,-0.26214606,0.09158826,7.315887,0.4671502,0.42386946,0.53546804,0.3135967,0.6054841,3.8650393,0.6376758,0.116167665,0.7813838,0.65938973,0.59084916,0.57701325,inf,0.65938973,0.59084916,0.47338513,0.24076821,0.7061315,-0.6376758,0.14560169,0.12507477,0.5086155,-0.046003204,0.5483738,-0.07451427,0.54130465,0.65553486,0.084746055,0.31990156,0.44118735,0.79846215,6.237019,4.8650393,0.9791823,0.38964212,0.56587154,129.0063,0.69407916,0.58695865,1.1043434,0.21288402,0.6368473,26.689032,AVARAGE
221,3.5056648,-0.26149568,0.09547596,8.178734,0.4922214,0.43283018,0.5205524,0.3251462,0.6137701,4.226493,0.65827394,0.110605665,0.75382173,0.66422004,0.6472526,0.58394617,inf,0.66422004,0.6472526,0.4869533,0.25756273,0.71084434,-0.65827394,0.09359131,0.10009363,0.5171893,-0.06931323,0.55190766,-0.05412845,0.54789144,0.7208275,0.08435917,0.31525922,0.4235481,0.84364516,6.378083,5.226493,-0.49640924,0.36769757,0.57159275,112.84834,0.6909493,0.60598725,1.1561129,0.20457603,0.6310132,27.019672,AVARAGE
222,3.429891,-0.2759328,0.08589427,8.838712,0.4987198,0.40372536,0.5255062,0.29753512,0.58267,4.143123,0.65482014,0.104640044,0.71801764,0.6191683,0.42134586,0.55601853,inf,0.6191683,0.42134586,0.4839278,0.25474983,0.6994953,-0.65482014,0.09864495,0.08711432,0.48413214,-0.04085856,0.53453875,-0.03723952,0.523648,0.71369946,0.08040683,0.29956862,0.41868672,0.875814,6.1568913,5.1431236,0.85594124,0.34704766,0.54638016,127.85347,0.68766254,0.56386286,1.0915731,0.1927269,0.58953047,25.192848,AVARAGE
223,3.4740505,-0.28113598,0.08183187,9.258322,0.5228701,0.3905835,0.52491707,0.28941134,0.5712201,4.219562,0.6592786,0.09799733,0.6752762,0.5957131,0.29389417,0.546206,inf,0.5957131,0.29389417,0.48221946,0.26471576,0.6975,-0.6592786,0.088665836,0.079258755,0.46725202,-0.039309654,0.5289124,-0.029900275,0.51414543,0.7459057,0.076668546,0.28164995,0.4027709,0.8931548,6.2125144,5.219562,0.7479361,0.30321017,0.5367575,110.925255,0.68717706,0.54708326,1.0890338,0.17562151,0.5788795,24.288158,AVARAGE
224,3.3634338,-0.27185354,0.085596986,8.499538,0.4935476,0.40792948,0.54006374,0.29789472,0.587483,4.062785,0.6451072,0.110453084,0.72508067,0.63166887,0.4850302,0.5605039,1.0822455,0.63166887,0.4850302,0.4751955,0.25261417,0.7016101,-0.6451072,0.13055132,0.10469159,0.4900169,-0.029639628,0.53819627,-0.055702955,0.5276892,0.69981843,0.08208743,0.30292723,0.42156443,0.8435793,6.2289977,5.062785,0.6490607,0.37221974,0.55083925,98.415764,0.69439495,0.56576234,1.0705696,0.20320112,0.59778565,25.610905,AVARAGE
225,3.3007777,-0.2410172,0.09478164,6.5315413,0.44021577,0.45766127,0.5579858,0.33738318,0.648332,3.9142792,0.6427207,0.122276485,0.8903253,0.7154156,0.7759307,0.6185202,0.8237751,0.7154156,0.7759307,0.48929054,0.23080225,0.72835016,-0.6427207,0.18248677,0.15681471,0.54379463,-0.054557346,0.5762082,-0.09528486,0.5742305,0.61350185,0.0861333,0.34508452,0.46976244,0.7370788,6.6452494,4.9142795,1.3697511,0.3913685,0.6019141,127.32575,0.7139753,0.6335494,1.1230335,0.21958302,0.6841553,28.905403,AVARAGE
226,3.1821036,-0.26829827,0.09652039,7.409589,0.49293205,0.40739033,0.5121364,0.30952173,0.58546084,3.889382,0.63554454,0.11489281,0.6475349,0.6292054,0.41132438,0.55938715,inf,0.6292054,0.41132438,0.46058896,0.2553801,0.69528323,-0.63554454,0.10794851,0.10443808,0.49499896,-0.057118192,0.53723747,-0.06822746,0.5265111,0.707278,0.08760863,0.3021299,0.41492286,0.8311039,5.9594464,4.889382,-0.2724608,0.435114,0.5509128,114.89606,0.6787046,0.566999,1.1283033,0.23211402,0.6247701,25.534786,UNHEALTHY
227,2.9039612,-0.2641782,0.10160944,6.4884367,0.48605344,0.42955473,0.5236813,0.3132576,0.5993845,3.5879748,0.62009376,0.13007696,0.6674867,0.667856,0.66327035,0.57045627,inf,0.667856,0.66327035,0.4447778,0.24928908,0.6870155,-0.62009376,0.14194344,0.11433543,0.5280309,-0.029353544,0.53878385,-0.07691759,0.5378139,0.68401337,0.09847622,0.3269387,0.41696712,0.81550074,5.724691,4.5879745,-19.791927,0.5060757,0.5614487,112.13099,0.6796141,0.59487355,1.0697298,0.2695627,0.6241457,27.037313,
228,3.2326546,-0.25682276,0.09760425,7.045619,0.50450146,0.43581748,0.5223931,0.3314472,0.6192456,3.9690166,0.64074033,0.1176624,0.74850976,0.6791497,0.7168955,0.589437,inf,0.6791497,0.7168955,0.4607899,0.2634126,0.7131738,-0.64074033,0.13432467,0.1340628,0.5204206,-0.079339124,0.556358,-0.08173218,0.5517827,0.7366035,0.08460309,0.31194165,0.41649652,0.7869091,6.5027804,4.969016,0.37142387,0.39422223,0.576526,96.72032,0.6908895,0.60244143,1.1816864,0.22065838,0.6474379,27.471422,AVARAGE
229,3.2117841,-0.26428825,0.09729724,7.402026,0.5059234,0.42297623,0.5200269,0.31647193,0.60018635,3.9726565,0.64111024,0.1172969,0.6619579,0.653231,0.5846905,0.5719132,inf,0.653231,0.5846905,0.457292,0.26776075,0.70041984,-0.64111024,0.11292673,0.106439896,0.511975,-0.055346727,0.5438558,-0.06486143,0.5381383,0.76099396,0.08899871,0.30716422,0.40276048,0.8314901,6.103789,4.9726562,5.3436284,0.4466784,0.56177074,108.585526,0.6849152,0.5884174,1.1251405,0.23686872,0.6289901,26.510502,
230,1.4408374,-0.3624245,0.12164337,3.9177024,0.50400156,0.27936742,0.41642258,0.189011,0.37747732,1.9352013,0.47314397,0.16395575,0.2638827,0.41086885,-0.3155756,0.36304703,inf,0.41086885,-0.3155756,0.31422976,0.18985559,0.4700081,-0.47314397,0.07326999,-0.0043078116,0.43782336,0.1203171,0.36297485,0.013850125,0.35772192,0.4944823,0.15845592,0.31043744,0.32088122,1.0325755,2.9015808,2.9352014,-0.42737746,0.7197677,0.37333605,19.7501,0.5279678,0.3838436,0.7953974,0.271524,0.35585713,16.982038,UNHEALTHY
231,3.0013134,-0.27150863,0.1029655,6.692929,inf,0.4149197,0.49385366,0.32151285,0.58802694,3.7302015,0.62702405,0.118262224,0.654182,0.64118755,0.5546527,0.56000054,inf,0.64118755,0.5546527,0.44352219,0.26041418,0.68572176,-0.62702405,0.100987524,0.10664893,0.505152,-0.069411255,0.5329635,-0.062369,0.52745533,0.7292859,0.090240106,0.30578655,0.39975455,0.8305576,5.876096,4.7302017,-0.06783172,-inf,0.55087996,93.00366,0.6649775,0.57662,1.1608223,0.23383614,0.6004979,26.015594,AVARAGE
232,1.7549443,-0.3516767,0.11446395,4.9557676,inf,0.29446927,0.41543743,0.2103363,0.40698433,2.30261,0.51232046,0.14523365,0.3179182,0.43855295,-0.20137237,0.38950872,inf,0.43855295,-0.20137237,0.34621868,0.20575546,0.5144141,-0.51232046,0.054434948,0.0025209966,0.43038628,0.073564656,0.39198428,0.009866504,0.38316005,0.5480956,0.13592263,0.29671356,0.33868507,1.0256557,3.308127,3.30261,0.09168767,-inf,0.3990643,48.89562,0.5477457,0.40508157,0.8783618,0.26561594,0.38722718,18.040262,
233,1.3219815,-0.41144067,0.115960404,4.594917,0.5659536,0.2141828,0.37601516,0.13969061,0.2905363,1.8083007,0.45141047,0.15547654,0.17674533,0.28764725,-0.60844094,0.2799184,,0.28764725,-0.60844094,0.2969468,0.18145344,0.3900531,-0.45141047,0.0032457504,-0.07538319,0.38297725,0.16294998,0.29122117,0.109600715,0.2831609,0.4864988,0.16879445,0.2840565,0.254941,1.204606,2.3980608,2.808267,-0.068043634,0.5546449,0.29326007,17.906115,0.47502458,0.28085515,0.73473036,0.2032679,0.19639279,12.31825,UNHEALTHY
234,1.9362638,-0.32869825,0.10395874,5.1221147,0.4493467,0.3297788,0.45879793,0.23574689,0.4620588,2.4208653,0.52844125,0.1414874,0.47765902,0.51043946,0.008176842,0.4420954,inf,0.51043946,0.008176842,0.38166803,0.18764079,0.56359226,-0.52844125,0.120673,0.054817062,0.44847262,0.06068086,0.43474206,-0.024634754,0.42642027,0.4846381,0.11869384,0.31653902,0.4033895,0.9368474,3.8680916,3.4208653,0.20520191,0.6390502,0.4461354,66.92331,0.58994055,0.44872513,0.8973903,0.2927307,0.42959756,20.69847,UNHEALTHY
235,3.1041698,-0.27430537,0.09691429,7.209828,0.47951484,0.4097516,0.5115696,0.3093398,0.5823578,3.758857,0.62264246,0.11924826,0.7372149,0.63591963,0.55829215,0.5545753,inf,0.63591963,0.55829215,0.45787334,0.23957212,0.68242365,-0.62264246,0.12330051,0.10909979,0.4995913,-0.047416545,0.5288678,-0.060686793,0.5224684,0.6546992,0.089839675,0.31466585,0.42406002,0.84495866,5.9961467,4.7588573,617.4827,0.41236082,0.54549164,99.705055,0.6716933,0.5634012,1.1196345,0.21690933,0.598384,25.761438,AVARAGE
236,3.1639218,-0.27757838,0.08943066,8.114369,0.49968264,0.40964195,0.51805395,0.30393815,0.5849579,3.8758218,0.63657224,0.112236775,0.7500878,0.6368157,0.5786483,0.5563263,inf,0.6368157,0.5786483,0.46046773,0.25388896,0.6960167,-0.63657224,0.12649938,0.11070714,0.4917946,-0.05193995,0.53263557,-0.055640887,0.525372,0.7121873,0.08215263,0.30566448,0.4167179,0.8491239,6.1544247,4.8758225,1.8541479,0.37120622,0.54690236,123.678215,0.6807758,0.5635408,1.1224691,0.20543817,0.57732624,25.781885,AVARAGE
237,3.3399875,-0.2601207,0.08942292,7.412965,0.4733853,0.42574897,0.54419345,0.31327403,0.6100514,4.0111637,0.6436074,0.11323569,0.7719521,0.6592978,0.5394834,0.5825598,inf,0.6592978,0.5394834,0.47758508,0.2454741,0.7114166,-0.6436074,0.14760007,0.123037964,0.5093569,-0.041640878,0.5525336,-0.07315381,0.5448176,0.6717827,0.083607934,0.31673405,0.43815795,0.81149846,6.368942,5.011163,0.8413891,0.38273835,0.5700017,102.056625,0.6997383,0.5900003,1.0980054,0.21158312,0.6310271,26.73005,
238,3.1471136,-0.3011586,0.08184646,8.753148,0.52293617,0.3492949,0.49823955,0.2660402,0.5217373,3.8710458,0.6350063,0.096931666,0.57236356,0.53315,-0.006595823,0.5006769,inf,0.53315,-0.006595823,0.45466754,0.25782257,0.67014134,-0.6350063,0.07696061,0.066353805,0.42688984,-0.031289853,0.49920043,-0.02436104,0.476162,0.72438776,0.07759493,0.26403028,0.39163324,0.91971695,5.607116,4.8710456,0.3365207,0.35510564,0.49745545,106.5933,0.66098106,0.48591954,1.0738755,0.18794127,0.53275645,21.731161,AVARAGE
239,3.860955,-0.27006644,0.076584764,10.03148,0.5157818,0.39619595,0.556237,0.29053771,0.58626187,4.6268377,0.67277426,0.09460159,0.70264757,0.6037028,0.22242695,0.5630654,inf,0.6037028,0.22242695,0.49928534,0.26889765,0.7174077,-0.67277426,0.105927795,0.08655441,0.4695279,-0.029787388,0.544548,-0.041191496,0.526436,0.7660984,0.07333195,0.28083625,0.41283688,0.881846,6.6410003,5.6268377,2.6849434,0.2880055,0.5509858,86.21977,0.71035904,0.55588424,1.0692437,0.16231501,0.6207564,24.622543,
240,2.810612,-0.26198184,0.10538718,5.7564387,0.46932313,0.43200713,0.51372874,0.32446402,0.6040446,3.4401884,0.6061688,0.13298744,0.72794116,0.67793727,0.71731484,0.57449883,inf,0.67793727,0.71731484,0.44099185,0.23388053,0.685725,-0.6061688,0.15713175,0.1363233,0.5291952,-0.04857777,0.54086125,-0.09036148,0.5400879,0.6297394,0.09718804,0.33491874,0.43500662,0.7720871,5.8046246,4.4401884,-1.0803018,0.48833996,0.56474733,124.533646,0.672429,0.59479237,1.1138908,0.26430622,0.62570095,27.352406,AVARAGE
241,3.1118586,-0.2607891,0.09812153,6.890856,0.5034262,0.43087783,0.5239646,0.32143468,0.6088568,3.8370876,0.6355384,0.12063691,0.7071614,0.66908324,0.66241974,0.5795404,inf,0.66908324,0.66241974,0.45634818,0.25911644,0.70273286,-0.6355384,0.13237475,0.12096587,0.5203486,-0.055335924,0.5483603,-0.07467324,0.54447895,0.7254548,0.08947081,0.31649274,0.41583067,0.80232865,6.1321297,4.837087,-1.4408257,0.42536047,0.56866485,125.19912,0.6871538,0.5978751,1.1246217,0.23830673,0.6355268,27.099314,
242,2.991336,-0.27032945,0.09372255,6.7127323,inf,0.40950033,0.5197333,0.3030801,0.5856558,3.6991622,0.6296319,0.115458906,0.64913803,0.63142765,0.4393286,0.55915004,inf,0.63142765,0.4393286,0.44981462,0.2561255,0.68874544,-0.6296319,0.12702978,0.10766739,0.49816853,-0.03672565,0.53424746,-0.063600615,0.5259847,0.7082903,0.08868366,0.3036572,0.4062387,0.8246892,5.8507123,4.699162,0.9935352,-inf,0.5500759,129.23015,0.6786643,0.5704922,1.082508,0.23280299,0.611662,25.640104,
243,3.3521912,-0.26578265,0.089533545,7.6222687,0.50857407,0.4110017,0.5279156,0.30821162,0.59449476,4.0994716,0.6476293,0.10750525,0.6796834,0.63253224,0.4394539,0.56790173,inf,0.63253224,0.4394539,0.46693873,0.26591656,0.7067398,-0.6476293,0.11588562,0.10986344,0.4924238,-0.056344077,0.5446589,-0.066297,0.5328937,0.74740136,0.08142208,0.2940756,0.40852508,0.82152694,6.3288693,5.099471,-1.1249474,0.37347665,0.55744314,120.81765,0.6913094,0.57412076,1.1284026,0.20363513,0.63210094,25.703428,
244,2.9445772,-0.2655802,0.10531002,6.4470243,0.48841512,0.43421578,0.50809234,0.32430208,0.60309786,3.624853,0.6174314,0.13036962,0.7284303,0.67812276,0.80280536,0.5721756,inf,0.67812276,0.80280536,0.44426703,0.24612413,0.687374,-0.6174314,0.1333743,0.122411564,0.530706,-0.056077242,0.53896403,-0.077291675,0.5403119,0.6804095,0.09649017,0.33271137,0.42044646,0.80006677,5.88501,4.6248527,1.743199,0.4679873,0.5626905,109.3861,0.6714758,0.5993411,1.1298256,0.25443268,0.61626804,27.408127,UNHEALTHY
245,1.4096907,-0.37120214,0.11263245,4.0790243,0.49697977,0.26021123,0.41058698,0.18064225,0.36286727,1.8819125,0.46542165,0.15324591,0.26988268,0.3880708,-0.40370533,0.3487453,inf,0.3880708,-0.40370533,0.3113698,0.18304805,0.46799192,-0.46542165,0.081342794,0.004002022,0.40489355,0.11362509,0.35604146,0.009964537,0.3449153,0.47235525,0.1446823,0.29120547,0.32674283,1.0168712,2.9086564,2.8818765,-2.9118788,0.6855717,0.3604601,33.466766,0.52251387,0.35587814,0.80626875,0.25646612,0.33269402,15.955219,UNHEALTHY
246,2.0374095,-0.32068428,0.11274489,5.2072053,0.5118884,0.35086966,0.44645855,0.25520802,0.48241237,2.627414,0.5450295,0.14380807,0.4570631,0.5404821,0.2050535,0.4599356,inf,0.5404821,0.2050535,0.37337887,0.21969259,0.5790143,-0.5450295,0.094580345,0.05181156,0.47209454,0.027966807,0.44790253,-0.025607469,0.44449332,0.59020066,0.12122489,0.31545746,0.37203723,0.93809336,4.0344057,3.627414,-0.41356114,0.61071134,0.46292147,67.50829,0.59123015,0.48086768,0.9573367,0.2928084,0.4391027,21.95551,AVARAGE
247,3.1843297,-0.28961635,0.09978289,7.928426,0.582238,0.38498944,0.46536887,0.3066793,0.55474204,3.992801,0.63496464,0.106900446,0.5630876,0.5892078,0.35334802,0.5293771,inf,0.5892078,0.35334802,0.4383841,0.2803209,0.67357534,-0.63496464,0.046855748,0.07419847,0.46956745,-0.086948484,0.51332545,-0.03249299,0.50139546,0.80901235,0.08457801,0.27494088,0.36367124,0.90243125,5.8455276,4.9928007,0.25940675,0.36714092,0.5227954,63.74785,0.6462213,0.53562236,1.2016065,0.21162342,0.53099775,23.992718,AVARAGE
248,2.9416935,-0.27960426,0.103990294,7.322025,0.4950383,0.4145052,0.49404204,0.30990478,0.5769291,3.6344006,0.6139414,0.12919322,0.6981574,0.64845055,0.7261808,0.5473204,inf,0.6484382,0.7261808,0.43916208,0.24671507,0.6753566,-0.6139414,0.1153051,0.10547055,0.51065314,-0.05410444,0.5220305,-0.06296,0.52055955,0.6931,0.09614791,0.32524568,0.41237724,0.8442745,5.704861,4.634401,0.5759458,0.47575235,0.5407421,87.61096,0.6592113,0.5688772,1.1249094,0.25440246,0.5708412,26.192125,AVARAGE
249,3.8313296,-0.27580968,0.07922755,9.832266,0.5460096,0.3771339,0.52590674,0.289778,0.5673535,4.6795816,0.679218,0.08733805,0.5920612,0.569766,0.06414346,0.54601634,inf,0.569766,0.06414346,0.48800445,0.2917338,0.7142994,-0.679218,0.05831154,0.07153689,0.44736096,-0.0647719,0.5369298,-0.033459872,0.512418,0.8484004,0.07022707,0.25434142,0.38139376,0.8980324,6.5639806,5.6795816,4.2678804,0.29499957,0.53669274,67.55007,0.6960657,0.53202474,1.1460115,0.16161804,0.61822325,23.312471,AVARAGE
250,3.7156491,-0.2654854,0.08489256,8.878776,0.52291435,0.41693828,0.53333706,0.31128976,0.6045422,4.4927354,0.67346865,0.09741438,0.7322064,0.634101,0.4552605,0.5772919,inf,0.634101,0.4552605,0.4943453,0.27321365,0.71654075,-0.67346865,0.08667843,0.09035205,0.49274376,-0.061732832,0.55045694,-0.037900656,0.5397212,0.777086,0.075805455,0.29128903,0.40493104,0.86877126,6.648936,5.4927354,-1.0689076,0.29358897,0.5639374,140.76625,0.7000902,0.58605504,1.1399407,0.16810435,0.6234819,25.880653,AVARAGE
251,3.2088256,-0.2908012,0.09744458,8.450601,0.5371183,0.38932362,0.47936758,0.29510415,0.55319756,3.9528031,0.64052814,0.10833029,0.5845372,0.5887155,0.35112458,0.5263919,inf,0.5887155,0.35112458,0.4591675,0.2621214,0.6652417,-0.64052814,0.04017056,0.046951275,0.4796479,-0.044353466,0.50874645,-0.011054478,0.5007498,0.74429446,0.09032427,0.2935827,0.38412336,0.957812,5.453677,4.952803,-0.28485516,0.40269756,0.5214717,108.62355,0.65137535,0.5459934,1.1055492,0.22219852,0.54003656,24.079657,AVARAGE
252,3.0504994,-0.2873591,0.10288689,7.6831903,inf,0.39650184,0.4814246,0.29819477,0.5562728,3.7255192,0.6225944,0.11908665,0.6091227,0.60442835,0.44513416,0.5286521,inf,0.60442835,0.44513416,0.4527675,0.24422182,0.6571696,-0.6225944,0.063466884,0.06012334,0.49412116,-0.034942437,0.50767106,-0.029262938,0.503388,0.67509216,0.09762711,0.31163523,0.40004188,0.92723066,5.3128824,4.725519,-2.2493818,-inf,0.5240585,79.9452,0.6477278,0.5530234,1.0868738,0.24312684,0.5606221,24.64803,
253,2.9752374,-0.3029914,0.100849956,8.497843,0.52544725,0.37510732,0.45623177,0.286446,0.53110796,3.6852677,0.62593865,0.112195365,0.55592513,0.5691845,0.30492705,0.5052094,inf,0.5691845,0.30492705,0.44717044,0.25358698,0.64585423,-0.62593865,0.031333882,0.039699316,0.46869367,-0.04458778,0.49136305,-0.00045493807,0.48336443,0.7102749,0.09358641,0.2934846,0.37988353,0.97478217,5.113535,4.6852674,0.3379755,0.44429696,0.50264704,88.2996,0.63100314,0.52497315,1.1022682,0.23341683,0.49598145,23.251274,
254,3.574254,-0.29160926,0.0845057,10.042957,0.527019,0.3636647,0.49968278,0.2786735,0.53976166,4.3285375,0.6601546,0.09320508,0.5642993,0.54738533,0.040623732,0.51746887,inf,0.54738533,0.040623732,0.48394236,0.26680148,0.681629,-0.6601546,0.035153136,0.04275878,0.44167212,-0.04333331,0.51161593,-0.009651799,0.4904983,0.75451785,0.0780075,0.2650053,0.389279,0.9633026,5.8067327,5.3285375,4.480892,0.3449261,0.5127078,94.45949,0.66967803,0.5124683,1.0993447,0.18395703,0.5601764,22.427784,HEALTHY
255,2.9868324,-0.26167843,0.101902924,6.3058853,0.451084,0.42990005,0.5147149,0.3229638,0.6054146,3.5943627,0.6196023,0.125635,0.77691805,0.6706225,0.6600017,0.5764727,inf,0.67060983,0.6600017,0.46254078,0.22704448,0.6939113,-0.6196023,0.14451067,0.13007684,0.5224879,-0.056297548,0.5443926,-0.08062067,0.5414404,0.6076433,0.092587754,0.33553538,0.45068818,0.7867407,5.9358306,4.5943623,0.7456679,0.44903764,0.5661024,123.04349,0.67764854,0.5943238,1.1264001,0.24320827,0.628769,27.115892,
256,3.160714,-0.27281454,0.09639146,7.326408,0.4994469,0.41460228,0.50607246,0.31124,0.5885516,3.8625472,0.6346119,0.11440376,0.70406795,0.63936126,0.5707576,0.55984116,inf,0.63936126,0.5707576,0.46100315,0.25247446,0.6900086,-0.6346119,0.1059683,0.10250133,0.5018762,-0.05863071,0.53377897,-0.055004563,0.5281557,0.70194566,0.087273896,0.30892062,0.41310117,0.8419697,6.000513,4.862547,0.011869007,0.4006857,0.5506715,111.94893,0.6729077,0.5762585,1.1322428,0.21863368,0.599411,25.96133,
257,2.8641827,-0.2696177,0.10358269,6.3319125,0.4805909,0.42468235,0.5057971,0.31584877,0.5928979,3.5104787,0.61430734,0.12834102,0.69731057,0.6614336,0.6690912,0.56362605,inf,0.6614336,0.6690912,0.44583824,0.23860817,0.6817652,-0.61430734,0.13310781,0.11690475,0.5210419,-0.046780854,0.533241,-0.073621504,0.5321576,0.6465021,0.09635962,0.32940966,0.42558202,0.8100719,5.6864824,4.5104785,-0.33402,0.48528236,0.55508536,115.194275,0.6676603,0.58741003,1.1055841,0.2630269,0.5999889,26.760197,AVARAGE
258,2.78259,-0.27741376,0.09736197,6.288747,0.4888817,0.4079918,0.51548946,0.29529756,0.57359684,3.428923,0.60977274,0.12552142,0.64498025,0.6306263,0.49216148,0.546493,inf,0.6306263,0.49216148,0.43918222,0.2393101,0.6680722,-0.60977274,0.13662748,0.10274581,0.5058734,-0.01225739,0.52043736,-0.062720396,0.516429,0.64648646,0.097881615,0.31863353,0.4135059,0.8343751,5.48403,4.428923,0.03944932,0.4832943,0.5393341,101.3986,0.6664398,0.56675565,1.0369408,0.2539492,0.58428204,25.585098,
259,2.34641,-0.2984087,0.1081429,5.404067,0.50214565,0.38682705,0.4830503,0.27629337,0.52935475,2.9457393,0.5732966,0.14051001,0.5477911,0.59466,0.44822836,0.5031168,inf,0.59466,0.44822836,0.40463126,0.22531761,0.6140217,-0.5732966,0.11193141,0.06681038,0.50321585,0.026097136,0.4809954,-0.037482973,0.48179957,0.5995045,0.116388805,0.32847163,0.39072108,0.9038399,4.552047,3.9457393,0.24134542,0.5703434,0.5018736,94.00638,0.6260293,0.5344888,0.9664597,0.28735575,0.5168221,24.17447,UNHEALTHY
260,2.0275095,-0.3358204,0.113360055,5.852773,inf,0.3271148,0.4121087,0.24895348,0.4550127,2.6860683,0.54900414,0.13566309,0.40302128,0.50037855,0.09396162,0.43364173,inf,0.50037855,0.09396162,0.36236063,0.23778315,0.5685413,-0.54900414,0.049556937,0.03241169,0.4439514,0.0013151456,0.43065497,9.179081e-05,0.42278156,0.658821,0.11684863,0.29081377,0.3395004,0.9770988,3.9732957,3.6860683,-0.008217501,-inf,0.43896452,61.68804,0.56992555,0.4489759,1.0176691,0.26560214,0.40869504,20.378744,
261,1.4806597,-0.37906224,0.10572991,4.5841637,0.51890683,0.24795394,0.4161726,0.16958338,0.3480223,1.9779952,0.4789376,0.14403127,0.2363802,0.36040443,-0.47534406,0.33404553,inf,0.36040443,-0.47534406,0.31923026,0.19218928,0.45949125,-0.4789376,0.055247176,-0.025310878,0.38983724,0.1368651,0.34619802,0.044180006,0.33276343,0.49745858,0.14188333,0.27658,0.30626732,1.0855119,2.8192706,2.9779572,-0.7943084,0.64521056,0.34753352,31.468153,0.52376884,0.3370948,0.77251714,0.23727559,0.31353337,14.963153,UNHEALTHY
262,1.5321606,-0.4044543,0.10005473,4.907267,inf,0.22819121,0.40345895,0.1454194,0.31482953,2.0875213,0.4895498,0.13496684,0.20263264,0.30471617,-0.5646994,0.30221105,inf,0.30471617,-0.5646994,0.31851614,0.20480072,0.41681364,-0.4895498,-0.0049198186,-0.08808763,0.37844777,0.1763102,0.31221184,0.14266545,0.30277455,0.55563444,0.15026565,0.26836386,0.2436435,1.2405065,2.6190543,3.0875213,0.09288713,-inf,0.3144431,23.959764,0.5023668,0.30401662,0.7127218,0.19122455,0.1886119,13.079237,UNHEALTHY
263,1.8436697,-0.34892234,0.12958902,4.9906826,0.55424654,0.31389102,0.38404912,0.23545533,0.42316315,2.4363806,0.52302724,0.14898117,0.34010905,0.46516532,-0.0024076372,0.40418386,inf,0.46516532,-0.0024076372,0.34785506,0.21886943,0.5173845,-0.52302724,0.01794115,-0.0045023956,0.45443484,0.030841518,0.39838678,0.032928403,0.3961416,0.5933089,0.14054382,0.307715,0.3189673,1.047747,3.4302325,3.4363806,0.2187404,0.62328535,0.41103607,47.751812,0.53413856,0.43308708,0.9538067,0.2689697,0.36223063,19.172417,AVARAGE
264,2.6124356,-0.29510063,0.11082919,6.0286393,0.5266875,0.38858056,0.46054283,0.29425108,0.539267,3.287742,0.5961316,0.12855211,0.5451249,0.59310794,0.4061047,0.51309466,inf,0.59310794,0.4061047,0.41574678,0.24559939,0.6316177,-0.5961316,0.06991807,0.061901677,0.49562502,-0.02649616,0.49154767,-0.029723363,0.48922983,0.6759577,0.107044466,0.31163207,0.37798437,0.9148976,4.901839,4.287741,-35.993053,0.50639486,0.509956,98.42041,0.6239697,0.54077697,1.0705515,0.26063123,0.52491784,24.175602,AVARAGE
265,3.2073243,-0.27632505,0.09028189,7.4980717,0.5050904,0.4031165,0.5267854,0.29119515,0.5749205,3.9070175,0.638499,0.11190917,0.6320696,0.61329365,0.3610716,0.5486706,inf,0.61329365,0.3610716,0.46489355,0.25312743,0.679218,-0.638499,0.10119499,0.07354926,0.49399617,-0.0062579014,0.5256141,-0.037765615,0.5175274,0.7002526,0.090879686,0.30431122,0.40404958,0.89260334,5.6750197,4.9070168,10.100841,0.42390794,0.54099405,111.74921,0.67846084,0.565337,1.0239884,0.22542202,0.586303,25.028168,AVARAGE
266,2.9527092,-0.30499062,0.08414233,8.078022,inf,0.35902613,0.49564978,0.2618446,0.522765,3.672347,0.626287,0.10308237,0.54617655,0.544489,0.108016685,0.49982205,inf,0.544489,0.108016685,0.4425401,0.25839323,0.64974004,-0.626287,0.075859465,0.049086645,0.44447246,-0.0001121843,0.49091354,-0.004706146,0.475582,0.7204355,0.08545327,0.27367887,0.37273288,0.9546183,5.247538,4.672347,2.9424288,-inf,0.49650002,95.77605,0.6503645,0.50093895,1.0066992,0.2074175,0.49210212,22.247604,
267,1.869897,-0.35330543,0.10159917,6.0723896,0.5004569,0.30129248,0.4512494,0.20186354,0.41540653,2.406795,0.520292,0.14538744,0.3805524,0.45803764,-0.072069064,0.39684847,inf,0.45803764,-0.072069064,0.36156878,0.20095934,0.52656525,-0.520292,0.08736076,0.008145841,0.43118224,0.10482451,0.3980917,0.017380351,0.39050335,0.5372199,0.12988971,0.3060211,0.35573885,1.0384245,3.436007,3.406795,1.0062493,0.64895725,0.4053838,45.120155,0.5710209,0.40816477,0.81960845,0.28109044,0.34776306,18.697815,
268,4.165188,-0.29535064,0.07207413,10.901867,0.63722,0.3640006,0.51785535,0.2701392,0.5459988,5.070123,0.68797165,0.07709952,0.55946237,0.538582,0.0648484,0.5239618,inf,0.53857124,0.0648484,0.49074897,0.30627418,0.68817323,-0.68797165,0.009515716,0.019037962,0.43186265,-0.035543717,0.51477724,0.02893792,0.49278185,0.90643126,0.06786207,0.23736179,0.33770126,1.0148641,6.503389,6.070123,-0.94248694,0.1882222,0.51471025,85.09496,0.6807506,0.51656175,1.0826778,0.12529553,0.5174808,22.209978,HEALTHY
269,3.4707782,-0.29542673,0.08845768,10.052744,0.5643906,0.37347835,0.4931489,0.2816612,0.5417647,4.2962427,0.6539543,0.10026387,0.55841964,0.56579053,0.25089517,0.5166009,inf,0.56579053,0.25089517,0.4627312,0.28246537,0.6759191,-0.6539543,0.035521265,0.042260587,0.45580515,-0.04416174,0.5074816,-0.0030850456,0.49285993,0.8264303,0.08232686,0.27080116,0.36565906,0.96787846,5.7482796,5.296243,-3.8396382,0.3584705,0.5124535,102.572495,0.66305256,0.52373016,1.1002909,0.19819456,0.53800356,23.126183,
270,3.080806,-0.2505198,0.098480076,6.2801166,0.43959662,0.44814345,0.54234356,0.3313839,0.6299461,3.6867125,0.6233633,0.12891856,0.8605681,0.7060918,0.86309457,0.5989732,inf,0.7060918,0.86309457,0.46791226,0.2272452,0.7116698,-0.6233633,0.18554518,0.15775326,0.53810996,-0.05371248,0.5613312,-0.100124374,0.5603153,0.6059681,0.08996653,0.3449786,0.4623558,0.74016094,6.389235,4.6867123,0.18016107,0.43417093,0.5858664,134.3357,0.69779646,0.61546403,1.1222765,0.23567566,0.658798,28.446686,AVARAGE
271,2.7104776,-0.27995232,0.1011317,6.291348,inf,0.41024196,0.49946105,0.30443445,0.5743942,3.352816,0.5983335,0.13052686,0.71238124,0.64580745,0.6837483,0.5454066,inf,0.64580745,0.6837483,0.4280204,0.23515844,0.6690901,-0.5983335,0.14671868,0.12275791,0.5054596,-0.041987676,0.5196833,-0.074879855,0.51702744,0.64269876,0.09522544,0.32482526,0.41998452,0.8080118,5.606285,4.352816,0.7122795,-inf,0.53852093,124.07646,0.6576859,0.5605905,1.0972046,0.25260007,0.5736939,26.026106,
272,2.5574408,-0.27689,0.1004572,5.615456,0.44794464,0.4020007,0.5128466,0.29409966,0.566868,3.1279356,0.5882144,0.13341582,0.6753042,0.6305127,0.45423958,0.5405879,0.85106504,0.6305127,0.45423958,0.42971018,0.21703503,0.6621926,-0.5882144,0.16631746,0.12164736,0.5023193,-0.009098748,0.51728326,-0.083631,0.5114264,0.5707951,0.100318566,0.33068955,0.44003478,0.8002453,5.258711,4.127936,-2.5001075,0.5285345,0.53527653,103.87297,0.6610294,0.5523102,1.0262245,0.27178144,0.5922426,25.443933,
273,2.665966,-0.2818413,0.09450152,6.1742086,0.49244964,0.39173388,0.5097021,0.28905007,0.5604536,3.308998,0.60357654,0.12159042,0.6333639,0.609262,0.3366347,0.5353391,inf,0.609262,0.3366347,0.4302119,0.2383213,0.66729254,-0.60357654,0.14465262,0.11021364,0.48437226,-0.017662916,0.5156673,-0.06800235,0.50594854,0.6432336,0.09263836,0.30684996,0.41441074,0.821915,5.4023466,4.308998,0.61469394,0.45961905,0.5294487,141.30696,0.6629053,0.5415832,1.0433025,0.24534328,0.57974535,24.662115,
274,2.8135962,-0.2720191,0.09336947,6.586821,0.46798652,0.40960267,0.5248238,0.30341083,0.58456486,3.4561005,0.6099307,0.12455567,0.7459222,0.64650387,0.56002617,0.55732596,inf,0.64650387,0.56002617,0.44117236,0.23688035,0.6896277,-0.6099307,0.17330267,0.13969903,0.49782765,-0.03764612,0.533166,-0.08502366,0.5252148,0.64261746,0.08822492,0.31777763,0.4337132,0.7768588,5.911085,4.4561005,1.0299021,0.44597036,0.5486835,86.750946,0.6793208,0.5600255,1.088228,0.23475207,0.6078015,26.029392,AVARAGE
275,2.4641886,-0.27808163,0.11206084,5.4808087,0.4765223,0.41809827,0.4848188,0.31556216,0.57599765,3.0572827,0.57984525,0.14325008,0.71214634,0.66335416,0.78956974,0.54596114,inf,0.66335416,0.78956974,0.41508508,0.223145,0.6592295,-0.57984525,0.15500125,0.13199069,0.52205825,-0.046531852,0.5170391,-0.08582246,0.5190473,0.59319764,0.10395996,0.34166947,0.42820516,0.78798646,5.319053,4.0572824,-0.25043556,0.52725095,0.54017234,121.57905,0.6450928,0.56830335,1.1081184,0.28509533,0.57893825,26.657503,AVARAGE
276,2.4726212,-0.28185153,0.11440991,5.353143,0.48634845,0.40114418,0.4747931,0.30567625,0.5576602,3.0888386,0.5818284,0.13875888,0.59215134,0.62456167,0.4679166,0.5314729,inf,0.62456167,0.4679166,0.4114506,0.23041186,0.6444899,-0.5818284,0.11949304,0.10100644,0.5098378,-0.0325074,0.5063581,-0.06975485,0.504316,0.61669075,0.108693615,0.3262445,0.4074206,0.8361219,4.992037,4.0887785,0.33531117,0.5563826,0.52712804,92.31704,0.6348366,0.55304307,1.0777162,0.28362933,0.5704258,25.271757,HEALTHY
277,3.2273388,-0.27339536,0.08842021,7.6176143,0.5325377,0.4132593,0.51936466,0.3074807,0.5931117,3.9741516,0.64453685,0.1072832,0.7151975,0.63776445,0.54104364,0.5650481,inf,0.63776445,0.54104364,0.46061638,0.26576933,0.69884485,-0.64453685,0.11682648,0.10818532,0.49318916,-0.056193117,0.5383424,-0.049868945,0.5304263,0.7471769,0.07992991,0.29585904,0.40038368,0.8389965,6.283131,4.974151,0.33760184,0.33647007,0.55362755,136.25156,0.6831369,0.5741451,1.1261547,0.19618504,0.5848372,25.891151,AVARAGE
278,2.6387198,-0.28298417,0.098650716,6.1911764,inf,0.3937919,0.4978172,0.29626197,0.56080425,3.236334,0.59528,0.12624352,0.68496305,0.61813897,0.42801654,0.53508615,inf,0.61813897,0.42801654,0.43197608,0.22400121,0.663451,-0.59528,0.14576803,0.1172558,0.48726237,-0.03296475,0.51405114,-0.069410294,0.50619733,0.5981027,0.09348625,0.31831756,0.42826098,0.8232029,5.410876,4.236334,-1.4821981,-inf,0.52903646,140.32242,0.6545951,0.5380039,1.0782658,0.25361273,0.5661066,24.93686,AVARAGE
279,2.7978706,-0.29761493,0.09509283,7.344864,inf,0.38336655,0.4810998,0.2871973,0.5450375,3.4698737,0.606169,0.11910942,0.66398436,0.5982157,0.4579791,0.51879674,inf,0.5982157,0.4579791,0.4302964,0.24221109,0.65610695,-0.606169,0.10628089,0.09098738,0.47285393,-0.040843498,0.50114685,-0.03955868,0.49329048,0.672894,0.08950155,0.30340868,0.40020093,0.881906,5.454586,4.469874,-2.3976672,-inf,0.5134995,84.0037,0.64344,0.52444756,1.0973003,0.22909681,0.49546716,24.186796,AVARAGE
280,2.7437475,-0.2787644,0.11668684,6.4086256,inf,0.41786033,0.4617742,0.335008,0.57884943,3.3932207,0.59975165,0.13430922,0.6965342,0.6576316,0.769081,0.54876363,inf,0.6576316,0.769081,0.42770404,0.23802525,0.6696244,-0.59975165,0.10315767,0.118446596,0.5162977,-0.09080052,0.5212274,-0.07468773,0.5215568,0.64990056,0.09845318,0.3297912,0.41649282,0.8166564,5.564753,4.39322,-0.081126444,-inf,0.5421787,103.87425,0.6394262,0.5714456,1.2118518,0.26724273,0.56490076,26.505417,AVARAGE
281,3.059903,-0.29135773,0.10041645,7.7006583,0.5564896,0.37751976,0.4561601,0.3042517,0.5479008,3.8388953,0.63445103,0.104083136,0.540773,0.57441753,0.20995156,0.52387077,inf,0.57441753,0.20995156,0.44013542,0.27484605,0.670451,-0.63445103,0.036907993,0.069988996,0.46186632,-0.089371905,0.5098106,-0.030461423,0.49586123,0.780057,0.08434656,0.27145338,0.36823833,0.8984239,5.6357927,4.8388953,-0.08635447,0.38342723,0.517874,117.58102,0.64104426,0.5296222,1.2030904,0.20880204,0.5441936,23.440647,HEALTHY
282,3.3687856,-0.27616182,0.088013895,8.503371,inf,0.39976358,0.52089566,0.29795575,0.5786402,4.119113,0.6467085,0.10646023,0.6763593,0.6146243,0.39154142,0.5528565,inf,0.6146243,0.39154142,0.4668482,0.26441005,0.69674885,-0.6467085,0.10316254,0.09438828,0.4812175,-0.04857327,0.53242594,-0.04684784,0.5206793,0.75056624,0.08146891,0.2918835,0.40166867,0.8613767,6.18224,5.119036,1.3090653,-inf,0.5432855,111.68272,0.6834993,0.5565173,1.1083995,0.19821624,0.5925416,24.984566,
283,2.8162944,-0.3066298,0.08764579,7.7710133,inf,0.35860008,0.49488193,0.26184407,0.5176314,3.4782093,0.6047442,0.11379121,0.59793615,0.55461395,0.22743014,0.4938254,inf,0.55461395,0.22743014,0.4314813,0.23911782,0.64484423,-0.6047442,0.107017,0.070589915,0.44782788,-0.0011595851,0.48648414,-0.030047778,0.4726175,0.66255033,0.0892609,0.28932518,0.3960584,0.9196559,5.2071977,4.4782095,-3.8607936,-inf,0.49204797,92.86532,0.64619774,0.49152705,1.011829,0.22175479,0.49713284,22.49523,AVARAGE
284,3.254686,-0.2884181,0.080618,8.815562,inf,0.3733663,0.5405909,0.26892906,0.5463784,3.9142053,0.6260029,0.110372715,0.6629868,0.5787926,0.20998198,0.5234068,inf,0.5787926,0.20998198,0.4626051,0.23827353,0.67895675,-0.6260029,0.14123775,0.089610726,0.45735046,0.007844287,0.51319927,-0.05516459,0.4960109,0.66018194,0.083991155,0.2930199,0.42520958,0.8905532,5.822025,4.914205,10.11636,-inf,0.51799244,92.89259,0.6830689,0.51174,0.9961123,0.20890544,0.5554004,23.45726,AVARAGE
285,2.336297,-0.2776552,0.11055403,4.9129744,0.449504,0.41206774,0.49578276,0.30609027,0.5696875,2.9005642,0.56806874,0.1464239,0.6781103,0.65425813,0.6654131,0.54131037,inf,0.65425813,0.6654131,0.4078176,0.21504666,0.65178007,-0.56806874,0.17517498,0.13464399,0.5194736,-0.021769948,0.5133917,-0.094848365,0.51362425,0.5644454,0.10740589,0.34320363,0.43483445,0.780521,5.1231155,3.9005637,1.3779193,0.5805752,0.5363193,107.33123,0.646241,0.5597271,1.056067,0.30135417,0.5825663,26.285288,AVARAGE
286,2.5307477,-0.27480876,0.116295725,5.4696217,0.46254835,0.42751312,0.48126,0.32534003,0.5844138,3.1324768,0.5831963,0.14590277,0.7290181,0.67731744,0.8726147,0.5535839,inf,0.67731744,0.8726147,0.4196303,0.22414838,0.6620992,-0.5831963,0.14469984,0.1296104,0.53387344,-0.05549249,0.5213257,-0.08435832,0.5259941,0.6019038,0.10636035,0.35084954,0.43061474,0.7935875,5.358829,4.1324196,0.9792814,0.56384635,0.547031,106.0139,0.64455676,0.58155674,1.1306981,0.29505458,0.58228683,27.232481,AVARAGE
287,1.8937438,-0.31455258,0.123493806,4.611332,0.46001524,0.35888335,0.43612266,0.2671539,0.48852,2.4137783,0.51933104,0.1610092,0.50909954,0.5685149,0.370456,0.46560198,0.993632,0.5685149,0.370456,0.3632328,0.19916596,0.5787626,-0.51933104,0.12568523,0.08624,0.4867369,0.0041437643,0.45100027,-0.06084229,0.45048815,0.5203528,0.12785354,0.33751822,0.39837235,0.8677158,4.061345,3.413778,-1.9804741,0.7009003,0.46826732,70.493286,0.58300775,0.48355046,1.0034451,0.32354754,0.4836449,22.859228,
288,2.2084618,-0.31897286,0.10533762,5.737703,inf,0.33818758,0.4390022,0.257097,0.48226148,2.8214233,0.55797976,0.12795635,0.47733042,0.5225092,0.10418245,0.46012193,inf,0.5225092,0.10418245,0.38463503,0.22717305,0.5977759,-0.55797976,0.08733405,0.06650798,0.44336304,-0.012250403,0.45562744,-0.03197645,0.4437126,0.61329436,0.10518186,0.28962168,0.37270856,0.90444964,4.4321647,3.8214233,-0.22715133,-inf,0.4627298,97.494514,0.5958621,0.46453518,1.0344746,0.25348586,0.4789415,21.201853,AVARAGE
289,2.1582375,-0.30785012,0.11826802,5.468321,inf,0.36863676,0.43517637,0.28376296,0.5098164,2.7914543,0.5573245,0.14259003,0.4955644,0.5768535,0.37723833,0.48555514,inf,0.5768535,0.37723833,0.37764817,0.23357187,0.60902613,-0.5573245,0.09474907,0.08189773,0.48171562,-0.032192364,0.4706598,-0.04975822,0.4672674,0.63353044,0.11308582,0.3118526,0.3749975,0.87540555,4.4875803,3.7914019,0.113573514,-inf,0.48594478,70.47247,0.59850127,0.5046454,1.0737281,0.29203305,0.49124497,23.298397,AVARAGE
290,2.1586695,-0.33158147,0.107209675,5.7668314,inf,0.32147786,0.41933888,0.24551353,0.45709798,2.848515,0.5635138,0.12152735,0.36100367,0.48155057,-0.05137485,0.4360703,inf,0.48155057,-0.05137485,0.36959845,0.2503215,0.57291144,-0.5635138,0.03495823,0.020369176,0.4310562,0.0046965647,0.43545958,0.0068934443,0.42306295,0.6903283,0.10958435,0.267521,0.3212674,0.9966007,4.0767927,3.848515,-0.47030172,-inf,0.44123197,82.136475,0.5777048,0.4457241,1.0022557,0.23483056,0.4357972,19.766401,AVARAGE
291,2.5935838,-0.294798,0.100630775,6.547724,0.50798994,0.38754204,0.48062515,0.28801054,0.54465914,3.2603614,0.59173036,0.12845087,0.63294387,0.6081495,0.52176017,0.5174899,inf,0.6081495,0.52176017,0.41531992,0.23994575,0.64991695,-0.59173036,0.12274016,0.098428905,0.48388454,-0.03171572,0.4995097,-0.05242027,0.49396563,0.6673329,0.096342504,0.31179026,0.4012129,0.8620524,5.222686,4.260361,0.6968551,0.48691317,0.513986,81.08807,0.6397644,0.5286322,1.07306,0.25971133,0.5239032,24.537325,AVARAGE
292,2.198176,-0.29506928,0.12021374,4.960312,0.467104,0.39311147,0.461846,0.28930995,0.5333353,2.7646499,0.55556625,0.15237087,0.55693555,0.61445355,0.5343389,0.5069185,inf,0.61445355,0.5343389,0.39325327,0.2140202,0.6139678,-0.55556625,0.12360685,0.08904863,0.51447403,-0.0046386635,0.48307496,-0.0637061,0.4858618,0.56664395,0.12136254,0.3426712,0.40840897,0.85971856,4.491977,3.7646499,-0.052474935,0.6543844,0.50596637,66.608696,0.61356366,0.5386825,1.0178788,0.3198177,0.5268766,24.827023,AVARAGE
293,3.0006576,-0.27989158,0.09580991,6.812329,inf,0.39774957,0.49448493,0.3018888,0.5706103,3.701028,0.6281063,0.11038062,0.6317413,0.60851747,0.35584578,0.5444732,inf,0.60851747,0.35584578,0.44943953,0.25395903,0.67531955,-0.6281063,0.09251962,0.08984133,0.48519388,-0.0500485,0.5220159,-0.044487096,0.5129913,0.70083594,0.08745182,0.29574844,0.3974387,0.86187446,5.7084093,4.701028,-0.1347812,-inf,0.5363897,144.55244,0.66074157,0.5557855,1.1131347,0.21745011,0.5757438,24.781673,HEALTHY
294,2.7110987,-0.3089628,0.10793774,7.105245,0.5596686,0.35555923,0.4350198,0.28323674,0.50790113,3.4498904,0.60371554,0.11570972,0.46751878,0.5375544,0.14134134,0.48471886,inf,0.5375544,0.14134134,0.41266116,0.26179874,0.6255715,-0.60371554,0.026074478,0.04058668,0.45489764,-0.04929644,0.47596383,-0.008371703,0.46524534,0.7394292,0.09933839,0.2782039,0.34920317,0.96363825,4.873195,4.44989,-0.5491589,0.46245185,0.4840628,84.414955,0.60969007,0.49365368,1.1188823,0.23107159,0.4940961,21.988808,AVARAGE
295,3.3556044,-0.27965006,0.096443646,8.096019,0.52005863,0.40475056,0.4982527,0.3043623,0.57381064,4.0815835,0.64243686,0.11085861,0.66558254,0.6167527,0.4990234,0.5453567,inf,0.6167527,0.4990234,0.46692482,0.25850162,0.67925626,-0.64243686,0.06472117,0.066849045,0.49387076,-0.047604628,0.52332634,-0.029744364,0.5167984,0.7262275,0.089120224,0.30359447,0.3976854,0.9153471,5.798325,5.0815835,0.48616347,0.38744825,0.53841364,95.75091,0.6656823,0.56460834,1.1152346,0.2105624,0.5824716,25.154568,AVARAGE
296,3.6494727,-0.27471334,0.08638487,8.74484,0.51475126,0.39631316,0.51548874,0.2998491,0.5796185,4.359477,0.66125417,0.0977103,0.70691705,0.6013069,0.27126676,0.55509114,inf,0.6013069,0.27126676,0.4933077,0.25612134,0.6987684,-0.66125417,0.07008423,0.07545499,0.47439784,-0.05608498,0.53489137,-0.028866768,0.5202316,0.71117264,0.078084655,0.28984928,0.4129136,0.894068,6.2717695,5.359477,0.9475771,0.29991505,0.5445393,98.57537,0.68299365,0.55706614,1.1296167,0.16887245,0.5988308,24.563814,HEALTHY
297,3.1908767,-0.2923964,0.08930994,8.383636,inf,0.37571138,0.4971249,0.28077367,0.54493064,3.8745568,0.6329372,0.10640881,0.6181396,0.57343704,0.208062,0.5212406,inf,0.57343704,0.208062,0.46354747,0.24691013,0.6673061,-0.6329372,0.07565021,0.064924255,0.4613156,-0.02950572,0.5076016,-0.02095332,0.49373317,0.6844007,0.08561841,0.29025495,0.40243146,0.91781664,5.5752697,4.8745565,-0.5340075,-inf,0.5156303,117.72814,0.6591793,0.52469826,1.070045,0.2105374,0.5347469,23.373451,HEALTHY
298,3.5841212,-0.27805492,0.08772737,9.055489,0.52062815,0.3949368,0.51433617,0.2958218,0.5736151,4.3165646,0.65904963,0.10077781,0.6553465,0.59907377,0.29360694,0.54865104,inf,0.59907377,0.29360694,0.48637968,0.26093128,0.69274026,-0.65904963,0.06677682,0.066668764,0.47625002,-0.045324776,0.52960753,-0.026464248,0.5162454,0.73300886,0.08131319,0.28946045,0.40394512,0.914107,6.0987353,5.3165646,-0.15703756,0.34377053,0.5396361,113.12523,0.6801473,0.55499256,1.1040262,0.19148798,0.5746556,24.475758,AVARAGE
299,3.2478902,-0.29341602,0.091266215,8.693173,0.5154212,0.38145673,0.4965775,0.2818881,0.5460451,3.9404783,0.6328854,0.10907617,0.63040215,0.58107,0.34275147,0.5202312,inf,0.58107,0.34275147,0.46287322,0.24803513,0.6617237,-0.6328854,0.06876543,0.05613574,0.47016612,-0.023479672,0.5047526,-0.017443208,0.4947374,0.69295967,0.088709325,0.29552913,0.3961939,0.94242424,5.573372,4.9404783,1.4186349,0.39034405,0.5151353,105.190506,0.65679145,0.53130335,1.0597099,0.2073116,0.53661627,23.702986,AVARAGE
