,ARI_2_mean,ATSAVI_mean,blue_mean,CRI_2_mean,DATT_mean,DVI_mean,ENDVI_mean,EVI_mean,EVI_2_mean,GCI_mean,GNDVI_mean,green_mean,MCARI_mean,MCARI_1_mean,MCARI_2_mean,MSAVI_mean,MTCI_mean,MTVI_1_mean,MTVI_2_mean,NDCI_mean,NDRE_mean,NDVI_mean,NDWI_mean,NEXG_mean,NGRDI_mean,nir_mean,NPCI_mean,OSAVI_mean,PSRI_mean,RDVI_mean,RECI_mean,red_mean,rede_mean,RERI_mean,RGVI_mean,RVI_1_mean,RVI_2_mean,R_MCARI_MTVI2_mean,R_TCARI_OSAVI_mean,SAVI_mean,SAVI_2_mean,SIPI_mean,SPVI_mean,SRPI_mean,TCARI_mean,TSAVI_mean,TVI_mean,HEALTH_STA
0,2.3619964,-0.24828514,0.06457796,4.889857,,0.42491323,0.67754275,0.2905019,0.6275179,2.81312,0.55192405,0.14530486,1.2555014,0.7204024,0.76564074,0.60396034,inf,0.7204024,0.76564074,0.421098,0.17923446,0.732757,-0.55192405,0.5453971,0.3188132,0.5006226,0.10482603,0.5694231,-0.1940481,0.5569737,0.45121583,0.07572321,0.34879035,0.5343029,0.5302185,7.5936947,3.813074,-4.092904,,0.58340985,-23.764196,0.75338423,0.5435226,0.8670004,0.15388204,0.6818788,28.277227,AVARAGE
1,2.0558364,-0.25365645,0.063700356,4.461712,0.3304558,0.40965542,0.67370373,0.28408194,0.61147606,2.4702804,0.52788717,0.14909095,1.1910709,0.70952153,0.62973195,0.590352,-inf,0.70952153,0.62973195,0.40023124,0.16816734,0.73104113,-0.52788717,0.57712966,0.33932135,0.48206824,0.101352386,0.5634888,-0.21780644,0.5446668,0.4144705,0.07241285,0.34264505,0.55421484,0.5004809,7.141812,3.470241,1.6007481,0.40450194,0.5727346,-24.559147,0.75003356,0.51407075,0.8608592,0.20508902,0.6721466,27.646448,AVARAGE
2,1.6875275,-0.24236488,0.114707105,3.0473409,0.2895058,0.47423515,0.5510065,0.36812288,0.6549445,2.0279891,0.48088682,0.20349506,1.3634151,0.8488499,1.6327866,0.6215417,0.43521416,0.8488499,1.6327866,0.36864716,0.14210173,0.7084533,-0.48088682,0.4692057,0.3523675,0.57135123,-0.08128508,0.5693418,-0.24012852,0.57855994,0.3404885,0.09711604,0.43061978,0.57820517,0.4832326,6.383743,3.027957,1.3467003,0.65386325,0.604476,-10.73024,0.6840613,0.5740236,1.1923873,0.3467973,0.66369903,32.709267,AVARAGE
3,1.801181,-0.24639885,0.10396271,3.4944172,-inf,0.45773456,0.56114817,0.3538137,0.6450322,2.1435444,0.4855474,0.19096743,1.4358654,0.82110494,1.4956131,0.6133384,0.42893428,0.82110494,1.4956131,0.37617266,0.14173283,0.7181239,-0.4855474,0.4868575,0.36590782,0.5448635,-0.09175032,0.56864077,-0.24359852,0.57071376,0.34243232,0.08713588,0.4100919,0.5851416,0.47153926,6.8686004,3.1435118,2.2897184,inf,0.5959978,-20.234854,0.6925435,0.55256265,1.2159525,0.28049245,0.6654582,31.616917,AVARAGE
4,1.9528085,-0.24939781,0.100101575,3.8355327,,0.434931,0.56117654,0.3358259,0.6281388,2.3235075,0.5048941,0.17410213,1.3223683,0.7624916,1.0143418,0.60284066,0.46435782,0.7624916,1.0143418,0.38993734,0.15200816,0.7132218,-0.5048941,0.45361114,0.34257272,0.52170426,-0.08348618,0.5619219,-0.21908195,0.5568773,0.37076014,0.08678727,0.38473976,0.5603883,0.49781778,6.9833355,3.3234327,5.027272,,0.58333063,-22.825489,0.69214326,0.5384101,1.1952419,0.22969824,0.66559005,29.587614,AVARAGE
5,1.9112408,-0.26676774,0.08331657,4.2590804,0.2919126,0.38458255,0.5708711,0.29494172,0.57919174,2.2487671,0.50076413,0.15184952,1.189349,0.67275244,0.46902895,0.5596009,-inf,0.67275244,0.46902895,0.39391053,0.14052658,0.7070074,-0.50076413,0.46332258,0.333981,0.46017978,-0.053117454,0.5415175,-0.21454525,0.51942456,0.3375846,0.07559724,0.34545392,0.5768022,0.50631744,6.691431,3.2487667,0.392951,0.42389333,0.5462273,-22.033733,0.694132,0.47745624,1.1204826,0.20238875,0.6429213,26.125431,AVARAGE
6,1.9046084,-0.25126728,0.09467803,3.8880937,0.27289426,0.42678112,0.57043695,0.32757834,0.6209324,2.2215075,0.4982334,0.1726242,1.383837,0.7546922,0.9539202,0.59616,inf,0.7546922,0.9539202,0.3969866,0.13282369,0.71761423,-0.4982334,0.47832614,0.3522296,0.50958014,-0.07325765,0.5613439,-0.22423582,0.55265915,0.3168787,0.08279896,0.39053506,0.59589887,0.4859986,6.838215,3.2214358,1.8066607,0.4539806,0.57886934,-17.419205,0.6984455,0.5233621,1.1679064,0.2280077,0.667198,29.199879,AVARAGE
7,1.6574371,-0.25528216,0.11778594,3.1721504,-inf,0.44826674,0.52443224,0.35869858,0.6243271,1.9180886,0.4599813,0.20346147,1.4269726,0.8110211,1.4400109,0.59367466,-inf,0.8110211,1.4400109,0.3732842,0.1111079,0.6908935,-0.4599813,0.451408,0.3484633,0.5456016,-0.098083004,0.55027425,-0.23583105,0.5548315,0.2607027,0.09734839,0.43637496,0.61368114,0.4900417,6.146661,2.9180593,2.118289,inf,0.57949674,-9.731933,0.6608124,0.5357961,1.2276483,0.3232019,0.6305762,31.139717,AVARAGE
8,1.7743622,-0.24981804,0.098240785,3.565318,0.27589834,0.4402462,0.57549345,0.33153945,0.62834525,2.0998437,0.48454493,0.18758626,1.3561383,0.78892696,1.1995072,0.60111046,0.40651596,0.78892696,1.1995072,0.3786779,0.1363088,0.71326023,-0.48454493,0.49930102,0.3580303,0.5284912,-0.05856777,0.5618909,-0.2380012,0.5584295,0.32551914,0.088244975,0.40322372,0.58957475,0.47764862,6.627352,3.0998108,0.74866664,0.56247723,0.58458585,-15.09152,0.69802004,0.5321346,1.130954,0.2863652,0.6636449,30.388424,AVARAGE
9,1.8828485,-0.26355115,0.09302182,3.9969509,-inf,0.4086143,0.55941695,0.31246418,0.5959295,2.2227595,0.49534383,0.1657429,1.220705,0.71663964,0.80035347,0.57155776,0.43557853,0.71663964,0.80035347,0.38744354,0.14089632,0.6998057,-0.49534383,0.44693458,0.32562253,0.4921313,-0.05601446,0.5437479,-0.2152549,0.53227544,0.34002525,0.083529495,0.36931595,0.5723414,0.516318,6.492193,3.2227252,-0.18575333,inf,0.5580095,-22.022663,0.6853733,0.5058166,1.1285883,0.23667938,0.63401157,27.804646,AVARAGE
10,2.0683742,-0.26342428,0.07936794,4.600264,inf,0.39451233,0.5914135,0.29465392,0.58997,2.4105747,0.51620907,0.14935677,1.2684094,0.6838348,0.56073487,0.5690075,0.4324346,0.6838348,0.56073487,0.40997776,0.1421242,0.7133593,-0.51620907,0.46914196,0.32646927,0.46966678,-0.03009754,0.54753155,-0.20251353,0.5283845,0.34220025,0.075160645,0.3522121,0.578434,0.5167687,6.920715,3.4104996,1.9909618,inf,0.5543575,-17.70999,0.70812935,0.49436444,1.0728544,0.1670952,0.64934886,26.638214,AVARAGE
11,2.0087976,-0.25838935,0.08052039,4.4800205,0.29450604,0.39910436,0.58904326,0.30386886,0.59957546,2.3584611,0.51632243,0.15024367,1.2823575,0.69625396,0.56184906,0.57967645,0.43707225,0.69625396,0.56184906,0.40634626,0.14530993,0.72598,-0.51632243,0.48369244,0.34663466,0.47143537,-0.054737706,0.5567608,-0.21535742,0.5360502,0.34969667,0.07233105,0.35086098,0.58383656,0.49211025,7.072199,3.358425,0.63884956,0.36492306,0.56316894,-20.661156,0.71252525,0.4968411,1.1239277,0.17898357,0.66248363,27.062767,AVARAGE
12,1.7820727,-0.2606488,0.09933315,3.833287,0.2770591,0.406582,0.5420058,0.32674015,0.59597313,2.103137,0.48683655,0.17083442,1.2189054,0.7224501,0.73525566,0.5736917,0.404649,0.7224501,0.73525566,0.38250777,0.13410413,0.7055971,-0.48683655,0.44475433,0.34036762,0.4896139,-0.087753706,0.54762053,-0.22769663,0.5327627,0.3211138,0.08303191,0.37407398,0.59117264,0.49742657,6.383426,3.1031368,2.1474092,0.52757496,0.5603956,-17.748951,0.67903715,0.49627748,1.2047716,0.26835674,0.64693916,27.907022,AVARAGE
13,1.9168981,-0.26516485,0.081329666,4.6068287,0.30620918,0.3866794,0.58276004,0.30124226,0.58391535,2.2911754,0.5045574,0.15362206,1.1545622,0.6845687,0.4914116,0.5654892,0.47636542,0.6845687,0.4914116,0.38666454,0.15303117,0.7230723,-0.5045574,0.4854237,0.3488558,0.45841008,-0.05607142,0.5491826,-0.23303662,0.52451086,0.37428817,0.07173073,0.33719158,0.57522863,0.4902404,6.870551,3.291139,-0.4894541,0.44325772,0.5516859,-16.657759,0.70696646,0.4739542,1.1358737,0.22778577,0.6336161,26.476416,AVARAGE
14,1.9918762,-0.291294,0.06598963,5.564393,0.33150876,0.31933436,0.58467454,0.25065714,0.5140709,2.3968592,0.5142485,0.12240203,0.9050763,0.55328125,-0.1472663,0.50171334,-inf,0.55328125,-0.1472663,0.38911846,0.16393155,0.7067923,-0.5142485,0.4571332,0.31657213,0.38183904,-0.025123335,0.51525736,-0.20864165,0.47191393,0.40509114,0.06250471,0.27333596,0.5423401,0.5314815,6.7481785,3.3968592,-2.1239777,0.37747598,0.4959232,-12.396596,0.70157915,0.400261,1.0667185,0.17102556,0.5976736,21.555952,AVARAGE
15,1.6188707,-0.2710108,0.109312624,3.5123913,0.28352872,0.39765364,0.5099666,0.32932562,0.57736456,1.9490223,0.4620355,0.18143156,1.1431142,0.7159719,0.8283017,0.5540244,0.42966765,0.7159719,0.8283017,0.35318616,0.13734758,0.68202204,-0.4620355,0.4229227,0.33415863,0.48719373,-0.10405451,0.5295304,-0.23549156,0.518485,0.33016816,0.089540094,0.37013704,0.56397444,0.5080175,6.08355,2.9489899,-0.13096559,0.6227894,0.54306644,-16.461096,0.6499404,0.47781193,1.245472,0.29732266,0.6170372,27.534876,
16,1.7025713,-0.24165203,0.116045505,3.2434518,0.296694,0.46359155,0.5309237,0.38021475,0.65121996,2.0541134,0.48514703,0.19570224,1.3663582,0.8334901,1.4736645,0.6203524,0.44301608,0.8334901,1.4736645,0.36963767,0.14622918,0.72169906,-0.48514703,0.45309108,0.3674576,0.55293596,-0.13256092,0.57402116,-0.24952622,0.57579607,0.3516037,0.08934441,0.413911,0.58450735,0.4656472,6.623071,3.0541134,1.3612818,0.59641486,0.6031307,-18.329449,0.6806632,0.5584697,1.3143203,0.3267412,0.67589605,32.069805,AVARAGE
17,1.8878361,-0.25039455,0.0970042,3.8165336,0.2886847,0.43079588,0.55521935,0.33908823,0.6259145,2.2301395,0.500479,0.16983606,1.3614252,0.7609775,0.98978513,0.6000608,0.42807853,0.7609775,0.98978513,0.39166012,0.14237688,0.72220683,-0.500479,0.46133867,0.3565832,0.51048356,-0.102307476,0.56482416,-0.22977398,0.55484945,0.3423417,0.079687685,0.38238248,0.58867663,0.48009035,6.9340696,3.23014,5.006299,0.4526343,0.58286226,-26.333998,0.69365954,0.5293502,1.2399608,0.2305355,0.6677959,29.453688,AVARAGE
18,1.8679935,-0.25416255,0.08608216,3.9634078,0.27657655,0.4133826,0.5770783,0.31878248,0.61276126,2.1948855,0.49775222,0.1618025,1.3745992,0.73299515,0.7909663,0.5897654,-inf,0.73299515,0.7909663,0.3928158,0.13696893,0.7269126,-0.49775222,0.5012935,0.3686043,0.48690027,-0.079663076,0.5620242,-0.23515388,0.54496956,0.32691467,0.07351769,0.36773202,0.60015154,0.4672595,7.0649805,3.1948502,1.7875749,0.40457675,0.57314754,-27.356033,0.70526433,0.5058187,1.1836619,0.20190154,0.66863847,28.334347,AVARAGE
19,1.9589436,-0.2576796,0.08249215,4.3598423,0.3098222,0.3955954,0.5837903,0.30347353,0.5957734,2.3291104,0.5154905,0.15151535,1.2024394,0.6905482,0.5037497,0.57647055,-inf,0.6905482,0.5037497,0.39868218,0.15311319,0.7249608,-0.5154905,0.4755542,0.34453142,0.4696166,-0.05991326,0.555833,-0.21878546,0.5327538,0.37014055,0.07402121,0.34526783,0.5726226,0.4936488,6.9705353,3.3290334,1.9297614,0.41037795,0.56114596,-25.321829,0.71015126,0.49242514,1.1368184,0.20564656,0.66943586,26.83549,AVARAGE
20,1.5044715,-0.27889135,0.10659998,3.380573,-inf,0.39453164,0.5183463,0.31672347,0.56570125,1.7984387,0.44529635,0.18773335,1.1138808,0.71774364,0.93171287,0.54041344,0.38667792,0.71774364,0.93171287,0.34527245,0.1243306,0.67017037,-0.44529635,0.44051036,0.32860303,0.48634347,-0.07062661,0.51918644,-0.23936073,0.5099472,0.29391155,0.09181832,0.37954366,0.5777414,0.51376396,5.634439,2.798349,1.0669327,inf,0.5332374,-14.938127,0.648115,0.46856692,1.163958,0.34199315,0.59320134,27.50811,
21,1.8053519,-0.25660318,0.093104206,3.870025,0.3026398,0.42410567,0.5729507,0.32499707,0.6135267,2.164858,0.49152315,0.17574233,1.2615672,0.75757223,1.0300066,0.58794606,-inf,0.75757223,1.0300066,0.37601858,0.14857967,0.71518344,-0.49152315,0.4850002,0.35012573,0.5057069,-0.06118443,0.55656713,-0.23700193,0.5465463,0.35956237,0.08160124,0.37673327,0.57499444,0.48932296,6.6441946,3.1648247,1.6689817,0.5292402,0.5731363,-17.343906,0.6980848,0.51460445,1.141728,0.27915898,0.65052086,29.211983,
22,1.6671308,-0.25778472,0.10099079,3.5005255,0.3038191,0.42445162,0.55732304,0.32681927,0.60753274,2.0225449,0.47750974,0.18611081,1.1566932,0.76202583,1.041742,0.58157593,0.45732737,0.76202583,1.041742,0.3603644,0.14750229,0.7018673,-0.47750974,0.46977884,0.3407605,0.51388574,-0.05897,0.549758,-0.24192311,0.54260415,0.35543704,0.08943418,0.383581,0.56735796,0.49729452,6.165961,3.0225449,0.8318439,0.6353041,0.56897396,-13.988709,0.6842473,0.512104,1.132749,0.3358429,0.64598024,29.334162,AVARAGE
23,1.7078601,-0.27204242,0.10043628,3.9415984,inf,0.39377114,0.53855973,0.31232366,0.5719587,2.0994868,0.4854052,0.17241408,0.9812127,0.6965227,0.7200579,0.54867566,0.5268594,0.6965227,0.7200579,0.3580329,0.16007312,0.686118,-0.4854052,0.41371492,0.30559212,0.48316488,-0.055159435,0.52923405,-0.22337247,0.51568717,0.39169538,0.08940021,0.35262936,0.5357206,0.5417663,5.892829,3.0994866,2.885257,inf,0.5402819,-15.887931,0.66952187,0.48290676,1.1370188,0.31598094,0.6192788,26.946434,
24,1.6750889,-0.26118967,0.11601055,3.469683,,0.44088683,0.5253416,0.3572474,0.61223245,2.0494623,0.47712836,0.19536039,1.1561799,0.7878414,1.4039084,0.5815013,0.5113925,0.7878414,1.4039084,0.3544399,0.15386578,0.68891674,-0.47712836,0.4161451,0.32017934,0.5381534,-0.082274795,0.5438851,-0.2335857,0.54662275,0.37438488,0.09728725,0.39726228,0.5476557,0.5256351,6.0025377,3.0494304,0.93944204,,0.570085,-7.228769,0.6627524,0.5346115,1.2061468,0.3523129,0.6208423,30.374897,AVARAGE
25,1.7367926,-0.23713663,0.106287934,3.2293534,0.3292977,0.46789676,0.56285596,0.3646704,0.65970093,2.1358175,0.49754646,0.19036812,1.2939086,0.8331112,1.3890858,0.6297426,0.50739485,0.8331112,1.3890858,0.36727983,0.16388045,0.7275876,-0.49754646,0.47795078,0.36269337,0.55612385,-0.093005076,0.5804172,-0.24938847,0.58182484,0.39899632,0.088227116,0.40120417,0.5614189,0.47133842,6.7270374,3.1357822,1.4482235,0.584576,0.61055946,-16.52297,0.7001336,0.56991535,1.2180423,0.3259342,0.6862792,32.159447,AVARAGE
26,1.8587838,-0.24915345,0.096553124,3.7915983,0.33718058,0.4341798,0.55941933,0.34063646,0.628756,2.2792816,0.5106591,0.16706584,1.1872938,0.7611291,0.9871353,0.60249394,,0.7611291,0.9871353,0.37781093,0.17021675,0.7250276,-0.5106591,0.44985998,0.34627903,0.5141238,-0.093218535,0.5670501,-0.23342058,0.5579095,0.42055917,0.079944,0.36449546,0.5495026,0.48996183,6.8142543,3.2792814,1.0801415,0.50728655,0.58571035,-18.264381,0.6984513,0.5379573,1.2178632,0.27119672,0.670639,29.53566,AVARAGE
27,2.1186988,-0.24558696,0.08682167,4.407173,0.3329172,0.42678496,0.5861851,0.3283427,0.6300255,2.5400975,0.53386164,0.15436405,1.2673159,0.73890465,0.78997034,0.6070536,0.54192495,0.73890465,0.78997034,0.40589085,0.1698916,0.73764056,-0.53386164,0.45969465,0.3429547,0.5014476,-0.075013064,0.5736438,-0.2166294,0.55899316,0.42141354,0.074662626,0.3570254,0.55747944,0.4957616,7.3175545,3.5400972,0.5174331,0.3885272,0.58766264,-24.873459,0.7178184,0.5357426,1.1790413,0.19995707,0.68887866,28.795156,AVARAGE
28,2.553249,-0.25715557,0.06403717,6.2246985,0.3526543,0.3771357,0.6229472,0.2874579,0.5906526,3.0105999,0.57801795,0.11659386,1.1707379,0.6345847,0.16540077,0.5762887,0.57082444,0.6345847,0.16540077,0.44747648,0.18236718,0.7563347,-0.57801795,0.45344582,0.3242228,0.4350698,-0.044081464,0.5662576,-0.18702939,0.53050196,0.4573908,0.057934064,0.3008706,0.55300593,0.5189576,8.002833,4.0106006,7.2926917,0.19826764,0.55876,-17.869303,0.74611586,0.48766628,1.1096593,0.094442256,0.6900044,24.974535,
29,1.9075176,-0.2465327,0.09852969,3.8896756,inf,0.4327407,0.56319475,0.3421171,0.62912613,2.289187,0.5067886,0.17291018,1.2551235,0.7644913,0.9198731,0.6061489,0.4797117,0.7644913,0.9198731,0.38610908,0.15654652,0.7248356,-0.5067886,0.4605177,0.35026506,0.5150313,-0.08882464,0.568642,-0.23163314,0.55840236,0.38170788,0.08229791,0.37777662,0.5688641,0.4864233,6.8777504,3.2891483,0.9343801,-inf,0.58737236,-12.610331,0.6991376,0.5315434,1.2093452,0.26883548,0.6764761,29.588995,AVARAGE
30,1.680082,-0.25767782,0.10800891,3.597966,-inf,0.41793576,0.5267724,0.34565163,0.60462815,1.9871216,0.47492215,0.18366992,1.2786952,0.7544888,0.9737704,0.5798742,inf,0.7544888,0.9737704,0.37260574,0.1294861,0.7073764,-0.47492215,0.44754815,0.35496965,0.5037326,-0.1148645,0.5512521,-0.24185929,0.5402606,0.30707502,0.08580377,0.3903334,0.59984475,0.48089415,6.324502,2.9870887,-0.37458482,inf,0.56715906,-17.544348,0.67097425,0.50107265,1.2701719,0.30014414,0.6521014,28.99038,
31,1.5565972,-0.24673818,0.12764965,2.8922539,0.27068946,0.4683774,0.5136349,0.3882001,0.6435481,1.869799,0.45944396,0.21564458,1.3538345,0.8548423,1.7103957,0.61028165,0.40666753,0.8548423,1.7103957,0.35360986,0.13172835,0.70103776,-0.45944396,0.44729647,0.35982344,0.56839454,-0.12374637,0.5619978,-0.25592074,0.5704743,0.31325975,0.100017115,0.43835282,0.5926645,0.47435367,6.1083803,2.8697991,1.0595556,0.726331,0.5959855,-10.914442,0.66018045,0.5544289,1.2940692,0.3880443,0.6549671,32.727745,AVARAGE
32,1.5981357,-0.25451538,0.109077185,3.2335675,0.2690513,0.42854938,0.5373368,0.34491226,0.6131271,1.8978491,0.46310675,0.19485612,1.2997066,0.77971214,1.1087363,0.5872736,0.3834251,0.77971214,1.1087363,0.36174047,0.12691252,0.70250064,-0.46310675,0.47293484,0.3599552,0.5191741,-0.09433027,0.5528782,-0.2502416,0.54641503,0.29973763,0.09062471,0.40418935,0.5996572,0.47560924,6.2096934,2.8978493,4.187504,0.6239181,0.5736686,-15.73613,0.6728357,0.5091048,1.2216599,0.32916388,0.6525289,29.882223,AVARAGE
33,1.7960871,-0.23830587,0.10910713,3.384372,0.29802567,0.4623089,0.54701227,0.371518,0.65588367,2.1486406,0.49899688,0.18658015,1.4012135,0.8225688,1.3205979,0.62645966,0.4426787,0.8225688,1.3205979,0.38371325,0.14715315,0.7288277,-0.49899688,0.4599677,0.36484239,0.5483481,-0.1189109,0.5794993,-0.24035153,0.5786239,0.3525593,0.08603919,0.40955165,0.58771884,0.4683143,6.8079896,3.1486406,0.63572824,0.5256952,0.60750884,-24.3155,0.69294816,0.56356734,1.2798866,0.28778937,0.68643844,31.760174,AVARAGE
34,1.3467661,-0.26673144,0.122055404,2.7454946,0.26882342,0.41562456,0.5055716,0.34179413,0.58546066,1.6425142,0.42798203,0.2121845,1.1037401,0.7697449,1.120483,0.5598176,inf,0.7697449,1.120483,0.32400882,0.12556952,0.67115307,-0.42798203,0.4527173,0.34646246,0.5180363,-0.09015539,0.52939093,-0.2643168,0.5255993,0.29577628,0.102411754,0.40418464,0.5791419,0.4889305,5.481469,2.6425142,0.42412174,0.81455135,0.5510873,-11.102895,0.6402298,0.48330083,1.2062972,0.4126,0.61701554,29.328384,AVARAGE
35,1.3899623,-0.2803388,0.12032968,3.0296967,0.25212938,0.40003192,0.493113,0.33222458,0.56289756,1.6582804,0.42472768,0.20549285,1.1076976,0.73851854,1.0849766,0.53685683,0.36499107,0.73851854,1.0849766,0.3308818,0.11440586,0.65473735,-0.42472768,0.42551747,0.32573387,0.50137573,-0.082593195,0.5120546,-0.24785775,0.50795496,0.26836348,0.10134377,0.40026164,0.58275723,0.51717234,5.3080926,2.6582034,0.69959074,0.78548545,0.5307035,-8.226362,0.6262177,0.46674424,1.1952188,0.38814938,0.5783923,28.16788,AVARAGE
36,1.7804674,-0.248937,0.09510187,3.54794,-inf,0.43092495,0.57040423,0.33075428,0.62499577,2.127011,0.49330804,0.17604196,1.277979,0.7655734,0.9346547,0.6003825,0.4405083,0.7655734,0.9346547,0.3800439,0.14461155,0.7185816,-0.49330804,0.4841098,0.3541105,0.513978,-0.068143114,0.56437117,-0.23743719,0.55454737,0.3465721,0.083060145,0.38428715,0.5839713,0.48128018,6.6155787,3.126976,0.51416856,inf,0.5836707,-20.610147,0.6989743,0.52613926,1.156033,0.27799082,0.6692246,29.574347,AVARAGE
37,1.5571269,-0.2820545,0.09925217,3.6333485,0.28595552,0.37200907,0.52039176,0.29761973,0.54836744,1.8782872,0.461319,0.17009501,0.97317445,0.6643608,0.5034965,0.527441,-inf,0.6643608,0.5034965,0.35202286,0.13536115,0.6710045,-0.461319,0.41866,0.31164578,0.45962474,-0.06117839,0.51454276,-0.22705407,0.4961498,0.32126242,0.08761564,0.34938383,0.5615631,0.5308097,5.5725827,2.878287,-0.44549206,0.6457539,0.5212723,-18.137041,0.6520685,0.4514581,1.1386052,0.3136739,0.59271294,25.61972,
38,1.7891604,-0.23999414,0.109501444,3.4040391,0.3024481,0.46923816,0.560888,0.36391136,0.6545894,2.1468973,0.4939483,0.1967917,1.3731401,0.8389071,1.5416529,0.6230237,0.45692047,0.8389071,1.5416529,0.37675667,0.14840743,0.721449,-0.4939483,0.47180182,0.35448137,0.56141186,-0.08449099,0.57527757,-0.24254513,0.5791176,0.35773677,0.09217365,0.42024872,0.58125055,0.48088798,6.5940623,3.146897,1.5382172,0.58147067,0.6060431,-12.722642,0.69592243,0.56891227,1.1943578,0.3192561,0.6791225,32.339012,AVARAGE
39,1.7454236,-0.26357046,0.095053285,3.6988585,0.30635336,0.41024554,0.55158484,0.3188605,0.5978144,2.1047206,0.48517752,0.16976172,1.1854867,0.7268441,0.8280667,0.57396275,inf,0.7268441,0.8280667,0.36812386,0.14848031,0.7010167,-0.48517752,0.45783502,0.33940426,0.4927768,-0.07136871,0.5449714,-0.23236145,0.5337403,0.35942468,0.0825313,0.363901,0.56159276,0.5005253,6.459522,3.1047206,1.0443437,0.5217623,0.55980647,-18.041718,0.6812199,0.50212723,1.163589,0.26148078,0.63064677,28.103947,AVARAGE
40,1.5524212,-0.2513844,0.11054108,3.1055765,0.328329,0.4412905,0.5387671,0.3515673,0.624255,1.9441653,0.4751351,0.19307512,1.1288258,0.7933965,1.2008708,0.596319,0.51052386,0.7933965,1.2008708,0.3436866,0.16097872,0.7066109,-0.4751351,0.45962784,0.3517956,0.5331231,-0.09245748,0.5581789,-0.25693604,0.55546767,0.39175656,0.09183267,0.38616988,0.5516108,0.4827201,6.177854,2.9441652,220.85437,0.67006844,0.5824974,-18.208141,0.6775152,0.5316104,1.2132947,0.3626708,0.6550423,30.527128,AVARAGE
41,1.4269714,-0.25351685,0.13149248,2.7507186,0.29111454,0.45263588,0.50688744,0.3823765,0.6217156,1.7570971,0.44410008,0.22287852,1.1877888,0.834541,1.5735459,0.59163,0.43328622,0.834541,1.5735459,0.3295826,0.13850486,0.6871957,-0.44410008,0.4438254,0.34977052,0.55836993,-0.10867261,0.54908735,-0.26825997,0.5548289,0.33016613,0.10573407,0.4267105,0.5726649,0.48848325,5.731918,2.7570972,-2.9551263,0.8215064,0.5800027,-3.911379,0.6490007,0.52930725,1.2652526,0.43784764,0.64079416,31.84393,AVARAGE
42,1.8264736,-0.27283734,0.08817316,4.2394814,0.3360954,0.37609413,0.5454354,0.30054224,0.5669801,2.2319264,0.49883765,0.15015748,1.0006173,0.657753,0.39335945,0.5480897,0.5312842,0.657753,0.39335945,0.36987326,0.16482116,0.7015601,-0.49883765,0.42524508,0.321566,0.45177883,-0.075132556,0.5341513,-0.2245251,0.5102185,0.40545294,0.07568473,0.3224484,0.53872836,0.52425724,6.4522195,3.2318914,-0.29972667,0.49653268,0.5368374,-19.65247,0.6791891,0.46692324,1.1821312,0.24617182,0.62605065,25.544554,AVARAGE
43,1.8313521,-0.2734659,0.08562611,4.4298277,-inf,0.36922726,0.54955333,0.29665264,0.5620364,2.2517648,0.50474507,0.14604221,0.9468669,0.64499545,0.28313124,0.5446113,0.54830384,0.64499545,0.28313124,0.3710355,0.17040364,0.70663714,-0.50474507,0.42437628,0.31987977,0.44262475,-0.07270373,0.5348134,-0.22474892,0.50730944,0.42048866,0.07340336,0.31255132,0.5359054,0.52567565,6.4280076,3.251729,1.1091902,-inf,0.53422856,-18.014122,0.68473786,0.45911482,1.1749215,0.25290596,0.6246135,25.05884,AVARAGE
44,1.458733,-0.30328938,0.09403772,3.8935273,0.330727,0.3120941,0.48914447,0.26614717,0.48702008,1.8349669,0.45315573,0.14893411,0.6971838,0.55541736,-0.096812844,0.47200122,inf,0.55541736,-0.096812844,0.32581583,0.15499198,0.65265363,-0.45315573,0.37611848,0.2917613,0.3930783,-0.074195616,0.48447597,-0.22892155,0.44897,0.3762838,0.0809842,0.2867613,0.517686,0.55815494,5.2952685,2.834967,1.7046747,0.62895834,0.47314784,-15.844313,0.6270447,0.3800205,1.1762553,0.289579,0.5658817,21.443644,AVARAGE
45,1.9039007,-0.24364433,0.102680646,3.7522657,0.28593898,0.44811457,0.55406797,0.3556442,0.6430105,2.244532,0.50401175,0.17719597,1.4353305,0.7932211,1.2036642,0.6149223,-inf,0.7932211,1.2036642,0.39581236,0.14186941,0.7284533,-0.50401175,0.46109003,0.3624646,0.53047967,-0.11446317,0.5737106,-0.23032255,0.5688221,0.34076333,0.0823651,0.3994782,0.59345496,0.47310016,7.022596,3.244532,1.4795411,0.462197,0.5963976,-23.308077,0.69617516,0.54932857,1.2686802,0.23952077,0.6807805,30.680113,AVARAGE
46,1.4618708,-0.28904784,0.11324723,3.2185895,inf,0.37227818,0.48972854,0.30612576,0.5392161,1.6862396,0.42166787,0.1903556,1.160672,0.6799365,0.7183315,0.5166179,,0.6799365,0.7183315,0.34551418,0.096328594,0.64220005,-0.42166787,0.41986674,0.31999493,0.47040698,-0.07954978,0.49795634,-0.22699647,0.48928544,0.2244314,0.098134734,0.38637388,0.5939938,0.5270817,5.4454226,2.6861591,-2.7254202,inf,0.5099244,-12.7235155,0.6179732,0.43923342,1.1879367,0.3062552,0.5663764,26.025171,UNHEALTHY
47,1.5503076,-0.27191174,0.111808226,3.2568026,-inf,0.40099156,0.5112409,0.3271854,0.57638067,1.7863483,0.44338208,0.19177008,1.2833183,0.72952884,0.9063379,0.5520561,-inf,0.72952884,0.9063379,0.3628786,0.101970926,0.6721856,-0.44338208,0.44241193,0.33831868,0.49524856,-0.088255875,0.52541506,-0.23291023,0.5171866,0.23610432,0.094263434,0.40333512,0.61355156,0.50229853,5.797728,2.7863193,1.338157,inf,0.5420493,-14.160948,0.64426565,0.47618943,1.2059959,0.30566216,0.6087074,27.959372,AVARAGE
48,1.8666174,-0.26569882,0.08736903,4.180197,0.27500018,0.3887056,0.5583726,0.3054269,0.5831955,2.1907117,0.49673158,0.1550339,1.2200115,0.68430394,0.5205823,0.56310755,-inf,0.68430394,0.5205823,0.39309078,0.13576685,0.7107067,-0.49673158,0.45810956,0.34236223,0.4638883,-0.076382376,0.5443414,-0.22050028,0.52234495,0.32417017,0.07518269,0.35175988,0.5900491,0.4954674,6.6591344,3.190712,6.596482,0.44496247,0.5498399,-23.930277,0.6894728,0.47943008,1.1747173,0.2132236,0.64236164,26.516384,UNHEALTHY
49,1.8310376,-0.24681261,0.095117815,3.7125492,0.2539143,0.43020746,0.57056755,0.33682588,0.6275809,2.1283374,0.49269688,0.17614007,1.4394894,0.76915455,0.95755464,0.6033236,0.37001944,0.76915455,0.95755464,0.39545316,0.12626842,0.7269485,-0.49269688,0.4954373,0.36870623,0.5104143,-0.08554328,0.56885326,-0.23591433,0.5568881,0.297289,0.08020685,0.39722672,0.618475,0.46645358,6.832898,3.1283011,0.9558701,0.4724132,0.5861143,-23.493382,0.7023468,0.5215723,1.2030872,0.24319333,0.6795245,29.649776,AVARAGE
50,1.7279139,-0.26460123,0.09574879,3.726048,0.23671436,0.41267467,0.553315,0.32294846,0.5983845,1.9965748,0.47148728,0.17743944,1.3707577,0.74245095,0.95077264,0.5734966,0.33938605,0.74245095,0.95077264,0.38276652,0.11462107,0.70125514,-0.47148728,0.4794787,0.3521359,0.4951146,-0.07166651,0.54479176,-0.23225385,0.53412396,0.2686797,0.08243988,0.39219987,0.6170617,0.4878795,6.388639,2.9965134,80.735695,0.5168705,0.560167,-17.696672,0.68031687,0.49663767,1.1732714,0.25916567,0.6211292,28.560467,AVARAGE
51,1.6370347,-0.26860866,0.10345493,3.6190753,0.25839797,0.40374836,0.5393356,0.3174161,0.58180827,1.9281315,0.46344045,0.18601377,1.177391,0.7286761,0.877405,0.55786145,-inf,0.7286761,0.877405,0.3663124,0.12334674,0.68551505,-0.46344045,0.45227182,0.33215877,0.4953528,-0.062207952,0.5329448,-0.23160987,0.5228427,0.29110765,0.09160451,0.38837358,0.5917127,0.5080305,5.9092736,2.928101,6.0196023,0.6482247,0.5478907,-12.311573,0.6671145,0.4840805,1.1449916,0.323921,0.6209493,28.001268,
52,1.3867345,-0.2866345,0.11630514,2.9678452,-inf,0.39672884,0.49649358,0.31507662,0.55587727,1.6551341,0.4205333,0.20174691,1.0851798,0.7252347,1.075841,0.52952015,inf,0.7252347,1.075841,0.32813466,0.11340207,0.63989615,-0.4205333,0.4244535,0.3149115,0.49978134,-0.062263772,0.5022426,-0.23542492,0.5024618,0.26852775,0.10305856,0.39507306,0.56604713,0.5308709,5.2593017,2.6551087,3.7433047,inf,0.522547,-2.2716477,0.6216881,0.46775454,1.1424385,0.36774224,0.5538974,27.7509,AVARAGE
53,1.7854288,-0.2504154,0.10704045,3.5546215,0.31381506,0.45183176,0.55129874,0.34822136,0.633489,2.1527634,0.49411985,0.18711136,1.2621793,0.7995759,1.3453029,0.6027356,0.47149652,0.7995759,1.3453029,0.37540507,0.15113032,0.7092287,-0.49411985,0.44737592,0.33718738,0.54346997,-0.07817343,0.5610621,-0.23080933,0.56261736,0.36732414,0.09163819,0.4019899,0.5676436,0.50022703,6.423665,3.1527305,1.0522646,0.5748404,0.5879859,-18.133396,0.6862421,0.5539617,1.1775597,0.30939153,0.6551817,30.928837,AVARAGE
54,1.7849052,-0.27227452,0.09379182,4.0470233,0.31849793,0.39140546,0.54140884,0.30791375,0.57643247,2.1623766,0.4924789,0.16009653,1.0536724,0.6861196,0.6242261,0.5543708,0.49480695,0.6861196,0.6242261,0.37160757,0.15445928,0.6943662,-0.4924789,0.42314652,0.31832153,0.4729791,-0.069792755,0.5335791,-0.21814154,0.518982,0.37753862,0.08157362,0.34540674,0.5467019,0.5241579,6.246966,3.1623764,1.1664158,0.5312353,0.5428507,-18.744204,0.67468,0.48434648,1.1592165,0.2658123,0.6126418,26.625244,AVARAGE
55,1.6140519,-0.25593063,0.11831795,3.2049534,0.3060758,0.4318616,0.5121395,0.35681826,0.61142445,1.9664497,0.47256285,0.19301474,1.1382711,0.77385974,1.1035956,0.584939,0.45296255,0.77385974,1.1035956,0.35494882,0.14647724,0.6939959,-0.47256285,0.4171433,0.33417502,0.5274538,-0.10919541,0.548656,-0.24061824,0.5454682,0.3524147,0.09559219,0.39478195,0.5627244,0.5045413,5.9903893,2.9663882,2.6534278,0.6808639,0.5720672,-10.755266,0.65844506,0.52203226,1.2552139,0.3576156,0.6442782,29.808598,AVARAGE
56,1.5541042,-0.27251646,0.11829814,3.3034933,0.2806571,0.40873253,0.4931639,0.3428014,0.57947266,1.8706456,0.45445177,0.1906499,1.0939628,0.7362099,1.0095128,0.55323774,0.40954834,0.7362099,1.0095128,0.3478308,0.13239442,0.67173976,-0.45445177,0.39944628,0.32015705,0.5047446,-0.10348561,0.5256099,-0.2363346,0.5201988,0.31659994,0.09601204,0.38634998,0.5680577,0.5241998,5.6721907,2.8706458,0.4958672,0.6993406,0.5444652,-7.301797,0.63678175,0.49103922,1.2466279,0.3509519,0.602938,28.309467,AVARAGE
57,1.8041322,-0.26941434,0.10252891,4.0890183,0.3017907,0.39404443,0.52340674,0.32294884,0.57770634,2.1551173,0.48941386,0.16678505,1.0814097,0.69474053,0.65754706,0.5555335,0.454985,0.69474053,0.65754706,0.37606403,0.14529164,0.6935439,-0.48941386,0.40302497,0.31663364,0.4792162,-0.091993645,0.53465074,-0.21932723,0.519713,0.3510144,0.08517178,0.35768083,0.5622793,0.52835923,6.176266,3.1551173,0.13110577,0.5559174,0.5448257,-13.216701,0.66495997,0.48473227,1.2183353,0.28001052,0.6254798,26.907194,AVARAGE
58,1.5994663,-0.2985202,0.09938149,4.0322776,,0.336759,0.49063572,0.28319037,0.5102117,1.9233092,0.4554238,0.15806852,0.8503186,0.59850824,0.17016226,0.49356714,,0.59850824,0.17016226,0.34846693,0.13458735,0.651255,-0.4554238,0.3741687,0.29132637,0.42197084,-0.07681834,0.49177778,-0.21454324,0.46667737,0.3239933,0.08523889,0.31977463,0.5427827,0.56077206,5.4767632,2.9232786,-2.3809595,,0.48973742,-12.804979,0.62682384,0.41003323,1.1818198,0.2877121,0.4747629,23.117102,AVARAGE
59,1.6082536,-0.2812908,0.08927428,4.032677,-inf,0.346146,0.5308331,0.28443065,0.5342953,2.0012245,0.4787241,0.15130179,0.83871984,0.6145236,0.09108728,0.5187227,0.5194517,0.6145236,0.09108728,0.34835544,0.16130945,0.690452,-0.4787241,0.4253891,0.3215253,0.42303085,-0.07329457,0.51911193,-0.23692723,0.4868211,0.39306316,0.076890536,0.30527607,0.53760386,0.5192231,5.9092817,3.0012245,2.9172747,inf,0.5133244,-16.045273,0.6669199,0.42279592,1.1674392,0.2866438,0.61956125,23.74487,HEALTHY
60,1.2773495,-0.27568904,0.12095958,2.6799407,0.21488748,0.39640003,0.50079817,0.3270958,0.5639456,1.5032505,0.40389395,0.21659827,1.1924577,0.74727553,1.0023377,0.5401243,0.29327685,0.74727553,1.0023377,0.32264394,0.098362885,0.6567326,-0.40389395,0.47020832,0.35296237,0.4998833,-0.08419702,0.5150821,-0.26565135,0.5078252,0.22588924,0.10348325,0.41179997,0.61013913,0.48466992,5.349716,2.503179,-2.9230266,0.82814807,0.5328833,-11.895883,0.6283911,0.4508272,1.1968038,0.3958058,0.5972672,28.308603,AVARAGE
61,1.5306705,-0.24731277,0.13027076,2.8213718,0.26110637,0.47479567,0.5107643,0.3970426,0.6474092,1.8287305,0.4525913,0.22038391,1.432986,0.87062097,1.8874526,0.61152935,0.37811023,0.87062097,1.8874526,0.35163218,0.12596127,0.70018363,-0.4525913,0.45567137,0.36747217,0.57536215,-0.13019735,0.56200325,-0.2596184,0.5733544,0.29811448,0.1005665,0.44756162,0.600882,0.46747026,6.174975,2.8287306,2.404558,0.7204127,0.59782577,-10.688625,0.6568275,0.55890465,1.3151655,0.38248947,0.64684993,33.280437,AVARAGE
62,1.8387038,-0.26454192,0.093910135,4.0300655,0.30131024,0.3895384,0.53997034,0.3134194,0.5834501,2.2015467,0.49713093,0.15716544,1.1338091,0.6837887,0.49967653,0.56372184,0.4578758,0.6837887,0.49967653,0.38213077,0.14934134,0.70683813,-0.49713093,0.43107608,0.3360921,0.4679516,-0.09656111,0.5434157,-0.22198012,0.5226387,0.36273336,0.0784132,0.3453056,0.56556785,0.50310415,6.6145835,3.2014084,0.86727965,0.4891919,0.5501172,-22.62001,0.6790614,0.48188776,1.2249649,0.23394358,0.6459519,26.522392,AVARAGE
63,1.3390679,-0.28889826,0.117107555,3.0332131,-inf,0.39022204,0.48266232,0.32494044,0.5518896,1.6050241,0.41924083,0.19780858,1.0758108,0.71946746,1.0168684,0.52563816,,0.71946746,1.0168684,0.32522443,0.11387255,0.6494862,-0.41924083,0.41995823,0.32528847,0.4870269,-0.09045474,0.50437135,-0.24850929,0.49837434,0.2660916,0.0968109,0.38654992,0.57897943,0.518159,5.2372346,2.6049993,-0.2736236,inf,0.52063775,-6.3560467,0.61824214,0.4562021,1.2074064,0.3791458,0.62271935,27.452868,AVARAGE
64,1.4667238,-0.26438308,0.11207045,2.9961472,0.22610477,0.41902426,0.52912885,0.33348095,0.5941213,1.715976,0.43626857,0.20523855,1.2936711,0.7733164,1.1519455,0.56760865,0.3208871,0.7733164,1.1519455,0.349484,0.10737987,0.6808938,-0.43626857,0.48071864,0.35452738,0.51533884,-0.07595528,0.53595936,-0.25432047,0.53162223,0.24934791,0.096314535,0.4163928,0.6145395,0.48330387,5.7854004,2.715976,2.2452688,0.71897084,0.5571174,-13.750694,0.6568935,0.4893361,1.1720695,0.36099276,0.6242806,29.498417,AVARAGE
65,1.6581893,-0.28060067,0.09602319,3.7138417,,0.3864866,0.5272386,0.30528688,0.5659161,1.9564403,0.46335977,0.16764787,1.1650404,0.6885782,0.7121714,0.54300445,,0.6885782,0.7121714,0.36491057,0.12556359,0.6761186,-0.46335977,0.43862772,0.32742178,0.46947306,-0.07224133,0.5212769,-0.22317441,0.50829625,0.29835063,0.0829979,0.36078653,0.57527345,0.51740617,6.0748878,2.956354,1.1498424,,0.5321549,-17.719337,0.6563067,0.4698515,1.1652745,0.26003128,0.578665,26.57451,AVARAGE
66,1.4492104,-0.3075493,0.10236482,3.5320978,-inf,0.3362661,0.48885438,0.2721096,0.4979983,1.6807462,0.4225803,0.17233114,0.95596164,0.6063489,0.35171098,0.47876427,-inf,0.6063489,0.35171098,0.34343627,0.09964819,0.62213624,-0.4225803,0.39419857,0.2883249,0.43026963,-0.044914633,0.47366366,-0.20880514,0.4545931,0.23155636,0.09402532,0.35032493,0.57448393,0.5636617,5.0723867,2.6805832,1.3841416,,0.47657776,-10.006172,0.6108855,0.403149,1.1073195,0.29901052,0.52204436,23.306892,
67,1.8005491,-0.27275813,0.09392159,3.857654,-inf,0.3998213,0.5437815,0.30954167,0.58293986,2.0963936,0.477864,0.16627625,1.2740976,0.7058407,0.8034909,0.55874705,,0.7058407,0.8034909,0.38295168,0.12455547,0.68568027,-0.477864,0.4461239,0.32881227,0.48268998,-0.0639695,0.5318953,-0.2128276,0.5209413,0.2958835,0.0828746,0.37238693,0.5836641,0.5150487,6.392345,3.0962691,2.170145,inf,0.5456589,-21.556791,0.6694224,0.49109223,1.1514214,0.22332707,0.60146284,27.324987,HEALTHY
68,2.048707,-0.25437897,0.08703526,4.4027967,0.29442814,0.4193005,0.58072245,0.31983262,0.6159721,2.4002452,0.51826483,0.15820298,1.3449973,0.73130953,0.82598823,0.5924467,0.4372273,0.73130953,0.82598823,0.40915582,0.14584267,0.72493875,-0.51826483,0.46753922,0.3426247,0.49576196,-0.06495835,0.5615865,-0.21174395,0.5480242,0.3516263,0.07646145,0.37032062,0.5832817,0.4964747,7.101546,3.4002452,0.48094273,0.38654724,0.5750396,-20.458275,0.708111,0.5222581,1.1536461,0.19065957,0.66276395,28.42769,AVARAGE
69,1.6163121,-0.2700157,0.09931333,3.5235841,-inf,0.39801943,0.53802556,0.3142795,0.5794983,1.9144406,0.46521777,0.17709315,1.175351,0.71425086,0.76278013,0.556437,0.38431108,0.71425086,0.76278013,0.36435944,0.12650971,0.68708855,-0.46521777,0.45505413,0.33632922,0.48465055,-0.06662154,0.53291476,-0.23265815,0.51965284,0.29813975,0.08663707,0.3755936,0.5875251,0.5023142,6.000698,2.914412,-3.0999508,inf,0.5459111,-16.73114,0.66735333,0.48039696,1.1542751,0.2937728,0.61757445,27.49905,AVARAGE
70,1.6047144,-0.25731823,0.12258155,3.1387196,0.27774554,0.43676016,0.50837153,0.3607029,0.61093813,1.9246551,0.46513706,0.20035313,1.2012684,0.7850819,1.2246939,0.58286947,0.41995287,0.7850819,1.2246939,0.3575771,0.13350074,0.686335,-0.46513706,0.41487563,0.33033308,0.5370189,-0.10196268,0.5448249,-0.23852587,0.54492253,0.31996536,0.100258715,0.4123776,0.5797338,0.50754493,5.8571515,2.9246547,2.4877367,0.6924966,0.57101667,-9.721998,0.65220505,0.5262263,1.2431754,0.35424128,0.63664204,30.209389,AVARAGE
71,1.8806226,-0.27318186,0.103375904,4.2400756,-inf,0.4062108,0.51393,0.33267874,0.5861524,2.2441103,0.49676573,0.16356659,1.1432512,0.709383,0.856118,0.56107175,0.48578614,0.709383,0.856118,0.38185725,0.14828783,0.6902938,-0.49676573,0.38007525,0.30787683,0.48999673,-0.10094137,0.53408116,-0.20858134,0.5246578,0.36360464,0.08379205,0.3619932,0.5557672,0.5391478,6.3029075,3.2440767,0.55749214,inf,0.5488913,-18.41744,0.6592392,0.5051007,1.2459658,0.24984401,0.57726985,27.563261,AVARAGE
72,1.7625967,-0.28755072,0.09819389,4.2596974,-inf,0.36240548,0.5082539,0.29778695,0.54026186,2.099066,0.4777083,0.15706359,0.98562837,0.6357107,0.385801,0.52120256,inf,0.6357107,0.385801,0.36970308,0.13836022,0.66833633,-0.4777083,0.37976447,0.29589495,0.44647944,-0.0774478,0.50917256,-0.20537232,0.4897884,0.3367568,0.084079616,0.33566636,0.5512112,0.554257,5.896467,3.099066,1.4894592,inf,0.5130494,-15.686865,0.6453699,0.4477772,1.1879561,0.2538624,0.5745534,24.66335,AVARAGE
73,1.7990972,-0.2724528,0.08342735,4.340572,0.33804104,0.36401424,0.5510857,0.2924135,0.5601319,2.2145383,0.50480986,0.142809,0.9431448,0.6356106,0.18178514,0.5444298,-inf,0.6356106,0.18178514,0.37235966,0.16817224,0.7099481,-0.50480986,0.43390292,0.32861412,0.43539375,-0.076403074,0.536467,-0.22591545,0.50580376,0.4154995,0.07137948,0.30809397,0.5421893,0.5103321,6.4802256,3.2145383,14.464152,0.47803843,0.53363574,-21.794104,0.6873426,0.45297074,1.1766868,0.2434279,0.652904,24.69842,HEALTHY
74,1.5056562,-0.2954823,0.09307447,3.8504875,-inf,0.32953498,0.5092892,0.2717985,0.5073347,1.9185759,0.4619559,0.15265584,0.7202052,0.5832481,0.018677076,0.49203855,-inf,0.5832481,0.018677076,0.32617748,0.16628781,0.65955895,-0.4619559,0.39439902,0.2958556,0.41249022,-0.05796541,0.49524972,-0.22713056,0.46646094,0.41295165,0.082960345,0.29364023,0.5014311,0.55086863,5.498279,2.9185166,-5.987632,inf,0.48925227,-12.894114,0.6407256,0.40315494,1.1383586,0.29172143,0.5058329,22.559614,HEALTHY
75,1.6836251,-0.2419745,0.11062214,3.1437154,0.25955278,0.46714178,0.55302066,0.3686742,0.65472907,1.9886984,0.4704137,0.20376347,1.553343,0.85114074,1.6321782,0.6225772,0.38097164,0.85114074,1.6321782,0.3700642,0.12834951,0.7194632,-0.4704137,0.5053678,0.3857197,0.55651,-0.10987377,0.573682,-0.2564162,0.577365,0.30509007,0.08936821,0.43125144,0.6087864,0.4478206,6.8427176,2.988667,0.079012886,0.5652076,0.60433984,-20.964048,0.6877626,0.55405855,1.2563072,0.2943167,0.668846,32.604317,AVARAGE
76,1.515016,-0.25937197,0.12262724,3.0734575,0.2686502,0.4342503,0.50290805,0.36748472,0.6096258,1.8223095,0.45162344,0.20395157,1.237119,0.79450756,1.3185333,0.58078974,0.39541626,0.79450756,1.3185333,0.34751448,0.12941293,0.6910069,-0.45162344,0.43663093,0.35291874,0.52974856,-0.12284066,0.5453466,-0.2546545,0.5441425,0.30733868,0.09549824,0.4098675,0.5889759,0.48200676,5.9373546,2.8223097,0.5706159,0.7161801,0.5695085,-9.469727,0.64914036,0.5125325,1.2891549,0.37258923,0.6323023,30.393152,AVARAGE
77,1.3795563,-0.28631774,0.10992516,3.2040765,-inf,0.37472624,0.49402177,0.31217328,0.5446924,1.6493641,0.42800066,0.18709998,1.0538745,0.68852013,0.71638584,0.5219984,0.360001,0.68852013,0.71638584,0.3330571,0.11579245,0.6587103,-0.42800066,0.42945197,0.33123952,0.46636376,-0.08871956,0.5071492,-0.24542232,0.4934854,0.26975727,0.09164364,0.3696984,0.5815766,0.50889206,5.389012,2.6492562,0.98827696,inf,0.5167736,-9.974171,0.6292847,0.4398492,1.2028158,0.348095,0.5752654,26.301458,AVARAGE
78,1.6118695,-0.25233248,0.1116704,3.2032685,-inf,0.4421046,0.5355388,0.35510358,0.6243328,1.9050736,0.4644291,0.19809256,1.3573546,0.80375016,1.3213453,0.5950934,0.37124094,0.80375016,1.3213453,0.36512974,0.12463035,0.70569897,-0.4644291,0.47204423,0.36263475,0.5330555,-0.10099402,0.5573295,-0.25106737,0.5552415,0.29319233,0.09095806,0.41606328,0.6070489,0.47150028,6.2403765,2.9050426,1.7873617,inf,0.58175033,-13.47627,0.67344254,0.525736,1.232643,0.3323061,0.6528804,30.811228,AVARAGE
79,1.7227519,-0.25721705,0.09934812,3.6057127,0.2677325,0.4165651,0.54908353,0.32988384,0.6059886,2.0306141,0.4794005,0.17766649,1.2879974,0.7465862,0.89098847,0.58169067,0.3896178,0.7465862,0.89098847,0.37737384,0.13002193,0.708482,-0.4794005,0.4695925,0.3534422,0.5001724,-0.0856051,0.5523915,-0.23804028,0.54035914,0.30789798,0.08360724,0.3852114,0.5993751,0.48277938,6.427347,3.0306141,0.9108464,0.539333,0.5680198,-22.685863,0.68287796,0.5036194,1.1958983,0.27683544,0.6528566,28.756275,AVARAGE
80,1.6165916,-0.2624642,0.102023534,3.4614396,0.28903458,0.41569003,0.54127365,0.32799944,0.5990071,1.9536493,0.47040352,0.18253928,1.1592431,0.7481771,0.95459265,0.5738135,-inf,0.7481771,0.95459265,0.35839328,0.14049004,0.6991739,-0.47040352,0.4615182,0.3462782,0.5023424,-0.08015395,0.54506177,-0.24472202,0.5354997,0.33709052,0.08665244,0.3780148,0.57686967,0.4899287,6.127506,2.9536493,29.280449,0.6232069,0.5618658,-20.599562,0.674579,0.50012535,1.1801203,0.32586333,0.62945956,28.776878,AVARAGE
81,1.7808288,-0.2539273,0.09672648,3.666827,-inf,0.4230424,0.55683696,0.33028218,0.6148851,2.1722944,0.49614307,0.17104025,1.1679984,0.7476536,0.8875056,0.59020704,0.50176924,0.7476536,0.8875056,0.3711941,0.15969373,0.71445996,-0.49614307,0.45797873,0.34427175,0.5053049,-0.08123765,0.55805176,-0.23555145,0.5470051,0.39144278,0.0822694,0.36551645,0.5582177,0.49351335,6.5808377,3.1722589,2.6520348,inf,0.57494515,-21.529253,0.6911934,0.51952994,1.1853534,0.28457284,0.6601187,28.932964,HEALTHY
82,1.4141707,-0.27379122,0.124924324,3.027021,-inf,0.42765325,0.4982839,0.35381368,0.5886623,1.724692,0.43300065,0.21281186,1.1482302,0.7880442,1.4758437,0.55859625,0.41804788,0.7880442,1.4758437,0.32725298,0.12994885,0.6666193,-0.43300065,0.4332723,0.33465266,0.53005266,-0.09403389,0.5249535,-0.2530032,0.5287916,0.3105808,0.102406025,0.40905297,0.5676949,0.50851834,5.5496655,2.7246654,3.483399,inf,0.55027455,-4.731708,0.63474846,0.5002024,1.2185119,0.40793827,0.6082884,30.075031,AVARAGE
83,1.7682716,-0.2742905,0.09194064,4.1857343,0.33116645,0.37552673,0.5408434,0.29988387,0.56252366,2.1672046,0.49394986,0.15588227,0.97113436,0.65966,0.41624802,0.543249,-inf,0.65966,0.41624802,0.36685365,0.16222954,0.69661623,-0.49394986,0.42086455,0.31732118,0.45519015,-0.071687825,0.53042585,-0.2214931,0.5075091,0.39900997,0.0796634,0.32880554,0.540756,0.52579975,6.2254825,3.1672046,-1.6499214,0.544873,0.53368044,-18.131035,0.6757838,0.46423778,1.1631486,0.2718421,0.62250435,25.580359,
84,1.5149192,-0.24968575,0.12150223,2.8671715,0.2908631,0.45739457,0.5250432,0.3707634,0.634003,1.8517151,0.45721564,0.21163473,1.2620001,0.83499414,1.5328169,0.6032297,0.43662518,0.83499414,1.5328169,0.3431367,0.14020689,0.69846106,-0.45721564,0.46209764,0.35891685,0.55598706,-0.1045405,0.5579331,-0.26149952,0.56300974,0.33684328,0.09859245,0.4209483,0.5774929,0.4753585,6.077764,2.851715,0.47432104,0.7265829,0.58898187,-7.728913,0.6646732,0.5412044,1.2426853,0.38926798,0.6495582,31.965366,AVARAGE
85,1.7446709,-0.26056448,0.11209263,3.6910644,0.31360427,0.42132202,0.51887107,0.3452996,0.6015224,2.1171122,0.48848152,0.18055105,1.0928133,0.7452264,0.95797616,0.5759113,0.48711976,0.7452264,0.95797616,0.36770272,0.1527016,0.6957881,-0.48848152,0.39976573,0.31902644,0.51307636,-0.09851469,0.5448312,-0.22685122,0.5378963,0.3725062,0.0917544,0.37884063,0.5563235,0.5214713,6.082455,3.1171124,0.46006525,0.62376195,0.56403303,-11.973175,0.6639375,0.51691765,1.2308288,0.32422352,0.6378876,28.831186,AVARAGE
86,1.8777248,-0.25356328,0.104020506,3.9349782,0.34121877,0.4250726,0.537124,0.3430624,0.61491233,2.299889,0.5108685,0.16848834,1.0810729,0.74266654,0.85444206,0.59063965,0.5466772,0.74266654,0.85444206,0.3779526,0.1704419,0.71380186,-0.5108685,0.40591508,0.32332984,0.5098673,-0.09972162,0.5580376,-0.2239323,0.5478618,0.4221712,0.08479473,0.36225623,0.5428468,0.5156343,6.4806747,3.299852,0.015555388,0.5542186,0.5757167,-17.52014,0.6829121,0.52864164,1.2311653,0.29511866,0.656343,28.852098,HEALTHY
87,1.6682472,-0.26695716,0.10128135,3.7448013,0.33793017,0.38994375,0.52609557,0.318647,0.5765205,2.0755458,0.4872145,0.1666774,0.93457264,0.6895861,0.5088014,0.5565374,0.53585756,0.6895861,0.5088014,0.3544592,0.16567817,0.6963772,-0.4872145,0.41093656,0.32042035,0.47452673,-0.08755583,0.5372683,-0.23446043,0.51837945,0.40732417,0.08458304,0.33980623,0.5379351,0.5183775,6.0062046,3.0755458,2.2079887,0.6126775,0.54616076,-15.731715,0.66811115,0.4785976,1.1999589,0.31659323,0.63440615,26.680397,AVARAGE
88,1.9230982,-0.26424727,0.07831251,4.6267896,0.4045891,0.3664429,0.5692007,0.29288903,0.57086015,2.4644156,0.53388935,0.13248664,0.82486093,0.63035935,0.08612215,0.5568377,0.70347977,0.63035935,0.08612215,0.36971357,0.20977058,0.73005223,-0.53388935,0.4282306,0.3259603,0.43310803,-0.07811418,0.5498234,-0.22807452,0.5150554,0.54133505,0.06666511,0.2821666,0.49804538,0.51193386,6.8678327,3.464415,1.191501,0.45613176,0.5441078,-20.469255,0.7076634,0.4633465,1.1754614,0.24182476,0.665207,24.619436,AVARAGE
89,1.6168413,-0.29101458,0.08372025,4.357116,0.42792788,0.32597438,0.52725726,0.26702046,0.5116437,2.1767795,0.4987468,0.13546678,0.59249973,0.5655133,-0.11952317,0.49703023,inf,0.5655133,-0.11952317,0.32349378,0.21485567,0.6852333,-0.4987468,0.3790782,0.28780544,0.39983204,-0.06117814,0.5075642,-0.23018819,0.46982747,0.5600229,0.07385767,0.2577813,0.45913458,0.5586282,5.7890115,3.1767795,-0.8811967,0.5555511,0.49518788,-16.93225,0.66546786,0.40844372,1.1395415,0.27441168,0.5918538,22.022827,AVARAGE
90,1.5569019,-0.25829887,0.118726514,3.1300125,-inf,0.43167305,0.51546293,0.35757354,0.6090676,1.8438679,0.45434332,0.20247415,1.3002461,0.78772193,1.2466997,0.5811266,0.36674365,0.78772193,1.2466997,0.35692918,0.12203494,0.6910023,-0.45434332,0.4483922,0.35228625,0.52765155,-0.1074522,0.54559815,-0.24761358,0.5431769,0.2869884,0.09598532,0.4151879,0.598966,0.4837094,6.020936,2.8438387,0.534586,inf,0.5691179,-10.4187155,0.6558544,0.51105446,1.2556024,0.3454117,0.638203,30.159525,
91,1.6946744,-0.25564194,0.105796546,3.518138,0.29682118,0.42303059,0.53228086,0.34566697,0.6121393,2.0483155,0.4818994,0.17940685,1.223093,0.7572354,0.96949714,0.58711874,0.45245767,0.7572354,0.96949714,0.36608675,0.14666529,0.71031594,-0.4818994,0.4488926,0.35521513,0.50751984,-0.113228515,0.5550008,-0.24361314,0.5452407,0.35366803,0.08448932,0.37823185,0.57393837,0.48020202,6.49868,3.0482829,1.7612319,0.57372314,0.5724839,-22.06314,0.6754414,0.51211584,1.2660549,0.29624477,0.65303993,29.178535,AVARAGE
92,1.5829486,-0.2475933,0.118522495,3.0454786,0.30317852,0.45150214,0.5193153,0.3763289,0.63525885,1.9388287,0.47154462,0.19782014,1.2468215,0.81586564,1.3536658,0.6053096,0.4566957,0.81586564,1.3536658,0.3511544,0.14812866,0.7100774,-0.47154462,0.44534862,0.35949785,0.54310274,-0.12741242,0.5636274,-0.26037565,0.5635924,0.355919,0.09160061,0.4040473,0.57355887,0.47677454,6.2562933,2.9388287,0.8887931,0.66108644,0.5907811,-14.486071,0.66834795,0.54074174,1.304339,0.36042362,0.66230494,31.338911,AVARAGE
93,1.4757004,-0.24743922,0.12925299,2.7044854,0.25209606,0.46515322,0.51315445,0.3881933,0.63996434,1.7586981,0.44375145,0.22322828,1.3916873,0.8596033,1.676737,0.60786456,0.36052364,0.8596033,1.676737,0.3452819,0.120564565,0.69746876,-0.44375145,0.46669972,0.36908403,0.56672585,-0.12232459,0.55975056,-0.26943377,0.5675174,0.2830153,0.10157269,0.44707108,0.6082867,0.46701857,6.0188117,2.7586982,2.0789614,0.7580767,0.59365445,-10.384446,0.6562309,0.54243153,1.2929118,0.40531054,0.6524918,32.775414,AVARAGE
94,1.4640006,-0.2678729,0.11640901,3.1774912,inf,0.4146283,0.5116993,0.34166944,0.587342,1.7509092,0.44180003,0.20264097,1.1715022,0.7632118,1.1041294,0.5612676,0.37579876,0.7632118,1.1041294,0.3419253,0.122278005,0.68121505,-0.44180003,0.44872254,0.34480163,0.5107518,-0.09476056,0.532876,-0.2572149,0.5273547,0.28691784,0.09613021,0.40153626,0.5927522,0.49488655,5.6872196,2.750909,1.0033048,-inf,0.55221254,-10.273347,0.6487252,0.48576877,1.2215604,0.38180906,0.6156991,29.137726,UNHEALTHY
95,1.744854,-0.25360647,0.095277384,3.5929253,0.28767315,0.42084992,0.5565012,0.33101982,0.6151376,2.084961,0.48807985,0.17143396,1.265077,0.74966943,0.87372065,0.59085596,0.42709783,0.74966943,0.87372065,0.37659574,0.14216276,0.7179312,-0.48807985,0.47605288,0.3601497,0.50020343,-0.09044802,0.5598126,-0.2414645,0.54692316,0.3401114,0.07935348,0.37405282,0.58727384,0.4737013,6.6158338,3.0849278,1.0914297,0.51248676,0.57543087,-22.960562,0.6915508,0.51235527,1.2061797,0.26847962,0.66189456,28.934217,AVARAGE
96,1.7863759,-0.24995098,0.10012657,3.5539825,0.2786482,0.44612864,0.56089234,0.3454894,0.63491744,2.11369,0.48723644,0.1828737,1.4098006,0.796927,1.28794,0.605227,0.40823907,0.796927,1.28794,0.38048285,0.13723107,0.7178717,-0.48723644,0.48389167,0.36295322,0.5299627,-0.08722868,0.5651417,-0.24038638,0.56230015,0.32733998,0.083834164,0.4010826,0.59388787,0.47195333,6.7534657,3.113657,1.4120225,0.5060681,0.58884674,-20.26244,0.69304717,0.54137117,1.2016567,0.26174277,0.65966606,30.7293,HEALTHY
97,1.8955884,-0.27173483,0.09386761,4.34206,-inf,0.39472476,0.5366229,0.31643632,0.5815868,2.2628531,0.5024876,0.15567972,1.1145068,0.68941814,0.643396,0.5593586,-inf,0.68941814,0.643396,0.3858838,0.15154083,0.7016589,-0.5024876,0.40861142,0.31750816,0.47280777,-0.08571916,0.5381127,-0.21309869,0.5213993,0.36735177,0.07809514,0.3474714,0.5595023,0.524791,6.416404,3.2628531,1.6891066,inf,0.5471557,-18.263494,0.67581934,0.49103537,1.1996456,0.24128447,0.5941025,26.786554,AVARAGE
98,1.6879704,-0.2668287,0.10734941,3.7250977,inf,0.40810367,0.527081,0.3301369,0.5860107,2.0131936,0.47778213,0.1813402,1.1170715,0.728233,0.8732708,0.5614923,0.42512667,0.728233,0.8732708,0.36953947,0.13660116,0.6896361,-0.47778213,0.41778278,0.3186398,0.49932665,-0.0769578,0.53625935,-0.2258006,0.526315,0.32525486,0.09122935,0.38236958,0.5763898,0.52427614,5.876066,3.0131938,14.826118,-inf,0.5518637,-10.811393,0.6644404,0.49579996,1.1828358,0.3298629,0.62610805,28.090271,
99,1.5891925,-0.28293434,0.10489336,3.5656703,0.2521246,0.38505733,0.5122518,0.31186822,0.5564543,1.867703,0.4523782,0.17879975,1.1007303,0.69061655,0.73742676,0.5331771,,0.69061655,0.73742676,0.35853082,0.1176245,0.6623669,-0.4523782,0.4143212,0.30947447,0.47659174,-0.0642352,0.51289886,-0.2228523,0.5024161,0.27858406,0.091534376,0.37464005,0.581133,0.5409577,5.58751,2.8676145,0.77483433,0.643989,0.52556103,-10.402465,0.6413897,0.46447444,1.1611784,0.31339446,0.5679982,26.594057,AVARAGE
100,2.1394105,-0.25251383,0.086723365,4.574646,0.32016286,0.4161275,0.57142085,0.32310557,0.6163124,2.5363603,0.5356012,0.14788133,1.2110082,0.71486616,0.6589385,0.59410244,0.5017485,0.71486616,0.6589385,0.41431856,0.16165079,0.7296386,-0.5356012,0.42637962,0.32392326,0.48987898,-0.07791741,0.5648239,-0.20505102,0.54806656,0.39699486,0.073751494,0.35207322,0.56623286,0.5193233,7.019556,3.5363603,-0.5378816,0.390365,0.57669663,-24.453878,0.7080246,0.52675533,1.1852547,0.2043217,0.6698688,27.932844,AVARAGE
101,2.1260545,-0.2685186,0.07900519,5.1046176,0.3507871,0.3728451,0.5601978,0.2959015,0.57311076,2.5731437,0.54030025,0.12961811,0.9821771,0.634784,0.2158686,0.5563388,inf,0.634784,0.2158686,0.40578046,0.17882639,0.72300506,-0.54030025,0.39731604,0.3081899,0.43971515,-0.08104476,0.5456558,-0.19852132,0.5156702,0.44714004,0.066870056,0.30362925,0.5356388,0.53651977,6.879896,3.5731437,-1.082673,0.38903412,0.5432727,-20.44873,0.7009435,0.47638243,1.1890913,0.19815694,0.64026684,24.880629,
102,1.6326872,-0.26682413,0.11474813,3.551216,-inf,0.41296542,0.5023705,0.3446851,0.58907413,1.9667146,0.46854612,0.18671143,1.138477,0.74172044,1.0071337,0.56339717,0.43878785,0.74172044,1.0071337,0.3575719,0.13953628,0.68666303,-0.46854612,0.40591204,0.32787344,0.5054012,-0.1112738,0.53571934,-0.23323634,0.52829456,0.33404893,0.09244237,0.3828302,0.56813383,0.51547724,5.971151,2.9667146,0.38321066,inf,0.5532595,-9.0766535,0.64971405,0.4977849,1.2728076,0.33070517,0.6233934,28.54829,AVARAGE
103,1.9703516,-0.27910757,0.082271546,4.8702455,-inf,0.36736697,0.53930545,0.29579622,0.56087077,2.3671603,0.51350164,0.1357255,1.0695512,0.6357184,0.33276406,0.5426467,,0.6357184,0.33276406,0.3904064,0.16174094,0.7105517,-0.51350164,0.41195145,0.3254917,0.4346775,-0.10031221,0.5331195,-0.21037097,0.50580937,0.3969336,0.06731634,0.310063,0.5485543,0.51942366,6.874425,3.3671234,-34.18479,inf,0.53075117,-18.706324,0.68103296,0.46130872,1.241875,0.18406112,0.5971437,24.778036,AVARAGE
104,1.7821037,-0.26550105,0.09484686,4.160916,0.28840044,0.38273063,0.5309393,0.3194483,0.57800394,2.1199434,0.4915752,0.15811957,1.1539387,0.6806317,0.4331667,0.56024885,0.42993936,0.6806317,0.4331667,0.38101617,0.14167984,0.7153069,-0.4915752,0.43818817,0.3513418,0.45783764,-0.11904753,0.5451013,-0.23338363,0.5199925,0.33788484,0.075107,0.3444224,0.5854653,0.48704666,6.6267962,3.1199088,-4.1569424,0.4821023,0.54775655,-18.26287,0.6781731,0.4667569,1.2915127,0.24541739,0.6453171,26.284342,AVARAGE
105,1.7282045,-0.26001912,0.105853714,3.5867043,-inf,0.41702342,0.5237861,0.343827,0.6055284,2.0134716,0.4728291,0.17819135,1.4021721,0.74893373,0.9827798,0.57996607,0.3535298,0.74893373,0.9827798,0.37865114,0.12106426,0.7044783,-0.4728291,0.45134625,0.3610944,0.5000478,-0.12436851,0.5491884,-0.2371743,0.5398404,0.2853505,0.08303784,0.39093608,0.6059489,0.47654584,6.615393,3.0134714,1.8905352,inf,0.5654588,-25.712086,0.66698223,0.50278485,1.2957443,0.234685,0.6426176,28.826736,AVARAGE
106,2.2179182,-0.26118883,0.07834084,5.1273985,-inf,0.39005303,0.56622714,0.3112399,0.59695995,2.6789865,0.54500735,0.12938385,1.149872,0.6670342,0.419061,0.57906896,inf,0.6670342,0.419061,0.41000038,0.18181278,0.7410063,-0.54500735,0.42555487,0.3425711,0.4518881,-0.11648943,0.5606367,-0.21212846,0.533732,0.46114644,0.061841197,0.30922207,0.54237264,0.49571046,7.681328,3.6789448,0.18671018,inf,0.5607908,-20.517141,0.71021754,0.4961403,1.2740142,0.14582315,0.65294904,26.10452,AVARAGE
107,1.2666883,-0.30540103,0.12996644,3.000176,,0.3571919,0.43975016,0.31888658,0.50872797,1.5248041,0.3945196,0.20361258,0.97496206,0.664593,0.7955752,0.48631012,,0.664593,0.7955752,0.30432308,0.108124204,0.6105951,-0.3945196,0.37159598,0.30155715,0.46446747,-0.100627564,0.47180188,-0.23815446,0.4657884,0.25814405,0.10729192,0.3743085,0.54995936,0.55004615,4.9178443,2.5247111,0.7108463,,0.4835309,-4.2018476,0.5755091,0.41185454,1.2449336,0.35527086,0.51624316,25.283743,AVARAGE
108,1.5708282,-0.28325713,0.11371671,3.7858012,,0.39633244,0.49281356,0.33607268,0.5657872,1.9088454,0.45491835,0.1853318,1.0790889,0.7182483,0.99918646,0.5405156,,0.7182483,0.99918646,0.34291422,0.13909891,0.6722758,-0.45491835,0.40138903,0.3237836,0.4870481,-0.10861027,0.5180795,-0.23901552,0.51053244,0.3379633,0.09073953,0.3679401,0.5560994,0.5198559,5.8143997,2.908702,0.20005791,,0.5322006,-7.2136283,0.6360453,0.47285026,1.258254,0.32400152,0.43814424,27.56262,AVARAGE
109,1.5683732,-0.2770496,0.11847092,3.5005374,-inf,0.39644462,0.48296455,0.3364818,0.5663791,1.9236557,0.46269616,0.1836315,0.9677223,0.7079807,0.8365409,0.54187,-inf,0.7079807,0.8365409,0.34496543,0.14635432,0.6671235,-0.46269616,0.3676001,0.30246684,0.49217924,-0.10495705,0.51911855,-0.22574037,0.5109231,0.35539642,0.09574082,0.36680347,0.5424942,0.54201543,5.5128245,2.9235947,3.3610413,inf,0.53462,-8.133938,0.6314574,0.48098862,1.2457414,0.35051832,0.5915521,27.30193,AVARAGE
110,1.4180435,-0.25807852,0.12950444,2.743604,0.26965562,0.44715935,0.50476,0.37166578,0.61476964,1.7214284,0.4378104,0.2211984,1.2211161,0.8252166,1.5436766,0.5843855,0.39842665,0.8252166,1.5436766,0.3329959,0.12802091,0.6803198,-0.4378104,0.44634888,0.34942082,0.55213517,-0.103982076,0.54298145,-0.2615008,0.5485548,0.30339134,0.10497582,0.42804834,0.5837836,0.48649973,5.6739974,2.721401,1.5484831,0.80660367,0.5733263,-8.115445,0.6442917,0.52229184,1.244365,0.4192302,0.62676805,31.478464,AVARAGE
111,1.7602489,-0.25601158,0.10365539,3.6437993,0.315879,0.41852137,0.5354303,0.33887893,0.6078795,2.140072,0.49244052,0.17342706,1.1287522,0.74073046,0.83162814,0.58428645,0.49003404,0.74073046,0.83162814,0.37028044,0.15569457,0.70833176,-0.49244052,0.42894682,0.33665523,0.5034487,-0.09871757,0.5534411,-0.23300764,0.5420317,0.37986737,0.08492731,0.36780658,0.5605222,0.50066453,6.3730984,3.140072,3.0871248,0.5726851,0.56997705,-19.313837,0.67750907,0.5131351,1.2313001,0.29953173,0.6543616,28.651274,UNHEALTHY
112,1.6523173,-0.2898022,0.096174255,4.009793,-inf,0.365092,0.50421154,0.3005864,0.5438781,2.0506315,0.47845736,0.15321948,0.89479655,0.640288,0.42551243,0.52384555,0.5462063,0.640288,0.42551243,0.34974602,0.16175447,0.6728518,-0.47845736,0.380246,0.30121997,0.4448576,-0.089188345,0.511341,-0.21554545,0.49229804,0.39826992,0.079776466,0.3177448,0.5179218,0.54741544,5.858461,3.0505395,1.9264063,inf,0.51545846,-20.287226,0.6460108,0.45163837,1.2069395,0.27898887,0.54786885,24.84296,UNHEALTHY
113,1.4477692,-0.27699718,0.123075336,3.209987,0.28984755,0.40424517,0.49164152,0.3382454,0.5677461,1.768975,0.44036433,0.20306665,1.0335758,0.7387772,1.0763634,0.54190177,inf,0.7387772,1.0763634,0.33080003,0.13428997,0.66072106,-0.44036433,0.405385,0.3149384,0.506886,-0.08781782,0.5165125,-0.24212265,0.51275223,0.3211534,0.10264085,0.3905785,0.55658215,0.5317991,5.377501,2.7688656,-0.79447395,0.7876719,0.53539324,-3.206786,0.6302212,0.47733456,1.2053189,0.3942609,0.5915979,28.27218,
114,1.6147075,-0.29449886,0.09879024,3.8485541,,0.36177674,0.49709272,0.2958807,0.5353261,1.9752764,0.46526453,0.15874778,0.9152187,0.6372392,0.43497118,0.515456,,0.6372392,0.43497118,0.34691513,0.14851692,0.65661204,-0.46526453,0.37751284,0.2913374,0.44596463,-0.07569312,0.50175434,-0.21040416,0.48391706,0.36056364,0.08419882,0.32736772,0.5249333,0.564725,5.6455507,2.9751868,1.1063907,,0.5077725,-19.195953,0.6336798,0.44506463,1.1768259,0.28362012,0.5281063,24.687906,AVARAGE
115,1.7359699,-0.2746705,0.096668646,3.8704245,0.3236712,0.37944496,0.52349603,0.30501416,0.5644686,2.1274679,0.4881617,0.15761507,0.95451957,0.66302466,0.43996048,0.5446927,0.5115434,0.66302466,0.43996048,0.36292022,0.15942413,0.68447125,-0.4881617,0.39846233,0.30705118,0.46230105,-0.078575894,0.52667624,-0.21537797,0.5082138,0.39137527,0.082856104,0.3327593,0.53204316,0.5390104,6.0491858,3.1273026,4.2369633,0.5746054,0.5339949,-21.248158,0.6614139,0.47123957,1.1789385,0.2777402,0.6135137,25.757053,AVARAGE
116,1.7760472,-0.27947176,0.099738725,4.0763636,-inf,0.3960521,0.5192647,0.3180024,0.5731923,2.1324918,0.4832848,0.1640695,1.0806234,0.6954821,0.8008531,0.5483813,inf,0.6954821,0.8008531,0.36990035,0.14601064,0.6810978,-0.4832848,0.39590797,0.3070522,0.47984007,-0.08200884,0.52504396,-0.21164633,0.51465446,0.35649323,0.08381204,0.35421675,0.55065155,0.54268736,6.05697,3.1324267,0.39019325,inf,0.53796345,-16.204205,0.6570246,0.48905018,1.1958303,0.27371308,0.5678661,26.97198,AVARAGE
117,1.4705156,-0.29580313,0.11365967,3.4450963,inf,0.3591101,0.48445863,0.30141932,0.52076715,1.7237712,0.4261408,0.18690321,1.009667,0.6531075,0.57601595,0.49984527,inf,0.6531075,0.57601595,0.34054363,0.106944084,0.6342291,-0.4261408,0.39164525,0.29551828,0.4588302,-0.063891016,0.48799008,-0.22062385,0.47433525,0.25331026,0.099725656,0.37137443,0.57739127,0.558161,5.1467614,2.7236643,2.3516004,-inf,0.49645102,-8.495416,0.61275876,0.42565027,1.159415,0.33016387,0.55322003,25.033373,AVARAGE
118,2.1138294,-0.26936305,0.084426716,4.907196,0.30968058,0.37667784,0.5494857,0.30223224,0.57389176,2.5024984,0.5254423,0.1369714,1.104275,0.6460857,0.31102785,0.55630374,0.49297816,0.6460857,0.31102785,0.40798065,0.15765509,0.71380603,-0.5254423,0.40178066,0.3143259,0.44719437,-0.08884348,0.5418218,-0.19810697,0.5160443,0.38886684,0.07051654,0.322935,0.55768543,0.53175783,6.889478,3.502457,194.63072,0.38291717,0.54246837,-20.793259,0.68909734,0.47706428,1.2105963,0.1770513,0.6381127,25.258863,AVARAGE
119,1.5313938,-0.28571436,0.11109222,3.710318,0.25390157,0.36459842,0.49462643,0.31135777,0.53626555,1.8121552,0.44297805,0.18204674,1.0010324,0.66494626,0.50195026,0.51678365,0.37850723,0.66494626,0.50195026,0.3480819,0.118634164,0.6634619,-0.44297805,0.40605095,0.31643173,0.45694998,-0.08795399,0.507031,-0.23583688,0.4876758,0.28078145,0.09235157,0.3625657,0.58615786,0.52859825,5.463486,2.8121266,1.725947,0.7015138,0.5122873,-8.942453,0.63223946,0.43172255,1.2082773,0.3370052,0.58863246,25.46371,AVARAGE
120,1.6676881,-0.24995969,0.11927229,3.3515267,0.3100233,0.4339968,0.49898174,0.37983277,0.6235838,2.034824,0.48383647,0.18439822,1.1981165,0.7777719,1.045536,0.5979703,0.46963933,0.7777719,1.045536,0.36268935,0.1519793,0.7142438,-0.48383647,0.40816855,0.35534945,0.5204357,-0.15994267,0.5619089,-0.24775743,0.5543839,0.36714804,0.08643892,0.38455918,0.5705402,0.4782066,6.3954616,3.034824,1.4442647,0.6049791,0.58271205,-18.06757,0.6612128,0.52476174,1.3868363,0.32728964,0.66425985,29.95818,
121,1.7281859,-0.24952918,0.10958277,3.4655285,0.29151776,0.4405263,0.52210486,0.36834434,0.63233685,2.0742633,0.4857277,0.18032403,1.3494244,0.78874505,1.1872675,0.6040522,0.4348377,0.78874505,1.1872675,0.3725899,0.14367607,0.72142625,-0.4857277,0.44414547,0.3697069,0.5218842,-0.14790253,0.56635153,-0.24841651,0.56037956,0.3460556,0.0813579,0.3896518,0.5876935,0.46385425,6.7540917,3.0741985,0.9494474,0.51731664,0.5877019,-20.333391,0.67547774,0.533203,1.355356,0.27676395,0.66430795,30.390223,AVARAGE
122,1.8296131,-0.25337863,0.11098427,3.8614426,0.30144483,0.43786737,0.51894444,0.36945543,0.6259258,2.1941657,0.49560225,0.17861617,1.3098862,0.7801077,1.2105197,0.59761935,inf,0.7801077,1.2105197,0.3792509,0.14972158,0.7189785,-0.49560225,0.41857657,0.35261205,0.5205996,-0.1444293,0.5618346,-0.23748739,0.55623245,0.3646112,0.08273236,0.38687405,0.5775543,0.4849748,6.746435,3.194166,7.704009,0.5211665,0.58221406,-17.554718,0.67372525,0.5329549,1.352455,0.27656293,0.65429115,30.107391,AVARAGE
123,2.121075,-0.2632494,0.07527087,5.0631866,0.31558502,0.3773299,0.5754327,0.2980725,0.5834199,2.5109918,0.5360686,0.13092513,1.1818943,0.6501904,0.27848405,0.56674856,0.48658976,0.6501904,0.27848405,0.41626832,0.15993993,0.73812264,-0.5360686,0.44760633,0.3430619,0.4397708,-0.09148931,0.5556565,-0.20995866,0.52394253,0.38997,0.062440883,0.31696722,0.57342714,0.4951448,7.3186827,3.5109916,-0.49331602,0.30249107,0.55184156,-21.056644,0.71344435,0.4762471,1.2098159,0.15037386,0.66113544,25.379164,
124,1.4279511,-0.2812328,0.12326997,3.252622,-inf,0.40115884,0.4845531,0.33841163,0.56298304,1.7310895,0.43608835,0.20230706,1.0264676,0.73460376,1.0699837,0.5370862,0.40350077,0.73460376,1.0699837,0.3320494,0.12787719,0.65746343,-0.43608835,0.3991104,0.31501225,0.50285447,-0.09297197,0.5126414,-0.24105237,0.5087384,0.30316684,0.10170194,0.39056638,0.5649274,0.5290192,5.2866497,2.7310624,5.724341,inf,0.5311157,-6.0370355,0.62485296,0.4727754,1.2181102,0.398273,0.5673793,28.09336,AVARAGE
125,1.4418057,-0.2989735,0.115711845,3.3605652,,0.37361705,0.47010115,0.31431577,0.53217643,1.7365817,0.43233737,0.18449546,0.9610451,0.67369395,0.7747319,0.5088697,,0.67369395,0.7747319,0.33197725,0.12428714,0.63296705,-0.43233737,0.37007156,0.29019547,0.47109032,-0.08019077,0.48991245,-0.21620487,0.48254332,0.29478592,0.09749635,0.3652544,0.54373074,0.5644462,5.155122,2.7364204,0.6761029,,0.50364995,-7.6982174,0.606104,0.44755962,1.1912117,0.34780565,0.51332235,25.896002,AVARAGE
126,1.7844741,-0.280187,0.087645136,4.2273703,,0.35910025,0.53134876,0.29012805,0.54811794,2.1403456,0.49088028,0.14590698,0.99622023,0.6278464,0.23309128,0.5308333,inf,0.6278464,0.23309128,0.37616098,0.14754497,0.69076854,-0.49088028,0.41171405,0.3153234,0.43398637,-0.0783771,0.5229901,-0.21301225,0.49517626,0.3558881,0.074902944,0.3203893,0.55605197,0.52892786,6.2089286,3.1403456,0.41353726,,0.5217363,-18.997585,0.66776925,0.44593766,1.1809481,0.23510261,0.611111,24.385168,UNHEALTHY
127,1.5954211,-0.26282805,0.10906301,3.4220145,0.26661763,0.41869056,0.5267573,0.3431317,0.59893703,1.899389,0.46160486,0.19026539,1.2247047,0.76080525,1.071181,0.572867,0.38792977,0.76080525,1.071181,0.35938573,0.12838623,0.6971417,-0.46160486,0.4536575,0.35105032,0.5077439,-0.0982976,0.54382807,-0.24809276,0.53593117,0.304003,0.08905327,0.39321044,0.5951069,0.48549595,6.071553,2.899389,1.6131294,0.64691293,0.56167597,-10.524683,0.66511196,0.49819985,1.2363795,0.33755088,0.6288657,29.169918,
128,1.9544221,-0.2482633,0.091859326,4.0505214,0.28772613,0.4220627,0.5653265,0.3353183,0.6236784,2.3061686,0.51129055,0.16178519,1.3316364,0.742909,0.77526027,0.6016733,0.43643114,0.742909,0.77526027,0.40026724,0.14592122,0.7319463,-0.51129055,0.46535802,0.3586163,0.49722052,-0.09968831,0.56933296,-0.22799112,0.5534672,0.35177514,0.075157784,0.3702241,0.5915461,0.47746176,7.084175,3.3061686,2.0178514,0.42393744,0.58305156,-23.733084,0.70350236,0.5206465,1.2415162,0.21889578,0.68045074,28.788858,AVARAGE
129,2.02613,-0.27412233,0.0760048,4.840483,-inf,0.3783286,0.56924665,0.29419404,0.5764525,2.403864,0.51595044,0.13606519,1.1627443,0.6552326,0.39632612,0.5586769,0.46948168,0.6552326,0.39632612,0.40039313,0.15411372,0.7171158,-0.51595044,0.4516362,0.33603516,0.44357735,-0.07244396,0.54210615,-0.2120464,0.5163646,0.37792563,0.06526015,0.3194172,0.56559825,0.5067901,7.0880866,3.4038274,-6.3129253,inf,0.5429299,-22.007406,0.6981319,0.47483003,1.1732663,0.16742322,0.5836357,25.531233,AVARAGE
130,1.8063326,-0.267985,0.102804095,4.1193132,0.32516968,0.40350306,0.52238464,0.33027717,0.58646774,2.1940928,0.499527,0.16455546,1.0329056,0.70667183,0.7353282,0.5626509,0.5100041,0.70667183,0.7353282,0.375098,0.15874648,0.6990395,-0.499527,0.38785976,0.30986512,0.48752815,-0.09491751,0.539475,-0.21720016,0.5262911,0.38777903,0.08402507,0.35368657,0.5497297,0.5338084,6.099133,3.1940928,0.6949301,0.56599253,0.5519732,-14.817999,0.6687974,0.50050473,1.2250952,0.2962807,0.6210472,27.431398,
131,2.0253844,-0.24167602,0.098592505,3.9992657,0.30467048,0.4496448,0.56064564,0.35668698,0.6482348,2.4032187,0.5205978,0.16780272,1.390793,0.78667074,1.1258068,0.62095106,0.4739232,0.78667074,1.1258068,0.4032904,0.15479808,0.735291,-0.5205978,0.44859967,0.35407424,0.5282281,-0.111595094,0.57865113,-0.2238867,0.5723217,0.37787792,0.078583345,0.3859502,0.5804189,0.48316896,7.218526,3.4032185,1.8702078,0.41803193,0.6009022,-19.674868,0.703697,0.5582698,1.2668813,0.22058536,0.6852466,30.547464,AVARAGE
132,1.7711334,-0.25150046,0.115066685,3.607396,0.28439924,0.43966278,0.5266509,0.36265212,0.62275505,2.1020758,0.4858011,0.19078206,1.2779703,0.7868013,1.1761088,0.5959249,0.42751172,0.7868013,1.1761088,0.37787935,0.1380362,0.70745695,-0.4858011,0.4263783,0.34009293,0.53192765,-0.10914856,0.55799145,-0.23291233,0.55454916,0.33096918,0.09226486,0.40671077,0.5880823,0.49809468,6.318279,3.1020758,0.7177242,0.60597384,0.58145547,-13.264234,0.6720061,0.5324303,1.2615256,0.32112813,0.6574738,30.320456,AVARAGE
133,1.8961024,-0.25895122,0.096133865,4.273312,0.29280573,0.40097255,0.54321283,0.32828107,0.5963483,2.2449143,0.5039052,0.16081204,1.2069159,0.7076979,0.60285264,0.5761237,0.44240382,0.7076979,0.60285264,0.3925758,0.14481173,0.7197915,-0.5039052,0.43509096,0.34389088,0.47826067,-0.106766015,0.5536031,-0.22525105,0.5337973,0.3488476,0.07728813,0.35827732,0.5855756,0.4936161,6.7213383,3.2449148,0.432566,0.46613768,0.56185013,-17.54025,0.6870812,0.4931932,1.2533065,0.24003871,0.41237032,27.399311,HEALTHY
134,2.0457366,-0.26505187,0.07781153,5.0395207,0.32939884,0.3644407,0.57230335,0.29297802,0.5691664,2.452518,0.52950734,0.13430385,1.053407,0.6318114,0.1068491,0.55545944,0.5160488,0.6318114,0.1068491,0.40363967,0.16563098,0.7322369,-0.52950734,0.4442217,0.33684286,0.43014398,-0.08136614,0.5495761,-0.2148261,0.51399434,0.4067881,0.06570328,0.3084651,0.5622543,0.5014794,7.0580587,3.452518,-1.0542048,0.37393698,0.5425732,-17.315544,0.7091845,0.45703405,1.1893414,0.19101499,0.6665735,24.610462,AVARAGE
135,1.8153324,-0.2274971,0.11523712,3.2614918,0.310553,0.49256554,0.5411314,0.40833253,0.6902687,2.1936872,0.5044816,0.19190136,1.5554992,0.879911,1.7450165,0.6556477,-inf,0.879911,1.7450165,0.3821708,0.15636677,0.74746585,-0.5044816,0.4695337,0.3940963,0.57509726,-0.16672932,0.5985253,-0.2544502,0.60476637,0.37836698,0.08253177,0.42087346,0.5858402,0.43686503,7.383395,3.1936526,2.550949,0.48030096,0.6330954,-21.95099,0.69845253,0.5977246,1.406702,0.27349225,0.7067611,33.92872,UNHEALTHY
136,1.9570594,-0.24951965,0.10148959,4.0660057,0.30595767,0.4231024,0.52802783,0.35629046,0.62374765,2.335457,0.5120587,0.16036777,1.3029037,0.7436891,0.83545256,0.6003144,-inf,0.7436891,0.83545256,0.394125,0.15499932,0.73237973,-0.5120587,0.4209624,0.3606227,0.4973024,-0.1563745,0.5687004,-0.23150651,0.5535074,0.37848282,0.07420005,0.3630148,0.57806665,0.47400314,7.1919127,3.335457,1.0994647,0.42150646,0.58230406,-20.36389,0.6854243,0.5227763,1.3809949,0.21658133,0.67637765,28.832851,UNHEALTHY
137,1.563403,-0.2642858,0.12026703,3.334164,0.26736856,0.41476253,0.49517822,0.35776776,0.5934158,1.8695775,0.45504737,0.19428593,1.1999419,0.7562999,1.0332553,0.56836766,0.39212424,0.7562999,1.0332553,0.352408,0.12885755,0.6906301,-0.45504737,0.42313194,0.35075313,0.5070985,-0.13475008,0.53928816,-0.25017017,0.53136456,0.30622151,0.09233601,0.39304423,0.5888252,0.48506093,6.03819,2.869549,1.2955947,0.67717063,0.55707896,-13.572122,0.64507186,0.4914658,1.3206551,0.3409346,0.6296133,28.963747,AVARAGE
138,1.8164957,-0.269173,0.09439511,4.1112375,0.29171357,0.37779534,0.5244278,0.31218,0.5707242,2.1677854,0.49407214,0.15313534,1.0691272,0.6640365,0.3731408,0.55224484,0.44827747,0.6640365,0.3731408,0.3817086,0.14537318,0.7037011,-0.49407214,0.40953487,0.32982635,0.4540004,-0.10835001,0.5377911,-0.22153765,0.5132005,0.3512887,0.076205075,0.3373245,0.57155216,0.5084455,6.365699,3.1677496,1.2912123,0.5031304,0.5409403,-22.762506,0.67039996,0.46668586,1.2532538,0.24789877,0.63656324,25.74493,UNHEALTHY
139,1.7616855,-0.2579927,0.12498003,3.603231,0.31216872,0.43819666,0.4942997,0.37907535,0.61371374,2.1362715,0.48701638,0.18968244,1.1284292,0.77680093,1.2143291,0.5851148,0.49147722,0.77680093,1.2143291,0.36713564,0.15288278,0.6945297,-0.48701638,0.36938217,0.3166407,0.5344191,-0.128204,0.5479411,-0.22697301,0.54760104,0.37460414,0.096222386,0.39526343,0.55689913,0.5232502,6.0410004,3.136272,0.25080037,0.6602709,0.57281756,-8.790981,0.6502795,0.53637296,1.3147416,0.34351498,0.63473713,30.030205,UNHEALTHY
140,1.9358392,-0.2684086,0.09480133,4.4982405,0.3083745,0.38791442,0.5351154,0.31890494,0.578037,2.3058455,0.50719714,0.15503706,1.1008563,0.67878455,0.5151622,0.557908,0.4797957,0.67878455,0.5151622,0.39095193,0.15155518,0.7070027,-0.50719714,0.40189755,0.31801993,0.46590808,-0.093261726,0.5405544,-0.21335639,0.51954705,0.370099,0.077993646,0.34486312,0.56619775,0.523361,6.461412,3.3058455,1.0108815,0.47686893,0.5462646,-16.297647,0.6778722,0.4816472,1.2259507,0.23979315,0.6272202,26.356602,
141,2.244776,-0.24171397,0.08306314,4.6870484,0.32389265,0.42372662,0.58458316,0.33177105,0.6358194,2.6517134,0.5481694,0.14327617,1.3497641,0.72882634,0.64360315,0.61586285,0.50305086,0.72882634,0.64360315,0.4257486,0.16519152,0.7533486,-0.5481694,0.4548264,0.35559437,0.4909387,-0.10641683,0.5829133,-0.21311472,0.5631533,0.40687826,0.06721207,0.35118502,0.5761773,0.4796456,7.745104,3.6516278,1.2130613,0.27993152,0.5933887,-25.569767,0.72546613,0.53570086,1.2510787,0.14676866,0.7039572,28.466162,AVARAGE
142,1.9934993,-0.2905161,0.08599592,5.064212,-inf,0.3729489,0.5305682,0.29931054,0.55580556,2.3378036,0.49898785,0.14390297,1.152305,0.64968747,0.5534176,0.5343481,,0.64968747,0.5534176,0.39343768,0.13891852,0.6907604,-0.49898785,0.39646384,0.30784586,0.44460064,-0.08302287,0.5204881,-0.20551124,0.5006718,0.34446278,0.071675315,0.3323295,0.5726121,0.54303277,6.512235,3.3377666,-0.86833835,inf,0.5236644,-18.74429,0.66620475,0.46509898,1.207153,0.18267395,0.38608596,25.265024,AVARAGE
143,2.21058,-0.283036,0.07638565,5.648978,-inf,0.3520982,0.55642545,0.2787779,0.544742,2.5574882,0.5303384,0.127363,1.0887234,0.6002831,0.12514642,0.5284702,inf,0.6002831,0.12514642,0.42501447,0.14175117,0.7044385,-0.5303384,0.38673493,0.2891622,0.41965604,-0.056287818,0.52575773,-0.1813977,0.4936222,0.34696975,0.06756931,0.3143793,0.5786563,0.56393594,6.623948,3.557488,1.091245,,0.5190538,-18.42801,0.68913436,0.44903043,1.140192,0.14699829,0.59906495,23.516953,
144,1.8878262,-0.30600554,0.08244181,5.1176186,-inf,0.3218249,0.5078523,0.26354986,0.50126076,2.2662137,0.4981229,0.12731144,0.8026989,0.5501168,-0.04359294,0.4857952,-inf,0.5501168,-0.04359294,0.38129503,0.15277117,0.6642382,-0.4981229,0.34119233,0.26516464,0.39352742,-0.06462644,0.4919746,-0.18179628,0.45906547,0.37861463,0.07172286,0.28397495,0.52774084,0.5927008,5.8282294,3.2662137,0.081838444,inf,0.48199144,-21.013868,0.645657,0.40902027,1.1516547,0.21391934,0.47355285,21.531816,AVARAGE
145,1.7175058,-0.2663994,0.10743341,3.6961017,0.34652242,0.3986144,0.5087253,0.33097997,0.58245945,2.136927,0.49103174,0.16756485,0.94163126,0.6993354,0.6169855,0.56072825,0.55226815,0.6993354,0.6169855,0.35661244,0.16935799,0.6912399,-0.49103174,0.3799852,0.30924997,0.48583907,-0.103689216,0.5369328,-0.22539786,0.5223198,0.41940686,0.08722468,0.34505722,0.5273348,0.5337415,6.0169373,3.1368923,8.008714,0.6149067,0.54965806,-18.752728,0.65747726,0.4934149,1.2427341,0.31507587,0.6290927,27.130468,AVARAGE
146,1.3917892,-0.2740992,0.13864225,3.0232494,-inf,0.424905,0.467033,0.3741284,0.58248055,1.7459288,0.4389799,0.21478657,0.9969012,0.77698624,1.3636675,0.55413336,-inf,0.77698624,1.3636675,0.3180628,0.14629343,0.6605463,-0.4389799,0.3815399,0.3168897,0.5338169,-0.11832728,0.5211524,-0.25097066,0.5245933,0.35415706,0.10892571,0.40083972,0.5396681,0.5265469,5.352933,2.7458723,-0.019403825,inf,0.5467401,-2.3174195,0.6165965,0.5016989,1.2810737,0.43114936,0.7830385,29.728868,AVARAGE
147,1.9036074,-0.2591007,0.10047267,4.2717366,0.3590805,0.39747038,0.5224339,0.33427575,0.59294176,2.3522358,0.5196463,0.1535336,0.98833376,0.69017595,0.47930205,0.5736625,0.5822923,0.69017595,0.47930205,0.3794327,0.18001042,0.7182265,-0.5196463,0.38139087,0.32047072,0.4754793,-0.124805145,0.5524427,-0.22052911,0.5313831,0.44863546,0.0780089,0.3320955,0.53176886,0.5204685,6.577972,3.3522358,-3.0388296,0.51143354,0.5599176,-18.104046,0.67882496,0.49760005,1.2950838,0.27131057,0.6558336,26.869213,AVARAGE
148,1.884255,-0.2906992,0.086091764,5.0332856,0.3725913,0.3314641,0.51157767,0.27999392,0.5200183,2.3546312,0.5124027,0.12930457,0.7508172,0.5697016,-0.069214664,0.5058228,,0.5697016,-0.069214664,0.36814466,0.18568784,0.6929064,-0.5124027,0.35216418,0.28967372,0.40154222,-0.100163296,0.51234496,-0.20628646,0.47587475,0.4704604,0.07007809,0.27452832,0.50345784,0.5596642,6.22595,3.3545928,0.11654285,0.48618692,0.5005449,-14.75612,0.6612639,0.41921902,1.2335823,0.23523512,0.5845737,22.256907,AVARAGE
149,1.8866788,-0.28288665,0.08133117,5.113713,0.4016667,0.32966158,0.53235525,0.2768079,0.52508795,2.4145014,0.5246525,0.12595578,0.7037333,0.5667808,-0.16584086,0.51216775,0.7016071,0.5667808,-0.16584086,0.36352327,0.20531715,0.7104832,-0.5246525,0.3741914,0.30094206,0.39659926,-0.09505753,0.5232803,-0.21773434,0.4812428,0.52784824,0.0669377,0.26196578,0.49022916,0.54378176,6.42412,3.4145014,-1.3101975,0.47850516,0.5073916,-19.22977,0.6808194,0.4170292,1.2185525,0.23828697,0.48466122,22.140417,
150,1.8860937,-0.24557427,0.107935466,3.770555,0.30623898,0.44339335,0.5382366,0.36215606,0.6361494,2.2628098,0.50358516,0.17913625,1.302461,0.786052,1.1315881,0.60962826,0.4754538,0.786052,1.1315881,0.3852265,0.15372671,0.7240972,-0.50358516,0.43287593,0.35155588,0.52793616,-0.12515081,0.56993103,-0.23422244,0.5637529,0.37676892,0.08454292,0.3900612,0.5757916,0.48463523,6.8419886,3.2628098,2.1095746,0.5258335,0.5919262,-19.740337,0.6865558,0.5426867,1.2977581,0.2781346,0.6755269,30.387331,AVARAGE
151,1.7078247,-0.26266533,0.10852395,3.6821911,inf,0.42151245,0.51709235,0.3494506,0.6051038,2.045483,0.47707835,0.18009353,1.2363847,0.7561693,1.0667616,0.57838374,inf,0.7561693,1.0667616,0.36749223,0.13970983,0.70348686,-0.47707835,0.42911106,0.3480286,0.5059464,-0.1234665,0.5476295,-0.24063346,0.5397745,0.33765262,0.08444643,0.3812021,0.58177567,0.48971552,6.376346,3.0454218,0.81530905,-inf,0.56536704,-19.332987,0.66386336,0.509009,1.292115,0.29699042,0.61873794,29.115877,AVARAGE
152,1.5492383,-0.25249112,0.1385794,2.8962018,0.29063493,0.45690414,0.48045912,0.39753675,0.62731403,1.8811355,0.4606631,0.2130856,1.1949214,0.82600814,1.4986901,0.5966029,0.43156245,0.82600814,1.4986901,0.3490289,0.13873543,0.6865695,-0.4606631,0.3897725,0.33430427,0.56225514,-0.14004087,0.5505992,-0.24385722,0.55829966,0.3319517,0.10535092,0.42779353,0.5705258,0.50199306,5.780913,2.8811352,1.0833861,0.7726368,0.583571,-4.8988357,0.6375485,0.54683125,1.3334049,0.4066115,0.6393426,31.723637,AVARAGE
153,1.7049667,-0.2557486,0.115182586,3.5171955,-inf,0.4420313,0.5265273,0.35643467,0.61967134,2.0898337,0.4808587,0.19419129,1.1438993,0.7924939,1.3118643,0.590745,0.4975272,0.7924939,1.3118643,0.35708547,0.15702443,0.70161736,-0.4808587,0.42581552,0.33583805,0.5362292,-0.10155679,0.5528864,-0.24264057,0.55249345,0.38492122,0.09420485,0.39354247,0.5549103,0.5012415,6.201064,3.0898337,-0.110859625,inf,0.577666,-13.164458,0.6689274,0.53420925,1.2341565,0.357913,0.6354808,30.52092,AVARAGE
154,1.8652107,-0.26507884,0.10440501,4.0303926,-inf,0.40433222,0.52015275,0.3315915,0.59008676,2.2817059,0.5003979,0.16511855,1.0230678,0.70715344,0.7083022,0.56766343,-inf,0.70715344,0.7083022,0.37114054,0.16746894,0.6971113,-0.5003979,0.38482404,0.31117678,0.48935246,-0.10225801,0.54111856,-0.21715121,0.52911866,0.41657406,0.08503302,0.34973332,0.53049743,0.5321572,6.3238573,3.2816699,-19.658957,,0.55451316,-18.573301,0.66543293,0.50178456,1.2374203,0.2857104,0.6307189,27.462585,AVARAGE
155,1.9104934,-0.2703812,0.08963485,4.4329576,0.3355903,0.379792,0.54146284,0.3041011,0.5719134,2.3191106,0.51099724,0.14803247,0.9949608,0.65948987,0.3719623,0.5533299,0.530491,0.65948987,0.3719623,0.38341385,0.16578212,0.70586747,-0.51099724,0.4030692,0.31270158,0.4556518,-0.08274134,0.5381632,-0.21229896,0.5142869,0.40869188,0.07585978,0.32622394,0.54281855,0.5291215,6.428013,3.3191106,0.51999426,0.48873085,0.5415985,-16.963171,0.68151575,0.47546107,1.1877989,0.24697678,0.62632316,25.674429,AVARAGE
156,1.6930871,-0.2745728,0.10454158,3.8356023,-inf,0.38618684,0.51134014,0.32020506,0.5664504,2.0280788,0.47383964,0.17023008,1.0407623,0.6875195,0.6106779,0.54478693,0.44001988,0.6875195,0.6106779,0.3645692,0.1390179,0.68477356,-0.47383964,0.40067706,0.3177348,0.4721676,-0.095004655,0.52702206,-0.22656274,0.510494,0.3349429,0.085986964,0.3571837,0.5685839,0.5236646,5.884141,3.027982,13.00276,inf,0.5361244,-13.040894,0.65344703,0.47035778,1.2236227,0.30380046,0.6101056,26.540565,AVARAGE
157,1.6751376,-0.26556277,0.12874107,3.5089407,-inf,0.4299717,0.483143,0.37239808,0.599044,1.9805776,0.46847597,0.19693813,1.1778083,0.7694637,1.1947342,0.57114345,-inf,0.7694637,1.1947342,0.36805424,0.1280103,0.67881215,-0.46847597,0.3699048,0.31246695,0.53054816,-0.12090237,0.53559965,-0.22135365,0.5365401,0.30548906,0.10058307,0.41242188,0.5820246,0.53033787,5.7142406,2.9805777,-6.3334103,-inf,0.56056124,-3.1854224,0.63601846,0.5205694,1.2937266,0.35838693,0.60173845,29.65211,AVARAGE
158,1.8462695,-0.26171032,0.10379077,4.109202,0.30859834,0.4146304,0.5383197,0.33203095,0.5989131,2.2208126,0.4951485,0.17533153,1.1280613,0.7342172,0.86884636,0.5753407,0.4833973,0.7342172,0.86884636,0.3772548,0.15290092,0.7037471,-0.4951485,0.42045012,0.32529673,0.5020456,-0.08707109,0.5464985,-0.22417538,0.5361076,0.374489,0.0874152,0.37117186,0.561732,0.51541823,6.3660593,3.2207139,4.444825,0.58351696,0.56204623,-12.353312,0.6768051,0.5080181,1.2039641,0.29704696,0.6323305,28.394476,AVARAGE
159,2.0071614,-0.26495117,0.09654453,4.4456325,-inf,0.40202072,0.53433776,0.32388502,0.5919029,2.4582274,0.5191991,0.15337065,0.9868899,0.693816,0.6012584,0.5704108,,0.693816,0.6012584,0.38206372,0.17909084,0.7068597,-0.5191991,0.3780468,0.30125704,0.48172155,-0.09241517,0.5456041,-0.2116487,0.5295319,0.45111543,0.07970707,0.33485103,0.5242869,0.54689485,6.4918647,3.4582279,1.7007879,inf,0.55660856,-18.492174,0.6787035,0.50644034,1.216712,0.26581982,0.6831295,27.067411,AVARAGE
160,2.3357756,-0.25177258,0.088736154,5.0055823,0.36418852,0.4227495,0.5691438,0.32982072,0.6217989,2.8075514,0.55206746,0.14487997,1.1495936,0.71893203,0.7416264,0.59855926,0.605042,0.71893203,0.7416264,0.41448218,0.18613881,0.73258376,-0.55206746,0.39489767,0.307507,0.49700594,-0.08540283,0.56701463,-0.20007583,0.55244064,0.4718405,0.07425643,0.34198555,0.53243494,0.5422075,7.2774196,3.8075511,2.2605555,0.3795853,0.5802615,-21.641607,0.7092147,0.540638,1.205152,0.19849326,0.66935784,28.189913,AVARAGE
161,2.0588136,-0.26847386,0.09101998,4.8324647,0.33192632,0.3944332,0.5463725,0.31713197,0.58553773,2.4682872,0.5199192,0.14922649,1.1078553,0.6833942,0.5877868,0.5643062,0.5308298,0.6833942,0.5877868,0.39377612,0.16559704,0.7133605,-0.5199192,0.40260935,0.31361592,0.46967867,-0.089495234,0.5440697,-0.21298797,0.5250469,0.4094862,0.07524547,0.33670208,0.5483399,0.5367111,6.777075,3.4682498,5.354167,0.43742046,0.5508229,-20.304949,0.6866955,0.4946777,1.21696,0.21899243,0.6227853,26.625229,AVARAGE
162,1.9093692,-0.26246804,0.11066457,4.1586823,inf,0.40795285,0.508191,0.3461641,0.59276366,2.2941213,0.50567627,0.16665387,1.0680505,0.71138495,0.69742244,0.5704082,-inf,0.71138495,0.69742244,0.38335443,0.15736024,0.70030665,-0.50567627,0.36349273,0.30394763,0.49515074,-0.11600332,0.5439567,-0.21368691,0.5310647,0.38477528,0.087204024,0.36280861,0.5521462,0.5459801,6.239882,3.294087,-1.3184723,-inf,0.5579943,-13.356231,0.6619108,0.5081268,1.2822382,0.28774092,0.64202416,27.654797,AVARAGE
163,2.0408208,-0.2765694,0.078810155,5.3963795,-inf,0.36466518,0.56852,0.28933743,0.5606649,2.4938695,0.5251549,0.13666895,0.97219926,0.6322086,0.22329175,0.54509765,0.58802193,0.6322086,0.22329175,0.38673028,0.18062952,0.72072494,-0.5251549,0.430472,0.3203557,0.43267494,-0.06905874,0.53751606,-0.21898639,0.50726646,0.45308477,0.068015605,0.30097768,0.5313519,0.52792543,6.9236393,3.4938293,0.8210591,inf,0.5328653,-13.69759,0.7013357,0.45714262,1.1635239,0.21208452,0.7895453,24.62569,AVARAGE
164,2.1425612,-0.27495116,0.0669433,5.730222,0.39737856,0.33326587,0.5876334,0.26646078,0.5389752,2.6757221,0.5475031,0.116458416,0.81987846,0.5693065,-0.18965112,0.5281307,0.6903694,0.5693065,-0.18965112,0.39007628,0.20646025,0.7346489,-0.5475031,0.43379492,0.31778207,0.3924143,-0.05880492,0.53872085,-0.2156759,0.49243423,0.5331692,0.05914842,0.25877798,0.5051785,0.5287567,7.2111278,3.6757221,-0.24188463,0.36723164,0.51931864,-13.266638,0.718253,0.42432022,1.1363977,0.1851057,0.6622616,22.288351,AVARAGE
165,2.1987245,-0.23078212,0.0974795,4.2290463,0.33331132,0.46753278,0.5634783,0.37691656,0.67655003,2.626587,0.5441156,0.1595728,1.5182171,0.81083316,1.2550939,0.64757276,0.5288264,0.81083316,1.2550939,0.41596973,0.17243293,0.7600254,-0.5441156,0.44663283,0.37476778,0.5389094,-0.15606402,0.59868205,-0.22567675,0.5933789,0.42787585,0.071376644,0.38040587,0.56989175,0.46026438,8.071787,3.6265461,0.023658492,0.29641694,0.62265337,-27.104862,0.71770936,0.58604604,1.3839142,0.15800977,0.7129665,31.579811,AVARAGE
166,1.4679298,-0.27333862,0.12106711,3.2508442,-inf,0.40596148,0.48365763,0.35316294,0.5784555,1.760088,0.44093257,0.19585848,1.1560411,0.7445763,1.0415769,0.5527746,-inf,0.7445763,1.0415769,0.3412349,0.1233685,0.6766405,-0.44093257,0.4163636,0.34364742,0.4992492,-0.12932374,0.52677315,-0.2503642,0.5205542,0.2922124,0.093293905,0.38971567,0.5843844,0.49523664,5.7324057,2.7600608,0.9176753,inf,0.5438409,-10.837202,0.6319279,0.47744194,1.3103977,0.35799742,0.6012117,28.4599,AVARAGE
167,1.466464,-0.27335006,0.12825033,3.0946724,-inf,0.4153146,0.4755822,0.36042956,0.58127844,1.7802926,0.43886802,0.2033877,1.088722,0.7594272,1.1944567,0.553836,,0.7594272,1.1944567,0.3323178,0.13123165,0.66678476,-0.43886802,0.3970718,0.32781726,0.5152448,-0.12283387,0.52372324,-0.250711,0.5228399,0.3139146,0.09993671,0.39623818,0.5649475,0.5148731,5.539039,2.7802365,-7.146228,inf,0.54544145,-2.0516088,0.6236457,0.4901234,1.2897751,0.39016363,0.59328073,29.056524,
168,2.1855981,-0.2557474,0.08788346,4.700653,0.34061903,0.40839913,0.5538455,0.32716754,0.61073595,2.6214128,0.53613544,0.14170556,1.1770073,0.70084196,0.6051353,0.58956003,0.54733616,0.70084196,0.6051353,0.40600875,0.17453858,0.732091,-0.53613544,0.40976062,0.33131406,0.4778309,-0.11553209,0.56290376,-0.2139122,0.54330724,0.435971,0.06943174,0.33357525,0.54727215,0.5116244,7.332611,3.6214123,0.95429695,0.3658079,0.5714109,-26.319021,0.7001748,0.51751775,1.2714214,0.18291289,0.6645492,27.394901,AVARAGE
169,1.9272697,-0.2621818,0.092546165,4.238352,0.3227524,0.40035683,0.5422147,0.32376868,0.595834,2.3199089,0.50788546,0.15328147,1.1544207,0.70007986,0.6293305,0.5743017,0.49939245,0.70007986,0.6293305,0.38483673,0.16009364,0.7174523,-0.50788546,0.4272637,0.33883762,0.47442922,-0.10955021,0.5511232,-0.22757305,0.5323854,0.39270493,0.074072406,0.34184417,0.55792606,0.502912,6.857515,3.3198373,1.435151,0.44595847,0.5593561,-22.80256,0.68577033,0.4971941,1.2557852,0.22619225,0.6488341,27.18977,UNHEALTHY
170,1.6627501,-0.2751642,0.109736145,3.8910763,0.29135036,0.3929784,0.50279266,0.33375442,0.5702918,2.0006862,0.47149906,0.17609246,1.0600483,0.7043746,0.7653362,0.54711324,0.4418552,0.7043746,0.7653362,0.3606684,0.14031343,0.6868827,-0.47149906,0.3977152,0.32323998,0.48029804,-0.10929241,0.52789116,-0.23222138,0.5141138,0.33797404,0.08731959,0.36435923,0.56920576,0.51705253,5.9024625,3.0006862,-0.1370412,0.6329,0.5386406,-9.932693,0.6500009,0.47505975,1.2622995,0.32063198,0.601194,27.12962,
171,1.7793802,-0.2912485,0.10037859,4.4560456,0.2766948,0.35758844,0.5006453,0.29923242,0.53142697,2.0916705,0.47767392,0.15819326,0.98287463,0.6294584,0.40040526,0.5114525,0.4177329,0.6294584,0.40040526,0.3771487,0.13055298,0.66661704,-0.47767392,0.36368588,0.2874561,0.44236434,-0.07943096,0.50459814,-0.19928198,0.4835276,0.31246597,0.08477592,0.34159455,0.56534004,0.5628582,5.7008533,3.0916374,-0.88961315,0.57352525,0.5064851,-13.431938,0.64124876,0.44074866,1.194317,0.26973075,0.573583,24.392002,
172,1.5127022,-0.2824583,0.10662674,3.496215,0.24469648,0.3689929,0.50328475,0.3096095,0.54485404,1.7784973,0.44429627,0.17833912,1.0550389,0.6702758,0.5186843,0.5253326,-inf,0.6702758,0.5186843,0.35329375,0.1137996,0.666802,-0.44429627,0.42431995,0.32668045,0.45827693,-0.084291406,0.5122584,-0.23357289,0.49292803,0.26586512,0.089284025,0.3638373,0.5931421,0.5136621,5.595688,2.7784696,-0.5354891,0.6623258,0.5187159,-13.266074,0.6383543,0.43907583,1.1980023,0.3183974,0.5916041,25.70218,HEALTHY
173,1.7500054,-0.29313228,0.09259488,4.5452485,0.3397755,0.34233207,0.50810134,0.2848719,0.52235746,2.161964,0.4867138,0.1458021,0.79628664,0.598656,0.14859898,0.5054741,inf,0.598656,0.14859898,0.35756657,0.16484624,0.6743438,-0.4867138,0.3666316,0.2889653,0.42037922,-0.07979772,0.5052841,-0.21113874,0.47682822,0.4121037,0.07804716,0.29970992,0.51993215,0.5595651,5.820899,3.161964,1.7596872,0.5661115,0.5007181,-16.52596,0.6488002,0.42505854,1.1845887,0.27135125,-0.8927035,23.250124,UNHEALTHY
174,1.4372222,-0.2940803,0.12100618,3.4397995,-inf,0.36134544,0.4611454,0.31383216,0.5228305,1.7975696,0.44166437,0.18378498,0.7937312,0.6499125,0.5042547,0.50262374,inf,0.6499125,0.5042547,0.32086867,0.14684236,0.6383043,-0.44166437,0.34440413,0.27907178,0.46205842,-0.0890228,0.4911306,-0.22755285,0.47702932,0.36041063,0.10071875,0.34552494,0.5218069,0.57413125,5.015966,2.79757,0.02002444,inf,0.4998646,-7.5036244,0.6050401,0.43454108,1.2084402,0.3629916,0.55196106,25.00303,AVARAGE
175,1.3408973,-0.26980755,0.15318035,2.68513,0.31811947,0.43512866,0.44626144,0.39575028,0.5874063,1.705482,0.43492472,0.225457,0.95525336,0.7932228,1.4497374,0.5585358,0.51109034,0.7932228,1.4497374,0.30960104,0.14954694,0.65168023,-0.43492472,0.35365558,0.30585343,0.55376667,-0.12897871,0.520515,-0.25041083,0.52883154,0.36459646,0.11863801,0.41289487,0.5294416,0.53899115,5.123874,2.7054543,-0.40654534,0.90659946,0.55116963,1.0568739,0.60189426,0.5154703,1.3088703,0.45551804,0.5917326,30.380476,AVARAGE
176,1.8718976,-0.28241426,0.10096831,4.6540604,inf,0.3594647,0.48991564,0.3102316,0.54342675,2.3520527,0.5109456,0.14415425,0.7898262,0.61835337,0.20436338,0.5258873,inf,0.61835337,0.20436338,0.36351877,0.18812779,0.6876408,-0.5109456,0.3208065,0.27911097,0.4390411,-0.11794809,0.51924473,-0.20487621,0.49319944,0.48020142,0.079582155,0.3009463,0.49740323,0.5751204,6.039953,3.3520153,44.635357,-inf,0.5185331,-13.604372,0.648184,0.45391393,1.2827331,0.26679996,0.58845675,24.150421,AVARAGE
177,1.4742727,-0.2854304,0.11747536,3.5753975,0.35355446,0.3614432,0.46861687,0.3178877,0.5327794,1.8933892,0.46047452,0.17426845,0.74522245,0.6445288,0.3359877,0.51431817,0.5860122,0.6445288,0.3359877,0.3213786,0.16872197,0.6606194,-0.46047452,0.34676543,0.29015344,0.4561921,-0.10726074,0.5055178,-0.23553525,0.48522216,0.4191318,0.09474888,0.32719535,0.50794935,0.55817306,5.2887826,2.8933616,0.41588405,0.72066337,0.51061213,-7.045915,0.6208619,0.43938133,1.2512919,0.35278141,0.58702445,24.867376,AVARAGE
178,1.5641365,-0.30167127,0.096568234,4.4074802,,0.31232896,0.4752,0.27450317,0.48897746,2.0560148,0.48259443,0.13983369,0.5758547,0.5447993,-0.17432638,0.4738239,,0.5447993,-0.17432638,0.32463104,0.19307385,0.66529584,-0.48259443,0.32174432,0.27032593,0.39121786,-0.098224044,0.4899742,-0.22113268,0.45266628,0.49190763,0.0788983,0.2658849,0.4756585,0.5824887,5.3260727,3.0560148,-4.8303556,,0.47632766,-13.23569,0.62927234,0.38893738,1.2296307,0.28811088,0.5652117,21.176592,AVARAGE
179,1.635857,-0.30324972,0.08486954,4.7855887,0.42936447,0.29586273,0.4948423,0.25646672,0.4778616,2.1974711,0.500713,0.124638334,0.51283735,0.5096287,-0.35936695,0.4640714,0.7973819,0.5096287,-0.35936695,0.3258785,0.21450521,0.67654425,-0.500713,0.3256869,0.26681924,0.36692005,-0.085652344,0.4907821,-0.21872638,0.44499868,0.5616662,0.07105732,0.23824127,0.45536894,0.58689547,5.531024,3.1974714,1.387306,0.53570366,0.46860564,-13.969422,0.64582753,0.37347203,1.2023758,0.25647023,0.5765673,19.895004,AVARAGE
180,1.7992593,-0.24240269,0.10962843,3.486879,0.24460022,0.4519667,0.5395535,0.36952233,0.6452088,2.0807543,0.4866235,0.18842612,1.5448898,0.81285584,1.2783185,0.6169032,0.34648478,0.81285584,1.2783185,0.3943165,0.119914755,0.72617024,-0.4866235,0.46815887,0.37459913,0.53653145,-0.13056155,0.57423043,-0.23913094,0.5704604,0.28151882,0.08456472,0.42297935,0.629042,0.4589365,6.820442,3.0807192,1.1751995,0.48699132,0.5989403,-15.954079,0.6864326,0.54426694,1.309206,0.25832978,0.680486,31.27246,AVARAGE
181,1.5937154,-0.24247171,0.118981004,2.9610934,0.26300737,0.46700257,0.5301127,0.38183463,0.65094537,1.8969501,0.46587262,0.20706216,1.4378935,0.8508612,1.5861112,0.61885005,0.38073084,0.8508612,1.5861112,0.3635116,0.12821907,0.71509284,-0.46587262,0.474586,0.37665737,0.55972016,-0.12580065,0.5711078,-0.25844973,0.5755198,0.3032594,0.09271761,0.43310425,0.60890275,0.45547655,6.4144244,2.89695,0.5646572,0.64269865,0.6026203,-12.040469,0.6752073,0.5539487,1.2974235,0.35024163,0.67018235,32.593937,UNHEALTHY
182,1.8228786,-0.26709795,0.09675175,4.03389,0.3012046,0.40379003,0.5331688,0.32747024,0.59170115,2.1827345,0.49279046,0.16188923,1.1892133,0.71186876,0.7943151,0.5673108,0.46130309,0.71186876,0.7943151,0.37848747,0.14748593,0.7047117,-0.49279046,0.42521355,0.33516335,0.48208246,-0.10232851,0.54320836,-0.22603813,0.528853,0.35991403,0.07829244,0.35670498,0.56882983,0.5067912,6.547252,3.1826646,0.3126719,0.4881767,0.5546319,-19.53734,0.67450774,0.4971541,1.24745,0.24617074,0.6241426,27.571272,
183,1.8495717,-0.25577235,0.109170124,3.7827437,0.30116495,0.4373072,0.5250933,0.36029288,0.6227858,2.2121696,0.49515855,0.17687121,1.2851492,0.7724297,1.1818675,0.5943615,-inf,0.7724297,1.1818675,0.38087037,0.14828111,0.7086574,-0.49515855,0.41642687,0.33931872,0.5226993,-0.12048871,0.5563668,-0.2263306,0.5538863,0.3626364,0.08539211,0.38776824,0.5684455,0.50148195,6.6453733,3.2121022,16.65124,0.5274379,0.5785998,-15.100993,0.6721039,0.53706753,1.2942166,0.27254897,0.64344,29.898504,AVARAGE
184,1.9322153,-0.25046095,0.09854451,4.008699,-inf,0.42211992,0.546755,0.33987153,0.6188052,2.3005126,0.5128126,0.16337897,1.237552,0.7388692,0.7891874,0.59566164,inf,0.7388692,0.7891874,0.3965821,0.1518774,0.7241856,-0.5128126,0.4299806,0.34216034,0.50148726,-0.10852468,0.56421,-0.22135636,0.55034155,0.36825168,0.07938121,0.3702684,0.57696867,0.49357167,6.7915926,3.3004367,1.9922575,inf,0.57913005,-24.630465,0.692117,0.523898,1.2528234,0.24780425,0.67316055,28.686272,UNHEALTHY
185,1.5825645,-0.2891655,0.102032386,3.612934,-inf,0.36047623,0.49917108,0.29761863,0.5357974,1.837985,0.44256356,0.17002386,1.0902225,0.64903694,0.45710376,0.5162329,,0.64903694,0.45710376,0.3584542,0.10812142,0.6571246,-0.44256356,0.4140403,0.3197502,0.447188,-0.08389587,0.5035475,-0.22284625,0.48481774,0.25555232,0.08671701,0.35712454,0.590466,0.5240322,5.703143,2.8379312,-0.7543751,inf,0.5089012,-18.54953,0.6312227,0.43307677,1.1981195,0.27420762,0.57437706,24.960531,AVARAGE
186,2.3523295,-0.24503657,0.07969401,5.012394,0.30021274,0.42477793,0.59636426,0.32560664,0.63451344,2.738069,0.548615,0.14254439,1.4346914,0.7303252,0.7379199,0.6129487,0.47049305,0.7303252,0.7379199,0.43629438,0.15651767,0.75209785,-0.548615,0.4681224,0.3553052,0.49126786,-0.090587914,0.58020663,-0.20706062,0.56184936,0.38583326,0.06648992,0.35664827,0.5891801,0.48092043,7.9489455,3.738069,4.225073,0.24395989,0.5907881,-23.23585,0.72931653,0.537355,1.2126586,0.113561325,0.6854302,28.528856,AVARAGE
187,1.5843003,-0.25320214,0.117688425,3.1602817,0.26576763,0.44128305,0.5243001,0.35996473,0.6207324,1.8872871,0.46183342,0.2028048,1.2702487,0.8026901,1.2651007,0.59311444,0.38653082,0.8026901,1.2651007,0.35974017,0.12792474,0.69957113,-0.46183342,0.45376092,0.35437012,0.5368812,-0.10468232,0.55394435,-0.24957329,0.5528144,0.3030106,0.0955981,0.4163584,0.5985228,0.47942197,6.062689,2.8872871,1.0144926,0.689911,0.5795503,-7.187819,0.6654645,0.5244483,1.2426624,0.3652381,0.648339,30.765253,AVARAGE
188,1.804927,-0.2592158,0.10078745,3.7837,0.29897842,0.411102,0.53930426,0.32790682,0.6000236,2.159097,0.49038556,0.17118898,1.1568366,0.72725177,0.7775601,0.576754,0.45013276,0.72725177,0.7775601,0.37707296,0.14632533,0.70462394,-0.49038556,0.43322268,0.33485705,0.49558276,-0.09103566,0.54868066,-0.22827159,0.53571403,0.3541579,0.08448075,0.36874616,0.5708387,0.50312835,6.411372,3.159062,2.0605624,0.55513024,0.56319267,-20.379427,0.6776727,0.5042599,1.2078779,0.2814453,0.6491003,28.13445,UNHEALTHY
189,2.184626,-0.25066793,0.08770015,4.551543,0.32334504,0.43226168,0.57096523,0.33506605,0.63342327,2.603099,0.53244036,0.15070125,1.3249018,0.7467337,0.93615407,0.60811704,0.5209508,0.7467337,0.93615407,0.4086146,0.16779444,0.7362344,-0.53244036,0.4461589,0.34803766,0.5032982,-0.10386421,0.5715698,-0.21694566,0.5602017,0.41849732,0.07103656,0.35520762,0.5599946,0.49048144,7.6068163,3.6030598,2.525439,0.34920728,0.58752763,-23.276892,0.7088655,0.544036,1.2407573,0.17123835,0.65153223,29.122284,AVARAGE
190,2.011909,-0.2580075,0.09575946,4.4065533,0.33929235,0.41129974,0.54145634,0.3308068,0.60552377,2.4374657,0.523893,0.15327567,1.0947208,0.7108952,0.68264526,0.5827736,0.5442304,0.7108952,0.68264526,0.39323464,0.17154223,0.719618,-0.523893,0.39771295,0.32066053,0.4885346,-0.105391614,0.5558902,-0.21287125,0.5403067,0.42558298,0.07723492,0.34503943,0.5442124,0.51977724,6.7550945,3.4374657,1.0833833,0.47260958,0.56763816,-22.245989,0.68863964,0.5174074,1.2434032,0.24566214,0.65555453,27.719614,AVARAGE
191,1.5110834,-0.26163363,0.12589505,3.1473622,0.29793927,0.42606977,0.4950237,0.36440006,0.5988805,1.8521676,0.45693803,0.20194548,1.0890199,0.7739391,1.1569356,0.5721216,0.4484611,0.7739391,1.1569356,0.34145334,0.14228131,0.6854379,-0.45693803,0.40959674,0.3348944,0.52519566,-0.11809887,0.53983474,-0.24969462,0.53676456,0.34109542,0.09912587,0.39719987,0.56571597,0.50163233,5.722271,2.8521676,13.629401,0.75142664,0.56224465,-5.013778,0.6442115,0.5071953,1.2772242,0.39213,0.6308124,29.676971,AVARAGE
192,1.870211,-0.2615143,0.10397277,4.120584,0.3193292,0.4047704,0.5208438,0.33883315,0.59407705,2.260033,0.50109136,0.16475286,1.0945818,0.7117239,0.69175607,0.5717565,0.5045542,0.7117239,0.69175607,0.378305,0.15855774,0.70779496,-0.50109136,0.3946668,0.32499945,0.48692414,-0.11627157,0.54741985,-0.22406925,0.5317154,0.3898416,0.082153715,0.3543368,0.55631256,0.5162322,6.446219,3.2599974,-0.20535529,0.5337874,0.5589692,-19.928244,0.6704473,0.49985966,1.2851872,0.27422968,0.6389998,27.590187,AVARAGE
193,1.8295726,-0.27110428,0.10330105,4.363124,0.30295688,0.38634562,0.5120466,0.32866865,0.5719827,2.1882203,0.49479634,0.16210634,1.0395793,0.6809229,0.5162753,0.5518782,0.46760827,0.6809229,0.5162753,0.37986693,0.14783221,0.69867337,-0.49479634,0.3828083,0.31432796,0.46858957,-0.10937428,0.5347831,-0.21873665,0.5153254,0.35867578,0.082243964,0.34827432,0.5666629,0.52984786,6.1426177,3.1882203,-14.788299,0.5524702,0.5416886,-17.728521,0.6617789,0.4758954,1.2713345,0.28200847,0.6196282,26.375229,AVARAGE
194,1.4680258,-0.2844479,0.10809454,3.622304,-inf,0.36100873,0.5015923,0.30546921,0.53511584,1.7534453,0.43961897,0.18258119,0.95663667,0.6611172,0.40639293,0.51692575,0.37893826,0.6611172,0.40639293,0.3414363,0.12113758,0.6653257,-0.43961897,0.41985896,0.32243812,0.45302454,-0.07990723,0.5083135,-0.24260066,0.48713255,0.28547946,0.0920216,0.3565928,0.582771,0.5188684,5.3989663,2.7534451,2.6658566,inf,0.5124899,-7.5262184,0.6364272,0.4254829,1.1967766,0.3497335,0.58916795,25.282562,AVARAGE
195,1.7287744,-0.24212018,0.10750895,3.35163,0.2612982,0.45053163,0.5441328,0.36592102,0.645125,2.0278187,0.48317146,0.1886401,1.494631,0.812829,1.2554195,0.61733025,0.37006098,0.812829,1.2554195,0.38332224,0.12734124,0.7273338,-0.48317146,0.48189726,0.3809967,0.5340029,-0.12714066,0.5749291,-0.24800932,0.57024264,0.29910916,0.08347122,0.41436648,0.61721534,0.45145956,6.810601,3.0278187,1.8547812,0.50602025,0.5991127,-23.047146,0.68921113,0.54058176,1.2985138,0.2736214,0.68150806,31.238651,AVARAGE
196,1.9113746,-0.24600863,0.10419483,3.8184352,0.2807751,0.44877106,0.54148906,0.363586,0.64239484,2.25055,0.50466496,0.17414057,1.4388758,0.7933811,1.2514842,0.6127499,0.42096832,0.7933811,1.2514842,0.39725962,0.14065602,0.7290769,-0.50466496,0.44524166,0.361427,0.5285842,-0.1309066,0.57280505,-0.23098417,0.5681014,0.33922002,0.07981314,0.3976148,0.5984432,0.4738272,7.0070863,3.2505498,1.7450324,0.4459931,0.595331,-23.917767,0.69027394,0.5509817,1.3102341,0.23656371,0.671602,30.69936,
197,1.961298,-0.23518729,0.10542691,3.7553992,0.27192682,0.4671041,0.55646586,0.37555683,0.6651724,2.2862656,0.5110303,0.18094487,1.5855949,0.82850665,1.3905474,0.63514024,0.39954007,0.82850665,1.3905474,0.40768573,0.1360046,0.7411642,-0.5110303,0.4678005,0.37380934,0.54812807,-0.1295807,0.58728784,-0.23215784,0.58570915,0.32499477,0.0810239,0.41923386,0.6144291,0.45993447,7.2523217,3.286266,1.0007093,0.41112536,0.6143588,-20.939093,0.70349896,0.5714043,1.3063288,0.22301735,0.69748557,32.023083,AVARAGE
198,1.9385304,-0.25885516,0.09510485,4.2937756,0.29560795,0.41082662,0.5441717,0.3317873,0.6055327,2.2913384,0.5119758,0.15796801,1.2469088,0.7193596,0.7316663,0.5830073,inf,0.7193596,0.7316663,0.4003249,0.1461164,0.72123104,-0.5119758,0.4271219,0.33872545,0.48689133,-0.10720755,0.5563447,-0.2169633,0.5402599,0.35286176,0.07606467,0.36355412,0.58383125,0.50005287,6.762816,3.2913013,2.0634668,0.44007924,0.5676842,-22.657597,0.6893574,0.50964427,1.2473718,0.23057878,0.64068335,27.925732,AVARAGE
199,2.3612916,-0.25329465,0.073279686,5.421938,0.33206412,0.3957674,0.5959741,0.30662316,0.6065417,2.7821374,0.5609605,0.1276982,1.2494317,0.6729482,0.3923695,0.5883958,0.52263266,0.6729482,0.3923695,0.4365871,0.17020702,0.7517323,-0.5609605,0.44377583,0.3354038,0.45741236,-0.081348024,0.5701073,-0.19850577,0.5416052,0.42086032,0.061644945,0.3242276,0.5684632,0.505267,7.717655,3.7821374,0.7143156,0.24329197,0.57030964,-21.245821,0.73148245,0.50643086,1.186758,0.12288851,0.68863875,26.388174,
200,1.7830677,-0.26017112,0.10100787,3.731235,-inf,0.42751598,0.54406446,0.33918136,0.6133041,2.0672338,0.47885427,0.17950296,1.432235,0.7660376,1.1362054,0.58611476,0.35577786,0.7660376,1.1362054,0.38592523,0.12023434,0.70567155,-0.47885427,0.46546352,0.3531924,0.510587,-0.09403502,0.5515609,-0.23137923,0.5453506,0.28429222,0.08307743,0.40055442,0.61063033,0.48901024,6.601129,3.067202,1.4609185,-inf,0.5710756,-19.072006,0.67868006,0.51661927,1.2202972,0.24819194,0.62979627,29.507593,UNHEALTHY
201,1.8949549,-0.24598901,0.10002573,3.8470893,0.27859926,0.4372201,0.5555868,0.349135,0.6336759,2.226325,0.50371605,0.1735503,1.3855698,0.7749765,1.0153447,0.6082915,0.4115129,0.7749765,1.0153447,0.39732996,0.13850649,0.72885674,-0.50371605,0.4627858,0.35907286,0.5175783,-0.10690907,0.571147,-0.2321267,0.5616977,0.33148122,0.08035827,0.39259404,0.6019916,0.47761458,6.9065666,3.2263255,4.643869,0.4685722,0.5904306,-24.07216,0.6970192,0.535228,1.2480801,0.24994484,0.6780214,29.960888,AVARAGE
202,1.5436813,-0.26905936,0.10336719,3.426995,0.28326252,0.41375116,0.54034346,0.32406563,0.5900024,1.869609,0.45773384,0.18849942,1.1423845,0.75068885,1.0770708,0.56312585,0.4198076,0.75068885,1.0770708,0.3479164,0.13656661,0.6909007,-0.45773384,0.47027004,0.3465406,0.50296384,-0.069590874,0.53634816,-0.25157034,0.5291093,0.32600048,0.089212716,0.3807522,0.5775555,0.48965597,5.96635,2.8696089,0.76456296,0.6653612,0.55334985,-12.378514,0.6689105,0.49320203,1.1571555,0.34286878,0.6102941,28.796537,AVARAGE
203,1.8096588,-0.25251937,0.10517225,3.6461675,0.30405876,0.43841785,0.55395997,0.33928052,0.6212611,2.1683066,0.49362335,0.18488553,1.2072222,0.77671903,1.1496675,0.5936749,0.45939943,0.77671903,1.1496675,0.37817565,0.14859754,0.70632416,-0.49362335,0.4442574,0.3305093,0.5300999,-0.0677205,0.5566941,-0.22722179,0.5531228,0.35865912,0.09168207,0.39535192,0.56981766,0.5076962,6.322841,3.1683066,0.5917055,0.6049863,0.57972175,-14.202782,0.6858666,0.5369688,1.1551011,0.316245,0.6555099,30.033209,
204,2.474937,-0.24886224,0.07714935,5.4022236,0.39266452,0.41612348,0.5905471,0.31915364,0.62535644,3.003903,0.5781582,0.12681614,1.1146028,0.6963824,0.56265056,0.6043121,0.6671772,0.6963824,0.56265056,0.42888695,0.20573571,0.7506274,-0.5781582,0.4034413,0.3134379,0.4806546,-0.08396764,0.57608485,-0.1896781,0.5549393,0.528966,0.064531125,0.31555632,0.5157911,0.52889913,7.781667,4.003903,3.4037182,0.29459527,0.5838194,-24.780592,0.7297184,0.54109573,1.1917332,0.1554319,0.6798151,27.458809,AVARAGE
205,1.9267056,-0.25534555,0.09669078,4.1608577,0.35321075,0.42282507,0.54819024,0.33725703,0.61620677,2.3670466,0.5187831,0.15979756,1.1100144,0.73628515,0.85622334,0.59159535,inf,0.73628515,0.85622334,0.38194585,0.1771351,0.7223142,-0.5187831,0.4187881,0.33214274,0.500945,-0.102450304,0.56046015,-0.22308749,0.5484759,0.4403793,0.07811991,0.35042828,0.53753746,0.50611085,6.7882776,3.3670466,1.1048045,0.4950071,0.5756398,-25.919624,0.6929276,0.527721,1.2359254,0.26602945,0.65346164,28.636606,AVARAGE
206,1.8527739,-0.25826505,0.10742368,3.9979155,0.33576167,0.43431404,0.5264839,0.3536347,0.61804396,2.2626593,0.5035282,0.1731866,1.1542015,0.76398814,1.1600894,0.58909196,0.53208315,0.76398814,1.1600894,0.37427992,0.16628583,0.7117461,-0.5035282,0.40454036,0.33033898,0.51866984,-0.11664095,0.5551326,-0.22722949,0.5504858,0.40993425,0.08435589,0.37140775,0.54653955,0.50928867,6.5351815,3.262659,2.5166821,0.5541673,0.57540655,-16.618004,0.6759542,0.5361264,1.2726517,0.29574642,0.6311643,29.612066,AVARAGE
207,2.0716684,-0.24637702,0.098843805,4.26953,0.3383623,0.43609002,0.5552193,0.34661222,0.63286495,2.492705,0.528933,0.16278145,1.2078224,0.75699455,0.91708434,0.60836655,0.5322921,0.75699455,0.91708434,0.40013298,0.17051849,0.7300019,-0.528933,0.41788226,0.33182842,0.5161631,-0.10314901,0.5712507,-0.21569331,0.56126815,0.4211192,0.08007314,0.36783716,0.553318,0.50612235,6.996338,3.4927049,0.7146594,0.4664993,0.5899042,-17.464314,0.69997096,0.5461388,1.2371802,0.24956486,0.6729629,29.47373,AVARAGE
208,1.6637344,-0.27853376,0.105680324,4.0090275,0.2990403,0.382405,0.51232344,0.3136237,0.5585459,2.0053093,0.47354805,0.17324083,0.9676196,0.68156695,0.5833546,0.53742063,0.4503669,0.68156695,0.5833546,0.36085016,0.14237894,0.6788698,-0.47354805,0.3953395,0.30645004,0.47173318,-0.07932777,0.5210815,-0.22301537,0.5049367,0.34161308,0.0893282,0.35534707,0.5598986,0.536486,5.6834826,3.0053096,-2.9953666,0.6533671,0.5300721,-10.082724,0.65214235,0.46523306,1.179927,0.3278889,0.58732885,26.300806,AVARAGE
209,1.5392393,-0.29274607,0.10116844,3.9971194,0.29870287,0.3394649,0.49565652,0.28664732,0.5144999,1.8753691,0.45824453,0.16250275,0.8105475,0.60818225,0.14580603,0.49772874,0.4511044,0.60818225,0.14580603,0.34500673,0.14046827,0.6625707,-0.45824453,0.38256043,0.29775894,0.42545956,-0.076844044,0.49902847,-0.22569187,0.47084606,0.33617285,0.08599462,0.32165095,0.55072945,0.54608476,5.3434777,2.875369,-71.55105,0.6661581,0.49593127,-13.599901,0.6353699,0.4105689,1.1742783,0.31908652,0.57911175,23.42822,AVARAGE
210,1.9056522,-0.24417739,0.10296929,3.7729118,0.30094728,0.4383736,0.5440351,0.35571536,0.63648427,2.2682567,0.50874174,0.17084992,1.3309727,0.7721566,0.9807952,0.6113297,-inf,0.7721566,0.9807952,0.39324743,0.15030022,0.72857744,-0.50874174,0.4404939,0.3555781,0.5189039,-0.12447724,0.5726241,-0.22970329,0.5631831,0.3626484,0.08053029,0.38396055,0.5815743,0.4797881,6.949352,3.2682567,0.18915457,0.4734189,0.5926028,-31.047892,0.692238,0.5403811,1.2925524,0.24872725,0.68206125,29.915201,AVARAGE
211,1.7078658,-0.26299375,0.11052045,3.6557405,-inf,0.43087527,0.5181338,0.355023,0.61059123,2.0662253,0.47993344,0.18299031,1.227234,0.7708464,1.2446729,0.5813732,inf,0.7708464,1.2446729,0.36316052,0.14798008,0.70158285,-0.47993344,0.42446283,0.3407757,0.5174383,-0.11722944,0.54787296,-0.23950401,0.54429656,0.35840324,0.086576514,0.38483772,0.56616956,0.5010127,6.3495116,3.0662253,2.1324925,inf,0.5687267,-19.513943,0.6641457,0.521929,1.2765679,0.31118423,0.65350753,29.708258,
212,1.6493211,-0.25734502,0.1192459,3.4218628,0.29413632,0.4350843,0.5161837,0.36271638,0.61247313,1.9899395,0.47195986,0.19715045,1.2169061,0.7857276,1.2656955,0.58452207,0.44196492,0.7857276,1.2656955,0.35902506,0.14199844,0.69741464,-0.47195986,0.4270091,0.33963102,0.53017944,-0.11107037,0.54895633,-0.24271716,0.54697645,0.34065711,0.09509516,0.40280917,0.57302105,0.5012128,6.1345034,2.9899392,0.8868981,0.6743979,0.57210815,-15.205982,0.66097057,0.52138126,1.2611828,0.35215443,0.6420331,30.187271,
213,1.6391938,-0.2726006,0.10453207,3.7136924,0.28918856,0.39511067,0.515928,0.32604292,0.575417,1.967097,0.47181326,0.1737077,1.1040524,0.7068975,0.75089586,0.55208117,0.42963904,0.7068975,0.75089586,0.3620078,0.13773148,0.6896289,-0.47181326,0.41831258,0.32869163,0.48039648,-0.09701824,0.53160137,-0.23282641,0.51737297,0.32794446,0.08528578,0.36521697,0.57355833,0.511704,5.9474745,2.9670668,1.9036431,0.5996993,0.54280835,-16.518038,0.65817755,0.47863334,1.2263091,0.30588394,0.6086805,27.243517,AVARAGE
214,1.8949093,-0.23642643,0.10217182,3.570304,0.27472368,0.47060803,0.57394034,0.3646513,0.6647728,2.221629,0.4993964,0.18876305,1.5681448,0.8408566,1.5030708,0.63342065,0.40284723,0.8408566,1.5030708,0.39436346,0.13669667,0.7353861,-0.4993964,0.49948853,0.37643924,0.5547678,-0.0968874,0.5843194,-0.24235511,0.58549523,0.32686427,0.08415981,0.42303264,0.608899,0.45781374,7.142692,3.2216287,1.7531092,0.45899174,0.6134146,-19.941132,0.7078898,0.57096356,1.2293553,0.24565864,0.6911034,32.420612,AVARAGE
215,2.1961014,-0.2646353,0.068462566,5.1785192,0.30462104,0.38676345,0.6054001,0.29148656,0.5921213,2.575346,0.5332796,0.13222133,1.3028826,0.66768587,0.44044176,0.57408386,-inf,0.66768587,0.44044176,0.41916147,0.1548087,0.73784477,-0.5332796,0.49390274,0.3510509,0.44799343,-0.05244695,0.5567826,-0.21259697,0.5293708,0.37925884,0.061229985,0.32459804,0.57991344,0.489239,7.6442084,3.5752668,1.9389902,0.24734354,0.55636066,-20.066002,0.7250414,0.48713696,1.1234177,0.11167742,0.58027095,26.04546,AVARAGE
216,1.8040619,-0.27118957,0.08275715,4.2617908,0.28035215,0.38393357,0.5696901,0.2954895,0.57503027,2.1212554,0.4951115,0.15385512,1.16428,0.67656296,0.5056577,0.55469596,-inf,0.67656296,0.5056577,0.39068493,0.13411406,0.70698196,-0.4951115,0.4679247,0.33423585,0.45849478,-0.046830963,0.53899837,-0.21862541,0.51693124,0.3171663,0.07456112,0.34848124,0.590387,0.5053836,6.370596,3.1211874,14.2396755,0.46058488,0.54344296,-21.122505,0.69437057,0.4730078,1.1076671,0.23642318,0.6168172,26.207777,
217,2.2972744,-0.26071787,0.070985205,5.175745,,0.40375468,0.60647136,0.30090743,0.60776573,2.7006137,0.5439945,0.13340387,1.2969114,0.68970126,0.5976814,0.5870391,,0.68970126,0.5976814,0.42508492,0.16354881,0.73502606,-0.5439945,0.47133544,0.33443725,0.46772125,-0.04436493,0.5615448,-0.19872326,0.54024184,0.40347245,0.063979484,0.33194867,0.5633766,0.5081341,7.63948,3.7005708,0.37385586,,0.56776184,-23.097372,0.7261849,0.5141544,1.1049234,0.11778057,0.615708,27.001484,UNHEALTHY
218,2.026467,-0.2610316,0.08806912,4.4250617,0.29253238,0.42266148,0.5758317,0.31979966,0.6120389,2.367254,0.5127391,0.16017571,1.3614542,0.73712033,0.996074,0.584961,-inf,0.73712033,0.996074,0.4057332,0.14224397,0.714195,-0.5127391,0.45744276,0.33078173,0.5004733,-0.054196473,0.553708,-0.20684515,0.5448102,0.3408466,0.07781179,0.3753708,0.5800025,0.5128346,6.8938065,3.367254,0.71270436,0.38934183,0.5697429,-17.128485,0.7008403,0.5263894,1.1289845,0.19053333,0.6288441,28.65425,AVARAGE
219,1.9017963,-0.27440318,0.08100958,4.575495,0.31840813,0.3775956,0.56697667,0.2924005,0.5694905,2.2758062,0.50919074,0.1448852,1.0684885,0.6569939,0.40506786,0.5505241,0.483909,0.6569939,0.40506786,0.3899401,0.15463327,0.7077475,-0.50919074,0.4426201,0.3206075,0.44988063,-0.050851293,0.5365641,-0.21096414,0.5124057,0.37407345,0.07228501,0.32782346,0.5588066,0.52268994,6.5160966,3.275806,0.25532103,0.44034684,0.538681,-19.337954,0.69437796,0.47161672,1.1166292,0.22424966,0.60747564,25.559742,AVARAGE
220,1.6030598,-0.24527673,0.12881099,3.0147755,0.32943976,0.47473654,0.51406014,0.39235413,0.6479998,1.9939712,0.4788616,0.2092128,1.2021904,0.85190135,1.722715,0.61388266,0.51157594,0.85190135,1.722715,0.3489022,0.16063674,0.7036346,-0.4788616,0.41862684,0.3407858,0.5760771,-0.11901116,0.5644503,-0.24862345,0.5748323,0.39093715,0.10134055,0.42034268,0.5503157,0.49534574,6.0968695,2.9939713,0.6842738,0.72456235,0.59976184,-7.0437107,0.6644013,0.5731567,1.2820665,0.39752582,0.65815926,32.799084,AVARAGE
221,1.6979101,-0.2588614,0.11677643,3.5203419,0.34652552,0.42996967,0.5070132,0.35877895,0.60910594,2.1183324,0.48951134,0.18218966,1.0339384,0.7593929,1.0596886,0.58174086,0.5569863,0.7593929,1.0596886,0.3538312,0.17014383,0.69776857,-0.48951134,0.38638228,0.32007298,0.5222641,-0.11645123,0.5478868,-0.23440236,0.5437823,0.42042908,0.092294395,0.37147862,0.53200984,0.5200399,6.091362,3.1183321,-2.5229478,0.6476444,0.5696056,-11.409545,0.65882295,0.5284605,1.277036,0.34115565,0.6383155,29.39399,AVARAGE
222,1.6934319,-0.27125216,0.11552598,3.8178627,-inf,0.40427142,0.49967182,0.33836514,0.5777776,2.0973423,0.48311657,0.17916465,0.9380822,0.7141123,0.82180226,0.553737,0.5435964,0.7141123,0.82180226,0.35262367,0.16416737,0.6808653,-0.48311657,0.36709028,0.29872102,0.4988329,-0.09790998,0.5290309,-0.22270866,0.52031416,0.40386215,0.094567984,0.3602671,0.52746856,0.5465564,5.7676415,3.0972743,0.36654183,inf,0.5448077,-6.7833595,0.6473916,0.49663705,1.2312237,0.34352612,0.61081314,27.63976,AVARAGE
223,1.9484932,-0.2923195,0.08233337,5.248273,0.37066582,0.34438625,0.52894956,0.27858475,0.53067183,2.4116023,0.517968,0.12978657,0.8056846,0.5884451,0.090879105,0.5146908,0.6182617,0.5884451,0.090879105,0.37682727,0.1835616,0.69018906,-0.517968,0.36198568,0.28170395,0.41485935,-0.07189016,0.51313746,-0.19490097,0.48272517,0.4632092,0.070473135,0.28279507,0.5031206,0.57105553,6.2773213,3.4116023,-17.125147,0.46334764,0.50673443,-18.10652,0.669097,0.4381987,1.1671717,0.22392513,0.5396216,23.035711,AVARAGE
224,2.132554,-0.26906043,0.06975113,5.349376,0.40207165,0.3523325,0.5889973,0.27494767,0.55739456,2.6688938,0.55052537,0.12126401,0.8251003,0.5974944,-0.057497643,0.5447366,0.69683415,0.5974944,-0.057497643,0.39251387,0.20811117,0.7300719,-0.55052537,0.42347026,0.30701375,0.41581732,-0.04532519,0.54442865,-0.20438372,0.50530976,0.5363925,0.063484795,0.2722486,0.49835473,0.5359774,7.0097356,3.6688938,2.0593116,0.39554632,0.5333185,-17.972364,0.7178048,0.4519847,1.1029216,0.20295013,0.6605375,23.451117,AVARAGE
225,2.1140726,-0.2282032,0.09532006,3.9592428,0.32399648,0.4770337,0.58340746,0.3692777,0.6828243,2.5210004,0.53680074,0.16799445,1.5274911,0.8318533,1.3883305,0.6518218,0.5008084,0.8318533,1.3883305,0.41179574,0.16593991,0.75720996,-0.53680074,0.4787753,0.37489006,0.5521277,-0.11745352,0.60029095,-0.2298198,0.59849596,0.40692788,0.075093985,0.39583358,0.5787781,0.45769054,7.7742243,3.5210004,0.797078,0.34554824,0.6280035,-28.737436,0.72571594,0.59452754,1.2758305,0.19100632,0.71604925,32.338043,AVARAGE
226,1.5761018,-0.2933322,0.10581458,3.7457254,-inf,0.36107138,0.48580924,0.30278194,0.5311599,1.8960223,0.45343927,0.16773732,0.968245,0.6436281,0.5049949,0.51003414,inf,0.6436281,0.5049949,0.34708363,0.13325587,0.6530956,-0.45343927,0.37602654,0.29823297,0.44950214,-0.08716569,0.49887952,-0.21734118,0.4814963,0.31999764,0.088441744,0.34327048,0.54920745,0.5502143,5.5455704,2.8960218,2.9938862,inf,0.50473183,-12.279354,0.6245463,0.4388856,1.2066716,0.28905022,0.558783,24.835825,UNHEALTHY
227,1.7993549,-0.2683795,0.09900403,4.1518054,0.33034897,0.40012392,0.53161347,0.32451525,0.5854516,2.1944206,0.50013244,0.16247328,1.0479629,0.7024918,0.7024743,0.5626191,inf,0.7024918,0.7024743,0.3734021,0.16150545,0.7029448,-0.50013244,0.4062942,0.31895322,0.48162708,-0.09107164,0.54047984,-0.22119261,0.52540994,0.39510697,0.081503175,0.34895742,0.5473992,0.52235425,6.2652636,3.1944208,1.0173694,0.54556906,0.55111504,-17.529112,0.674509,0.49498585,1.21226,0.2847145,0.62190145,27.24624,
228,1.6647655,-0.2655514,0.10595705,3.4787076,-inf,0.41022784,0.522044,0.33629194,0.5931007,2.0075774,0.47076806,0.17864321,1.1699162,0.73406094,0.88791764,0.5688247,inf,0.73406094,0.88791764,0.35858378,0.14173771,0.69145036,-0.47076806,0.4308864,0.33635953,0.49697873,-0.098085865,0.5395397,-0.2373082,0.52947515,0.34287044,0.086757265,0.37289423,0.5676024,0.5066385,6.1954036,3.0075774,1.264069,inf,0.5560342,-16.190147,0.6604949,0.49662992,1.240704,0.29883373,0.62464803,28.288725,AVARAGE
229,1.6487366,-0.28135952,0.11585944,3.9578266,0.29461938,0.39814875,0.49862424,0.34039626,0.56460214,1.9880553,0.4636706,0.1867373,1.059529,0.71658134,0.9979724,0.5390037,,0.71658134,0.9979724,0.3528824,0.13966021,0.67175967,-0.4636706,0.38583463,0.30633447,0.4930609,-0.091986276,0.51762646,-0.22738233,0.5103936,0.33936635,0.094912186,0.3759237,0.5584053,0.5443742,5.697218,2.988024,-7.2134314,0.68296456,0.53209174,-7.212632,0.63936293,0.4787417,1.2347302,0.3407487,0.56189376,27.56193,
230,2.023358,-0.2605696,0.08368979,4.4955688,,0.4024155,0.57062614,0.31174627,0.6004952,2.415258,0.5226214,0.14729232,1.1806207,0.6968096,0.58999056,0.5795521,0.49946976,0.6968096,0.58999056,0.4013452,0.16001086,0.7229356,-0.5226214,0.4430187,0.33109254,0.474471,-0.07216482,0.5553624,-0.21180697,0.5357355,0.39192444,0.07206819,0.34209052,0.5623822,0.51083934,6.9308214,3.41522,10.078968,inf,0.56353384,-25.251003,0.7031099,0.5051729,1.1697545,0.20668738,0.64023364,27.153135,UNHEALTHY
231,2.1270351,-0.2548758,0.081208155,4.528761,-inf,0.4142366,0.5894854,0.31327584,0.61539954,2.3981552,0.5172715,0.15176716,1.5708143,0.72158915,0.75336695,0.5927832,0.33644265,0.72158915,0.75336695,0.4333987,0.11484357,0.72870684,-0.5172715,0.48811582,0.35363623,0.48578128,-0.06394588,0.5630672,-0.2049912,0.5467495,0.2711335,0.07156419,0.38312733,0.6348401,0.48467377,7.2987714,3.3980799,0.52816015,inf,0.5741893,-29.690855,0.7133151,0.5166201,1.1474383,0.10118765,0.66110945,28.061142,AVARAGE
232,2.0671358,-0.28652096,0.07899203,4.9726295,-inf,0.36643395,0.5554625,0.28154486,0.5525823,2.3134518,0.50031346,0.13921371,1.3155824,0.6326446,0.3970462,0.53279704,,0.6326446,0.3970462,0.42504635,0.10319683,0.6866036,-0.50031346,0.42211697,0.30393606,0.43833074,-0.042866923,0.520031,-0.182919,0.49755275,0.2463518,0.07190836,0.3512229,0.6227992,0.5467646,6.479322,3.3133428,1.1846542,inf,0.5218047,-21.440132,0.6773935,0.46109888,1.106309,0.12132272,0.555956,24.677555,
233,2.3034174,-0.2705043,0.06862252,5.5371747,,0.38353753,0.6006398,0.28761637,0.5845304,2.614176,0.5367917,0.12928623,1.4359437,0.6564491,0.45118198,0.56545985,inf,0.6564491,0.45118198,0.4440696,0.12896778,0.7274892,-0.5367917,0.46923244,0.3312922,0.44603506,-0.04166858,0.54873973,-0.18684514,0.5233874,0.3108826,0.062509336,0.34102085,0.6114917,0.5138965,7.469702,3.614136,-2.5169988,,0.5489346,-19.832117,0.71936345,0.48721024,1.100323,0.05521746,0.61236393,25.682621,UNHEALTHY
234,2.4679437,-0.24253269,0.078635044,5.0893674,0.3573218,0.42947084,0.5930903,0.33010492,0.6428607,2.9548762,0.56906426,0.13218503,1.2816529,0.7249525,0.6812115,0.62211657,0.6034989,0.7249525,0.6812115,0.43299717,0.18965615,0.75603914,-0.56906426,0.43464726,0.34010434,0.4933773,-0.10175275,0.58504164,-0.20034494,0.56687737,0.4870169,0.06390648,0.3328443,0.54401296,0.49985287,8.201646,3.954876,1.5926406,0.25385082,0.5969468,-23.704948,0.731552,0.55361027,1.2368526,0.1263291,0.69493794,28.49939,UNHEALTHY
235,1.5163287,-0.26969972,0.12603177,3.1188443,0.31638342,0.42145902,0.48557428,0.35333356,0.58682525,1.881179,0.45817506,0.19732371,1.0261017,0.7549691,1.1827484,0.5585257,inf,0.7549691,1.1827484,0.33597082,0.14975178,0.66792995,-0.45817506,0.38261765,0.30770525,0.52386725,-0.10313742,0.5267381,-0.23547351,0.52663153,0.36493683,0.10240826,0.38891792,0.5395188,0.54248154,5.5610156,2.8811789,-0.05229117,0.74776804,0.55018437,-4.250215,0.63270456,0.5093046,1.2411777,0.38215792,0.6067178,29.084158,AVARAGE
236,1.5490034,-0.28063953,0.12340767,3.545225,0.32013437,0.40931752,0.4824618,0.34136075,0.56981134,1.9212377,0.4595326,0.1925687,0.9604198,0.7313938,1.11888,0.54214483,inf,0.7313938,1.11888,0.33664498,0.15173893,0.66042364,-0.4595326,0.3682567,0.29371575,0.5108756,-0.094069846,0.5151002,-0.22767588,0.514132,0.37219155,0.101558074,0.37700725,0.5305716,0.56147724,5.4573584,2.921093,-0.5756379,0.75174,0.5354405,-1.4698931,0.6278131,0.49585938,1.2180984,0.37842205,0.6171341,28.199478,AVARAGE
237,1.7154565,-0.26498207,0.110916615,3.692782,0.3365805,0.40459946,0.512468,0.33210555,0.5851128,2.1271894,0.48837677,0.17585243,0.9513932,0.71276796,0.69895095,0.5631916,0.54739445,0.71276796,0.69895095,0.35595694,0.16646692,0.687992,-0.48837677,0.3849269,0.3036449,0.49702582,-0.091408245,0.5367815,-0.22428119,0.52582484,0.41171134,0.092426345,0.35722792,0.5284248,0.54551053,5.9117203,3.1271539,3.173415,0.65819675,0.55209345,-8.076325,0.6579574,0.49807823,1.2091522,0.33788234,0.6289466,27.613012,
238,1.5254691,-0.31196693,0.10595717,4.309678,0.36549094,0.32250482,0.457586,0.27783254,0.4850262,1.9455036,0.46723732,0.1519997,0.6126542,0.5610879,0.036633346,0.46795753,-inf,0.5610879,0.036633346,0.32937482,0.16888627,0.6334649,-0.46723732,0.298181,0.24202372,0.41252953,-0.074633434,0.47310492,-0.19590092,0.447794,0.42005336,0.090024725,0.29275504,0.4834272,0.6233526,4.9081826,2.9454744,0.28800523,0.6627692,0.46932074,-10.680973,0.6058737,0.40226647,1.1707542,0.3097314,0.4917678,21.829287,AVARAGE
239,1.5934609,-0.31019506,0.09598102,4.636873,0.4142395,0.30829415,0.48102704,0.25967613,0.47622702,2.097529,0.48537752,0.14053595,0.5170469,0.53013647,-0.17414927,0.46069053,inf,0.53013647,-0.17414927,0.3250006,0.19696805,0.64351726,-0.48537752,0.30122903,0.23312654,0.39357826,-0.05199316,0.47521788,-0.19497173,0.44153404,0.50415635,0.08528411,0.26502287,0.4530732,0.6321891,5.0126243,3.0975292,-9.272274,0.61513644,0.46430624,-9.462572,0.62397826,0.38971537,1.1181161,0.28681612,0.5376035,20.707724,
240,1.5958844,-0.256439,0.123408616,3.1063352,0.2675288,0.4433247,0.51190245,0.36984274,0.61762714,1.8979559,0.4577864,0.2066996,1.3122627,0.805665,1.4233471,0.58788866,-inf,0.805665,1.4233471,0.3563599,0.12742342,0.6877522,-0.4577864,0.43502215,0.34426653,0.5427951,-0.10767019,0.54696316,-0.24253792,0.5501908,0.3020907,0.09947046,0.4226605,0.5857327,0.49471283,6.039731,2.897956,1.516865,0.691312,0.5748589,-9.481492,0.6530023,0.52716243,1.260253,0.34895888,0.6364171,30.888645,AVARAGE
241,1.7895056,-0.2735256,0.10276087,4.203592,-inf,0.4005903,0.5181563,0.33084026,0.5811955,2.17404,0.49341726,0.16565539,1.080669,0.7064879,0.8279261,0.55663115,0.5094147,0.7064879,0.8279261,0.37024242,0.15734632,0.6958108,-0.49341726,0.3948818,0.31676865,0.48313284,-0.101759814,0.534459,-0.22011796,0.52201015,0.3844865,0.08254862,0.3532685,0.5471298,0.5273539,6.2380137,3.1738763,-0.42253542,inf,0.5460978,-17.23684,0.6635901,0.49307588,1.2415464,0.2814982,0.5815687,27.359324,
242,2.210297,-0.27502555,0.077042274,5.389945,-inf,0.3704431,0.56782144,0.2887738,0.566267,2.6519632,0.53924245,0.12898926,1.0455053,0.6291831,0.3165506,0.54762536,,0.6291831,0.3165506,0.40847817,0.17597744,0.7148329,-0.53924245,0.4018515,0.30159366,0.43804628,-0.06393131,0.53738797,-0.19011985,0.51074594,0.44191533,0.067608915,0.30598968,0.52879983,0.549066,7.0428543,3.651922,1.4285432,inf,0.5350209,-23.003641,0.6998212,0.47402698,1.1522757,0.16257003,0.62292373,24.681456,
243,2.3440657,-0.25688368,0.07406147,5.215824,-inf,0.4087149,0.5955903,0.31036466,0.61449784,2.7590594,0.54904544,0.13271356,1.3470705,0.69696826,0.6547838,0.59240365,0.51836014,0.69696826,0.6547838,0.42844027,0.16608006,0.7412574,-0.54904544,0.45726633,0.33956805,0.47191736,-0.0747294,0.56641394,-0.20129043,0.5459134,0.41520947,0.06320863,0.33382672,0.56544036,0.5052767,7.8905215,3.7590592,3.0227716,inf,0.57290024,-24.072056,0.72391176,0.5211298,1.1793075,0.099246986,0.65378845,27.30272,
244,1.6386286,-0.27231804,0.11125126,3.6301944,0.26343033,0.411986,0.5220618,0.33470437,0.5833722,1.9444028,0.46086785,0.19064909,1.1716892,0.742531,1.08572,0.55687386,0.39577258,0.742531,1.08572,0.3602187,0.12730037,0.67714274,-0.46086785,0.4281263,0.32253245,0.50694853,-0.074644454,0.5281648,-0.23107953,0.52403754,0.30577728,0.094962485,0.39297974,0.5796612,0.52512485,5.883109,2.9443135,0.33882225,0.67303514,0.5469677,-8.624746,0.65383816,0.49428755,1.1827401,0.33484143,0.6000944,28.546625,UNHEALTHY
245,1.8563782,-0.26063797,0.086064234,3.9396744,-inf,0.4022729,0.5732421,0.30723718,0.5966732,2.214428,0.49787554,0.15881252,1.162071,0.70646685,0.6198871,0.5753073,-inf,0.70646685,0.6198871,0.38438582,0.14756705,0.71145767,-0.49787554,0.47112292,0.33840552,0.47953868,-0.052419595,0.55028427,-0.2268592,0.5324957,0.35812852,0.077272125,0.3532824,0.5739411,0.50090754,6.5851555,3.214428,10.53329,inf,0.5606893,-22.785522,0.69693816,0.49735743,1.1207465,0.2482183,0.6480638,27.398039,UNHEALTHY
246,1.8206135,-0.25584483,0.098812975,3.6801803,0.29258496,0.43775097,0.56806767,0.33002105,0.6192373,2.1645699,0.48846468,0.18322527,1.2656995,0.776348,1.2144418,0.590099,0.445055,0.776348,1.2144418,0.37787908,0.14252082,0.70366484,-0.48846468,0.4665678,0.33174017,0.52739507,-0.045412686,0.55356216,-0.22987469,0.5509577,0.3439714,0.08964408,0.39599666,0.5768096,0.5119114,6.3618917,3.1645355,9.960941,0.57462806,0.5765612,-14.457127,0.6903911,0.53537637,1.1118077,0.2966044,0.6451647,30.008305,AVARAGE
247,2.1515248,-0.26581872,0.080443904,4.710247,0.31892806,0.39599147,0.57779765,0.3004181,0.59229314,2.5377378,0.52232295,0.14303796,1.219004,0.6799512,0.5732152,0.5713231,-inf,0.6799512,0.5732152,0.40619496,0.15688033,0.7119819,-0.52232295,0.4429534,0.31970814,0.46869382,-0.05175739,0.5466973,-0.19935232,0.53034997,0.38621566,0.07270237,0.33848017,0.5504415,0.5295053,7.0940294,3.537578,-12.626277,0.34997708,0.5544443,-23.938902,0.7005604,0.5002167,1.1235558,0.15861513,0.6324981,26.572912,AVARAGE
248,1.5069371,-0.27417555,0.10930753,3.3278117,0.2793932,0.40680093,0.52955854,0.31788695,0.57448506,1.8195292,0.4493364,0.19600052,1.0697988,0.7387188,1.0371952,0.54835063,-inf,0.7387188,1.0371952,0.34326336,0.13120823,0.67116886,-0.4493364,0.44392124,0.3211163,0.5047722,-0.050186515,0.52334785,-0.24075826,0.51762927,0.31260788,0.09797131,0.38976446,0.57134205,0.5211114,5.5163193,2.8195004,-2.6272938,0.7394749,0.541287,-4.6891003,0.6549618,0.4843159,1.1151361,0.37502116,0.59919626,28.32922,AVARAGE
249,2.522652,-0.24983689,0.07387838,5.486422,0.36616278,0.4148722,0.6036758,0.31213808,0.62341297,3.0190039,0.57343316,0.12818794,1.1796154,0.6961648,0.5719965,0.6024732,0.6258105,0.6961648,0.5719965,0.43512702,0.1928952,0.7482059,-0.57343316,0.42429855,0.31439722,0.47975954,-0.06038577,0.5742611,-0.18888563,0.55325365,0.49638414,0.06488736,0.32286698,0.5344573,0.53009874,7.821897,4.0190043,2.391897,0.27447358,0.58194673,-26.34353,0.73318166,0.53797454,1.1457756,0.13764706,0.68181926,27.424355,AVARAGE
250,2.6802046,-0.25190857,0.07361539,5.935523,-inf,0.41845375,0.59816974,0.3149564,0.62635636,3.20122,0.58807474,0.1216837,1.1836696,0.69375527,0.6198713,0.6039671,0.6636158,0.69375527,0.6198713,0.44596827,0.20124382,0.7494708,-0.58807474,0.3944444,0.30140918,0.48167476,-0.071757905,0.57404417,-0.17481491,0.5550528,0.5209975,0.06322766,0.31754056,0.5215637,0.5479697,8.0226145,4.201169,0.15423964,inf,0.5826287,-24.813478,0.73284775,0.5488883,1.1724893,0.11120103,0.67002624,27.445066,AVARAGE
251,2.298814,-0.2736605,0.08235286,5.6881776,,0.38600913,0.5579385,0.30243364,0.57795507,2.758629,0.54754114,0.13279277,1.0014849,0.6522148,0.44927168,0.55721647,0.599011,0.6522148,0.44927168,0.41425171,0.18133478,0.71378326,-0.54754114,0.36851677,0.28211448,0.4569585,-0.06502449,0.5406713,-0.18160784,0.5191364,0.4599734,0.070987366,0.31453016,0.5253265,0.5729364,6.837028,3.758629,-0.098319896,,0.54428214,-14.463941,0.69554394,0.49679706,1.1601528,0.19718245,0.6090636,25.630486,AVARAGE
252,1.8895156,-0.27358443,0.099684,4.539921,0.34412342,0.38711274,0.5265258,0.31304172,0.5679668,2.3167515,0.509644,0.15823756,0.8906951,0.6700852,0.50461835,0.5468442,0.572606,0.6700852,0.50461835,0.37644517,0.17139597,0.68981177,-0.509644,0.3626912,0.28030562,0.47314328,-0.06686466,0.52940553,-0.20165896,0.5123406,0.4272704,0.08603061,0.33564392,0.52513736,0.57147574,5.92455,3.3167512,5.1893034,0.5890599,0.53801036,-9.49793,0.6679514,0.4860937,1.1629232,0.29979813,0.6118006,26.11504,
253,2.2902327,-0.28554362,0.0684433,6.3387923,-inf,0.34019753,0.572295,0.26725855,0.53747195,2.847996,0.5634744,0.110978216,0.7528558,0.5665394,-0.0912015,0.5240161,-inf,0.5665394,-0.0912015,0.40469596,0.21322563,0.716625,-0.5634744,0.3625115,0.26767132,0.40201557,-0.042467505,0.52749634,-0.17613935,0.48944393,0.55767447,0.06182969,0.2578245,0.48193073,0.5892007,6.8177047,3.8478498,-0.18671079,inf,0.51454633,-18.43332,0.7056134,0.44424024,1.1037046,0.18699737,0.47266507,22.377094,
254,2.7330039,-0.27360055,0.041431636,7.8009567,-inf,0.33072588,0.6838141,0.24341604,0.5473302,3.4160435,0.6140871,0.0881787,0.7868677,0.542914,-0.2855952,0.539009,0.87154377,0.542914,-0.2855952,0.43448496,0.2510126,0.7671319,-0.6140871,0.48512843,0.29990688,0.3761575,0.049570918,0.5525139,-0.1785109,0.5001128,0.6830859,0.04543718,0.22304448,0.46597496,0.55079657,8.392442,4.4160433,-1.4188013,-inf,0.52559423,-9.968463,0.77912664,0.43798253,0.9121482,0.1110687,0.6746231,21.552877,HEALTHY
255,1.739241,-0.2502833,0.11505065,3.4002213,-inf,0.45208848,0.5285659,0.36981383,0.6343647,2.0525136,0.47840613,0.19495176,1.4151242,0.8128766,1.4355474,0.6037705,0.39869118,0.8128766,1.4355474,0.37609446,0.13075227,0.70702344,-0.47840613,0.44407204,0.35262012,0.5432642,-0.114168346,0.5608929,-0.23742922,0.56245136,0.31322506,0.09118291,0.41889998,0.5967009,0.48491058,6.4552455,3.052417,0.44026956,inf,0.58837634,-19.477499,0.6713766,0.54447585,1.274464,0.29655045,0.65090185,31.275635,
256,1.8334035,-0.28286263,0.08905503,4.419765,-inf,0.3684386,0.5286167,0.29678908,0.5541421,2.2153275,0.49624938,0.14618887,1.0180063,0.64159364,0.40862334,0.53444105,,0.64159364,0.40862334,0.3752144,0.15538892,0.6900784,-0.49624938,0.39977443,0.31047043,0.44342577,-0.08394921,0.5225496,-0.21097252,0.500035,0.38209474,0.07499803,0.32196036,0.5424427,0.5357844,6.32293,3.2152297,-1.6937983,inf,0.52439064,-19.744606,0.66656214,0.45965064,1.1957954,0.22508201,0.58151037,24.953297,
257,1.7714334,-0.25531048,0.110454105,3.5436432,-inf,0.44309422,0.5324455,0.35390893,0.6244231,2.1297774,0.4847267,0.18644431,1.2821321,0.7874625,1.309814,0.5945659,0.46988985,0.7874625,1.309814,0.36999205,0.14516333,0.7014099,-0.4847267,0.43442914,0.33876505,0.5337395,-0.10042362,0.5540049,-0.23585966,0.55542505,0.35844567,0.09065851,0.39781216,0.56971353,0.5035454,6.486525,3.1297457,0.87542415,inf,0.57938087,-15.60056,0.6718907,0.54034513,1.2375989,0.29340857,0.6422441,30.41629,AVARAGE
258,1.7277219,-0.26735228,0.104060814,3.7610028,,0.41804242,0.53282243,0.33245787,0.59672487,2.0514305,0.47499323,0.18023214,1.2415551,0.74684453,1.0884527,0.56957114,0.41870642,0.74684453,1.0884527,0.36990362,0.13255371,0.692878,-0.47499323,0.44047502,0.334623,0.50537175,-0.085254,0.5394341,-0.23521169,0.5334416,0.32368347,0.087354764,0.38550335,0.5855883,0.5088491,6.2715316,3.051274,-3.514351,,0.5575146,-13.498519,0.66733533,0.5070083,1.1999109,0.2858119,0.6152228,28.79655,
259,1.8370295,-0.26658162,0.0960253,4.105332,0.29347143,0.4064196,0.54643816,0.31775823,0.5911589,2.1978254,0.4963184,0.16558182,1.1303188,0.7137522,0.79736775,0.5670569,0.4609139,0.7137522,0.79736775,0.38147622,0.14753783,0.69964266,-0.4963184,0.42760536,0.32063913,0.4896246,-0.06981394,0.5413093,-0.21913846,0.52919304,0.3607662,0.083204955,0.36227664,0.5659687,0.52213055,6.3294225,3.197689,-2.774491,0.5415302,0.5546594,-20.165066,0.6797822,0.50248367,1.1609912,0.2708553,0.62523663,27.680254,UNHEALTHY
260,1.7015299,-0.31237733,0.079879194,4.422363,,0.32670334,0.5312007,0.2516153,0.49710298,1.9928236,0.46039134,0.14253193,0.9439449,0.5708121,0.18096626,0.47914472,,0.5708121,0.18096626,0.36672422,0.12050224,0.6393243,-0.46039134,0.40425223,0.27628288,0.40485418,-0.008214153,0.4789032,-0.1891133,0.45412555,0.29122722,0.07817591,0.31279585,0.5514695,0.5856906,5.586243,2.9925485,-1.7906364,,0.47510722,-15.890474,0.6423756,0.40484646,1.0363475,0.21725044,0.538868,22.175278,
261,2.2986104,-0.2512883,0.07597298,4.875103,0.3241527,0.4249711,0.60826397,0.3123495,0.6272979,2.7075644,0.5475925,0.14210922,1.3427777,0.72487396,0.8161231,0.6026715,0.5159099,0.72487396,0.8161231,0.4264952,0.16447145,0.7366782,-0.5475925,0.46592125,0.32901818,0.4946985,-0.039641917,0.57012016,-0.19877446,0.555949,0.40893006,0.069727436,0.35337818,0.5642391,0.5153043,7.525853,3.707478,9.759996,0.27741417,0.58324575,-25.932322,0.72790724,0.54178214,1.09972,0.13750364,0.6668633,28.393538,UNHEALTHY
262,1.7347962,-0.28405666,0.08852059,4.058903,-inf,0.38327363,0.54961026,0.29265586,0.5616665,2.0646183,0.47692278,0.16108395,1.121786,0.6759624,0.6730588,0.53877205,inf,0.6759624,0.6730588,0.36945245,0.13689187,0.67792207,-0.47692278,0.4421781,0.31316546,0.4648029,-0.03720801,0.5194236,-0.2149144,0.50527036,0.32984272,0.08154823,0.3510825,0.5608897,0.535919,6.102038,3.0645163,1.8754637,inf,0.5286835,-18.229063,0.6691098,0.47133127,1.0931396,0.24741803,0.53783715,26.177141,UNHEALTHY
263,1.6115441,-0.27944383,0.1075767,3.5480056,inf,0.38920945,0.50869924,0.31408605,0.5614228,1.9413939,0.46447423,0.17649636,1.0385367,0.6898963,0.73359126,0.53790486,inf,0.6898963,0.73359126,0.35427493,0.13772912,0.6639429,-0.46447423,0.3950478,0.30020458,0.48272303,-0.07019125,0.51571596,-0.21430922,0.50675297,0.32998353,0.0935197,0.36562568,0.5471739,0.5515202,5.6371303,2.9413323,0.819637,-inf,0.52954143,-12.49233,0.6432518,0.47525698,1.165656,0.3084822,0.5838725,26.671263,AVARAGE
264,1.7760481,-0.2669344,0.10192381,3.6806111,0.2932246,0.4158577,0.5344865,0.3256663,0.59607834,2.1152081,0.4808406,0.17457776,1.2017541,0.73374915,0.9736221,0.5697304,,0.73374915,0.9736221,0.37226862,0.13973333,0.6868567,-0.4808406,0.42655933,0.32052258,0.5039521,-0.07413617,0.5376814,-0.21858022,0.53207844,0.33920985,0.08809435,0.3772125,0.56387293,0.5289852,6.246743,3.115107,5.1980267,0.5487349,0.55663407,-15.954316,0.6660223,0.51058984,1.1756266,0.27300885,0.61156815,28.410797,AVARAGE
265,1.7902708,-0.25529432,0.11136908,3.5682254,0.30194885,0.44795087,0.5390248,0.34795687,0.62362397,2.14754,0.48871845,0.19022621,1.2184122,0.79171,1.3464115,0.5929169,0.47160527,0.79171,1.3464115,0.3737458,0.14709997,0.6955278,-0.48871845,0.42235845,0.31780612,0.54416376,-0.07313744,0.5516373,-0.22194889,0.5551761,0.35731566,0.09621289,0.40466085,0.562744,0.53007215,6.160492,3.14754,-1.109272,0.6316984,0.5795401,-10.845153,0.67373127,0.5495172,1.1718186,0.32923257,0.63903683,30.637585,AVARAGE
266,1.764796,-0.29495782,0.10108406,4.442057,,0.3686416,0.49761355,0.2985228,0.53757125,2.1419322,0.4843979,0.1569282,0.8788897,0.639098,0.5204991,0.5157498,,0.639098,0.5204991,0.36502895,0.15287799,0.65645117,-0.4843979,0.3409445,0.26489428,0.45615342,-0.0666651,0.5013147,-0.18777798,0.4883197,0.37714636,0.08752367,0.33216295,0.5183529,0.597181,5.5571556,3.1417954,-2.5253072,,0.50923795,-10.048996,0.63698995,0.4609529,1.1556971,0.29014167,0.48249608,24.893969,
267,1.7226733,-0.2918318,0.09371039,4.530355,0.32423046,0.3665263,0.532142,0.28651765,0.5380948,2.1054053,0.482164,0.16171812,0.9128892,0.6461655,0.5267308,0.51680505,-inf,0.6461655,0.5267308,0.3600558,0.15491447,0.66915375,-0.482164,0.39404005,0.28321454,0.45236766,-0.036631905,0.506816,-0.20585978,0.4888921,0.38270774,0.085841395,0.33303294,0.5330568,0.57249016,5.671633,3.1053383,1.1120043,0.601862,0.5114393,-8.962387,0.6590387,0.45105478,1.0881023,0.29514438,0.5781556,25.026648,
268,2.1814344,-0.2919771,0.07016981,5.73278,-inf,0.3354002,0.56195,0.26115504,0.5272522,2.6174877,0.5313111,0.118013345,0.9289219,0.5665228,-0.0006904733,0.5127098,,0.5665228,-0.0006904733,0.4037875,0.17239755,0.6967623,-0.5313111,0.39053988,0.28400874,0.3998475,-0.043256953,0.5147984,-0.1768084,0.48019195,0.43619806,0.064452834,0.27946723,0.51976407,0.5726521,6.7923703,3.617401,1.0847499,inf,0.5034492,-17.106056,0.68833107,0.43109137,1.1024246,0.1488106,0.5698098,22.2661,HEALTHY
269,1.8987203,-0.3024961,0.08507418,5.478766,-inf,0.33496937,0.5332954,0.26764122,0.51105666,2.2744825,0.49682534,0.14101492,0.87136894,0.5816293,0.14786097,0.49410862,0.505583,0.5816293,0.14786097,0.38104612,0.151798,0.6717906,-0.49682534,0.37559012,0.27410367,0.41232625,-0.03958281,0.49663603,-0.18651633,0.4697772,0.37570587,0.07736795,0.3055459,0.53433824,0.583142,5.8876247,3.274332,0.43866658,inf,0.4899611,-11.502998,0.6614633,0.41848642,1.0991528,0.23898329,0.40502146,22.643377,
270,2.0460713,-0.22745316,0.09577699,3.75374,0.26658463,0.48039398,0.59043413,0.367863,0.6854255,2.3617523,0.5202033,0.17773855,1.7701045,0.84831864,1.4706243,0.65466726,-inf,0.84831864,1.4706243,0.42082918,0.13304473,0.7538264,-0.5202033,0.5155849,0.390771,0.5577792,-0.108104676,0.6000005,-0.22983918,0.60007155,0.31570703,0.07738514,0.4276809,0.62526584,0.44210494,7.7597,3.3617523,1.0727401,0.29817066,0.6297472,-26.09943,0.72572464,0.59052044,1.2524291,0.15691225,0.7141701,32.837776,AVARAGE
271,1.6003208,-0.28545064,0.103888914,3.7680109,,0.38805956,0.5099316,0.3157614,0.55917567,1.9308164,0.4613255,0.17443323,1.060457,0.69445586,0.8416713,0.53435135,-inf,0.69445586,0.8416713,0.35223266,0.13712469,0.6715969,-0.4613255,0.40963042,0.315705,0.47551405,-0.08143322,0.51548034,-0.22689602,0.5042969,0.33061904,0.08746675,0.3611531,0.55966216,0.52898526,5.77647,2.930786,1.2049763,,0.5269655,-8.598621,0.64609486,0.46983826,1.193669,0.30988508,0.54629636,26.761497,
272,1.6756059,-0.264615,0.106904656,3.5120227,0.27319175,0.41778097,0.53307474,0.33267027,0.5952907,1.9883773,0.47116518,0.18554015,1.2103312,0.7478715,1.040425,0.5686447,-inf,0.7478715,1.040425,0.3678363,0.13102733,0.6887613,-0.47116518,0.43802658,0.32970133,0.5095602,-0.074043356,0.53895885,-0.22992854,0.53257465,0.31282234,0.09177928,0.39309895,0.5837603,0.5108464,6.027029,2.988377,0.9904919,0.62039745,0.5578682,-11.628158,0.6660473,0.50568813,1.176918,0.31239808,0.62669736,28.817291,
273,1.715517,-0.28813,0.08817917,4.177478,-inf,0.36753458,0.53716934,0.2888835,0.54767466,2.0536332,0.47657818,0.15506458,1.0215689,0.6486014,0.4605399,0.52757424,-inf,0.6486014,0.4605399,0.3669928,0.14004134,0.67792934,-0.47657818,0.42660552,0.31140104,0.44606948,-0.052115116,0.5149875,-0.21597894,0.49445882,0.33821765,0.07854649,0.33382365,0.5582175,0.5350331,5.9991274,3.053601,7.4656563,inf,0.5189335,-14.322778,0.6635789,0.4518838,1.122563,0.25838903,0.5474358,25.112106,
274,1.6060793,-0.30083764,0.08172465,4.1380205,-inf,0.3391019,0.54299825,0.26207644,0.5138804,1.9283653,0.46224552,0.15070753,0.92627275,0.60056645,0.24614654,0.49535713,inf,0.60056645,0.24614654,0.35525241,0.13434535,0.6583144,-0.46224552,0.43152648,0.29610503,0.4178372,-0.013456156,0.49420968,-0.21069954,0.46831116,0.32241562,0.07874093,0.3165896,0.55126244,0.5558108,5.603344,2.928301,3.5997345,inf,0.4914363,-18.663124,0.65768754,0.41507676,1.0435438,0.25741622,0.53772056,23.22444,AVARAGE
275,1.3727044,-0.27239418,0.11732454,2.7384133,,0.42268842,0.5211151,0.32998693,0.5843244,1.6089885,0.41844857,0.21822473,1.2577951,0.78337365,1.3527946,0.55552447,inf,0.78337365,1.3527946,0.33545408,0.10167209,0.6554963,-0.41844857,0.46793574,0.33553666,0.5288991,-0.048995018,0.52060944,-0.24802479,0.52370787,0.23629653,0.10622383,0.43107364,0.60422045,0.50621873,5.3604836,2.6089134,0.6839509,,0.5471449,-6.4287763,0.6405395,0.49077585,1.1240572,0.39441875,0.59125644,29.840548,AVARAGE
276,1.4942336,-0.25386375,0.11415571,2.8353708,-inf,0.44790876,0.54276085,0.34804025,0.6225114,1.7808324,0.4487389,0.2123511,1.314837,0.81948787,1.4188001,0.5928044,0.37363234,0.81948787,1.4188001,0.3497991,0.122111075,0.6893179,-0.4487389,0.4844051,0.35346943,0.54838735,-0.065088086,0.55012584,-0.25270715,0.5537114,0.28661746,0.10048589,0.4303303,0.59835523,0.48246714,5.882306,2.7808323,0.61878425,inf,0.5798068,-8.1143055,0.6689956,0.52857226,1.1571902,0.37818342,0.6403516,31.348698,HEALTHY
277,1.7501217,-0.27059335,0.095183656,3.8746202,0.30406547,0.40167454,0.53936094,0.31631798,0.58546376,2.1054885,0.48773158,0.16382618,1.1199052,0.7070919,0.7699913,0.5611534,0.46267432,0.7070919,0.7699913,0.37217483,0.14724417,0.69575286,-0.48773158,0.4293832,0.3248182,0.48301318,-0.07472063,0.53716826,-0.22251813,0.5242276,0.3554002,0.08133864,0.35673228,0.56160873,0.51606244,6.2143044,3.1054888,-40.862576,0.5310522,0.54965025,-17.770462,0.6738186,0.4954065,1.1746863,0.270108,0.60681367,27.399973,AVARAGE
278,1.5189053,-0.27486885,0.113680385,3.2007804,,0.40193734,0.5126438,0.32174936,0.56959087,1.7962197,0.44704446,0.19466797,1.1051518,0.7251914,0.91871303,0.5446549,0.37182263,0.7251914,0.91871303,0.35153478,0.118481755,0.660586,-0.44704446,0.41869807,0.3102462,0.50273234,-0.057838332,0.5182943,-0.22585312,0.5132637,0.27735144,0.10080843,0.39729115,0.57921314,0.53434557,5.393478,2.7962193,-0.9166589,,0.5371146,-8.649761,0.6417536,0.48155403,1.1381615,0.35516137,0.59752566,27.86982,AVARAGE
279,1.6143355,-0.28626668,0.107400104,3.7110872,-inf,0.39578518,0.5099604,0.31447408,0.56094295,1.9224076,0.45824394,0.18156298,1.065149,0.7057202,0.92792535,0.535261,,0.7057202,0.92792535,0.35571426,0.12943937,0.6581658,-0.45824394,0.39898625,0.29738566,0.49029183,-0.05758123,0.51068836,-0.2144714,0.50516665,0.3080745,0.09451278,0.3763214,0.55987513,0.5527904,5.5364523,2.9223485,3.3510747,inf,0.5275207,-7.166979,0.6395844,0.48088798,1.1387264,0.32326192,0.5346857,27.228754,AVARAGE
280,1.8530353,-0.26039502,0.09073608,4.020467,0.3231716,0.40671548,0.5621314,0.31509405,0.5986063,2.247134,0.50504553,0.16029523,1.0979533,0.7116307,0.6800312,0.5762017,0.5088048,0.7116307,0.6800312,0.38004735,0.16114424,0.71017915,-0.50504553,0.4445127,0.3275974,0.48626685,-0.06201536,0.55010396,-0.22117783,0.5346872,0.39412335,0.079551384,0.3499588,0.55160636,0.5127904,6.503623,3.2470987,0.070570335,0.5182691,0.5621318,-26.422163,0.6924956,0.50479275,1.1424617,0.2659788,0.6483521,27.632683,AVARAGE
281,2.0699904,-0.27002764,0.08158888,4.69268,,0.3891587,0.5585559,0.30244544,0.5845146,2.519983,0.5266841,0.13713172,1.0332907,0.6652945,0.48087072,0.5641332,inf,0.6652945,0.48087072,0.39176854,0.17905158,0.7121847,-0.5266841,0.4101849,0.3130883,0.45902017,-0.07459304,0.5436932,-0.20402843,0.5227545,0.45008582,0.06987331,0.31486997,0.5236949,0.5308094,6.916881,3.5199447,1.6326824,,0.54904467,-25.79283,0.6929397,0.4949266,1.1735711,0.1999538,0.61521834,26.039145,HEALTHY
282,1.6313592,-0.2680464,0.120078035,3.576471,-inf,0.42667425,0.5082604,0.352184,0.59395915,1.9957726,0.46949273,0.19584474,1.0783782,0.7649533,1.2739848,0.56496245,0.48510045,0.7649533,1.2739848,0.34959933,0.15016037,0.6803512,-0.46949273,0.39975822,0.31552795,0.5260046,-0.09095375,0.5331985,-0.23298226,0.5334447,0.36445007,0.099337004,0.39209762,0.54727787,0.5262385,5.8012724,2.9957728,0.46896324,inf,0.55584717,-7.340653,0.64974505,0.51543456,1.2178612,0.36428887,0.61027485,29.460363,
283,1.6301869,-0.28048885,0.11447748,3.7732584,-inf,0.39822322,0.49398035,0.33554837,0.5679685,1.9763916,0.46635413,0.18136756,1.0376421,0.71103394,0.8988046,0.5433441,inf,0.71103394,0.8988046,0.35188448,0.14376722,0.6703461,-0.46635413,0.38207576,0.3073463,0.49136695,-0.097219594,0.5190144,-0.22267722,0.51195,0.3462684,0.09315593,0.36944073,0.5463941,0.5381358,5.7416925,2.976331,-1.9466796,inf,0.5345238,-7.858481,0.6375387,0.48307842,1.2323037,0.32555825,0.46558693,27.421127,AVARAGE
284,1.9930184,-0.2635529,0.08164859,4.6942716,0.33078092,0.38404047,0.5745606,0.30213323,0.5841458,2.4074218,0.5186521,0.14513712,1.1002175,0.67004603,0.39237165,0.56701005,inf,0.67004603,0.39237165,0.39091998,0.16771708,0.7260102,-0.5186521,0.46034417,0.3426795,0.45415983,-0.07382625,0.55094767,-0.22358334,0.5244782,0.41437867,0.07011938,0.32357147,0.55324894,0.49489903,7.0940266,3.407384,-1.671036,0.41730598,0.55197394,-18.906927,0.7054682,0.47824344,1.170768,0.20780355,0.6575228,26.043137,AVARAGE
285,1.9294834,-0.2697667,0.08921941,4.2648053,-inf,0.39749599,0.5566638,0.30392137,0.5835364,2.287921,0.5061647,0.15489031,1.1561712,0.68797606,0.6834753,0.559701,,0.68797606,0.6834753,0.393282,0.14705926,0.6957073,-0.5061647,0.42194587,0.30746388,0.47828323,-0.05045204,0.5367931,-0.20045923,0.522455,0.3583662,0.08079354,0.35357276,0.559991,0.54010177,6.426602,3.2877758,0.6196412,inf,0.5476481,-18.29477,0.6842666,0.49905452,1.1180664,0.2191024,0.6209921,26.813677,AVARAGE
286,1.6521567,-0.2753653,0.111030646,3.5088506,0.29571143,0.4149423,0.51585406,0.3279563,0.5821193,1.9852697,0.46400908,0.18743233,1.1312199,0.73843324,1.1608019,0.5533217,-inf,0.73843324,1.1608019,0.35470083,0.13685077,0.6662192,-0.46400908,0.40659872,0.30467635,0.5120437,-0.065837204,0.5224895,-0.22149578,0.5230614,0.33320925,0.09710137,0.38811564,0.55250096,0.54696196,5.7708097,2.985179,1.5163599,0.6343402,0.5439655,-13.426603,0.6471047,0.504809,1.1582394,0.3190393,0.5868823,28.510214,AVARAGE
287,1.5035226,-0.30632123,0.10747692,3.6744404,inf,0.3558187,0.48576105,0.2857371,0.51141346,1.8257499,0.4427333,0.17481008,0.86528313,0.6304823,0.59162545,0.488903,inf,0.6304823,0.59162545,0.33411545,0.13311791,0.62132096,-0.4427333,0.3565918,0.26012948,0.45491087,-0.037484903,0.4767342,-0.20039937,0.46773183,0.32230067,0.099097654,0.34710416,0.5200848,0.605482,5.002579,2.8256083,0.8237482,-inf,0.48611015,-8.460895,0.61191565,0.43395826,1.0964407,0.3181041,0.5074905,24.377287,
288,1.2990197,-0.33074063,0.1053146,3.2945423,inf,0.30963868,0.45880926,0.24805671,0.45612493,1.5834682,0.40375167,0.16938005,0.70404196,0.5501955,0.19744608,0.43784136,,0.5501955,0.19744608,0.3059071,0.1192809,0.5742188,-0.40375167,0.34061685,0.2419756,0.412131,-0.018700492,0.43616405,-0.18967985,0.42315286,0.28463212,0.102502,0.3191278,0.4934672,0.62644684,4.4725204,2.5832949,31.56166,-inf,0.43861654,-5.4415746,0.57451075,0.37569696,1.0515877,0.307196,0.42336848,21.252863,AVARAGE
289,1.364359,-0.30412143,0.1172809,3.1294925,-inf,0.37666616,0.48796576,0.2927017,0.52134615,1.6527617,0.41629407,0.20065753,0.9089925,0.6811296,0.99272925,0.49567246,inf,0.6811296,0.99272925,0.31805992,0.12075849,0.60794145,-0.41629407,0.3820113,0.26941875,0.48837137,-0.021405885,0.47458383,-0.2094657,0.47721723,0.28850287,0.111716986,0.3825388,0.525863,0.59036684,4.7488093,2.65271,-3.0734859,inf,0.49290842,-0.86009556,0.6036593,0.44890004,1.0596673,0.3841398,0.48630837,26.157295,AVARAGE
290,1.5114793,-0.30396718,0.101579964,3.390606,,0.35238308,0.49459496,0.27536482,0.5146377,1.8419672,0.4395518,0.16798492,0.8859219,0.6198041,0.46666858,0.49350196,inf,0.6198041,0.46666858,0.33068472,0.13632089,0.6202633,-0.4395518,0.37699544,0.27212417,0.4482924,-0.0347435,0.47835168,-0.19719215,0.46865112,0.3304977,0.095931135,0.33638167,0.5055232,0.5883364,5.2673855,2.8418534,0.15034027,,0.48754415,-11.021862,0.6138893,0.43280146,1.0863746,0.28244552,0.5179555,24.024199,AVARAGE
291,1.3653934,-0.29268605,0.11064675,3.124853,0.2853498,0.37760773,0.49881062,0.30153394,0.5381299,1.6662916,0.42722172,0.19062519,0.95003724,0.68657005,0.798493,0.51445585,inf,0.68657005,0.798493,0.32251567,0.12703557,0.6400666,-0.42722172,0.4143086,0.30385116,0.47668484,-0.05123047,0.49599978,-0.23357457,0.48884928,0.30100787,0.09907714,0.36865088,0.5468492,0.54308724,5.113886,2.6662655,2.545482,0.75164264,0.5098086,-8.828045,0.6237546,0.44829407,1.1179957,0.36717704,0.5390051,26.318388,AVARAGE
292,1.5655179,-0.26109466,0.11307042,3.1077414,0.28200483,0.4360374,0.53216296,0.3387412,0.6074849,1.8828464,0.45976347,0.20068201,1.197293,0.78617126,1.3097147,0.57804716,0.4167189,0.78617126,1.3097147,0.3521515,0.13337438,0.68249667,-0.45976347,0.44686192,0.3312611,0.5352595,-0.06583556,0.5408821,-0.2399376,0.54239804,0.3173896,0.09922213,0.40972412,0.5746975,0.50707614,5.800123,2.8828464,0.90745527,0.696398,0.56709653,-11.972027,0.66198695,0.5234799,1.1513556,0.3583769,0.62451357,30.221125,AVARAGE
293,1.6035298,-0.28583837,0.096979275,3.6239018,0.28005216,0.37255388,0.5260885,0.2910895,0.54719615,1.906306,0.45661435,0.17001665,1.0590574,0.6624793,0.56741434,0.5258428,inf,0.6624793,0.56741434,0.35508206,0.12748487,0.6590633,-0.45661435,0.42593348,0.30741954,0.46180016,-0.044361785,0.5080245,-0.21446428,0.495837,0.30289888,0.08924628,0.354888,0.55516416,0.54099184,5.710851,2.906306,2.0286453,0.5886668,0.51723546,-19.619785,0.64800364,0.4530637,1.1074833,0.2722655,0.5714076,25.584045,HEALTHY
294,1.6360176,-0.300227,0.092365906,3.949996,inf,0.34803453,0.51330215,0.27272546,0.51925194,1.9785414,0.46018967,0.15554515,0.89459574,0.6094417,0.33308533,0.50010544,,0.6094417,0.33308533,0.3491619,0.14090475,0.6434358,-0.46018967,0.39050388,0.28290674,0.43415445,-0.038721118,0.4899987,-0.19946153,0.47296986,0.34243804,0.086130396,0.32150102,0.5198075,0.5724851,5.606029,2.9783034,7.534085,-inf,0.49342373,-18.445753,0.63515985,0.4300887,1.0951889,0.2578124,0.5221954,23.65839,AVARAGE
295,1.5606879,-0.27386016,0.119877174,3.3236573,0.32032654,0.41366258,0.49249402,0.3401291,0.5793912,1.933627,0.4648503,0.18981743,0.96591604,0.73537827,1.0532824,0.55228275,0.50611824,0.73537827,1.0532824,0.341015,0.15307608,0.6648357,-0.4648503,0.3725405,0.2961108,0.5139261,-0.08686835,0.52247053,-0.22475514,0.5207257,0.3729024,0.10026349,0.3775394,0.530274,0.5513282,5.469705,2.9335675,0.64887255,0.7333599,0.54410326,-9.762796,0.63584703,0.504362,1.2040721,0.3707367,0.5917617,28.401913,AVARAGE
296,1.7034377,-0.26876083,0.104610026,3.5909457,,0.40744862,0.51945937,0.32660392,0.58738697,2.0630767,0.4797192,0.17276986,1.0921671,0.7189045,0.8550464,0.562067,0.47626624,0.7189045,0.8550464,0.36223587,0.14824851,0.6847721,-0.4797192,0.40733466,0.31642666,0.49546415,-0.0865003,0.53423136,-0.22418822,0.5258056,0.3596181,0.0880283,0.3655189,0.5499861,0.5286961,6.041089,3.06298,-28.814095,,0.55073607,-19.139456,0.6582987,0.50074434,1.203099,0.2945413,0.6141012,27.835815,HEALTHY
297,1.5703744,-0.2700318,0.11949541,3.2829998,inf,0.4220326,0.5021222,0.3469903,0.59002656,1.918063,0.46027276,0.19484696,1.0872909,0.75675136,1.1836233,0.56213856,-inf,0.75675136,1.1836233,0.34432432,0.14353344,0.67213005,-0.46027276,0.40267,0.315488,0.52132565,-0.090318784,0.5290086,-0.23450485,0.5290954,0.34775957,0.09930627,0.39085773,0.54950523,0.5304172,5.7267203,2.9180632,0.79463595,-inf,0.5521215,-10.3721895,0.6418601,0.5094238,1.215653,0.3573861,0.6014424,29.142792,HEALTHY
298,1.8086126,-0.27032223,0.102887556,4.0470247,0.33509612,0.3886818,0.5126627,0.32235837,0.573528,2.211199,0.49891013,0.15951517,0.9653563,0.67711276,0.50293857,0.55326164,0.5392266,0.67711276,0.50293857,0.37039506,0.16354944,0.69164085,-0.49891013,0.37402913,0.30207944,0.47293356,-0.09744182,0.53331023,-0.2142022,0.51559365,0.40265587,0.08425175,0.3402715,0.53478235,0.5441931,6.096499,3.211199,-0.58574384,0.5611661,0.54238987,-14.825281,0.6598767,0.48471513,1.2304531,0.2837394,0.6184374,26.331446,AVARAGE
299,1.7038225,-0.28905314,0.0973567,4.328723,inf,0.3572562,0.5081711,0.2951406,0.5352822,2.112404,0.48446086,0.15390712,0.84274703,0.62562585,0.29996613,0.51702935,inf,0.62562585,0.29996613,0.35297784,0.16529381,0.6735235,-0.48446086,0.37246135,0.2910469,0.43988517,-0.07836649,0.5091706,-0.21360806,0.48699245,0.40858048,0.082634665,0.31509927,0.5158342,0.56029266,5.8070936,3.1123037,0.9364119,-inf,0.5103388,-12.6810665,0.6486469,0.4426437,1.1840417,0.28356445,0.57317674,24.285929,AVARAGE
