,ARI_2_mean,ATSAVI_mean,blue_mean,CRI_2_mean,DATT_mean,DVI_mean,ENDVI_mean,EVI_mean,EVI_2_mean,GCI_mean,GNDVI_mean,green_mean,MCARI_mean,MCARI_1_mean,MCARI_2_mean,MSAVI_mean,MTCI_mean,MTVI_1_mean,MTVI_2_mean,NDCI_mean,NDRE_mean,NDVI_mean,NDWI_mean,NEXG_mean,NGRDI_mean,nir_mean,NPCI_mean,OSAVI_mean,PSRI_mean,RDVI_mean,RECI_mean,red_mean,rede_mean,RERI_mean,RGVI_mean,RVI_1_mean,RVI_2_mean,R_MCARI_MTVI2_mean,R_TCARI_OSAVI_mean,SAVI_mean,SAVI_2_mean,SIPI_mean,SPVI_mean,SRPI_mean,TCARI_mean,TSAVI_mean,TVI_mean,HEALTH_STA
0,2.0733044,-0.33118376,0.095401034,6.028979,0.4384234,0.29157454,0.47462526,0.2172508,0.43376774,2.5474317,0.5396677,0.124365196,0.41037706,0.44622955,-0.3418188,0.41644096,inf,0.44622955,-0.3418188,0.39617607,0.18760392,0.582229,-0.5396677,0.13187136,0.066835135,0.39904088,0.056931518,0.43226722,-0.047832992,0.40662053,0.4741632,0.10746633,0.2782367,0.41578507,0.89107376,4.1104,3.5474317,9.187836,0.55318284,0.42577636,12.170945,0.6052001,0.40257877,0.90266424,0.2460762,0.48361382,18.17043,AVARAGE
1,1.9289515,-0.35456088,0.116505146,6.2771573,0.46342716,0.27271727,0.40886244,0.2112626,0.39398748,2.4170556,0.52123004,0.13347729,0.3122638,0.4050604,-0.39070603,0.37805346,inf,0.4050604,-0.39070603,0.37235194,0.19145502,0.54135644,-0.52123004,0.061912566,0.032592747,0.39827943,0.025889073,0.39577127,-0.02267798,0.37551326,0.48811212,0.12556219,0.27721617,0.37518793,0.9500402,3.7004805,3.4170558,-0.92573,0.60107464,0.3897775,7.663375,0.55463207,0.38092723,0.9598709,0.24017781,0.3996953,16.67992,AVARAGE
2,1.8750101,-0.36268246,0.10296805,5.7882485,inf,0.25180173,0.443657,0.17927778,0.3679367,2.3086274,0.51120776,0.13086691,0.27537167,0.3621197,-0.5667122,0.3536604,inf,0.3621197,-0.5667122,0.37621376,0.17343262,0.5060867,-0.51120776,0.06983216,-0.003408397,0.38296488,0.11511912,0.37397,0.009595267,0.35156643,0.43361744,0.13116738,0.27536386,0.36985192,1.0210847,3.3324883,3.3086274,-0.42635402,-inf,0.3673425,8.526217,0.55819964,0.3514598,0.8029508,0.23083968,0.39068818,15.0963335,AVARAGE
3,1.7282178,-0.37201777,0.11958113,5.4856033,0.43396175,0.2502959,0.42604062,0.1732283,0.35186255,2.1545985,0.48635483,0.15326394,0.25870064,0.3543807,-0.50924116,0.33893827,inf,0.3543807,-0.50924116,0.3518089,0.17037351,0.48013535,-0.48635483,0.07054334,-0.002349904,0.4074351,0.11476891,0.35419512,0.01196501,0.33892718,0.42640093,0.1571392,0.29841286,0.34569803,1.0202231,3.2182162,3.1545985,-0.023574868,0.7449067,0.35111248,5.808571,0.53665525,0.34491292,0.8059906,0.23133479,0.3528309,14.862744,AVARAGE
4,2.0301409,-0.34583825,0.10908028,5.7655387,inf,0.27862364,0.44304138,0.2012893,0.4031263,2.5041773,0.5280953,0.13325895,0.31915087,0.40387195,-0.46558127,0.38807416,inf,0.40387195,-0.46558127,0.385244,0.1868873,0.5311916,-0.5280953,0.06910369,0.010387681,0.41014498,0.08188968,0.3988474,0.00093171844,0.3806263,0.4740442,0.13154025,0.28681663,0.36818054,1.0018611,3.6523054,3.5041773,-0.60625637,-inf,0.39748073,11.077727,0.5696396,0.3856235,0.85626096,0.23830117,0.43106127,16.785032,AVARAGE
5,2.146283,-0.3425413,0.09433126,6.5155087,inf,0.27384812,0.46965736,0.20165592,0.41180298,2.6480997,0.5437136,0.119265005,0.3508106,0.40604618,-0.48287147,0.3959941,inf,0.40604618,-0.48287147,0.3954976,0.19644015,0.5655964,-0.5437136,0.10219852,0.03933638,0.38558513,0.07067748,0.41527602,-0.019660734,0.38929716,0.50182474,0.11174993,0.26439035,0.38264197,0.9464468,4.0360746,3.6480997,0.7625612,-inf,0.4057902,9.191585,0.59717125,0.3777632,0.875962,0.22002202,0.4478685,16.730715,AVARAGE
6,1.8432077,-0.35388592,0.13486524,5.03597,inf,0.27798438,0.40056336,0.20384665,0.3852181,2.3050296,0.5019339,0.15545224,0.28566644,0.3932137,-0.42382064,0.3714141,inf,0.3932137,-0.42382064,0.35997844,0.18256648,0.49346477,-0.5019339,0.03880387,-0.0056390823,0.43795013,0.07078658,0.37537968,0.019905396,0.36595273,0.46182984,0.15997997,0.31035423,0.3378162,1.0350196,3.3419116,3.3050296,-0.13180803,-inf,0.38010085,6.878665,0.53045624,0.37854433,0.881337,0.2413625,0.4006458,16.497097,AVARAGE
7,2.1195219,-0.34912753,0.10008458,6.295799,inf,0.2733197,0.4709595,0.19181919,0.39726445,2.6055005,0.53651553,0.12888266,0.31474862,0.39338017,-0.47610253,0.38151264,inf,0.39338017,-0.47610253,0.39375573,0.18983994,0.53555024,-0.53651553,0.077155694,0.0015683073,0.40231398,0.11463721,0.39727092,0.009390668,0.37747154,0.48597836,0.12900297,0.28123805,0.36988562,1.0255872,3.6510003,3.6055005,-1.8484055,-inf,0.39264575,7.7323446,0.58527964,0.37376085,0.80622774,0.23178257,0.4280949,16.393848,AVARAGE
8,2.0023108,-0.34136644,0.11930506,5.091608,inf,0.30071303,0.46462694,0.20065638,0.4123261,2.4628856,0.51334333,0.15802817,0.33851603,0.43061605,-0.30358857,0.39747155,inf,0.43061605,-0.30358857,0.37556684,0.18118374,0.5155291,-0.51334333,0.09075677,0.008557647,0.4602581,0.12113214,0.3955138,0.0034969293,0.38802186,0.46059763,0.15955985,0.32683778,0.36207187,1.0172281,3.5948212,3.462886,-0.4739545,-inf,0.4037845,4.475692,0.57150865,0.40527812,0.797856,0.2591925,0.43066475,17.980627,AVARAGE
9,2.2122438,-0.33109593,0.115256324,5.807152,inf,0.31596035,0.46200058,0.22027455,0.43907622,2.7268496,0.5429238,0.14286827,0.3667033,0.4600167,-0.1940029,0.4216258,inf,0.4600167,-0.1940029,0.39357814,0.19943403,0.55157304,-0.5429238,0.077158004,0.017955467,0.45559198,0.078584716,0.42032886,-0.006509879,0.41072962,0.51460546,0.13963675,0.31149235,0.36927834,0.99172044,3.9340713,3.7268496,0.55513066,-inf,0.42737064,8.805319,0.58779603,0.43571278,0.86523557,0.2562668,0.46295807,19.086576,AVARAGE
10,2.0421312,-0.34289077,0.10207963,5.7796993,inf,0.2795697,0.46224248,0.20049661,0.40826395,2.5326076,0.5328072,0.1289265,0.32637084,0.4086821,-0.4606616,0.39242163,inf,0.4086821,-0.4606616,0.384763,0.19327277,0.54351425,-0.5328072,0.08724518,0.019483395,0.40453187,0.09159383,0.4060772,-0.007762164,0.38490015,0.4905099,0.12498971,0.27927566,0.3711962,0.98352194,3.7240808,3.5326076,-0.4422796,-inf,0.40260908,8.525929,0.58396184,0.3869726,0.8408811,0.23372999,0.44552472,16.93,AVARAGE
11,1.8807629,-0.35600173,0.13252158,5.3642993,inf,0.27833378,0.3995264,0.20253122,0.38466743,2.3745852,0.511185,0.15069444,0.27150598,0.3903262,-0.4301437,0.3704561,inf,0.3903262,-0.4301437,0.36025125,0.19330046,0.5000748,-0.511185,0.028055517,-0.009431998,0.43571618,0.063851245,0.37655362,0.02055093,0.36634296,0.4938384,0.15739615,0.30279753,0.3305643,1.0379977,3.3868866,3.374585,-0.24323091,-inf,0.3798405,10.377435,0.5338822,0.3840634,0.89447236,0.23103909,0.39466915,16.431135,AVARAGE
12,1.7903194,-0.38101488,0.10331429,5.7981534,inf,0.2302328,0.4355721,0.15785483,0.33382645,2.219763,0.5009292,0.13089314,0.2236087,0.31408966,-0.67495567,0.32041824,inf,0.31408966,-0.67495567,0.36444032,0.17260602,0.46851203,-0.5009292,0.040093925,-0.040808465,0.37228018,0.151045,0.34325176,0.047262732,0.32305557,0.42944366,0.14206238,0.26944554,0.3342791,1.0995188,2.994379,3.2197628,-0.15934119,-inf,0.33577782,6.9319835,0.5392704,0.31714243,0.7449663,0.20317994,0.34142518,13.366299,AVARAGE
13,1.7725462,-0.36845985,0.12141593,5.19135,inf,0.25643525,0.4333071,0.17158854,0.3559633,2.2021677,0.49043292,0.15665065,0.25631222,0.35182205,-0.55039066,0.34335884,inf,0.35182205,-0.55039066,0.35532743,0.17195213,0.46969604,-0.49043292,0.05795124,-0.020966113,0.4242274,0.136586,0.3525594,0.03313601,0.34087136,0.4296218,0.16781344,0.3084506,0.3310713,1.0567299,3.1574154,3.2021682,-2.266373,-inf,0.35386327,5.9407997,0.53746897,0.35209247,0.7705834,0.2220986,0.36294284,14.938572,AVARAGE
14,1.9924903,-0.34656584,0.11647099,5.6985297,inf,0.28986335,0.44065866,0.20455644,0.40583888,2.4936385,0.52633315,0.14191563,0.31112802,0.4181,-0.3217906,0.3896028,inf,0.4181,-0.3217906,0.3755853,0.19565478,0.52726805,-0.52633315,0.06444621,0.0075240643,0.43131366,0.08330412,0.39662462,0.003702485,0.38367325,0.50115687,0.14146003,0.2973446,0.353894,0.99762416,3.6263566,3.4936385,-0.47755265,-inf,0.3988356,8.131866,0.56671363,0.40747297,0.85509634,0.24240445,0.4270843,17.409443,AVARAGE
15,1.5310639,-0.40555868,0.11549861,5.719489,,0.20991315,0.40371582,0.14116582,0.29480544,1.9095869,0.46224648,0.14726669,0.19293168,0.28313747,-0.65757596,0.28313032,inf,0.28313747,-0.65757596,0.33779562,0.15349676,0.42550662,-0.46224648,0.037481494,-0.04499759,0.36943325,0.1553839,0.30641305,0.052655842,0.29022765,0.37856296,0.15952748,0.2803307,0.32454434,1.1063464,2.6797757,2.9095867,-0.13824068,,0.29911497,5.6534667,0.50229734,0.28561527,0.73653513,0.20564047,0.2516361,12.103914,
16,1.8913965,-0.3535314,0.10308392,5.7387514,0.4290487,0.26659143,0.45936322,0.18844509,0.38649827,2.338635,0.5138275,0.13573653,0.30616713,0.39267868,-0.47965458,0.37147823,inf,0.39267868,-0.47965458,0.3766824,0.17661986,0.52343374,-0.5138275,0.0931554,0.014279473,0.39669526,0.11295466,0.38886985,-0.008337905,0.36777422,0.4472912,0.13010381,0.2845669,0.38505334,0.983631,3.446656,3.3386352,-0.5238032,0.65710753,0.38422617,10.679563,0.5730081,0.37359563,0.8019082,0.24785233,0.41564733,16.220795,AVARAGE
17,2.354146,-0.34101534,0.0809558,7.400018,0.46541733,0.26791623,0.50290424,0.19406837,0.4115234,2.892383,0.5667676,0.10619925,0.32924393,0.39530402,-0.5736751,0.39581543,inf,0.39530402,-0.5736751,0.41415924,0.20664161,0.5827221,-0.5667676,0.10322529,0.02698354,0.3680228,0.10018569,0.42275205,-0.016294599,0.38978127,0.53824604,0.10010654,0.24620946,0.39098546,0.96015716,4.14338,3.892383,-0.5096586,0.4940641,0.40777534,3.940201,0.6218889,0.37843275,0.82209456,0.20804562,0.46703804,16.318684,AVARAGE
18,2.1593914,-0.32597384,0.12669048,6.032641,0.47346863,0.31725207,0.42776826,0.24706557,0.4476623,2.705276,0.5422859,0.14377607,0.37353575,0.47776178,-0.13499948,0.43021688,0.9139696,0.47776178,-0.13499948,0.3844649,0.20809087,0.57559454,-0.5422859,0.074085444,0.053318683,0.4476187,0.0012983362,0.43355885,-0.043291964,0.4194002,0.5459399,0.13036661,0.30207914,0.38133514,0.9139232,4.1784334,3.705276,0.2214025,0.6161067,0.43638095,8.2533,0.5794026,0.4411003,1.0065129,0.26426774,0.4827518,19.571505,AVARAGE
19,1.938283,-0.3523404,0.12661675,5.521134,inf,0.27561054,0.4177443,0.19886583,0.38625157,2.4130697,0.5165196,0.1478134,0.2785789,0.3894869,-0.47143984,0.37219408,inf,0.3894869,-0.47143984,0.3719567,0.18638536,0.50759894,-0.5165196,0.04081854,-0.008223366,0.42815343,0.079208106,0.38186827,0.011996631,0.3675254,0.47478685,0.15254763,0.30270618,0.35113415,1.0351068,3.4127958,3.4130697,-0.7922481,-inf,0.382799,7.3747244,0.54692066,0.38021925,0.8618296,0.24025284,0.4134639,16.34698,AVARAGE
20,1.3642466,-0.42222247,0.11173332,4.8459888,inf,0.1753172,0.37854403,0.118099496,0.2534859,1.7141039,0.44057924,0.13911046,0.1320213,0.21335611,-0.90166086,0.24393901,inf,0.21335237,-0.90166086,0.32037935,0.14455041,0.37231892,-0.44057924,0.002723311,-0.08138159,0.33947927,0.18120894,0.2696616,0.09745933,0.25096002,0.34986958,0.16417128,0.26058745,0.28202003,1.1955416,2.319277,2.7141042,-0.094861425,-inf,0.26122317,6.086867,0.46924523,0.2234354,0.6996995,0.16394417,0.21697368,9.516048,
21,1.4546092,-0.404151,0.1212536,4.796549,-inf,0.20530657,0.40028426,0.13572553,0.28631344,1.7966951,0.4478328,0.15661165,0.17866695,0.264486,-0.7816325,0.276318,inf,0.264486,-0.7816325,0.33238354,0.14134647,0.400307,-0.4478328,0.03185828,-0.057180256,0.38188323,0.17479724,0.29493618,0.06601133,0.28065813,0.34212515,0.17657998,0.2960677,0.3155065,1.144387,2.5104039,2.7966952,0.15744562,inf,0.29127806,6.5939045,0.49053982,0.26703623,0.710426,0.20452337,0.26435027,11.519459,
22,1.7328721,-0.36901954,0.10499159,4.9861035,0.45271146,0.25340506,0.46589753,0.16254692,0.3537596,2.1420248,0.49782947,0.14544365,0.2416175,0.34512532,-0.62442815,0.34103358,inf,0.34512532,-0.62442815,0.36581543,0.16621074,0.46631208,-0.49782947,0.066207215,-0.03882659,0.4115269,0.1910612,0.3522083,0.04374709,0.33866405,0.40915978,0.15812187,0.30111113,0.34480402,1.0982221,2.9383755,3.1420248,1.9787495,0.665567,0.35370353,7.6178885,0.55314076,0.34650308,0.6882126,0.23534055,0.36086768,14.697176,AVARAGE
23,1.4938432,-0.41300228,0.1188892,5.2877035,0.46621576,0.19423504,0.40514383,0.12585646,0.2703314,1.8681911,0.45630145,0.15332973,0.14619794,0.23394449,-0.86318386,0.2609786,inf,0.23394853,-0.86318386,0.33271152,0.1519383,0.38644713,-0.45630145,0.0078060264,-0.08417681,0.37689424,0.19846113,0.2810982,0.098771125,0.2674454,0.37436086,0.18265921,0.28792202,0.2836492,1.1991637,2.446922,2.8681912,-0.12999593,0.6846134,0.2761585,5.1544685,0.4893425,0.24770552,0.6791808,0.17508815,0.23748912,10.480925,
24,1.8533785,-0.35463914,0.113180384,5.253413,inf,0.27705827,0.44724908,0.19026388,0.38762337,2.3066816,0.5094168,0.14559628,0.28651425,0.39746124,-0.42751196,0.37280387,0.8523236,0.39746124,-0.42751196,0.37024954,0.17867142,0.5029139,-0.5094168,0.068868175,-0.007457475,0.42359155,0.123324946,0.38053566,0.011492276,0.3676082,0.45331046,0.14654694,0.30219075,0.36156672,1.0265299,3.275487,3.3066816,0.042294167,-inf,0.3834552,9.397518,0.55885875,0.38909256,0.7886171,0.25503126,0.39730743,16.584652,AVARAGE
25,1.7247813,-0.3685839,0.112428665,5.130406,0.4533901,0.24565664,0.43408844,0.17080301,0.35202983,2.171032,0.49108386,0.14432879,0.2303814,0.3453747,-0.63330925,0.33924058,inf,0.3453747,-0.63330925,0.3514091,0.17645848,0.4759232,-0.49108386,0.059999518,-0.019509306,0.3953513,0.13569716,0.35570568,0.022143064,0.3374138,0.4462739,0.14969471,0.284573,0.33868313,1.0533689,3.056493,3.1710317,-0.16601014,0.6846542,0.35274327,8.511124,0.5400872,0.34024256,0.7687696,0.22809461,0.37089044,14.52476,AVARAGE
26,2.4245174,-0.316832,0.104069754,6.564102,inf,0.31965563,0.4850255,0.23345952,0.46263984,3.0246618,0.5713782,0.1284189,0.37638086,0.4764303,-0.22179377,0.4449501,0.97145563,0.4764303,-0.22179377,0.40622473,0.22510402,0.59791225,-0.5713782,0.0942578,0.044961218,0.43772662,0.049146604,0.45019454,-0.031228157,0.43102667,0.6001445,0.11807648,0.2850028,0.37522882,0.9274393,4.4503493,4.0246615,-0.5645389,-inf,0.4501299,6.1949916,0.6200354,0.44881728,0.916201,0.24421296,0.5157877,19.592705,AVARAGE
27,1.7760075,-0.35760757,0.118544094,5.224616,inf,0.2695487,0.4323944,0.1894235,0.378521,2.2332923,0.50332236,0.14830726,0.2770635,0.38735974,-0.4443009,0.36400652,inf,0.38735974,-0.4443009,0.3595123,0.18165514,0.49871272,-0.50332236,0.06654132,-0.0030910976,0.41833362,0.10791284,0.37502688,0.009668401,0.36074138,0.45729342,0.14880003,0.29858336,0.35054743,1.028244,3.2515278,3.2332926,-0.48093632,-inf,0.3756703,10.099438,0.5496846,0.36967266,0.8124488,0.24849047,0.39735103,16.152308,AVARAGE
28,1.3853234,-0.40814885,0.12646493,4.1747837,0.5024194,0.19888602,0.40091264,0.124541014,0.27131164,1.73498,0.44097152,0.16477571,0.14698374,0.23341438,-0.8915533,0.2630868,inf,0.23341438,-0.8915533,0.32055306,0.14525501,0.36416948,-0.44097152,0.010749057,-0.089600295,0.39762422,0.21429083,0.27506346,0.111354336,0.26507643,0.34965667,0.1987382,0.3047453,0.26745382,1.2265068,2.3150682,2.7349803,-0.30555826,0.57416564,0.27625453,6.879405,0.47806305,0.24425694,0.65273976,0.17525803,0.2491973,10.574855,
29,1.5753648,-0.380861,0.113532096,4.674187,0.4699394,0.2405267,0.44345495,0.15407105,0.33155257,1.9931514,0.4752651,0.15386292,0.21327448,0.3265361,-0.5880508,0.3193234,inf,0.3265361,-0.5880508,0.3384979,0.16868554,0.44004145,-0.4752651,0.059074257,-0.0434237,0.40709627,0.18817349,0.3315308,0.052233096,0.3197683,0.41781446,0.16656956,0.29756933,0.31441373,1.1127769,2.763645,2.9931514,-0.54086405,0.7040415,0.3326766,6.5387955,0.52968556,0.32347137,0.68876207,0.22238712,0.3286778,13.923337,AVARAGE
30,1.7385305,-0.36587268,0.12515417,5.4826217,0.48774725,0.26455382,0.40736923,0.19435863,0.36965325,2.2222698,0.49780342,0.14820166,0.25776204,0.38328382,-0.38949823,0.3551832,inf,0.38328382,-0.38949823,0.34635606,0.18992038,0.4975408,-0.49780342,0.054242507,0.0030904452,0.41126427,0.07707216,0.36882815,0.0023735422,0.35436997,0.48374736,0.14671043,0.28792724,0.33836237,1.0060778,3.2888002,3.2222695,-0.61068887,0.6388852,0.36730215,5.8164983,0.53469354,0.36989504,0.8657671,0.23702902,0.36230296,15.932878,
31,2.019363,-0.36226332,0.085752875,6.6434093,0.49675938,0.24561404,0.485796,0.17183772,0.37008348,2.5355308,0.5329247,0.11612301,0.25738573,0.35391703,-0.63082296,0.35516265,inf,0.35391703,-0.63082296,0.3784889,0.1994838,0.5304946,-0.5329247,0.08955034,-0.0015316147,0.36158782,0.14247482,0.38376713,0.0055226535,0.3550249,0.5161679,0.11597376,0.247023,0.35616636,1.0175346,3.548221,3.5355308,-0.5394301,0.49993262,0.37033564,8.592544,0.5901369,0.34407637,0.756453,0.2045354,0.40543243,14.742813,AVARAGE
32,2.0188093,-0.34519163,0.11378398,5.8892684,inf,0.2834809,0.44289005,0.20532858,0.40450624,2.5468848,0.5308783,0.13743882,0.2907741,0.4115621,-0.41608545,0.3892163,0.9075627,0.4115621,-0.41608545,0.37422335,0.20353271,0.5354881,-0.5308783,0.06527032,0.009968095,0.41876322,0.07842386,0.40041304,-0.0025899492,0.3830214,0.52807546,0.13528717,0.284178,0.352731,0.99616045,3.6627383,3.5468848,4.8573213,-inf,0.39931366,6.1473365,0.57102686,0.39600888,0.86299247,0.23814982,0.43276253,17.09463,AVARAGE
33,2.0020754,-0.35861608,0.0846366,6.372193,inf,0.2528081,0.49918622,0.17229564,0.37615693,2.4788315,0.53451204,0.11931293,0.27253717,0.3629557,-0.6083102,0.36094686,inf,0.3629557,-0.6083102,0.38912222,0.18882002,0.5272923,-0.53451204,0.09422289,-0.008951396,0.3728013,0.1672422,0.38602906,0.01359458,0.35970315,0.47675598,0.1200021,0.26061213,0.3689608,1.0342689,3.4307039,3.4788313,0.3618954,-inf,0.3758724,9.4074,0.5959233,0.35358873,0.7207007,0.2217292,0.41000202,15.140385,AVARAGE
34,1.970049,-0.3439544,0.11819963,5.5110636,inf,0.28518054,0.4315505,0.21157177,0.4063555,2.4726567,0.5225954,0.14067568,0.30588678,0.41583365,-0.39151734,0.39104468,inf,0.41583365,-0.39151734,0.37178645,0.19584547,0.53119594,-0.5225954,0.06665881,0.016934555,0.42252144,0.06626004,0.39999,-0.0059721065,0.38363248,0.5026075,0.13735044,0.29051316,0.3573391,0.9822112,3.6522253,3.4726565,1.4647173,-inf,0.40033847,9.771964,0.5627318,0.39810494,0.88980556,0.24302132,0.43606055,17.243557,AVARAGE
35,1.482093,-0.4063118,0.11039697,5.2946315,inf,0.20329294,0.40066817,0.14019959,0.29084697,1.8698758,0.45986417,0.13949811,0.17641626,0.27146557,-0.72098213,0.27920437,0.9019088,0.27146557,-0.72098213,0.33145994,0.15728545,0.41787565,-0.45986417,0.031115739,-0.05121908,0.3564233,0.15976433,0.30298394,0.062089894,0.285259,0.3877954,0.15313368,0.26685023,0.3098534,1.1237179,2.6076286,2.869876,3.9322944,-inf,0.29550302,7.422311,0.49842417,0.27452958,0.7335305,0.19562791,0.25861704,11.651955,AVARAGE
36,2.0700846,-0.32954344,0.11576393,5.2502184,inf,0.31481233,0.46165913,0.22141033,0.43898374,2.5639486,0.5331312,0.14578669,0.36878675,0.46287492,-0.22154438,0.42199093,inf,0.46287492,-0.22154438,0.38771775,0.19194101,0.5477166,-0.5331312,0.08920945,0.024639288,0.4544699,0.08386861,0.42038673,-0.012368057,0.4099395,0.49386442,0.13966298,0.314537,0.38072565,0.9708942,3.7949972,3.5639489,-0.57785046,-inf,0.42820087,10.1708765,0.58556324,0.43786794,0.85450006,0.2683118,0.46362522,19.133362,AVARAGE
37,1.2300371,-0.44876334,0.113560565,4.8980064,inf,0.14547302,0.35012448,0.09803362,0.20987329,1.5718106,0.42124945,0.1382214,0.09204833,0.1545827,-0.9690363,0.20164399,inf,0.1545801,-0.9690363,0.30131578,0.14141108,0.32120192,-0.42124945,-0.03213007,-0.11510373,0.31887314,0.19972184,0.22839181,0.15182002,0.21197347,0.34185943,0.17340755,0.24790844,0.2296184,1.2953625,2.0475836,2.5718107,-0.37677002,-inf,0.21874881,6.0242786,0.43490753,0.16750069,0.67574596,0.12205034,0.12731238,7.320615,
38,1.4990087,-0.3905875,0.12445397,4.4122534,0.47039244,0.22556189,0.4095939,0.14683929,0.30797797,1.8649638,0.46053013,0.16044195,0.19075881,0.29352134,-0.7247604,0.297833,inf,0.29352134,-0.7247604,0.337231,0.15078828,0.4084324,-0.46053013,0.027152767,-0.06465665,0.40606016,0.1831368,0.3095135,0.07314106,0.29879555,0.36599463,0.18049823,0.30804023,0.31226933,1.1730645,2.5097506,2.8649638,-0.11885624,0.6483644,0.31165856,7.688069,0.49939346,0.29178616,0.69933623,0.22040038,0.29808244,12.731462,AVARAGE
39,1.9126078,-0.35968256,0.10481304,6.037811,inf,0.26535887,0.44783852,0.18704683,0.3804105,2.4017913,0.522805,0.13181496,0.27607647,0.3834623,-0.43958616,0.36453623,inf,0.3834623,-0.43958616,0.37166822,0.19254042,0.5189066,-0.522805,0.066799745,-0.0036660512,0.39630318,0.10877534,0.38264465,0.006618337,0.36342537,0.48921415,0.13094856,0.27543303,0.35462636,1.0280643,3.3979654,3.4017916,-0.9570135,-inf,0.37777567,8.814864,0.5666507,0.3672752,0.8103981,0.2329151,0.39742732,15.95619,AVARAGE
40,2.4617755,-0.3163333,0.08946837,6.652058,0.49892533,0.3150478,0.51642495,0.22267942,0.46284676,3.0511253,0.58220863,0.11732286,0.3802897,0.46658272,-0.31609184,0.44488347,inf,0.46658272,-0.31609184,0.41678926,0.22299637,0.60327446,-0.58220863,0.10960875,0.035472702,0.42409256,0.09207675,0.4532846,-0.027405003,0.43065408,0.58934975,0.10904474,0.27478993,0.3846742,0.949256,4.3827467,4.0511255,0.09560938,0.48581824,0.45121485,7.406004,0.6379416,0.44252652,0.8416121,0.23272792,0.5196778,19.233994,AVARAGE
41,1.6425583,-0.39661762,0.090211265,5.8741446,inf,0.19997188,0.44448864,0.13920923,0.30258483,2.0818386,0.4886442,0.1200018,0.17899725,0.2721349,-0.7887613,0.28967673,inf,0.2721349,-0.7887613,0.34615847,0.17514099,0.45242783,-0.4886442,0.050698765,-0.04542209,0.33011097,0.17962219,0.32389182,0.050764386,0.29623702,0.43936104,0.13014258,0.23735161,0.3187365,1.115282,2.8326452,3.0818386,-0.27796513,-inf,0.30868608,8.106813,0.5362803,0.2701883,0.70305234,0.17759344,0.3099279,11.592472,AVARAGE
42,1.8299654,-0.37317753,0.095035136,5.969738,0.47040465,0.24559385,0.47249684,0.16416487,0.3538519,2.2863,0.50841886,0.13169855,0.2520717,0.3475099,-0.54436374,0.33926272,inf,0.3475099,-0.54436374,0.36595264,0.18058276,0.49164277,-0.50841886,0.07924099,-0.01993526,0.38123164,0.16901219,0.3602253,0.025277127,0.3404468,0.4563577,0.13563782,0.27120838,0.3473168,1.0573797,3.1941366,3.2863,-0.3028027,0.58334726,0.3536342,5.916023,0.5663512,0.33947042,0.7194832,0.21730094,0.35916075,14.578058,AVARAGE
43,1.692412,-0.3722438,0.10855694,4.871996,inf,0.25344363,0.46609318,0.16218536,0.35082683,2.1347308,0.48634896,0.15332146,0.2389994,0.34891585,-0.52688164,0.33779585,0.96617514,0.34891585,-0.52688164,0.34662452,0.17580226,0.45742396,-0.48634896,0.07437433,-0.033612568,0.41702458,0.1939014,0.34615624,0.045645162,0.33511555,0.44233358,0.16359365,0.29953125,0.31795025,1.0905734,2.986373,3.1347306,-0.44418576,-inf,0.34897035,7.674022,0.5475438,0.3432043,0.6859826,0.22295944,0.3493097,14.794967,AVARAGE
44,2.158077,-0.34369314,0.08674469,6.5991616,inf,0.28906107,0.513087,0.19682226,0.4197102,2.7483413,0.55445695,0.1206553,0.3314019,0.42529407,-0.26545253,0.40042397,1.0615816,0.42529407,-0.26545253,0.3850216,0.22297628,0.563565,-0.55445695,0.113887124,0.019227965,0.40388796,0.13572364,0.41524848,-0.0032256565,0.3958142,0.59026426,0.11484229,0.2637533,0.3474039,0.9816492,3.9687426,3.748341,-1.0553346,-inf,0.41044545,10.949682,0.6175091,0.40214512,0.77159876,0.21921076,0.44432926,17.57526,AVARAGE
45,2.2332172,-0.33886564,0.0896854,7.028064,0.43233544,0.28898028,0.4965281,0.2083151,0.42705697,2.7203832,0.54824424,0.12227858,0.40803716,0.4404808,-0.29130372,0.40946084,inf,0.4404808,-0.29130372,0.4059882,0.19123639,0.583927,-0.54824424,0.13329515,0.056854967,0.39565045,0.08158507,0.42715746,-0.0397712,0.4026124,0.48717362,0.106670156,0.27573073,0.41249815,0.91027284,4.2247567,3.720383,-0.14202893,0.57247084,0.41900125,8.134535,0.6171352,0.40009767,0.8582228,0.23983784,0.4444922,17.963156,AVARAGE
46,1.6414976,-0.40235904,0.10503624,6.3821263,0.5015809,0.20153132,0.38255543,0.15132616,0.30123028,2.0760057,0.4859714,0.12123698,0.18432625,0.2790272,-0.7151409,0.28788146,inf,0.2790272,-0.7151409,0.34486425,0.1748813,0.45627928,-0.4859714,0.01662842,-0.03662335,0.32993364,0.10005937,0.3220761,0.043036956,0.29616627,0.4345648,0.12840231,0.23791441,0.3208441,1.1037071,2.8782783,3.076006,-0.3113034,0.5134779,0.30661035,6.7437925,0.50626934,0.2719737,0.8252092,0.18565495,0.27770516,11.805661,UNHEALTHY
47,1.8291812,-0.3563061,0.14767888,5.021325,0.49566317,0.2875199,0.39516783,0.20480175,0.3835084,2.2815928,0.49525726,0.16996635,0.2890828,0.4062985,-0.27802792,0.36944464,inf,0.4062985,-0.27802792,0.3541914,0.17956707,0.48653477,-0.49525726,0.0384809,-0.008163538,0.46244144,0.07246767,0.37051883,0.012215556,0.36567754,0.4525368,0.1749216,0.33228412,0.33890805,1.0486923,3.273038,3.281593,-0.052702133,0.6629418,0.3781025,6.7916374,0.52375925,0.3854526,0.8735646,0.25650597,0.39062145,17.053568,AVARAGE
48,1.9396417,-0.39045906,0.08864225,6.844615,inf,0.21045811,0.45351425,0.14272001,0.31570205,2.4211233,0.5247881,0.11285993,0.17702466,0.2737298,-0.83042175,0.30280533,inf,0.2737255,-0.83042175,0.37637708,0.19034944,0.47022286,-0.5247881,0.016798588,-0.070060335,0.34210938,0.17827061,0.33549443,0.07571566,0.30854502,0.48151183,0.13165781,0.2392471,0.31166917,1.1688107,3.0157242,3.4211233,-0.22637942,-inf,0.3207744,9.84134,0.55214864,0.2835228,0.70404834,0.16826037,0.32395583,11.875176,UNHEALTHY
49,1.9284334,-0.3595737,0.11305697,5.696425,inf,0.2574137,0.42684686,0.18353471,0.3703872,2.4353058,0.52469134,0.13256598,0.23358794,0.35589612,-0.62374836,0.35657007,inf,0.35589612,-0.62374836,0.37009954,0.19764479,0.5016846,-0.52469134,0.02886898,-0.028967554,0.39944485,0.10489617,0.37366033,0.032781415,0.35404363,0.50687236,0.14203581,0.2745566,0.33077276,1.0731888,3.2751095,3.4353058,0.5289556,-inf,0.36972025,8.25636,0.5507964,0.35843676,0.81685656,0.21269493,0.39964458,15.065751,AVARAGE
50,1.6281568,-0.37709367,0.116911784,4.9844246,inf,0.2499645,0.43944365,0.16189998,0.3426963,2.0494044,0.482625,0.15591365,0.23024003,0.34219453,-0.545726,0.33012655,inf,0.34219453,-0.545726,0.3459823,0.16801684,0.4548213,-0.482625,0.06133648,-0.0327233,0.4172436,0.16754588,0.3408164,0.03590242,0.33008742,0.42130113,0.16728722,0.3052681,0.33098817,1.0852847,2.899149,3.0494041,-0.511661,-inf,0.34253433,8.388728,0.53397936,0.33978704,0.7210264,0.22997881,0.31523058,14.542445,AVARAGE
51,1.3641015,-0.4245639,0.11508335,4.8567553,,0.17355722,0.39542294,0.11141046,0.24568062,1.7262433,0.44157174,0.14762427,0.11857543,0.1964324,-0.9461159,0.23708749,,0.1964324,-0.9461159,0.31809938,0.14633134,0.35592088,-0.44157174,-0.00023060148,-0.09984838,0.35543653,0.21940394,0.25929844,0.11915701,0.2436488,0.36222044,0.1818967,0.27172914,0.2607241,1.2451828,2.2638805,2.7262435,-0.0029935616,-inf,0.25296387,6.181016,0.4719682,0.21021798,0.6468215,0.14537264,0.21213275,9.041946,
52,2.4727757,-0.33646724,0.08196,7.7288647,inf,0.28211465,0.49593493,0.2084571,0.43016735,3.074463,0.58439875,0.10140878,0.3425402,0.41636413,-0.45680663,0.4130102,inf,0.41636413,-0.45680663,0.4177288,0.22694224,0.5990218,-0.58439875,0.086267166,0.028674228,0.37701944,0.07085887,0.43519336,-0.014174701,0.40444362,0.6016874,0.09491386,0.24044935,0.37311763,0.9605579,4.386871,4.074463,-0.25890347,-inf,0.42219627,6.1410756,0.6267111,0.3974933,0.87931263,0.1993907,0.46594217,17.18613,AVARAGE
53,2.2280333,-0.34377456,0.091069646,6.758178,0.488193,0.27228007,0.48946878,0.19236724,0.40480807,2.7572212,0.5544797,0.11868745,0.3035994,0.39421228,-0.52941126,0.3890849,inf,0.39421228,-0.52941126,0.4006325,0.2050394,0.55686164,-0.5544797,0.08376064,0.0065082726,0.38960284,0.115881115,0.40978506,0.0005127706,0.38360578,0.5291881,0.117322765,0.26323423,0.3688733,1.0007442,3.8435395,3.7572212,-0.62707126,0.52381295,0.40091062,8.974033,0.60444736,0.38295862,0.8034741,0.21822518,0.4521515,16.391394,AVARAGE
54,1.4369733,-0.40208042,0.14613344,4.5322466,inf,0.21718886,0.36795244,0.14337532,0.2888463,1.8187995,0.44685474,0.17388816,0.1643453,0.27026322,-0.71798927,0.2794279,inf,0.27026322,-0.71798927,0.31812638,0.15594207,0.38658738,-0.44685474,-0.0011166959,-0.072859384,0.41829962,0.15383166,0.28980416,0.08691408,0.28279147,0.38187495,0.20111793,0.3154838,0.2751637,1.1717274,2.4521139,2.8187995,-0.70692855,-inf,0.29209927,5.813579,0.46825102,0.28283924,0.74235004,0.19114974,0.2610985,11.942105,AVARAGE
55,1.9693005,-0.38173026,0.08551204,7.014887,0.57223666,0.223259,0.4638084,0.15483296,0.33693448,2.5080514,0.53477746,0.10869417,0.19545288,0.30614966,-0.7048271,0.32191297,inf,0.30614966,-0.7048271,0.3721343,0.20839606,0.49848744,-0.53477746,0.03628092,-0.048646268,0.34178868,0.16147967,0.35551745,0.053116724,0.32703313,0.5387832,0.11852965,0.22916871,0.313373,1.1193156,3.1975238,3.5080514,-0.34253237,0.35979912,0.33973286,9.075579,0.5674246,0.30817962,0.72857004,0.17548323,0.3502264,13.002123,AVARAGE
56,2.5034826,-0.3364326,0.07939856,7.932011,0.53453463,0.2887983,0.52562845,0.2003683,0.4306095,3.1531718,0.5875596,0.10697546,0.32201436,0.42282373,-0.385392,0.41251707,1.0988506,0.42282373,-0.385392,0.41108376,0.2405257,0.5955713,-0.5875596,0.09846422,0.016329812,0.39131594,0.11728444,0.4328897,-0.0058884583,0.40615636,0.6496896,0.10251764,0.24646682,0.35376695,0.9839428,4.3389554,4.153172,6.7176943,0.43958503,0.42232275,4.940843,0.63890177,0.40725458,0.80003005,0.20535713,0.47144327,17.506212,AVARAGE
57,1.584873,-0.3880425,0.10090967,5.051216,inf,0.22759862,0.46822223,0.14199057,0.3192043,2.0068667,0.47751483,0.14635032,0.20094131,0.30457902,-0.67149734,0.30725133,inf,0.30457902,-0.67149734,0.340065,0.16982083,0.43525806,-0.47751483,0.067822434,-0.052043512,0.3887744,0.22507372,0.32364953,0.06523164,0.3090529,0.42200848,0.16118754,0.28423488,0.3075861,1.1296616,2.7326434,3.0068667,-0.08783222,-inf,0.3215967,7.416037,0.53951794,0.30558944,0.63875,0.2057098,0.308731,13.061948,AVARAGE
58,1.9332986,-0.36557052,0.086703315,6.186809,inf,0.2466389,0.49823353,0.16520764,0.36612037,2.4435885,0.5211864,0.12347245,0.26341322,0.35258788,-0.57889754,0.35103044,inf,0.35258788,-0.57889754,0.36833712,0.19741854,0.51279336,-0.5211864,0.10287651,-0.008534958,0.37172806,0.1786679,0.37445375,0.023253275,0.35077325,0.51030743,0.12510586,0.25570092,0.3373649,1.0414675,3.4235845,3.4435885,-0.4388299,-inf,0.36477995,8.276475,0.5867512,0.33744764,0.70289445,0.20255643,0.3838433,14.732246,AVARAGE
59,2.4833179,-0.31216082,0.08642429,6.5400195,inf,0.3271628,0.5490061,0.22180095,0.47654864,3.0744815,0.57294315,0.12522425,0.4502228,0.49164987,-0.13964273,0.45701623,inf,0.49164987,-0.13964273,0.41354504,0.22020534,0.6095873,-0.57294315,0.16585629,0.06206973,0.439158,0.117832914,0.45958957,-0.03421097,0.4414607,0.59117377,0.11202913,0.28724784,0.38772616,0.90711486,4.668629,4.0744815,-0.17158991,-inf,0.46030042,6.9128513,0.65310556,0.45110497,0.7969926,0.23065455,0.52763474,20.155537,HEALTHY
60,1.6330478,-0.3698244,0.11548715,5.1559935,0.44723377,0.25908977,0.42742878,0.18223229,0.3627587,2.0614612,0.48232144,0.14875893,0.27811617,0.3809129,-0.36996827,0.34780693,inf,0.3809129,-0.36996827,0.3446518,0.1706695,0.4868492,-0.48232144,0.08498901,0.008439659,0.4028335,0.11274456,0.36188304,-0.002412263,0.3474807,0.42845526,0.14374375,0.29193497,0.35865444,0.99877304,3.146625,3.0614612,0.041981872,0.6795617,0.3607156,8.573257,0.5388261,0.35818693,0.80417615,0.24958438,0.3587154,15.74599,AVARAGE
61,1.8762432,-0.35953137,0.09736649,5.833654,0.46915856,0.26363322,0.47801435,0.1775606,0.37963036,2.3327541,0.5135177,0.1348947,0.29619542,0.38261834,-0.46598095,0.36438277,,0.38261834,-0.46598095,0.37296957,0.17953052,0.51548594,-0.5135177,0.10441757,0.0065931445,0.3966136,0.1474766,0.3811235,0.000398577,0.36191857,0.45654756,0.13298032,0.283118,0.37040415,1.0047411,3.4242053,3.3327544,-0.110444225,0.57246614,0.3767532,8.16128,0.5780689,0.3648335,0.74951583,0.23818564,0.39339358,15.894569,AVARAGE
62,2.2351358,-0.34429368,0.09025253,6.601422,0.4828622,0.27656582,0.48829293,0.19339974,0.4090081,2.7805517,0.5552314,0.11678043,0.3088622,0.3982536,-0.4835118,0.39286003,inf,0.3982536,-0.4835118,0.3995693,0.2073034,0.55460316,-0.5552314,0.08314093,0.005838841,0.39334694,0.115580715,0.40981603,0.0039461544,0.3861754,0.54546154,0.11678117,0.262748,0.36328694,1.007654,3.912189,3.7805517,2.4456055,0.5329125,0.40300822,9.2524805,0.6026706,0.38624078,0.80243057,0.21418759,0.44309208,16.593918,AVARAGE
63,1.5608616,-0.39886257,0.11137631,5.681058,inf,0.21252418,0.40218478,0.14801656,0.3052949,1.9942583,0.47486338,0.13832238,0.18470438,0.28743127,-0.68423665,0.2930736,inf,0.28743127,-0.68423665,0.33556256,0.17151493,0.44121543,-0.47486338,0.033496868,-0.03875766,0.3627653,0.13544601,0.3175989,0.049853776,0.29893693,0.43343872,0.15024455,0.2646773,0.31063354,1.0969679,2.8275437,2.9942582,-0.75486296,-inf,0.30889738,4.910838,0.5099449,0.28797615,0.7703894,0.19453238,0.2776325,12.274555,AVARAGE
64,1.5995439,-0.3795272,0.11367783,4.81691,inf,0.23973139,0.4244983,0.16012304,0.33548242,2.0333695,0.4837659,0.14531155,0.2079545,0.32520267,-0.6286501,0.32298338,inf,0.32520267,-0.6286501,0.3422607,0.17418836,0.44874457,-0.4837659,0.04200965,-0.04232283,0.39784685,0.15781562,0.33670387,0.05165778,0.3228386,0.4338329,0.15812759,0.2855872,0.3148341,1.1024195,2.8242366,3.0333695,-0.6608959,-inf,0.33652428,8.645971,0.5250494,0.328439,0.73382926,0.21411517,0.33114287,13.870513,AVARAGE
65,1.4580706,-0.3962457,0.11893078,4.8774915,inf,0.22487573,0.40164062,0.14984451,0.31061745,1.8747575,0.46007967,0.15205492,0.19433953,0.3065347,-0.5904275,0.2986567,,0.3065347,-0.5904275,0.32081175,0.16811652,0.42713702,-0.46007967,0.041089978,-0.040059727,0.38800126,0.1504665,0.31500217,0.050178114,0.30262727,0.41669965,0.1631325,0.2844106,0.3017936,1.0974213,2.6717901,2.8747573,-2.138013,-inf,0.31298506,7.162262,0.5017235,0.30657357,0.7452305,0.2078696,0.27516496,13.049021,AVARAGE
66,1.4757042,-0.40013653,0.1282634,4.5772266,inf,0.21778497,0.38874903,0.14153878,0.29611582,1.8552411,0.4545754,0.15973791,0.182336,0.27614516,-0.7198995,0.28608692,inf,0.27614516,-0.7198995,0.3267223,0.15544374,0.39775887,-0.4545754,0.013152344,-0.067190036,0.40153196,0.16647798,0.29778564,0.08488222,0.2884279,0.37956813,0.18375069,0.30171072,0.2868082,1.1596292,2.536713,2.855241,-0.19961263,-inf,0.298863,6.3481503,0.4840749,0.28654033,0.72276336,0.19285974,0.26414803,12.106367,
67,2.482617,-0.32941753,0.0899169,7.013858,inf,0.30220217,0.49487618,0.21499664,0.44446468,3.0802348,0.58166796,0.1114297,0.3570797,0.44103602,-0.338212,0.426292,inf,0.44103602,-0.338212,0.41618544,0.22555678,0.58824223,-0.58166796,0.07642093,0.01533001,0.40986323,0.08427019,0.43748644,-0.0033727265,0.41511655,0.597627,0.10766578,0.26333812,0.366491,0.9842909,4.2731285,4.0802345,-0.51221406,-inf,0.43351617,11.003309,0.6215832,0.42779592,0.8528687,0.2131894,0.47785583,18.2824,HEALTHY
68,1.568369,-0.3778993,0.13027523,4.489339,inf,0.2501229,0.409936,0.16270429,0.33687577,1.9718988,0.46986583,0.1647226,0.22456908,0.33616725,-0.57592434,0.32540244,inf,0.33616725,-0.57592434,0.3380576,0.16288376,0.43670407,-0.46986583,0.04241728,-0.03941811,0.43022034,0.14962202,0.33165547,0.050526593,0.3245521,0.4035299,0.18010578,0.31821963,0.31799284,1.1036241,2.7822025,2.9718988,-0.20761624,-inf,0.33684218,8.014663,0.5111257,0.33548176,0.74643826,0.23254786,0.32860285,14.391547,AVARAGE
69,1.7142819,-0.36984777,0.110193074,5.330194,inf,0.257875,0.44226167,0.17394958,0.36204633,2.1539748,0.49233994,0.14584135,0.26700658,0.36938056,-0.46590158,0.3479152,inf,0.36938056,-0.46590158,0.35217762,0.17596956,0.4885338,-0.49233994,0.08321739,-0.0018823578,0.40496457,0.13091372,0.36193365,0.010248091,0.34721047,0.43969288,0.14709365,0.2914941,0.34891036,1.026395,3.1820397,3.1539748,0.059892956,-inf,0.36029008,6.541307,0.548545,0.352564,0.7753002,0.23904574,0.34911823,15.422164,AVARAGE
70,2.1974702,-0.34747303,0.08704311,6.71918,0.5017669,0.2710486,0.4960561,0.18866466,0.40209064,2.7601783,0.5556977,0.11555554,0.290566,0.39123356,-0.51175225,0.38573548,inf,0.39123356,-0.51175225,0.39354503,0.21477678,0.55477273,-0.5556977,0.085154034,0.0015147042,0.38601208,0.12849173,0.40689477,0.0072443113,0.38142753,0.5627175,0.11496349,0.2554133,0.3548387,1.0183258,3.8062356,3.7601783,-0.4059583,0.50392044,0.39786103,7.1595335,0.6067402,0.37739635,0.7819578,0.21248558,0.43700194,16.286596,AVARAGE
71,1.7171596,-0.3788896,0.0994827,5.525751,inf,0.23963566,0.45477822,0.15972577,0.34353828,2.1737359,0.49583846,0.13542922,0.2323958,0.33453706,-0.5891057,0.3298093,inf,0.33453706,-0.5891057,0.35159943,0.18119203,0.47482413,-0.49583846,0.07062116,-0.024531811,0.38180554,0.16507076,0.3488266,0.03513684,0.3309131,0.4566107,0.14217752,0.2717652,0.32826948,1.0692512,3.0637517,3.1737359,-0.084624305,-inf,0.34367183,7.8248043,0.5497777,0.32826155,0.72690326,0.21225718,0.33551124,14.107752,AVARAGE
72,1.3872302,-0.4245056,0.09460809,5.512391,inf,0.17828333,0.42676738,0.11678206,0.26137683,1.7836654,0.44897416,0.13192742,0.14333895,0.23257299,-0.7847162,0.25009403,inf,0.23257299,-0.7847162,0.31468442,0.16156101,0.39952874,-0.44897416,0.048715312,-0.059329398,0.32567778,0.20976491,0.28130212,0.07526876,0.26123402,0.39642552,0.1474033,0.2430031,0.28163555,1.1422759,2.4930499,2.783636,0.40847376,-inf,0.2682696,4.7541704,0.5025378,0.2363571,0.6614681,0.16476215,0.20436537,10.077603,AVARAGE
73,2.0918508,-0.33764097,0.090456806,5.866223,0.46085608,0.2865118,0.51017684,0.19479027,0.41975182,2.6156812,0.5401764,0.128018,0.3282215,0.4220647,-0.42337424,0.40360594,inf,0.4220647,-0.42337424,0.38564405,0.2032579,0.5560657,-0.5401764,0.12833416,0.027148958,0.40844804,0.13976695,0.415896,-0.014122993,0.3956766,0.5238304,0.12193618,0.27621105,0.36751515,0.9625785,3.8649492,3.6156812,-0.21394223,0.6231482,0.41265666,7.0491457,0.6117535,0.39953405,0.76083064,0.23526299,0.45657173,17.433983,HEALTHY
74,2.211178,-0.3323232,0.09585554,6.4040713,inf,0.3040335,0.4929952,0.2144141,0.44024873,2.7797618,0.5534018,0.12658899,0.36891434,0.45427436,-0.22232093,0.4215529,inf,0.45427436,-0.22232093,0.39062843,0.21640898,0.579617,-0.5534018,0.117721066,0.04490551,0.42005768,0.08385245,0.43096974,-0.027215771,0.41329613,0.56859314,0.116029195,0.27737865,0.36908144,0.92915845,4.2039156,3.7797618,-1.7257057,-inf,0.42889813,8.628431,0.61440545,0.4240951,0.85370624,0.23604308,0.46833232,18.664103,HEALTHY
75,1.7913909,-0.36529332,0.0999807,5.6092772,0.44152072,0.25645715,0.4635227,0.17500094,0.3677923,2.2405522,0.5040729,0.1363152,0.27032328,0.37078568,-0.50812453,0.35321444,0.92974293,0.37078568,-0.50812453,0.36379558,0.17663532,0.5012699,-0.5040729,0.09016407,-0.0028735634,0.39181888,0.1461059,0.37097618,0.003302173,0.3520028,0.44919872,0.13536173,0.28123376,0.365852,1.0339615,3.231966,3.2405522,-3.5170448,0.6578938,0.36684385,7.508226,0.56485057,0.351627,0.7568699,0.2419039,0.3613647,15.425568,AVARAGE
76,1.6953064,-0.37672246,0.091148034,5.7717986,0.45096314,0.2300777,0.46733195,0.15783389,0.3417094,2.1371799,0.49712637,0.1275212,0.23388208,0.3310342,-0.65584534,0.32781032,inf,0.3310342,-0.65584534,0.35616392,0.17570975,0.492622,-0.49712637,0.09758665,-0.0045656045,0.3577769,0.16134809,0.356728,0.0077628805,0.3307732,0.44193318,0.12769918,0.25801075,0.3586263,1.0275978,3.1258552,3.1371799,-0.904593,0.6120675,0.34477758,9.552849,0.56333876,0.3177568,0.7273074,0.22006878,0.35798943,13.797544,AVARAGE
77,1.8068262,-0.36005116,0.10393854,5.6712174,0.45855346,0.26245874,0.45808676,0.18191396,0.37638307,2.2733357,0.5109946,0.13725653,0.27617648,0.3817116,-0.4756037,0.36128768,0.92687154,0.3817116,-0.4756037,0.3649356,0.18424135,0.51396847,-0.5109946,0.08978756,0.006191585,0.39729792,0.124652326,0.3795273,-0.003121323,0.36014766,0.4665095,0.13483918,0.28179592,0.3641928,1.0030302,3.3412488,3.273336,0.48945063,0.635328,0.37480196,8.010099,0.5686492,0.3656051,0.78381205,0.24226741,0.3970148,15.844214,AVARAGE
78,1.7905911,-0.3573397,0.10037287,5.6891093,0.47229117,0.2650485,0.46488506,0.18435597,0.38251305,2.2829359,0.5110418,0.13630095,0.27853087,0.39193848,-0.43689996,0.36697304,inf,0.39193848,-0.43689996,0.3583961,0.1928165,0.5252334,-0.5110418,0.10643152,0.022735467,0.39476705,0.11594934,0.38627318,-0.016275853,0.36562574,0.49234468,0.12971851,0.27528784,0.36129585,0.9674121,3.475847,3.2829359,59.71357,0.62401146,0.3803236,6.6403356,0.57641053,0.37083918,0.7990521,0.24332434,0.40829483,16.166483,AVARAGE
79,1.9771134,-0.33920935,0.09424139,5.559089,0.45756638,0.29670435,0.5155964,0.19351202,0.4191958,2.4620516,0.52868605,0.14086668,0.34301913,0.4387214,-0.2885479,0.40237388,inf,0.4387214,-0.2885479,0.38125128,0.19118674,0.5430169,-0.52868605,0.13595307,0.023524825,0.43022037,0.16187866,0.4097482,-0.014346123,0.394876,0.48493817,0.13351598,0.30009934,0.37799558,0.9683884,3.6689527,3.4620512,1.9222535,0.646556,0.41181433,10.6721735,0.6085961,0.4151735,0.72893685,0.2617959,0.4474768,18.09629,AVARAGE
80,1.9164119,-0.3573735,0.086191624,6.1053224,0.45315865,0.26267514,0.50683016,0.1754673,0.3839348,2.400379,0.52431995,0.12740436,0.28691253,0.38543773,-0.48246557,0.36799788,inf,0.38543773,-0.48246557,0.37570125,0.19109981,0.5302793,-0.52431995,0.12028534,0.008966639,0.38547343,0.16977976,0.3891035,-0.0040545063,0.36638245,0.48396716,0.12279825,0.26912227,0.36836788,0.99584746,3.4688957,3.400379,-0.38901794,0.63397837,0.381744,10.552618,0.5988746,0.36806047,0.7168056,0.23612341,0.40598947,15.944753,AVARAGE
81,2.6188023,-0.29829383,0.085200116,6.429422,0.48960894,0.34797403,0.5553752,0.23630217,0.5041966,3.2255208,0.5960648,0.12046663,0.44922882,0.52067775,-0.12682329,0.48472908,inf,0.52067775,-0.12682329,0.4313671,0.22907756,0.62881845,-0.5960648,0.14894769,0.056416474,0.45587963,0.10844788,0.48052818,-0.03777635,0.46309364,0.6067187,0.107905634,0.29133862,0.39589518,0.9048326,4.7743187,4.2255206,0.45288908,0.50290674,0.48568395,10.558723,0.6668199,0.4921053,0.81229705,0.24573109,0.55737674,21.38088,HEALTHY
82,1.937234,-0.3525845,0.09253975,5.932897,inf,0.27135026,0.48538974,0.18425694,0.39318916,2.4192817,0.5258665,0.1301232,0.29731253,0.39810693,-0.4527363,0.37739688,0.87166655,0.39810693,-0.4527363,0.3780184,0.19035695,0.5336884,-0.5258665,0.1046063,0.012373692,0.3967369,0.13644995,0.3946566,-0.008122823,0.37392807,0.48204798,0.12539546,0.27710438,0.37232727,0.9899988,3.5237725,3.4192817,-0.20939775,-inf,0.38985032,11.028079,0.5908281,0.380019,0.76882035,0.24431914,0.414251,16.469597,AVARAGE
83,1.6216834,-0.38276386,0.12032379,5.045335,inf,0.2384059,0.41647336,0.15763944,0.32977694,2.0176196,0.47700745,0.15455464,0.22354332,0.321061,-0.6307914,0.31814468,inf,0.321061,-0.6307914,0.34727365,0.16146576,0.44369948,-0.47700745,0.04198988,-0.038567495,0.40718165,0.14924227,0.33095488,0.049822073,0.31875688,0.39594272,0.16879527,0.30288714,0.32538024,1.0963529,2.8484542,3.0176194,0.5537311,-inf,0.33088142,8.174368,0.51869136,0.32371646,0.74786675,0.22176223,0.3199045,13.733557,
84,2.2660432,-0.31363913,0.10475461,5.8842354,inf,0.3356209,0.48867637,0.23951834,0.47550312,2.839889,0.56412554,0.13420753,0.40638176,0.5053492,-0.060801394,0.4559721,inf,0.5053492,-0.060801394,0.40017593,0.21898736,0.5966523,-0.56412554,0.11116595,0.052995056,0.45567992,0.05779357,0.45454305,-0.037188273,0.44113207,0.57385516,0.12006451,0.29871523,0.38406453,0.91143495,4.3125496,3.839889,-18.926008,-inf,0.46035346,10.556752,0.6210214,0.47121525,0.8990127,0.26446885,0.5128621,20.702644,AVARAGE
85,1.8868684,-0.36694866,0.10152874,5.8776526,inf,0.25016576,0.46566954,0.16726407,0.3588171,2.3679295,0.51623076,0.1356174,0.23513015,0.34671655,-0.61402863,0.34522614,inf,0.34671655,-0.61402863,0.3688262,0.18943816,0.49150035,-0.51623076,0.059966944,-0.031061862,0.39444295,0.16223171,0.36355436,0.03794137,0.34453836,0.48102856,0.14428146,0.27725178,0.33297357,1.0795406,3.1983514,3.3678885,0.11470962,-inf,0.35885456,8.451927,0.5644233,0.34594643,0.72810507,0.21592712,0.37836522,14.663125,AVARAGE
86,2.2293572,-0.33138797,0.094645984,6.1838765,inf,0.29482138,0.49330747,0.20675154,0.43066844,2.7967687,0.5600692,0.12310155,0.3162082,0.43065593,-0.4303595,0.4142616,inf,0.43065593,-0.4303595,0.3966688,0.21708257,0.56720334,-0.5600692,0.08746918,0.01235684,0.41398486,0.108733535,0.4257919,-0.0061733965,0.4040766,0.5674115,0.11917357,0.27262625,0.36299384,0.98702157,3.9134026,3.7967687,-0.07460736,-inf,0.42338255,8.8148365,0.61130077,0.41804755,0.810241,0.23441538,0.4757582,17.846102,HEALTHY
87,2.417411,-0.3292772,0.08561003,7.1320977,0.51104534,0.2895845,0.50141275,0.20994459,0.4356974,3.0514276,0.5823164,0.10828703,0.3121912,0.4257704,-0.4670224,0.4187625,1.0642018,0.4257704,-0.4670224,0.40711263,0.23670854,0.59602696,-0.5823164,0.08597294,0.023099156,0.39225057,0.08285217,0.43849635,-0.015322734,0.40966156,0.6340163,0.102666065,0.24732137,0.3611152,0.96674687,4.2654567,4.0514274,0.15835756,0.4981781,0.42859596,4.9134407,0.6288903,0.41124707,0.8537478,0.21418959,0.4951787,17.59991,AVARAGE
88,1.7780538,-0.36035463,0.12615788,5.22221,0.47069335,0.2720139,0.43197834,0.18596406,0.37324402,2.2494328,0.49780607,0.16019326,0.26210615,0.38713676,-0.3898291,0.3595579,0.97179085,0.38713676,-0.3898291,0.35176685,0.18520303,0.49076182,-0.49780607,0.064128086,-0.007137162,0.43513232,0.11377709,0.36866423,0.011640346,0.35749376,0.47142646,0.16311839,0.3104229,0.33858654,1.0345925,3.2346835,3.2494326,0.3660255,0.70304275,0.3705866,8.927592,0.5454307,0.3733827,0.804569,0.2474923,0.38735366,16.203827,AVARAGE
89,2.1042392,-0.35295463,0.09000209,6.657161,0.476869,0.26137456,0.47589386,0.18606588,0.39056987,2.6561916,0.54656786,0.11573909,0.26737678,0.37775946,-0.5735157,0.37498727,inf,0.37775946,-0.5735157,0.38401675,0.21229777,0.5482118,-0.54656786,0.07745909,0.0037440625,0.376229,0.109688744,0.39930263,-9.154525e-06,0.3723172,0.55190915,0.11485439,0.25043365,0.35266814,1.0162457,3.6984205,3.6561482,-0.39093214,0.59858406,0.388334,9.16711,0.5941933,0.36205018,0.81066096,0.21367964,0.42421317,15.717861,AVARAGE
90,1.4644454,-0.39867803,0.10680225,4.897756,0.4246852,0.21162689,0.42234722,0.14035298,0.30068445,1.806016,0.45699662,0.14329213,0.19855928,0.28856227,-0.7077068,0.28912756,0.8312112,0.28856227,-0.7077068,0.33906913,0.14323281,0.42167187,-0.45699662,0.05536156,-0.044502944,0.36529112,0.1840613,0.31067497,0.04786966,0.29330754,0.3415706,0.1536642,0.28045815,0.33810312,1.1090448,2.5612113,2.8060162,0.58551806,0.7008248,0.3056492,7.741154,0.50996375,0.28720334,0.6942992,0.22052872,0.28144518,12.282732,
91,1.9644792,-0.34573466,0.09464205,5.9859624,0.4261969,0.2780405,0.48833284,0.1945486,0.40592104,2.4091563,0.52253586,0.1324014,0.36047533,0.41931927,-0.36884648,0.38962063,inf,0.41931927,-0.36884648,0.38533416,0.17794603,0.55019426,-0.52253586,0.13553631,0.042909518,0.39830023,0.11512855,0.40680626,-0.031175608,0.38440743,0.44468468,0.12025977,0.28508154,0.40260324,0.9338738,3.7626946,3.4091563,-0.47140533,0.6266382,0.4009666,7.6641865,0.5974254,0.38527635,0.8006772,0.2530528,0.43959787,17.168095,AVARAGE
92,1.7431476,-0.3566822,0.10432661,5.209373,0.43624517,0.26862603,0.46918893,0.18245704,0.3808282,2.172536,0.49950862,0.14529856,0.2991675,0.3959307,-0.40991414,0.36560467,inf,0.3959307,-0.40991414,0.3624088,0.17255855,0.50809276,-0.49950862,0.10896211,0.012273822,0.40808538,0.14336798,0.3801319,-0.0070282477,0.3631766,0.42938817,0.13945933,0.29600102,0.37592787,0.9912484,3.2579505,3.1725357,-0.88670146,0.6720911,0.37867016,8.184495,0.5698845,0.37267336,0.75742495,0.26011547,0.4027829,16.351131,AVARAGE
93,1.9635277,-0.32934147,0.110559925,5.1124196,0.48572567,0.31320387,0.46972093,0.22188675,0.44137505,2.4732969,0.52606833,0.14530945,0.37345526,0.47122917,-0.18270788,0.4240373,inf,0.47122917,-0.18270788,0.37259346,0.19831683,0.5562189,-0.52606833,0.1183373,0.047540896,0.4455546,0.08076618,0.42445764,-0.03396505,0.41188064,0.50980127,0.13235074,0.3045167,0.3778226,0.92327625,3.8763463,3.4732969,-0.21226673,0.576665,0.43034357,11.532916,0.5913157,0.4353113,0.8614909,0.2672691,0.4622404,19.310896,AVARAGE
94,1.7101953,-0.3693381,0.1082354,5.151231,inf,0.25700524,0.4596327,0.16660242,0.35757962,2.1632326,0.49357837,0.14935286,0.24252221,0.35816294,-0.52375823,0.34410298,inf,0.35816294,-0.52375823,0.350141,0.18017736,0.47448358,-0.49357837,0.07678047,-0.021714056,0.41399366,0.1690088,0.3553029,0.03077895,0.34274694,0.45303732,0.15699281,0.2955893,0.32890794,1.0659845,3.072739,3.1632326,-0.15168397,-inf,0.3561226,8.450533,0.55200166,0.35064816,0.72077274,0.23082672,0.35921487,15.114453,UNHEALTHY
95,1.508421,-0.37966046,0.106979035,4.9045253,,0.23455055,0.4283518,0.16458295,0.33749667,1.9355233,0.47224197,0.14251898,0.23056152,0.3393375,-0.5728037,0.3238848,inf,0.3393375,-0.5728037,0.33111772,0.17201105,0.4679506,-0.47224197,0.081070274,-0.0044195745,0.37603104,0.13562897,0.34503978,0.0113898115,0.32581806,0.4271164,0.14149228,0.2731088,0.33820426,1.0317998,2.9236603,2.935523,-0.3214709,,0.3393589,8.726423,0.53220516,0.31855896,0.77097887,0.23079078,0.3404508,14.113395,AVARAGE
96,1.9157256,-0.33387372,0.10590163,5.04898,0.47467026,0.3116314,0.48268265,0.21033075,0.43363652,2.4064968,0.526391,0.14546752,0.3507872,0.46135858,-0.22196254,0.41643944,0.8600885,0.46135858,-0.22196254,0.3759288,0.19317016,0.5443005,-0.526391,0.11501042,0.02863899,0.44901606,0.116970666,0.41619298,-0.018969616,0.40604526,0.49077117,0.13738464,0.30983618,0.37714872,0.9580784,3.651445,3.4064968,-0.014848793,0.63418907,0.42380258,12.202836,0.59396994,0.43675944,0.80052155,0.27495375,0.4481603,19.021202,HEALTHY
97,1.794691,-0.3555519,0.11220114,5.2603035,0.46028453,0.28044507,0.4492253,0.19085865,0.38939586,2.2598,0.50749743,0.14835227,0.29454312,0.40577784,-0.35220098,0.37418407,inf,0.40577784,-0.35220098,0.36177775,0.18407068,0.5096647,-0.50749743,0.08312134,0.006968353,0.4275557,0.114688635,0.3823641,-0.0009425216,0.37037808,0.46516088,0.14711066,0.3032661,0.35863948,1.0037072,3.3591413,3.2598,0.06716004,0.691178,0.3847444,9.44811,0.56253225,0.38870975,0.8069042,0.2561627,0.39363906,16.876368,AVARAGE
98,1.2660064,-0.41676608,0.12245239,4.0818434,inf,0.18679336,0.3889348,0.11918982,0.2582487,1.6083454,0.42633054,0.15950936,0.13299142,0.22563119,-0.8821663,0.24987641,inf,0.22563119,-0.8821663,0.3056147,0.14234738,0.35891476,-0.42633054,0.018076105,-0.0796795,0.37406814,0.2044952,0.2670885,0.09522046,0.25444394,0.34240374,0.18728718,0.28851724,0.2715232,1.1917107,2.229651,2.608345,-0.18140608,-inf,0.26504126,6.918009,0.46760005,0.23666504,0.66601115,0.17487846,0.22765893,10.095913,
99,1.7302603,-0.36650023,0.10458858,5.1700706,0.4713637,0.26263237,0.45496568,0.17377627,0.36715063,2.1724768,0.50209844,0.14166436,0.26566786,0.3720829,-0.46459574,0.35232309,inf,0.3720829,-0.46459574,0.3601791,0.17758782,0.48701417,-0.50209844,0.073321566,-0.017576344,0.4082119,0.153426,0.36467886,0.02322552,0.35089746,0.44221634,0.14557955,0.29273415,0.34800822,1.0553113,3.092751,3.1724768,0.0075896876,0.6379197,0.36509192,8.398522,0.5560915,0.36259946,0.7426751,0.24270977,0.3663272,15.601334,AVARAGE
100,1.7335353,-0.36205646,0.1074602,5.0810814,0.4390417,0.26498374,0.45675802,0.1774893,0.37230006,2.1729717,0.5000647,0.14466344,0.26768088,0.37886754,-0.48643228,0.3578768,inf,0.37886754,-0.48643228,0.3593035,0.17676882,0.4906127,-0.5000647,0.080006815,-0.011929026,0.41138372,0.15102224,0.36922118,0.016175022,0.35506183,0.43944398,0.14640003,0.29500479,0.35244083,1.0391136,3.1058795,3.172972,-16.314396,0.7488165,0.37027416,11.059121,0.5579774,0.3687037,0.7435513,0.24770941,0.37900117,15.82956,AVARAGE
101,1.6651987,-0.3892101,0.10704356,5.545912,inf,0.23090912,0.4421217,0.14947122,0.32355216,2.0685296,0.48100305,0.146531,0.22238165,0.31309527,-0.6199962,0.3111298,inf,0.31309527,-0.6199962,0.3507886,0.1632952,0.4501563,-0.48100305,0.058168903,-0.037034873,0.38987723,0.17398353,0.32929716,0.045188405,0.31448165,0.40333793,0.1589721,0.28982154,0.33033395,1.0895383,2.888996,3.0685294,16.96701,-inf,0.32514334,6.839904,0.53326476,0.3166344,0.71320504,0.21403208,0.2915986,13.3568945,
102,1.6474738,-0.37868008,0.10274554,5.1429873,0.438043,0.23900628,0.45119953,0.15878128,0.34066483,2.04916,0.48293918,0.14157832,0.24152203,0.33574226,-0.6021471,0.32745543,inf,0.33574226,-0.6021471,0.35259175,0.16265382,0.46440214,-0.48293918,0.07672344,-0.022954026,0.38598645,0.17071591,0.344802,0.029564392,0.3280907,0.40170643,0.1469801,0.28415367,0.34816122,1.0627673,2.9271975,3.0491598,-0.06353493,0.69043076,0.34156922,8.075757,0.5434127,0.32928067,0.71442574,0.22814505,0.3342995,14.124305,AVARAGE
103,1.7877618,-0.38242227,0.09127819,6.2675023,inf,0.23466583,0.46062297,0.15877357,0.34205335,2.2548685,0.50809777,0.12449826,0.23402935,0.3320289,-0.5932549,0.32752648,inf,0.3320289,-0.5932549,0.36240944,0.18415967,0.48947346,-0.50809777,0.068826094,-0.02437787,0.36293218,0.15966511,0.3532232,0.031376578,0.33123907,0.46711445,0.12827024,0.2564014,0.34286812,1.0712154,3.107645,3.2548685,-0.47463995,-inf,0.34339097,7.9071603,0.5603543,0.32262048,0.7312142,0.20990443,0.32444596,13.929068,AVARAGE
104,1.6495649,-0.38563797,0.10443239,5.445492,0.5113328,0.23819129,0.45943666,0.15103643,0.33003044,2.0714242,0.48702183,0.14675973,0.22584185,0.3239175,-0.571941,0.31715336,inf,0.3239175,-0.571941,0.35077608,0.16953406,0.4504171,-0.48702183,0.062458154,-0.045296438,0.39718053,0.19912012,0.33298418,0.057286233,0.31993622,0.42188078,0.15898924,0.29102585,0.32468426,1.1185353,2.8287737,3.071424,-0.50390947,0.54554284,0.33123443,8.778808,0.542704,0.32084838,0.6754028,0.21829513,0.3068695,13.802299,AVARAGE
105,2.0013936,-0.3473902,0.08794237,6.28653,0.43735242,0.27580363,0.4985304,0.19288447,0.40656385,2.4762585,0.5291951,0.1248916,0.3591865,0.41699424,-0.35661516,0.38909,0.8309512,0.41699424,-0.35661516,0.3856643,0.18714517,0.5602604,-0.5291951,0.14233805,0.047585275,0.3879792,0.115805194,0.4098676,-0.034547392,0.38546988,0.47488123,0.112175554,0.272638,0.39921013,0.92475367,3.8638313,3.4762583,0.54501235,0.59406376,0.40125945,8.995358,0.606973,0.38326916,0.8002527,0.24284926,0.43101114,17.05686,AVARAGE
106,2.0517786,-0.34479734,0.095851995,6.3405395,0.45685813,0.27415186,0.47200692,0.20004074,0.40686315,2.5451462,0.5361362,0.12445523,0.33640793,0.4088182,-0.45994312,0.3910271,inf,0.4088182,-0.45994312,0.38819978,0.19380409,0.5597196,-0.5361362,0.10709959,0.03910328,0.38960743,0.08177688,0.41073143,-0.025568832,0.38526234,0.4933676,0.11545556,0.26982376,0.38719553,0.9392787,3.8979082,3.5451462,0.09678565,0.5700077,0.40219393,5.9657745,0.59549844,0.38275242,0.85981417,0.2342208,0.44503695,16.809097,AVARAGE
107,1.643999,-0.4063635,0.095460616,6.627256,inf,0.19754694,0.41323152,0.14153944,0.296811,2.0617566,0.48629752,0.120390065,0.19470137,0.27204508,-0.73269033,0.28364208,inf,0.27204508,-0.73269033,0.35047618,0.16896999,0.4599273,-0.48629752,0.042359564,-0.030016799,0.32588795,0.13088001,0.31997505,0.04133275,0.2933928,0.417758,0.12834735,0.2398774,0.33128497,1.0801607,2.9372478,3.0617568,0.52000415,-inf,0.30238786,6.305094,0.5230047,0.26902983,0.7814389,0.18380335,0.26198927,11.534328,AVARAGE
108,1.5190582,-0.39723366,0.12566318,5.4577947,,0.22482446,0.39578974,0.15764838,0.3099163,1.8905852,0.45993307,0.15709582,0.22220723,0.3112505,-0.51568025,0.29741794,inf,0.31125546,-0.51568025,0.33647498,0.15223703,0.43651792,-0.45993307,0.04526545,-0.026038542,0.38990355,0.12842812,0.3168686,0.03578484,0.3036494,0.37153873,0.16509338,0.2969551,0.3330872,1.0680336,2.7939596,2.890585,0.015049869,,0.31225586,6.128262,0.50209045,0.3069242,0.78797626,0.22438067,0.274938,13.16892,AVARAGE
109,1.625486,-0.40956795,0.09425471,6.2540746,inf,0.18918054,0.41827166,0.1326244,0.28457743,2.036098,0.48316228,0.11953522,0.16381937,0.2500289,-0.8125078,0.27217093,inf,0.2500289,-0.8125078,0.3489296,0.16667819,0.43593657,-0.48316228,0.024377579,-0.058845587,0.3230629,0.16647463,0.30740258,0.067769095,0.28126967,0.41061217,0.13388555,0.23692693,0.31343248,1.1403928,2.7201667,3.036098,0.20655517,-inf,0.29147148,6.1147513,0.5170108,0.25480583,0.7234843,0.17143261,0.2600161,10.77717,AVARAGE
110,1.9425503,-0.35709083,0.09488718,6.254653,0.49670044,0.2569622,0.46092346,0.18436995,0.38236213,2.4585059,0.52892303,0.12254976,0.27057618,0.37586924,-0.5410721,0.36687163,inf,0.37586924,-0.5410721,0.37262738,0.20105578,0.5369657,-0.52892303,0.08583619,0.0137043325,0.37576595,0.10131483,0.39142308,-0.0062292605,0.36525872,0.5159641,0.1188038,0.2558116,0.35801917,0.9901575,3.5819154,3.4585056,-0.008688423,0.52260685,0.38078618,8.9931555,0.5808742,0.35712883,0.8222585,0.22084625,0.40793118,15.567569,AVARAGE
111,1.8811334,-0.35301012,0.100779474,5.5245047,inf,0.26856947,0.46753478,0.18438353,0.38753012,2.3922834,0.523407,0.133548,0.2659818,0.38573074,-0.5194042,0.37270728,1.006387,0.38573074,-0.5194042,0.36712047,0.19931446,0.51962215,-0.523407,0.08242035,-0.0027416095,0.40275612,0.13253719,0.3878987,0.009709942,0.36819786,0.5111966,0.134191,0.2757056,0.34606296,1.0263201,3.4019165,3.3922834,0.28750435,-inf,0.38482955,8.894389,0.5767628,0.37162143,0.7732508,0.2313911,0.40959135,16.088188,UNHEALTHY
112,1.6729078,-0.39272073,0.09802877,5.753373,inf,0.2193734,0.44312972,0.14372002,0.31562766,2.0982265,0.49355984,0.13075821,0.19486271,0.2917418,-0.72441345,0.30306196,inf,0.2917418,-0.72441345,0.35570404,0.17168574,0.44917133,-0.49355984,0.04018947,-0.055442266,0.3655963,0.18499377,0.32658014,0.06490023,0.3072875,0.42531863,0.14623323,0.26581833,0.3195164,1.1357269,2.7974498,3.0982268,1.8754324,-inf,0.31916368,7.3148036,0.5349208,0.29676253,0.6967004,0.19697385,0.29375392,12.542783,UNHEALTHY
113,1.2902652,-0.4228519,0.1179887,4.5492263,inf,0.18277554,0.385571,0.117352344,0.25424784,1.6558536,0.43284717,0.15289214,0.12835884,0.22113916,-0.8628306,0.2453962,inf,0.22113916,-0.8628306,0.30661798,0.14964919,0.3624017,-0.43284717,0.008941869,-0.08420773,0.36262202,0.19899668,0.26531976,0.10375164,0.25185987,0.36562413,0.17984942,0.2762537,0.2653961,1.1995841,2.2446342,2.6558535,-0.22252272,-inf,0.26110482,6.9807177,0.46816733,0.2329219,0.6743426,0.16531679,0.20153247,9.888064,
114,1.7508978,-0.3632279,0.10713735,5.3076086,inf,0.2759134,0.45523888,0.18022098,0.3803956,2.2099302,0.5049615,0.14467074,0.28046942,0.39596063,-0.3446844,0.3645617,inf,0.39596063,-0.3446844,0.3606371,0.18149649,0.49815986,-0.5049615,0.08060144,-0.0074133915,0.42143562,0.14155528,0.37312835,0.013739562,0.36261153,0.45906147,0.14553101,0.29883185,0.35356742,1.0250762,3.1838827,3.2099295,-1.7140214,-inf,0.3760341,8.848802,0.560211,0.38884225,0.75725526,0.25294822,0.35933465,16.520128,AVARAGE
115,2.2082374,-0.34387848,0.09443565,6.474451,inf,0.28356963,0.48916173,0.19397514,0.4113667,2.7794533,0.55427796,0.12285554,0.2905801,0.40730524,-0.42425206,0.39459276,inf,0.40731192,-0.42425206,0.39145193,0.21641117,0.54954547,-0.55427796,0.076004066,-0.0037734725,0.4070798,0.12558438,0.4083541,0.010991023,0.38812938,0.5712159,0.12351476,0.2681527,0.34656388,1.0197635,3.7881105,3.7794533,0.29804283,-inf,0.4047134,6.687636,0.6009494,0.40026915,0.7826673,0.22072226,0.43850046,16.987534,AVARAGE
116,1.5396311,-0.40436405,0.103059515,5.5280914,inf,0.20419392,0.42576575,0.13349718,0.29276386,1.9654319,0.4732668,0.1372902,0.16157416,0.26692033,-0.7731618,0.28135958,inf,0.26692033,-0.7731618,0.33360934,0.17128173,0.42422947,-0.4732668,0.03282039,-0.061074425,0.35885546,0.18668167,0.30617812,0.07069413,0.28765133,0.4258282,0.15466806,0.2625593,0.29560378,1.1412156,2.6384878,2.9654322,-0.21132366,-inf,0.29799494,6.254771,0.5149691,0.27621266,0.69284344,0.18343827,0.26240516,11.556313,AVARAGE
117,1.662258,-0.3959634,0.105436474,6.082093,inf,0.21701415,0.40942046,0.15305853,0.31605563,2.1404707,0.48766926,0.13101023,0.1961104,0.3019475,-0.6154052,0.302656,inf,0.3019475,-0.6154052,0.33676237,0.18790644,0.4643468,-0.48766926,0.04037729,-0.0263602,0.3547687,0.11859642,0.3308898,0.038005635,0.30919546,0.47824723,0.13776511,0.2504657,0.30659214,1.0687065,3.0370862,3.1404707,-0.117370866,-inf,0.31871146,5.267333,0.52247244,0.29865414,0.79627305,0.18727995,0.2944026,12.750018,AVARAGE
118,1.8849686,-0.370212,0.09505362,5.9985924,inf,0.24444984,0.47378045,0.1631343,0.35473835,2.4167597,0.5215702,0.12797843,0.21215251,0.33828175,-0.6086599,0.3403106,1.0649586,0.33828175,-0.6086599,0.36117133,0.20429932,0.49327168,-0.5215702,0.058842935,-0.036605556,0.38120618,0.17305973,0.36214358,0.04169031,0.34150553,0.5318426,0.13676913,0.2595762,0.3134831,1.0961306,3.200036,3.4167595,17.635166,-inf,0.3549016,6.4472404,0.5686354,0.33523893,0.7145836,0.20188305,0.37376168,14.314844,AVARAGE
119,1.914772,-0.36511862,0.09657621,6.0439854,0.538266,0.25820753,0.47423777,0.17270575,0.36986127,2.4864023,0.52915895,0.12914042,0.21896066,0.361402,-0.5288849,0.35476387,inf,0.361402,-0.5288849,0.35905814,0.21668206,0.5058203,-0.52915895,0.059312027,-0.030551383,0.39402544,0.1594183,0.37263823,0.033884104,0.35412413,0.57173544,0.13581789,0.26165065,0.30980694,1.0876071,3.2997913,3.4864023,0.11589036,0.5389387,0.36798298,9.144797,0.5750296,0.35349038,0.7354318,0.20923656,0.37866867,15.225607,AVARAGE
120,1.1508647,-0.44885963,0.11358967,4.506617,-inf,0.14404872,0.36395815,0.09393404,0.20619568,1.442842,0.40205127,0.14583886,0.092713974,0.15796459,-0.96181214,0.19858357,inf,0.15796179,-0.96181214,0.29550365,0.124434076,0.3116475,-0.40205127,-0.005980454,-0.10461644,0.32159007,0.2214326,0.22386712,0.13038632,0.2076055,0.2919932,0.17754644,0.25676695,0.24769165,1.2471161,1.9740319,2.4428165,0.06551517,-inf,0.21563429,5.0845113,0.43551755,0.17294963,0.6418253,0.13573347,0.13673246,7.374445,
121,2.271965,-0.33566698,0.08187562,6.995748,0.47151482,0.28996116,0.52227396,0.20179372,0.43026707,2.8295436,0.562162,0.11663762,0.35805833,0.43559673,-0.35758993,0.41274613,0.95035636,0.43559673,-0.35758993,0.40335613,0.21318752,0.5875873,-0.562162,0.13467523,0.03922066,0.39502653,0.1200854,0.43114606,-0.027060837,0.40543467,0.5575785,0.1050654,0.26274174,0.38731676,0.94536054,4.159414,3.8295438,-0.16782166,0.54612494,0.42276737,7.4137707,0.63241917,0.40368468,0.79286236,0.23427255,0.44423404,17.86056,AVARAGE
122,1.4894562,-0.40282905,0.107687406,5.2480507,0.46063408,0.20910089,0.4251112,0.13650158,0.29511806,1.8806887,0.4618406,0.14547005,0.18511598,0.27880138,-0.7105009,0.28376588,inf,0.27880138,-0.7105009,0.33216798,0.15889643,0.41797775,-0.4618406,0.047200836,-0.05393092,0.36886823,0.19048803,0.30510893,0.06683676,0.2889213,0.39125237,0.15976739,0.27662525,0.30907735,1.1391758,2.5968258,2.8806887,1.9133387,0.6656527,0.29966304,6.205229,0.51126516,0.27552006,0.68560565,0.20059226,0.26393953,11.974159,AVARAGE
123,1.5013273,-0.41305643,0.09450536,5.719004,0.47295156,0.18991038,0.4377044,0.12475246,0.27780235,1.8874646,0.4647838,0.13160406,0.16393386,0.24995498,-0.7941875,0.26638353,0.94781476,0.24995498,-0.7941875,0.33603698,0.15748303,0.4164164,-0.4647838,0.04803154,-0.059505094,0.33658877,0.20808807,0.296657,0.07024891,0.2747152,0.38618276,0.1466784,0.25329646,0.3099029,1.1423119,2.5772798,2.8874652,-0.11666024,0.5843443,0.28467077,6.2412877,0.51713526,0.25396967,0.6609214,0.18175206,0.24043372,10.79165,
124,1.2161224,-0.43927848,0.10769233,5.031444,0.4730053,0.15764397,0.37717417,0.10702338,0.230952,1.5484879,0.41647783,0.14024891,0.12162901,0.19741738,-0.87232083,0.22140588,inf,0.19741738,-0.87232083,0.29938683,0.13766122,0.3611937,-0.41647783,0.027015468,-0.065399915,0.3168608,0.1856332,0.25309476,0.08052016,0.23259771,0.3323763,0.1592168,0.24862874,0.28264552,1.1551405,2.2399883,2.548488,-0.12627918,0.57970417,0.24008845,6.361875,0.46076903,0.20348053,0.6932785,0.15786314,0.1465226,8.699923,AVARAGE
125,2.0012918,-0.3523582,0.09182065,6.3054357,0.48219588,0.27605903,0.47169313,0.19568475,0.40394446,2.5184584,0.537686,0.12049035,0.31680325,0.40912983,-0.38395938,0.38690978,inf,0.40912983,-0.38395938,0.38154387,0.20158854,0.55363184,-0.537686,0.10022709,0.02613814,0.38911033,0.0962274,0.40528324,-0.017122297,0.38295373,0.5171667,0.113051325,0.2637502,0.37302133,0.9699342,3.749198,3.5184584,-0.099955596,0.54570305,0.39838603,9.020474,0.59260726,0.3834915,0.8328422,0.2344634,0.39490336,16.861101,AVARAGE
126,1.8406665,-0.36841613,0.09075144,6.1736608,inf,0.24712828,0.45873535,0.17567763,0.36619788,2.3549075,0.52383167,0.1186537,0.2498464,0.35762936,-0.556407,0.35054904,inf,0.35762936,-0.556407,0.3652207,0.20005044,0.5203055,-0.52383167,0.07613035,-0.0022982638,0.36464298,0.12186468,0.37671232,0.006978238,0.35152492,0.5142497,0.11751878,0.24939193,0.34806752,1.028037,3.371593,3.3549082,-0.046301175,-inf,0.36583987,11.276791,0.5731368,0.34096324,0.7928905,0.2162375,0.36640942,14.87285,UNHEALTHY
127,1.953067,-0.3431595,0.10658531,5.4866815,inf,0.29294306,0.4765076,0.20018485,0.4111185,2.4861763,0.5317321,0.14191267,0.3097308,0.42092398,-0.36606055,0.39540377,inf,0.42092398,-0.36606055,0.37194666,0.20386867,0.5332193,-0.5317321,0.0888966,0.0087102065,0.43543184,0.122274004,0.40172607,0.0012843781,0.38821614,0.5331094,0.14249389,0.29707116,0.35177237,1.0024157,3.6327105,3.4861763,-0.07913901,-inf,0.40428925,8.627753,0.5872664,0.4057098,0.8008856,0.23972794,0.4321993,17.553638,
128,1.7838302,-0.35005042,0.09503115,5.036877,inf,0.27643448,0.48995504,0.18543534,0.39645314,2.2818637,0.5127545,0.13769926,0.29610634,0.40644783,-0.44166735,0.38119227,inf,0.40644783,-0.44166735,0.35699227,0.19397342,0.5209641,-0.5127545,0.118102275,0.013444419,0.40875143,0.15579781,0.39232457,-0.009173334,0.37460735,0.4980809,0.13232172,0.28288317,0.35727677,0.99064523,3.3979173,3.2818637,-0.8069011,-inf,0.39222687,11.286503,0.58653784,0.38411018,0.7404495,0.24343477,0.413118,16.800886,AVARAGE
129,1.8887717,-0.3600374,0.08977515,6.20033,0.4881787,0.25765073,0.46844637,0.18320836,0.38271075,2.4117556,0.52760965,0.11986708,0.27879092,0.3811063,-0.5082243,0.3666965,inf,0.3811063,-0.5082243,0.3672399,0.202848,0.53793883,-0.52760965,0.096010536,0.015460732,0.37105033,0.11269401,0.3910314,-0.012321701,0.36543947,0.5230138,0.11339962,0.25272384,0.35994607,0.99014443,3.5323656,3.4117556,0.90421855,0.55002606,0.38080677,12.287637,0.5843664,0.35712278,0.8047136,0.22470812,0.3933253,15.717743,AVARAGE
130,1.5452949,-0.4000085,0.108191006,5.289247,inf,0.20988853,0.4320082,0.13594234,0.29692808,1.9228888,0.46807688,0.14601019,0.18260132,0.27347505,-0.7731003,0.2860834,inf,0.27347505,-0.7731003,0.34191912,0.15494059,0.4211257,-0.46807688,0.04418785,-0.05739649,0.37433055,0.19638172,0.3075506,0.0652617,0.29075113,0.37760666,0.16444561,0.28298488,0.316392,1.138191,2.626807,2.9228888,-0.28922078,-inf,0.30180806,5.794959,0.51636785,0.2794701,0.67874044,0.19917966,0.2749558,11.855681,
131,1.8907584,-0.3659453,0.091622666,6.1877728,0.47197345,0.25059897,0.4771832,0.17205338,0.36614472,2.3712134,0.5227922,0.1256356,0.25384653,0.3609824,-0.52207,0.35072303,inf,0.3609824,-0.52207,0.37410462,0.18978298,0.5111714,-0.5227922,0.07930873,-0.015329059,0.37615773,0.15758961,0.37439808,0.017068192,0.35134166,0.48045525,0.12555875,0.26283327,0.35391906,1.0505941,3.2774444,3.3712134,-0.5749983,0.5998203,0.36597466,7.8092,0.5777819,0.3466,0.7370385,0.2261174,0.3828284,15.039275,AVARAGE
132,1.4539084,-0.40274775,0.10795796,4.756658,inf,0.20389119,0.42647755,0.1305978,0.28723812,1.8575324,0.46222878,0.14561689,0.14724179,0.25821933,-0.82727593,0.27719072,inf,0.25821933,-0.82727593,0.32646978,0.1636982,0.39916304,-0.46222878,0.025993925,-0.077862985,0.3721834,0.2142613,0.29627818,0.08774866,0.28071332,0.4036557,0.16829573,0.2743191,0.28401667,1.1878356,2.4441242,2.8575325,-0.0077115064,-inf,0.29302457,7.218401,0.50539476,0.26650122,0.65311927,0.18280903,0.26667717,11.326109,AVARAGE
133,1.6772504,-0.38770106,0.09819389,5.7291718,inf,0.23209573,0.46322775,0.1495129,0.3283739,2.12083,0.49113825,0.13857661,0.21096349,0.31951857,-0.5934317,0.31518376,inf,0.31951857,-0.5934317,0.3495029,0.17682536,0.45604622,-0.49113825,0.06438361,-0.044146445,0.3800791,0.19915816,0.33441404,0.05104174,0.31824315,0.44360322,0.14799161,0.2740544,0.31911543,1.112051,2.877169,3.12083,-0.08923207,-inf,0.32986757,6.923876,0.5467211,0.31612638,0.67400306,0.21217309,0.30401826,13.548891,HEALTHY
134,1.7813667,-0.3601808,0.10158009,4.959632,inf,0.2706323,0.48524138,0.17240581,0.3760711,2.2213013,0.5030925,0.1469481,0.2720821,0.38125885,-0.47135082,0.36195096,inf,0.38125885,-0.47135082,0.3643121,0.17601608,0.4834808,-0.5030925,0.09005524,-0.02286676,0.42298898,0.19392663,0.3681571,0.02972336,0.35673204,0.43994272,0.15236142,0.30269942,0.34627846,1.0638669,3.1209438,3.2213018,0.40191013,-inf,0.37262252,8.810977,0.5690715,0.37508753,0.6830896,0.24538107,0.37941483,16.02112,AVARAGE
135,1.7398973,-0.33522385,0.14210743,4.4787135,0.43098715,0.32264087,0.42348385,0.23466033,0.42856628,2.1765442,0.4965332,0.17522621,0.36768273,0.48606306,0.031078963,0.4114742,inf,0.48606306,0.031078963,0.3576435,0.17507955,0.52109987,-0.4965332,0.091168664,0.035396956,0.48411044,0.06600147,0.40468112,-0.028819323,0.40336782,0.43664703,0.1614696,0.34912333,0.3830001,0.9458241,3.4330542,3.1765442,0.11543099,0.8084715,0.4187056,7.5638404,0.5516509,0.44764093,0.8881103,0.31581917,0.43983388,19.909048,UNHEALTHY
136,1.6733547,-0.4117566,0.08367408,6.8390713,0.5261261,0.18137115,0.43875495,0.12770219,0.28058207,2.134625,0.4962152,0.10940923,0.15237801,0.24140851,-0.8394684,0.2676574,inf,0.24140851,-0.8394684,0.34959328,0.18247543,0.44580197,-0.4962152,0.027900692,-0.06413133,0.30345082,0.18389867,0.30958033,0.076280005,0.27890828,0.46129355,0.12207969,0.21677178,0.30329502,1.1572707,2.77114,3.1346252,-3.755804,0.43859982,0.28891116,8.081866,0.5324453,0.24362531,0.69558233,0.15790468,0.26734737,10.375449,UNHEALTHY
137,1.5997729,-0.4302961,0.08048019,7.080413,0.5380636,0.16015679,0.4255598,0.11301538,0.25217137,2.038688,0.4848161,0.10429303,0.12589756,0.20387083,-0.8930923,0.23986155,inf,0.20387083,-0.8930923,0.3422628,0.17575929,0.41998354,-0.4848161,0.01303061,-0.08055823,0.28160042,0.19602072,0.2852192,0.096819095,0.25418055,0.4389434,0.12144364,0.20376863,0.28537133,1.1964304,2.6042285,3.0386877,-0.117994726,0.40783352,0.261958,5.2531404,0.5155249,0.20962983,0.6775908,0.13563228,0.19275732,8.923669,AVARAGE
138,2.3740792,-0.33939317,0.078469165,7.4916964,0.4890964,0.26892072,0.50493306,0.19603838,0.4149122,2.9485447,0.5767366,0.102173276,0.3161328,0.39599285,-0.5767416,0.3988642,inf,0.39599285,-0.5767416,0.41450146,0.21956915,0.58899045,-0.5767366,0.09585226,0.021988183,0.36548695,0.09863203,0.4268865,-0.011159265,0.3928565,0.5744656,0.096566215,0.23861134,0.37777436,0.97346056,4.1682773,3.9485447,-1.1191767,0.47232223,0.41105565,8.3713255,0.6269913,0.37940133,0.82629657,0.20560023,0.47105074,16.359526,UNHEALTHY
139,1.4036288,-0.42805463,0.10256904,5.3017845,inf,0.16426578,0.38869455,0.1113181,0.24388714,1.7814614,0.45196903,0.1282029,0.11149547,0.19416447,-0.93642163,0.23398152,inf,0.1941612,-0.93642163,0.3235782,0.15509747,0.36929154,-0.45196903,-0.009237962,-0.099028476,0.3196257,0.20121042,0.264353,0.119720705,0.2426327,0.3778642,0.15536542,0.2398458,0.26234633,1.2373017,2.2932467,2.7814612,-0.15327878,-inf,0.25252855,7.0852804,0.47543696,0.20682475,0.66909194,0.14182286,0.20462634,8.769261,UNHEALTHY
140,1.6165458,-0.413498,0.09210087,6.2983766,0.4857352,0.18800741,0.4259883,0.12661812,0.2792856,2.0543072,0.4879804,0.119353704,0.14254569,0.24080259,-0.8385935,0.2674507,inf,0.24080259,-0.8385935,0.34687498,0.17413107,0.42426983,-0.4879804,0.01155117,-0.07995681,0.32654577,0.19287165,0.3003123,0.088273495,0.2762799,0.43776146,0.13853839,0.23630212,0.2952193,1.1891893,2.6155975,3.0543075,-0.15438694,0.5589683,0.28637463,7.9349294,0.51776,0.25044876,0.68155193,0.164476,0.21975362,10.513058,
141,1.8030496,-0.35528487,0.09435189,5.388567,0.46164224,0.27146167,0.4905588,0.18011023,0.38786227,2.2832358,0.5127592,0.13703234,0.2859979,0.39795265,-0.4254465,0.3722002,inf,0.39795265,-0.4254465,0.3639,0.18782485,0.5168971,-0.5127592,0.11353216,0.0064936513,0.40397614,0.16349168,0.38630667,-0.0035736717,0.3685316,0.48020247,0.13251449,0.28354996,0.36389259,1.0012587,3.3348377,3.2832355,0.07214778,0.63709235,0.38465023,11.174776,0.5852855,0.37924471,0.7244137,0.24988711,0.38886458,16.468414,AVARAGE
142,1.6929429,-0.40935194,0.08514761,6.872714,0.5251384,0.19650216,0.44984743,0.13306576,0.29385835,2.1973898,0.50401986,0.113960534,0.15178753,0.2617893,-0.76589316,0.28064257,inf,0.2617893,-0.76589316,0.34571332,0.1967878,0.45602843,-0.50401986,0.032626975,-0.06200173,0.32403564,0.18859793,0.31719333,0.06963041,0.29123026,0.5044753,0.12753348,0.225642,0.29276964,1.1479806,2.8348405,3.19739,-3.8681042,0.51785064,0.3000803,5.5343843,0.541719,0.26675612,0.69269365,0.16598618,0.22684099,11.247212,AVARAGE
143,1.5845684,-0.39782965,0.105775006,5.2222095,-inf,0.20897393,0.4342123,0.13581671,0.29834682,2.021173,0.48026872,0.13935667,0.15647511,0.26459932,-0.83218503,0.2876137,inf,0.26459932,-0.83218503,0.3387615,0.17434545,0.4204087,-0.48026872,0.025532978,-0.07343903,0.3716107,0.20275567,0.30876395,0.08481559,0.29103673,0.43661976,0.16264033,0.26932353,0.2870315,1.1743987,2.6390316,3.0211735,-0.4408203,-inf,0.30318275,7.194597,0.51890814,0.27560326,0.6697759,0.17760125,0.28066227,11.606876,
144,1.4845256,-0.41826048,0.09988365,5.566526,0.5192134,0.18652005,0.4078629,0.123682804,0.27042302,1.8957316,0.4686488,0.12909509,0.14358841,0.23376879,-0.8238127,0.25934857,,0.23376879,-0.8238127,0.33156142,0.16574669,0.39959598,-0.4686488,0.008387323,-0.08307264,0.3379357,0.19375904,0.28641206,0.09867624,0.26705235,0.41123334,0.15141563,0.24906161,0.2794011,1.20549,2.4795012,2.8957317,0.42925605,0.48882055,0.27664283,7.7447867,0.4976438,0.24124892,0.6824499,0.16246678,0.22065501,10.298553,AVARAGE
145,2.1298757,-0.3708484,0.07647878,7.8498898,0.50911605,0.23450746,0.49306595,0.16791436,0.36161557,2.698501,0.55383563,0.102256656,0.23951793,0.3372985,-0.64265287,0.34569094,inf,0.3372985,-0.64265287,0.38902017,0.21558814,0.54467934,-0.55383563,0.07521198,-0.010953593,0.33701554,0.14022255,0.38324642,0.014186309,0.34994632,0.5686715,0.10250808,0.2240285,0.34793812,1.0441846,3.6468997,3.698501,-0.038034037,0.45122525,0.36282486,6.452767,0.6015364,0.32540134,0.76345295,0.19002195,0.37859288,14.0603895,AVARAGE
146,1.8958906,-0.38674995,0.092104785,6.8709097,0.5107888,0.2197057,0.44106627,0.15504995,0.32833132,2.4165673,0.5238178,0.115024015,0.18764219,0.29970154,-0.729552,0.31457412,inf,0.29970154,-0.729552,0.36604667,0.20136681,0.48734704,-0.5238178,0.02472307,-0.047520354,0.34541863,0.14134614,0.34673053,0.051503453,0.3201161,0.52067655,0.1257129,0.23721364,0.31507677,1.115813,3.1346197,3.416567,-0.19176225,0.5319356,0.33208224,9.576996,0.5521414,0.30295023,0.7629961,0.18227646,0.31727657,12.7547865,AVARAGE
147,1.8714391,-0.3673931,0.10916485,6.1939344,0.4949762,0.25861704,0.44548896,0.17980926,0.36581767,2.3746612,0.517954,0.13812132,0.24402826,0.36831084,-0.46772593,0.3509698,,0.36831084,-0.46772593,0.36387375,0.19651082,0.50411725,-0.517954,0.054176416,-0.018611176,0.39936504,0.124060564,0.36963534,0.020814413,0.35223758,0.50325364,0.14074802,0.27812615,0.33747435,1.0515541,3.2570431,3.3746614,1.8589889,0.62072176,0.36485294,7.071173,0.5593242,0.36205682,0.7883999,0.22864321,0.36967352,15.411954,AVARAGE
148,2.0728936,-0.39316452,0.07209814,8.059493,0.5453612,0.20198184,0.4742293,0.1427816,0.31805906,2.6349416,0.55139744,0.09212725,0.162943,0.2709504,-0.8380687,0.3035883,inf,0.2709504,-0.8380687,0.38507926,0.21594322,0.50069374,-0.55139744,0.016792094,-0.0695955,0.30686775,0.17722279,0.34749493,0.07187441,0.3124125,0.56204796,0.104885906,0.20231386,0.30810115,1.1669927,3.1723313,3.6349416,-0.23868552,0.41187686,0.32417414,7.1707497,0.5764177,0.27789763,0.7047868,0.15489212,0.31706485,11.608565,AVARAGE
149,1.7043275,-0.38999823,0.11459338,6.008236,0.5002223,0.2307756,0.42617226,0.15433991,0.32305947,2.1567535,0.49136215,0.1456867,0.20021008,0.31145144,-0.60995483,0.3105499,inf,0.31145144,-0.60995483,0.34819314,0.17982829,0.4545855,-0.49136215,0.03556501,-0.045867164,0.38983753,0.15383884,0.33037347,0.053667672,0.3150246,0.4524414,0.15906195,0.28124416,0.31156155,1.114177,2.9085853,3.1567535,-0.24787825,0.58886784,0.3250831,5.439973,0.5286248,0.3116885,0.7395191,0.20424989,0.28116047,13.311525,
150,2.0305192,-0.35769746,0.08805236,6.542081,0.46754256,0.25366703,0.4704366,0.18376365,0.38242784,2.5323617,0.53799886,0.11386491,0.2967818,0.37006736,-0.56882167,0.36677676,inf,0.37006736,-0.56882167,0.3871643,0.19487067,0.5389116,-0.53799886,0.08156838,0.005712085,0.36446354,0.11233691,0.39263776,0.0034258643,0.3642942,0.501909,0.11079647,0.25070226,0.3708663,1.0105897,3.6335545,3.532362,-0.56224376,0.52797526,0.38068765,9.702483,0.5873774,0.35245335,0.8059169,0.21029836,0.41067898,15.342761,AVARAGE
151,1.64271,-0.40821975,0.111289516,6.6667786,0.47729135,0.20164709,0.37646422,0.14869249,0.29451257,2.0902896,0.48619375,0.12750174,0.17038725,0.27139005,-0.72319585,0.28208342,inf,0.27139005,-0.72319585,0.34457403,0.1749897,0.4452037,-0.48619375,-0.0012232501,-0.05151921,0.34131667,0.10676796,0.31317616,0.056426417,0.2909638,0.44765404,0.13966957,0.24709675,0.31453937,1.1220317,2.8073587,3.0902896,-0.7275433,0.5838436,0.29987377,7.458097,0.4991538,0.2753837,0.8165619,0.18100695,0.21904564,11.612115,AVARAGE
152,1.5467985,-0.4100779,0.10211788,5.7305765,inf,0.19201483,0.40164816,0.13409214,0.2821664,1.9558299,0.47510585,0.12687202,0.1554921,0.2499156,-0.8147535,0.2706978,inf,0.2499156,-0.8147535,0.34181905,0.16338062,0.41744813,-0.47510585,0.0070886416,-0.07182926,0.33592302,0.16751057,0.29999438,0.08087221,0.27772188,0.40905136,0.1439113,0.24839938,0.3053657,1.1703769,2.5690181,2.9558299,-0.41259328,-inf,0.28885347,5.763428,0.50137043,0.2578518,0.7222583,0.17777368,0.23650922,10.839131,AVARAGE
153,1.4925869,-0.38864207,0.14915037,5.0541553,0.46916157,0.24593155,0.37143493,0.16892941,0.32224053,1.9024243,0.46155092,0.17685783,0.21168813,0.33544272,-0.4302631,0.31043294,inf,0.33544272,-0.4302631,0.32656842,0.16523202,0.43441474,-0.46155092,0.022681512,-0.032222014,0.43477568,0.10418893,0.32141057,0.04063184,0.31583825,0.40984437,0.18884417,0.32494217,0.3144073,1.0782499,2.750461,2.9024246,-0.00414157,0.76119155,0.32353216,5.454883,0.48958528,0.3379973,0.82094985,0.23858495,0.29188615,14.27644,AVARAGE
154,1.8711901,-0.3901388,0.090959825,7.090416,0.50114506,0.21158612,0.4260913,0.15482496,0.32308605,2.3607602,0.52061236,0.10939974,0.19354603,0.29256862,-0.7624067,0.30915117,inf,0.29256862,-0.7624067,0.3695194,0.19259715,0.49275708,-0.52061236,0.0257648,-0.036072522,0.32875216,0.11659175,0.34638408,0.04018728,0.31632194,0.4896174,0.11716601,0.22907321,0.33188343,1.0871308,3.150241,3.3607602,-0.2737542,0.49980205,0.32799435,7.8918686,0.54648596,0.29576647,0.79824305,0.18241586,0.27372557,12.384515,AVARAGE
155,2.2260177,-0.35328335,0.07794081,7.4334507,0.478892,0.24487686,0.48697004,0.18221419,0.38521135,2.7708673,0.5608887,0.09957634,0.27951825,0.35852462,-0.6912775,0.36988264,0.9958944,0.35852462,-0.6912775,0.40268403,0.21002263,0.5705111,-0.5608887,0.08643347,0.016592981,0.3406699,0.09749501,0.4069217,-0.00879747,0.3691148,0.54484993,0.095793046,0.22705843,0.37641436,0.97887254,3.925448,3.7708673,-0.30505115,0.4807001,0.38575372,8.018457,0.60970396,0.34733915,0.82763296,0.19488028,0.43987307,14.843944,AVARAGE
156,1.7663734,-0.40172765,0.09882395,7.109827,inf,0.20401017,0.40273368,0.15054904,0.30739784,2.2685916,0.507751,0.11498107,0.17058925,0.27863598,-0.7624215,0.294235,inf,0.27863598,-0.7624215,0.3518006,0.19618478,0.475384,-0.507751,0.012084612,-0.041907515,0.32866916,0.10700703,0.3305186,0.04809686,0.30318084,0.50221825,0.12467269,0.22844198,0.31039968,1.1003379,3.025484,3.2685916,-0.15885301,-inf,0.31295738,4.856041,0.5262623,0.28194058,0.81504256,0.17336707,0.52347666,11.852122,AVARAGE
157,1.624103,-0.4099767,0.09356577,6.365506,inf,0.19022726,0.42182675,0.13238584,0.28541988,2.0469959,0.48641372,0.11969616,0.15971549,0.25262892,-0.80694115,0.2730812,inf,0.25262892,-0.80694115,0.34867635,0.17078029,0.43850997,-0.48641372,0.024197219,-0.060805175,0.32357025,0.17049484,0.30872515,0.06814776,0.2825803,0.422893,0.13334608,0.23668653,0.31236818,1.1422374,2.7066555,3.0469959,-0.40252554,-inf,0.29267886,7.6206717,0.52022254,0.25938088,0.71511716,0.1751016,0.23765668,10.867454,AVARAGE
158,1.7311627,-0.37531182,0.12737417,5.679101,inf,0.2546185,0.40885064,0.17654933,0.35065472,2.1774652,0.48913327,0.15703762,0.24457766,0.35888246,-0.4496783,0.33765072,0.8911943,0.35888246,-0.4496783,0.34924045,0.17711036,0.47646758,-0.48913327,0.047149654,-0.013325622,0.41661286,0.1017811,0.35121825,0.020612748,0.33896217,0.4463095,0.16200623,0.30225816,0.33548126,1.0379292,3.1417823,3.1774654,-0.07956206,-inf,0.3498583,6.653743,0.5268356,0.35585836,0.8246077,0.23518226,0.3012082,15.077652,AVARAGE
159,2.227372,-0.35696214,0.087413535,7.608125,0.4907676,0.2572442,0.46312442,0.19027594,0.39041424,2.7897162,0.5581727,0.10683544,0.2781831,0.3741962,-0.57599854,0.37467822,1.051112,0.3741962,-0.57599854,0.39698085,0.21388447,0.56158674,-0.5581727,0.061547138,0.008303879,0.36166644,0.07693575,0.40264875,-0.0016326831,0.37283817,0.56230754,0.10442227,0.23877752,0.36294752,0.9953576,3.8928707,3.7896702,-6.1557746,0.50483966,0.38792166,6.6412377,0.59444714,0.36469913,0.8667276,0.20275666,0.38057417,15.531178,AVARAGE
160,2.2077644,-0.34880438,0.08174214,7.214737,inf,0.2591837,0.48748505,0.18926165,0.39783758,2.7694914,0.56188565,0.10528765,0.28670037,0.37879765,-0.6163877,0.38212278,inf,0.37879765,-0.6163877,0.4000674,0.21276392,0.56948364,-0.56188565,0.084015645,0.0131364325,0.36089078,0.10119418,0.41138968,-0.008058717,0.37880582,0.56179976,0.10171128,0.23834075,0.37421912,0.98819923,3.8906605,3.7694912,-0.23729643,-inf,0.3959136,10.705513,0.6096705,0.36590153,0.82565325,0.20505181,0.43077704,15.693825,AVARAGE
161,1.840056,-0.39414144,0.10451744,7.197391,inf,0.22296566,0.39967665,0.16489457,0.32755715,2.3711247,0.5163391,0.11908452,0.18792996,0.306802,-0.6580477,0.31392705,inf,0.306802,-0.6580477,0.3550581,0.20360282,0.4870375,-0.5163391,0.008211554,-0.036725655,0.35116923,0.08905093,0.34291357,0.042199504,0.32008654,0.5310944,0.12821788,0.23835228,0.30997518,1.1003623,3.16757,3.3711247,-0.13447507,-inf,0.32985914,6.141751,0.5298074,0.30452064,0.8488742,0.18155435,0.1814783,13.011749,AVARAGE
162,1.7684098,-0.4061346,0.080296144,7.0174384,0.49548018,0.19091009,0.4513569,0.13390595,0.29451606,2.2383084,0.5082033,0.10572734,0.16040553,0.25596443,-0.82319397,0.28118974,inf,0.25596443,-0.82319397,0.3612406,0.18466125,0.4604992,-0.5082033,0.031826157,-0.061951477,0.30878237,0.18526001,0.32144782,0.06633104,0.29094002,0.4699208,0.11787229,0.21790914,0.31556055,1.1626089,2.864841,3.2383082,-0.23733526,0.497624,0.30166247,7.8296423,0.5450669,0.25529054,0.696129,0.1674762,0.23813215,10.968807,AVARAGE
163,1.687214,-0.39085492,0.11910114,6.2136197,inf,0.23314781,0.41337976,0.1605246,0.32567397,2.1406896,0.484223,0.15039106,0.21426988,0.32290447,-0.5344506,0.31293932,,0.32290447,-0.5344506,0.34177837,0.17920762,0.46540022,-0.484223,0.047808252,-0.020197975,0.3917471,0.11814525,0.33405113,0.03007697,0.3186295,0.4535291,0.15860711,0.28419304,0.3200471,1.0598727,3.0768037,3.1406896,-0.31421682,-inf,0.32706538,6.1836705,0.524622,0.31767368,0.80046344,0.21130139,0.22159098,13.659986,AVARAGE
164,2.1853988,-0.35805452,0.08457653,7.3687654,0.4809093,0.24692553,0.47210947,0.18315455,0.3807436,2.7224386,0.549923,0.10654564,0.27578533,0.35937816,-0.6438216,0.36560312,0.9955364,0.35937816,-0.6438216,0.39423484,0.20644471,0.55600166,-0.549923,0.07651644,0.01303003,0.35103184,0.09120189,0.39769012,-0.005047422,0.36463913,0.5370487,0.104106285,0.2359448,0.36733297,0.98857105,3.8742998,3.7224386,0.2634456,0.50428855,0.38018274,8.146197,0.59559894,0.3477262,0.84354305,0.19794515,0.4020413,14.913109,AVARAGE
165,1.9235538,-0.37180272,0.084929176,6.659916,0.47250557,0.23858584,0.48590487,0.16377203,0.3558044,2.4089928,0.525496,0.117367096,0.23790005,0.34111595,-0.6325399,0.3407678,inf,0.34111595,-0.6325399,0.3759864,0.19160654,0.51492393,-0.525496,0.084186375,-0.014928925,0.35752195,0.16485009,0.37049797,0.014939531,0.34361055,0.4854469,0.11893611,0.24873026,0.35527954,1.0491488,3.3044157,3.4089928,-0.6159252,0.5695253,0.35745615,9.802409,0.5833699,0.33176634,0.7239085,0.2121538,0.36890504,14.25239,AVARAGE
166,2.1009197,-0.36082307,0.09108181,7.189505,inf,0.26087314,0.4834506,0.18112172,0.3825617,2.6310022,0.54068214,0.121884815,0.28214276,0.3793032,-0.46322432,0.36634988,inf,0.3793032,-0.46322432,0.38486916,0.2046644,0.54259485,-0.54068214,0.08678286,0.0045736227,0.3804127,0.12549412,0.39079508,0.0011888164,0.36689436,0.530091,0.1195438,0.26021037,0.3582076,1.0061262,3.6866739,3.6310022,-0.13476712,-inf,0.3800051,5.9453726,0.59359163,0.3650902,0.7880793,0.2194632,0.3843258,15.745774,AVARAGE
167,1.5568622,-0.41939297,0.09853639,6.118011,0.51187897,0.18229815,0.41427398,0.12156091,0.2669302,1.9816933,0.47500283,0.12674133,0.1319041,0.22696592,-0.86749876,0.2559373,inf,0.22696592,-0.86749876,0.33635002,0.17051663,0.40731514,-0.47500283,0.0046088696,-0.085082464,0.33182374,0.19455545,0.28745186,0.09796698,0.26561657,0.42483824,0.1495256,0.24260001,0.28194872,1.2044002,2.5111558,2.9816935,-0.0310936,0.5163497,0.27462113,6.1112747,0.50306016,0.23637573,0.6846328,0.1559713,0.21048634,10.026518,
168,1.9147764,-0.3860469,0.08918179,6.9974666,inf,0.22236472,0.46580642,0.15222946,0.33017644,2.403886,0.51782924,0.11974674,0.20429695,0.30737147,-0.6906827,0.31630442,inf,0.30737147,-0.6906827,0.3713335,0.18961947,0.4879646,-0.51782924,0.051137738,-0.040702563,0.3503312,0.16933897,0.34760958,0.044522543,0.32185438,0.48913363,0.12797013,0.24626715,0.333601,1.102052,3.1358283,3.4038863,-0.36871368,-inf,0.3335488,5.8429174,0.56274277,0.30602497,0.720415,0.19434915,0.31078398,13.012729,AVARAGE
169,1.9559762,-0.3787135,0.0873974,6.9775443,0.5127574,0.23370685,0.46721306,0.16397132,0.3474902,2.4843411,0.528653,0.11516386,0.2160473,0.32843935,-0.637823,0.33264998,inf,0.32843402,-0.637823,0.37447357,0.19993803,0.5052354,-0.528653,0.051924307,-0.03213196,0.35406542,0.15180847,0.36180204,0.034522,0.33620045,0.5283647,0.12035862,0.24270998,0.33796906,1.081267,3.270864,3.484341,-0.20054182,0.52622455,0.34887722,7.394485,0.5716775,0.32619762,0.75130785,0.20093264,0.32617167,13.81462,UNHEALTHY
170,1.7423373,-0.37498623,0.10206658,5.8773704,0.47903526,0.24870425,0.44490585,0.17017737,0.35432467,2.2321224,0.5072883,0.13356023,0.22892377,0.35263658,-0.5248857,0.33993867,1.0264354,0.35263658,-0.5248857,0.35470763,0.19084357,0.49223343,-0.5072883,0.06177347,-0.018905327,0.38578853,0.13707113,0.35985726,0.02086481,0.3416945,0.48979324,0.13708429,0.27018982,0.33731982,1.0516881,3.1302683,3.2321224,-1.1963805,0.62785685,0.35450393,7.921363,0.55374515,0.3480731,0.7692939,0.22547248,0.3154568,14.781291,
171,1.4826972,-0.4121315,0.10547489,5.4380016,inf,0.19543429,0.42222044,0.12566192,0.27715698,1.894571,0.46353287,0.14121754,0.14763263,0.2473387,-0.8065989,0.2665399,inf,0.2473387,-0.8065989,0.32646328,0.16615584,0.40518516,-0.46353287,0.028105782,-0.0716294,0.35848346,0.20186967,0.29161757,0.08198151,0.27411214,0.41188073,0.16305895,0.26626566,0.28413594,1.1677678,2.5221868,2.894571,0.09898483,-inf,0.28340232,5.1915503,0.5055188,0.25774816,0.6698505,0.17461933,0.23976511,10.8519945,
172,2.4095204,-0.33110988,0.0977267,7.3487997,0.51919794,0.30167288,0.4664601,0.23223029,0.44480062,3.0663779,0.5783631,0.113214195,0.33453223,0.4502692,-0.2837782,0.4264381,inf,0.4502692,-0.2837782,0.39774847,0.24254836,0.60208195,-0.5783631,0.06919624,0.0389635,0.4047203,0.024509769,0.44134736,-0.030819912,0.41753525,0.6568572,0.10304738,0.25288513,0.35783646,0.9357446,4.420573,4.0663776,-0.13286018,0.5004187,0.4343433,9.964999,0.6137773,0.4272511,0.9657226,0.22016211,0.47085255,18.507046,HEALTHY
173,1.9208677,-0.37073052,0.09496821,6.4791627,inf,0.24857117,0.46080193,0.1729489,0.3619906,2.422864,0.52020836,0.1260485,0.2520242,0.35634235,-0.5255353,0.34690452,inf,0.35634845,-0.5255353,0.36893743,0.19484547,0.51082546,-0.52020836,0.06930809,-0.010494088,0.37563717,0.1316654,0.37031245,0.015121943,0.34822834,0.50199664,0.12707031,0.26209575,0.34481332,1.0342736,3.3851125,3.422864,-0.18428372,-inf,0.3613344,7.101283,0.5695638,0.34855586,0.7792447,0.21861279,0.34560654,14.87314,UNHEALTHY
174,1.6062862,-0.4254004,0.0850991,6.710468,inf,0.16864568,0.4336322,0.11455283,0.25827086,2.042545,0.48268557,0.11237104,0.12500894,0.2122628,-0.8752575,0.24626394,inf,0.2122628,-0.8752575,0.3425245,0.17395021,0.41541028,-0.48268557,0.014803754,-0.084355965,0.30061284,0.20995253,0.28656247,0.09667723,0.2592372,0.4362587,0.13197286,0.21879038,0.28308472,1.199671,2.5802662,3.0425107,-0.13518079,-inf,0.26703718,6.3490024,0.5165753,0.22208795,0.65894127,0.14528865,0.20701312,9.334329,AVARAGE
175,2.219604,-0.35684645,0.07929413,7.1584215,0.49837276,0.24794735,0.4942029,0.17623988,0.3799449,2.792983,0.5607952,0.103451565,0.24297345,0.3532521,-0.67969215,0.36442235,1.092561,0.3532521,-0.67969215,0.39808065,0.21666065,0.54696894,-0.5607952,0.061600976,-0.021579413,0.35382974,0.1424082,0.3956243,0.022574846,0.36341968,0.57339877,0.10588236,0.2327488,0.35089284,1.063339,3.6137164,3.792983,0.2608949,0.5024389,0.3801517,11.524595,0.6035806,0.34757373,0.75801396,0.19867785,0.41742882,14.77961,AVARAGE
176,1.8872963,-0.4207948,0.072214395,8.230802,inf,0.17439875,0.45366076,0.12337641,0.27585667,2.4214103,0.52484685,0.09279437,0.1341832,0.22545801,-0.8602802,0.26228544,inf,0.22545801,-0.8602802,0.36432594,0.20500904,0.45765644,-0.52484685,0.0016139054,-0.08799953,0.283649,0.19541925,0.30930054,0.10084303,0.27615735,0.5341233,0.10925319,0.1927652,0.28225788,1.225086,2.8793066,3.4214106,-0.2649292,-inf,0.28403077,7.0484858,0.5466909,0.22969823,0.6841703,0.13368171,0.21779722,9.805395,AVARAGE
177,1.58377,-0.39596894,0.11358232,5.867011,0.49286506,0.23188695,0.41325933,0.15999414,0.32029602,2.0321,0.48622352,0.14187367,0.19510765,0.32008016,-0.51627254,0.30696228,inf,0.32008016,-0.51627254,0.34001553,0.17953734,0.44956303,-0.48622352,0.0287676,-0.047178786,0.3826305,0.1476479,0.32656142,0.052585695,0.31309143,0.44832975,0.15074356,0.2750741,0.3122473,1.1168389,2.7591813,3.0321,0.2875655,0.6456597,0.32252133,6.499077,0.5195523,0.31873,0.7549821,0.21797045,0.25590876,13.558422,AVARAGE
178,1.5147728,-0.38454995,0.1377033,4.9553246,0.44552258,0.24448635,0.3878545,0.16881722,0.32994425,1.9179739,0.46470833,0.16739123,0.2232178,0.3382011,-0.50633454,0.31801108,inf,0.3382011,-0.50633454,0.3316233,0.16316365,0.44329104,-0.46470833,0.040455278,-0.025105143,0.4207617,0.11531309,0.32974336,0.033192974,0.3205333,0.40320727,0.17627536,0.3130357,0.32606244,1.0677259,2.801694,2.9179735,-0.30663538,0.7604186,0.33088842,6.9833083,0.5012276,0.3330286,0.80139124,0.23720676,0.30715534,14.313817,AVARAGE
179,2.0448296,-0.35895717,0.097280525,6.471998,,0.25738528,0.45867506,0.18289408,0.37816933,2.5580504,0.53593993,0.122704245,0.2690637,0.367541,-0.5401095,0.36274645,inf,0.36753497,-0.5401095,0.38427085,0.19787171,0.5242602,-0.53593993,0.058002222,-0.013428267,0.38206035,0.11668424,0.384772,0.020243729,0.36115378,0.51320386,0.12468352,0.26218745,0.35296088,1.0534968,3.4999588,3.5580082,-0.19508237,,0.37637827,7.5850224,0.57563055,0.35407358,0.80012584,0.21545653,0.40258107,15.363438,AVARAGE
180,1.9795324,-0.35555142,0.0996829,6.1875196,0.46107915,0.27133876,0.47406965,0.1878799,0.38883922,2.4777837,0.52752703,0.13336961,0.29545322,0.3934536,-0.40923214,0.37307698,inf,0.3934536,-0.40923214,0.37956235,0.19198307,0.525921,-0.52752703,0.08655652,0.0018082313,0.40296108,0.13096757,0.38888472,0.0047524283,0.3701524,0.49826875,0.13162233,0.28157347,0.36351234,1.0207074,3.5459323,3.4777837,0.17174333,0.6225276,0.3848894,5.5362263,0.5817813,0.37376308,0.7845342,0.23958103,0.3983988,16.350216,AVARAGE
181,1.8484831,-0.35696706,0.09061891,5.7535267,0.4813487,0.25600964,0.4799679,0.17939194,0.37893215,2.3613913,0.5243733,0.12389456,0.25758305,0.37284425,-0.57389456,0.36369628,1.0086064,0.37284425,-0.57389456,0.3664028,0.19978815,0.52592987,-0.5243733,0.094885506,0.002880249,0.37721807,0.14238957,0.38717708,0.0006120886,0.36177555,0.5129167,0.12120844,0.25794557,0.35470042,1.012716,3.3885455,3.3613913,-0.4610406,0.5823561,0.37846887,12.064818,0.5849198,0.35597098,0.7618089,0.22640096,0.4096348,15.468022,UNHEALTHY
182,1.7455043,-0.37908688,0.09987586,5.911654,0.48093894,0.23861207,0.45941693,0.15853857,0.34069857,2.2139895,0.5030085,0.13542436,0.21818808,0.33183452,-0.6035356,0.32697725,inf,0.33183452,-0.6035356,0.35505846,0.18491553,0.48099494,-0.5030085,0.06847943,-0.027963782,0.38157928,0.1678387,0.34987935,0.029537007,0.33065596,0.4684852,0.14296721,0.27186,0.332822,1.0773023,3.056596,3.2139895,-0.10575435,0.61645967,0.34261492,7.612255,0.5555213,0.3268462,0.7212732,0.21639745,0.34013438,14.015011,
183,1.6620035,-0.38461098,0.10400568,5.524471,0.480481,0.23021099,0.44186047,0.15336731,0.32882112,2.115809,0.49095884,0.13855702,0.19964333,0.31593096,-0.66041976,0.31615946,inf,0.31592587,-0.66041976,0.3452221,0.18003087,0.46160057,-0.49095884,0.056954283,-0.03694299,0.37875384,0.1668785,0.3376981,0.037380215,0.31903312,0.45388046,0.14854288,0.27160972,0.3212043,1.1049411,2.9105487,3.1158092,-0.042147465,0.6132269,0.3315302,9.444311,0.5387505,0.30681926,0.72071064,0.21063349,0.30930611,13.413224,AVARAGE
184,1.9075025,-0.3632676,0.09923722,5.856952,0.486409,0.26083785,0.47263932,0.17347896,0.3712242,2.4031096,0.52181154,0.1339055,0.24822393,0.36688143,-0.5202417,0.35660753,inf,0.36688143,-0.5202417,0.37038028,0.19402178,0.50139856,-0.52181154,0.06872179,-0.025769135,0.40033633,0.16233853,0.37231135,0.028742872,0.35487264,0.4956401,0.1394985,0.27799886,0.33791566,1.0780126,3.2626443,3.4031096,-0.31350735,0.6123251,0.36955434,8.268532,0.57176244,0.35631305,0.7285502,0.2276038,0.37126738,15.426549,UNHEALTHY
185,1.9334033,-0.365214,0.10235811,6.6785917,0.5189192,0.26038814,0.4281567,0.19620638,0.38068148,2.5076134,0.5322994,0.12121813,0.2558091,0.3823157,-0.42748603,0.36413315,inf,0.3823157,-0.42748603,0.36118567,0.21879567,0.53834754,-0.5322994,0.05418655,0.011083747,0.3768942,0.059764437,0.38751322,-0.0050022486,0.36484426,0.5742188,0.11650606,0.24833068,0.3360178,0.99365395,3.6202285,3.5076134,1.7766782,0.53594494,0.37761575,7.925416,0.5645881,0.36371884,0.8994307,0.216558,0.354651,15.811772,AVARAGE
186,2.1296043,-0.328103,0.09741235,5.9806666,0.48582372,0.3031827,0.4821145,0.22075379,0.44259277,2.7067719,0.550879,0.12664914,0.34794545,0.45651564,-0.29998723,0.4252404,inf,0.45651564,-0.29998723,0.38395733,0.21867909,0.58030146,-0.550879,0.11088322,0.047091853,0.41705453,0.070090234,0.43482205,-0.036486458,0.41372228,0.5771772,0.11387183,0.2732878,0.3726295,0.9268615,4.119359,3.7067719,-0.42848724,0.5763359,0.43291557,10.1647005,0.6095614,0.42259112,0.8817936,0.24669255,0.47914228,18.702055,AVARAGE
187,2.5620224,-0.3045555,0.08218298,6.9234476,0.47193804,0.33132342,0.5373363,0.23914579,0.49302274,3.180749,0.5912212,0.11337417,0.46077862,0.50692546,-0.16676234,0.47411507,0.9649721,0.50692546,-0.16676234,0.42392555,0.23002441,0.6398903,-0.5912212,0.15695743,0.08312261,0.42558235,0.061284024,0.47935683,-0.059810072,0.45471668,0.6187266,0.09425894,0.27137804,0.40610224,0.8636874,5.003658,4.180749,-0.1501213,0.5001561,0.4764576,5.6437473,0.6630669,0.46202627,0.89676046,0.234158,0.54998004,20.644016,AVARAGE
188,1.7960725,-0.3761895,0.08438753,6.23573,0.49048325,0.23565252,0.47339022,0.16344771,0.35137647,2.305149,0.5175431,0.11657623,0.240483,0.33754143,-0.6050521,0.33634505,inf,0.33754143,-0.6050521,0.36076403,0.19591051,0.5036799,-0.5175431,0.08045635,-0.014802048,0.3533814,0.1581747,0.36400732,0.022958498,0.33815554,0.5090547,0.11772889,0.24263623,0.34031472,1.054774,3.261488,3.3051097,-1.8617544,0.5301664,0.35221544,9.190121,0.5731748,0.32379955,0.73740244,0.20022848,0.34198007,14.093043,UNHEALTHY
189,2.4098213,-0.3317726,0.078502156,7.352007,0.4986452,0.29529732,0.5200658,0.21002032,0.44276106,3.0289338,0.5815128,0.10678266,0.37766626,0.44061038,-0.35354412,0.4248659,inf,0.44061038,-0.35354412,0.4102528,0.22987472,0.60362643,-0.5815128,0.11743488,0.03944484,0.39221963,0.09526871,0.4419966,-0.022794092,0.4148968,0.6191221,0.096922286,0.25069502,0.37772346,0.9465422,4.437369,4.028933,-0.44649935,0.46055555,0.43295306,9.768327,0.6395828,0.41286972,0.8388353,0.20726553,0.44829726,18.112257,AVARAGE
190,1.7016863,-0.38637748,0.09809542,5.8775225,0.49495134,0.23280694,0.4494691,0.15431966,0.33253706,2.1724253,0.4977643,0.13310733,0.21377984,0.32168415,-0.61764675,0.31914207,inf,0.32168415,-0.61764675,0.34963232,0.18494293,0.4678799,-0.4977643,0.055984527,-0.037902854,0.37460518,0.16929714,0.34043112,0.047196995,0.32227352,0.47074687,0.14179827,0.26591003,0.32111245,1.1002647,2.958319,3.1724253,47.219383,0.58890235,0.33423898,6.496349,0.5460115,0.31728837,0.71806335,0.20616505,0.29891858,13.620779,AVARAGE
191,1.761292,-0.3699771,0.09852295,5.6783566,0.47132447,0.24799256,0.45922154,0.16875757,0.35807872,2.237041,0.5038444,0.13435093,0.23958333,0.35648012,-0.55839896,0.34386688,inf,0.35648012,-0.55839896,0.35563582,0.18703388,0.4965663,-0.5038444,0.08069857,-0.009987477,0.38274682,0.14729947,0.36494926,0.012836742,0.34428233,0.47576526,0.13475424,0.2699664,0.34548026,1.0313854,3.1712542,3.237041,-0.409537,0.6355743,0.35856313,10.9106455,0.56161237,0.34862173,0.7491083,0.22849411,0.357209,14.863421,AVARAGE
192,1.7925309,-0.37243924,0.10183958,6.1371756,0.49400872,0.25244907,0.44655505,0.1748244,0.36105523,2.291785,0.51110345,0.13361417,0.24280827,0.36503643,-0.45571882,0.3460326,inf,0.36503643,-0.45571882,0.3562055,0.19557182,0.5051139,-0.51110345,0.068662845,-0.0070315218,0.3850954,0.12225385,0.36738703,0.011011787,0.3481278,0.49928394,0.13264635,0.26808783,0.3396482,1.0260221,3.2594812,3.2917855,-1.3475983,0.6049655,0.36054355,8.470088,0.5592683,0.3547559,0.79062074,0.22907245,1.032936,15.185656,AVARAGE
193,1.5780339,-0.3872903,0.122466005,5.2217064,inf,0.23513255,0.40560353,0.15860549,0.3252564,2.0164905,0.47759676,0.1533286,0.19801609,0.319878,-0.6083198,0.31344178,inf,0.319878,-0.6083198,0.33558404,0.17531894,0.4448798,-0.47759676,0.032943513,-0.040275607,0.40044913,0.13775183,0.32866123,0.047489457,0.31580138,0.43848577,0.16532046,0.29102638,0.3100334,1.0951018,2.807176,3.0164907,-0.43895307,-inf,0.32709518,5.9344773,0.5133369,0.32456094,0.7634807,0.21641777,0.29548395,13.628272,AVARAGE
194,2.4702442,-0.3295068,0.07872047,7.5555153,0.49788636,0.28932595,0.51488626,0.20931995,0.4399514,3.0868554,0.58730376,0.10324317,0.34295675,0.43021744,-0.44774765,0.42268085,1.0221612,0.43021744,-0.44774765,0.41719005,0.23169383,0.6090573,-0.58730376,0.10558034,0.036832448,0.38385883,0.08342388,0.44434595,-0.024763564,0.41340348,0.61662143,0.09453289,0.24400635,0.37843052,0.9402446,4.4299827,4.0868554,0.06877542,0.473514,0.43206948,8.651247,0.6404362,0.41053942,0.8526009,0.21227853,0.48654306,17.707966,AVARAGE
195,1.8290404,-0.36341503,0.094492696,5.9100027,0.4619159,0.2544032,0.46866462,0.17660102,0.37113044,2.3032236,0.5157728,0.12807305,0.26616082,0.37215042,-0.49630663,0.35544163,inf,0.37215042,-0.49630663,0.3673988,0.18742944,0.51510924,-0.5157728,0.09107247,-0.0012956648,0.37875208,0.14115818,0.3782846,0.0014209881,0.35551846,0.47420025,0.12434886,0.2655764,0.36255902,1.0280155,3.2919188,3.3032236,1.7557508,0.61532784,0.3705772,11.6521225,0.57457167,0.34880176,0.75899494,0.23544848,0.3890167,15.413162,AVARAGE
196,1.8267761,-0.36707097,0.09269753,5.7386694,0.46299413,0.24749391,0.4865745,0.16335797,0.35857385,2.283868,0.5126194,0.131504,0.24192804,0.3483747,-0.6223772,0.3446654,inf,0.3483747,-0.6223772,0.36889794,0.18216394,0.4961498,-0.5126194,0.089657836,-0.02084098,0.38413674,0.18551037,0.36592075,0.022131044,0.3445382,0.45709956,0.13664281,0.27314124,0.3510353,1.0686203,3.167743,3.283868,-0.33648622,0.62554675,0.35952702,8.416702,0.5756377,0.33736756,0.69407964,0.22642249,0.38049215,14.644083,
197,1.6394082,-0.37625834,0.1067392,5.080417,0.4624905,0.24333955,0.46055633,0.1566616,0.33994368,2.0629413,0.4857715,0.14900598,0.21771166,0.3371449,-0.6022204,0.32733214,0.9308258,0.3371449,-0.6022204,0.34793097,0.17094854,0.46097305,-0.4857715,0.07423015,-0.03269119,0.40084815,0.18921655,0.34361106,0.032911617,0.3285413,0.42356178,0.15750858,0.292635,0.3350901,1.0823003,2.864621,3.062941,0.011242355,0.68523467,0.3419328,7.9898787,0.5470229,0.33453134,0.68627656,0.23302214,0.34529862,14.260267,AVARAGE
198,1.839091,-0.3739177,0.09689436,6.2010546,0.4683519,0.24532531,0.4736489,0.16145498,0.35118374,2.3065789,0.5115519,0.13475819,0.23519163,0.3454942,-0.56883866,0.33711725,0.9356887,0.3454942,-0.56883866,0.36627552,0.18507203,0.49503216,-0.5115519,0.076865956,-0.021921135,0.38506705,0.16934046,0.35992992,0.023238473,0.34003484,0.46751904,0.13974173,0.27455997,0.3457047,1.0567427,3.1729953,3.306579,-0.21084502,0.636805,0.3523506,6.6684093,0.5686419,0.34249198,0.7163779,0.2237498,0.35513666,14.52018,AVARAGE
199,1.7727883,-0.3676831,0.09807976,5.2454705,0.45026547,0.25884318,0.48294213,0.16402444,0.36171556,2.2102263,0.5035157,0.14108647,0.24909323,0.3608842,-0.5311554,0.3475483,0.904344,0.3608842,-0.5311554,0.36600056,0.17422396,0.47923353,-0.5035157,0.080255486,-0.031857118,0.40752575,0.19853085,0.35987502,0.033649776,0.3460796,0.43742108,0.14868261,0.29355857,0.34855887,1.0776998,3.0196767,3.210185,-0.043788653,0.67955905,0.36062852,7.882943,0.5666247,0.36135456,0.67325896,0.24007793,0.36419618,15.226745,
200,2.1196897,-0.34640774,0.085673556,6.656689,0.47612163,0.28211042,0.49936014,0.194594,0.41226447,2.6667442,0.5524143,0.11791652,0.31949195,0.41702923,-0.36383143,0.39414117,inf,0.41702923,-0.36383143,0.39217445,0.20942704,0.56374294,-0.5524143,0.10317933,0.017113646,0.39311007,0.1229182,0.41326773,-0.012212315,0.39065337,0.5470721,0.11099968,0.26366034,0.37432298,0.98042053,3.8005662,3.6667442,0.2381628,0.5610509,0.40629977,8.059248,0.61168677,0.39721763,0.78851014,0.23466721,0.43330485,17.203297,UNHEALTHY
201,2.659142,-0.31124574,0.07646895,7.7561517,0.49312305,0.3108952,0.5383824,0.22723952,0.47334936,3.3180175,0.60667723,0.10169062,0.39888763,0.4691037,-0.34126943,0.45489556,1.0336018,0.4691037,-0.34126943,0.43123373,0.24260409,0.6442669,-0.60667723,0.12988223,0.0628671,0.39885852,0.065681,0.4730382,-0.046589777,0.44123375,0.65887564,0.087963335,0.24862075,0.39400208,0.89543635,4.907822,4.3180175,-0.08500361,0.4591715,0.46157625,6.3668404,0.66688037,0.43852425,0.88866204,0.21604688,0.55144596,19.202805,AVARAGE
202,2.2592037,-0.3466149,0.07741439,7.843257,0.48386294,0.26645055,0.49979717,0.19646549,0.40937912,2.8409958,0.5707939,0.10213959,0.31866136,0.399799,-0.49182442,0.3917835,0.9815483,0.399799,-0.49182442,0.40350142,0.22179314,0.59718215,-0.5707939,0.108908676,0.041210867,0.3582631,0.08017952,0.42439786,-0.032128293,0.39065838,0.5817922,0.091812536,0.23445016,0.3840118,0.93339044,4.1830106,3.8409958,0.012095434,0.4900669,0.4057988,9.605223,0.6270403,0.37566027,0.8619231,0.21210572,0.44787776,16.400396,AVARAGE
203,1.279193,-0.4258404,0.1394889,4.7186723,0.49394998,0.18463582,0.3641593,0.11895786,0.24711578,1.6280293,0.42835987,0.16980295,0.12244199,0.2155811,-0.86435044,0.23931156,inf,0.2155811,-0.86435044,0.30588764,0.14515764,0.35422692,-0.42835987,-0.006249478,-0.08808207,0.38667884,0.18313807,0.2574464,0.10558822,0.24747998,0.34888002,0.20204301,0.3002934,0.26188233,1.2041097,2.2071583,2.6280296,0.17966065,0.6550946,0.25436804,4.8544803,0.4526814,0.23221597,0.69932777,0.16877066,0.18261158,9.788715,
204,2.4676423,-0.33582455,0.07223887,7.975027,0.5146737,0.2762357,0.52009636,0.20332292,0.42868552,3.1159115,0.59432304,0.09422102,0.3171286,0.41062403,-0.5148323,0.4113346,inf,0.41062403,-0.5148323,0.41574892,0.24149631,0.6113368,-0.59432304,0.09995181,0.02905939,0.36222303,0.09197516,0.44022033,-0.019084053,0.40476656,0.6482694,0.0859873,0.22473723,0.3682166,0.95562804,4.3881035,4.1159115,-0.2650446,0.4354429,0.42272946,9.344805,0.64458823,0.39261147,0.83977956,0.1978965,0.47942922,16.903492,AVARAGE
205,2.4255915,-0.3548465,0.06822148,8.702883,0.5053172,0.25667837,0.5237573,0.18425554,0.39897692,3.0460806,0.58307964,0.09360906,0.29398522,0.37892133,-0.54916435,0.38199982,1.1002114,0.37892133,-0.54916435,0.41145658,0.23238336,0.5937838,-0.58307964,0.10268466,0.018556591,0.34432307,0.119493954,0.41729006,-0.010347822,0.38187996,0.62048906,0.087644674,0.2196836,0.36627695,0.9753163,4.2265277,4.04608,0.4478008,0.44804806,0.39598322,5.0325923,0.6373634,0.36475235,0.79561245,0.19071876,0.40182236,15.639278,AVARAGE
206,1.9041727,-0.37966955,0.085509434,7.1633143,0.492324,0.2366338,0.47516736,0.16390406,0.3505185,2.4267943,0.524417,0.1182256,0.23510884,0.3425876,-0.5344697,0.33493412,inf,0.3425876,-0.5344697,0.3672414,0.2017364,0.51759076,-0.524417,0.08085145,-0.0084971655,0.3536832,0.14516336,0.36625892,0.013164689,0.3404075,0.52262187,0.11704937,0.24356441,0.34338927,1.0296334,3.383094,3.4267943,-0.27680337,0.5563911,0.35157531,6.9246845,0.5794112,0.3320758,0.7566175,0.20909011,0.31669414,14.245079,AVARAGE
207,1.8190565,-0.376048,0.09174634,6.0531797,0.4984802,0.23633428,0.46706855,0.15865009,0.3452246,2.3175764,0.51795274,0.12453419,0.20410213,0.3284602,-0.66429627,0.3313624,inf,0.3284602,-0.66429627,0.3634693,0.19572245,0.48722014,-0.51795274,0.053184893,-0.04179929,0.3684718,0.17508808,0.35606033,0.04413419,0.3333224,0.49851993,0.1321375,0.25525117,0.32506004,1.0998793,3.0481396,3.3175762,-0.3136644,0.5836497,0.34756303,8.269832,0.5639134,0.32996154,0.7074067,0.20803107,0.34077993,13.875923,AVARAGE
208,1.6139964,-0.40103793,0.100903876,5.815187,0.5083345,0.20956069,0.43242618,0.13723099,0.30031887,2.0576324,0.48532537,0.1340844,0.16236183,0.2756822,-0.7543307,0.2885742,inf,0.2756822,-0.7543307,0.34201342,0.17757867,0.43483013,-0.48532537,0.028291546,-0.06443079,0.36036634,0.18630695,0.313771,0.07126824,0.29464126,0.4436434,0.15080567,0.26030052,0.29882935,1.1493189,2.6932042,3.0576322,-0.17372237,0.5746383,0.30536243,7.7889867,0.5238866,0.28434536,0.69185305,0.18751606,0.27041826,11.904791,AVARAGE
209,1.9929376,-0.37586257,0.086590864,7.040351,0.49506003,0.2414349,0.47905517,0.16237909,0.35394496,2.5142133,0.5358607,0.11688485,0.22552589,0.33874348,-0.577816,0.3384603,1.0270967,0.33874348,-0.577816,0.3794348,0.20270617,0.51109785,-0.5358607,0.057472065,-0.033526864,0.3640395,0.16327715,0.3665046,0.03577967,0.34254804,0.52128476,0.12260457,0.24902159,0.33530766,1.0810137,3.2998238,3.5142136,-0.43078637,0.56387484,0.3545803,7.5947547,0.5803486,0.33962438,0.72487813,0.20463693,0.34976637,14.2575445,AVARAGE
210,2.1009855,-0.33470762,0.09291966,5.980068,0.46325058,0.29487452,0.49634874,0.20670366,0.4284619,2.6247218,0.5484412,0.1256239,0.35233203,0.43920103,-0.31687075,0.41072917,inf,0.43920103,-0.31687075,0.39316997,0.20279711,0.5668232,-0.5484412,0.11281832,0.028872829,0.41115114,0.11189006,0.42375726,-0.020145487,0.40272477,0.5237361,0.11627666,0.278833,0.38482237,0.9598551,3.867623,3.6247218,-0.21331707,0.58617145,0.4208969,12.090412,0.6111153,0.41296765,0.80679727,0.24634324,0.46412396,18.06636,AVARAGE
211,1.9552758,-0.35801712,0.085621245,6.429907,0.45397717,0.26362878,0.5032231,0.17864348,0.3857329,2.436354,0.5290603,0.12476974,0.3081859,0.3881918,-0.44361532,0.36932904,0.91648555,0.3881918,-0.44361532,0.38210672,0.18958527,0.5391831,-0.5290603,0.122204185,0.018194284,0.38290724,0.15162054,0.3920794,-0.009744861,0.36877295,0.48107785,0.119278476,0.26921406,0.3779539,0.9853663,3.615771,3.436354,11.440199,0.5981447,0.38298398,7.3249044,0.60163593,0.3652516,0.7467222,0.23559462,0.4079241,16.037642,
212,1.5815854,-0.40162063,0.08787109,6.0434723,0.46965855,0.20438804,0.46244898,0.1351839,0.30061516,1.9990158,0.4845409,0.12515096,0.18513648,0.28046766,-0.7172431,0.28741035,inf,0.28046766,-0.7172431,0.34663686,0.16946177,0.45154047,-0.4845409,0.07003341,-0.04162694,0.3384179,0.20376882,0.32039437,0.047275726,0.29632905,0.4173963,0.13402984,0.24869533,0.32843882,1.106,2.7686954,2.9989817,-0.107850716,0.5962945,0.30658498,6.3324823,0.54436964,0.27854073,0.66763425,0.19724847,0.2881855,11.908126,
213,1.5695791,-0.38466918,0.10569179,5.165176,0.44254687,0.23599926,0.4426096,0.15486224,0.3313492,1.9640988,0.47693366,0.14550157,0.22772165,0.3301188,-0.59141845,0.31849334,inf,0.3301188,-0.59141845,0.34604397,0.16133891,0.45709532,-0.47693366,0.073097825,-0.024584793,0.3877317,0.16946703,0.33670846,0.029099405,0.3211572,0.39454544,0.15173244,0.2881907,0.34504646,1.0628113,2.8352494,2.9640987,-1.2365943,0.6949297,0.33341238,8.028524,0.5358476,0.3269447,0.7170584,0.23388161,0.31411105,13.910722,AVARAGE
214,1.6842204,-0.38097444,0.09320266,5.8786554,0.4677986,0.23372304,0.45947552,0.15941401,0.3406534,2.1404552,0.4991951,0.12835567,0.22241907,0.3350769,-0.58884573,0.32623228,inf,0.3350769,-0.58884573,0.3530507,0.1821312,0.4869301,-0.4991951,0.07957239,-0.016388686,0.3630302,0.16071251,0.35258335,0.019009873,0.330119,0.45626512,0.12930714,0.25773546,0.34437448,1.0477542,3.0383697,3.1404555,-0.26286125,0.61955667,0.3429489,9.31667,0.5577572,0.32475883,0.7292656,0.22080843,0.33140966,13.985326,AVARAGE
215,1.4399894,-0.4111303,0.10052399,6.0889506,0.4785812,0.20024884,0.39785117,0.14532974,0.29500845,1.875084,0.465044,0.12858677,0.18372048,0.2884483,-0.62841094,0.2816804,inf,0.2884483,-0.62841094,0.32005104,0.17439249,0.4532576,-0.465044,0.05652013,-0.014002863,0.3287779,0.11682966,0.31568167,0.018424464,0.29203093,0.4351016,0.12852906,0.2387859,0.32276973,1.0473233,2.8093011,2.875084,-0.28539777,0.5992366,0.300458,7.7094383,0.5103436,0.27233374,0.7996822,0.19754206,0.21089548,12.017238,AVARAGE
216,1.363335,-0.42279455,0.11065249,5.1400743,0.45371315,0.19375132,0.4109542,0.12184656,0.265589,1.7012805,0.4404194,0.15175927,0.1625461,0.24451087,-0.71699977,0.25543648,inf,0.24450676,-0.71699977,0.32293868,0.1402343,0.3807879,-0.4404194,0.033629023,-0.06977968,0.36762282,0.20867848,0.27499825,0.083284065,0.26308018,0.33797404,0.17387155,0.2846966,0.29775313,1.1746877,2.37683,2.7012806,0.033273358,0.62879664,0.2707086,6.014259,0.48801196,0.24767023,0.66589445,0.18887922,0.16605693,10.740768,
217,1.3520292,-0.43085337,0.090446986,5.9961824,0.51124835,0.17024162,0.38998675,0.12344123,0.25864327,1.7834083,0.45881358,0.113728516,0.13314682,0.23082703,-0.78789634,0.24619682,inf,0.23082703,-0.78789634,0.3118887,0.17346498,0.41462192,-0.45881358,0.02523394,-0.054785762,0.29315022,0.15585037,0.28588536,0.06540859,0.2591279,0.43144634,0.12290859,0.21171184,0.28913528,1.1404982,2.4904394,2.7834084,-0.15984629,0.50841707,0.26728976,7.222541,0.4923283,0.2275479,0.73913723,0.15858628,0.17570429,9.847296,UNHEALTHY
218,1.9182848,-0.3717395,0.0912286,6.7623405,0.46933508,0.256433,0.47084957,0.17699465,0.370546,2.424368,0.52447134,0.12345968,0.27732545,0.37399024,-0.4301539,0.3541067,inf,0.37399024,-0.4301539,0.3721802,0.19545536,0.52594036,-0.52447134,0.08753053,0.0022797699,0.37686276,0.13022318,0.3777431,0.0031022562,0.35686475,0.506126,0.12042975,0.2618071,0.3616791,1.0120027,3.444125,3.4243677,0.43799388,0.59039384,0.36850744,8.055603,0.5801864,0.3581987,0.78163385,0.22642519,0.33165395,15.507178,AVARAGE
219,1.3287612,-0.41848186,0.13007224,4.883938,0.5266395,0.19471152,0.36734286,0.1311642,0.2674339,1.7352586,0.43950945,0.1581808,0.13726869,0.24238473,-0.8072419,0.2580651,inf,0.24238473,-0.8072419,0.30338034,0.1623163,0.38402528,-0.43950945,0.006046511,-0.06714099,0.37725124,0.15423422,0.27749452,0.08333699,0.2653179,0.40650865,0.1825397,0.2816631,0.26919177,1.1561617,2.3986726,2.7352304,-0.2087715,0.5530217,0.2731419,5.785987,0.4669158,0.25394854,0.74310374,0.16948241,0.19682573,10.708337,AVARAGE
220,1.8390665,-0.3586501,0.09601693,5.6489964,0.48353243,0.26268524,0.47635928,0.17963043,0.37959018,2.3497357,0.51955205,0.13102514,0.26081973,0.38035747,-0.4987849,0.36426154,inf,0.38035747,-0.4987849,0.36190203,0.19811803,0.5175054,-0.51955205,0.08989337,-0.0026003676,0.39237016,0.1465365,0.3829799,0.0030684306,0.3623373,0.5106781,0.12968493,0.26958722,0.3496305,1.0177584,3.334059,3.3497357,-0.32464433,0.5998041,0.37793064,10.658981,0.57958835,0.36957604,0.75184876,0.22886069,0.39643532,15.814722,AVARAGE
221,2.1785598,-0.35761568,0.086466804,7.2497063,0.51097035,0.25859746,0.48471016,0.1816668,0.38481748,2.7626905,0.5592959,0.11149748,0.24707267,0.36933467,-0.56239015,0.36882162,inf,0.36933467,-0.56239015,0.39052728,0.22158891,0.54833156,-0.5592959,0.061205037,-0.015128866,0.37204722,0.12727058,0.39578155,0.0153814135,0.3687569,0.5841309,0.11344981,0.243847,0.34297308,1.046653,3.6622696,3.7626905,-0.33974907,0.5202421,0.38333464,8.585142,0.5996518,0.36297685,0.78388727,0.20630564,0.40831563,15.437755,AVARAGE
222,1.5577238,-0.40125436,0.104827866,5.6412106,0.51014686,0.21122333,0.42555007,0.13988799,0.30069277,2.0073934,0.47948754,0.13869496,0.16582589,0.28010762,-0.7262498,0.2888595,inf,0.28010762,-0.7262498,0.33382455,0.17883047,0.43483853,-0.47948754,0.033676863,-0.05638795,0.36533746,0.17630485,0.313368,0.06441927,0.2953883,0.44968483,0.15411414,0.26437536,0.29723752,1.1386462,2.6923091,3.0073934,-0.033607252,0.55749536,0.30545813,6.5076256,0.51955295,0.2824962,0.7107502,0.1908901,0.25686872,12.056631,AVARAGE
223,1.7583916,-0.3861492,0.090336114,6.2902126,0.52747023,0.22934854,0.45783103,0.15533818,0.33514965,2.2778656,0.51249146,0.12121002,0.19500373,0.31996405,-0.630848,0.32076317,inf,0.31996405,-0.630848,0.350689,0.20250145,0.48503408,-0.51249146,0.053781588,-0.036704853,0.35715976,0.16463366,0.3481032,0.04050272,0.325542,0.51948225,0.12781121,0.24407175,0.3122265,1.0905743,3.0488605,3.2778654,-0.44503018,0.5325877,0.3374014,8.113008,0.55755585,0.31833616,0.72584724,0.19646764,0.31173003,13.497082,AVARAGE
224,1.7018774,-0.4029743,0.084946424,6.4628663,0.5400552,0.20164713,0.46544668,0.13292986,0.29868597,2.204471,0.5040975,0.11798924,0.15012883,0.26606244,-0.7846589,0.28588206,inf,0.26606244,-0.7846589,0.34556302,0.19704701,0.44993708,-0.5040975,0.03527139,-0.07096739,0.33521932,0.21466875,0.3188636,0.078299336,0.29420182,0.50259376,0.1335722,0.23257798,0.2867861,1.1677164,2.7769485,3.204471,-0.15545964,0.50242203,0.30475807,8.095534,0.5471363,0.27307948,0.6545947,0.16695927,0.26968327,11.47551,AVARAGE
225,1.8662356,-0.34529224,0.0937328,5.403444,0.45162454,0.28462446,0.5077107,0.1922387,0.40637234,2.3423355,0.5165195,0.13827462,0.32732344,0.42576435,-0.3238162,0.38937128,inf,0.42576435,-0.3238162,0.3686604,0.18782765,0.5371972,-0.5165195,0.13979532,0.027886225,0.4127035,0.15850905,0.40247008,-0.024351727,0.38461027,0.47611666,0.12807903,0.28848875,0.38096344,0.9723417,3.5231328,3.3423357,0.2641441,0.64584786,0.40125751,10.955807,0.6005057,0.38963157,0.7398302,0.26040336,0.43492904,17.485292,AVARAGE
226,2.1213875,-0.35010606,0.085603006,6.8694353,0.4884817,0.2816159,0.5042699,0.19429542,0.4096615,2.6798174,0.5465757,0.12016745,0.3286289,0.42001355,-0.29236206,0.39129084,inf,0.42001355,-0.29236206,0.38278574,0.21388449,0.56596667,-0.5465757,0.119651705,0.029983072,0.39249706,0.12108394,0.41103673,-0.021959845,0.3892325,0.55843,0.11088116,0.2616109,0.36705622,0.96355635,3.930325,3.6798174,-0.27041683,0.5503598,0.4030517,6.58958,0.61323875,0.39107382,0.7973089,0.22909878,0.4156975,17.268406,UNHEALTHY
227,1.3892119,-0.41247115,0.09945642,5.1576486,0.4870398,0.19147344,0.429779,0.12509376,0.27652887,1.7915677,0.4526194,0.13843612,0.14841123,0.25340873,-0.79507655,0.2655282,inf,0.25340873,-0.79507655,0.3161779,0.16351782,0.41032234,-0.4526194,0.052877903,-0.05309531,0.34421277,0.2025295,0.2939287,0.060302734,0.2737438,0.40236232,0.15273933,0.25578436,0.29664555,1.1255578,2.503137,2.7915673,-0.21278636,0.61424327,0.28377008,6.4187584,0.5093259,0.2574996,0.669929,0.18226466,0.23951171,10.916277,
228,2.2602396,-0.32824847,0.08532461,6.648078,0.47842246,0.30576128,0.51158166,0.21797161,0.45066416,2.8372908,0.56270605,0.11793746,0.40041423,0.4665598,-0.2069816,0.43163896,inf,0.4665598,-0.2069816,0.39764673,0.21960784,0.6026981,-0.56270605,0.14220877,0.06445426,0.40686312,0.08005503,0.4448179,-0.04724753,0.42140332,0.57705104,0.10110182,0.2664436,0.38941273,0.8912894,4.4112606,3.8372903,0.27547482,0.5296284,0.4391647,11.104239,0.63302654,0.42726982,0.86023027,0.23487943,0.47967064,19.0191,AVARAGE
229,1.607826,-0.39631024,0.09388695,5.905179,0.46833158,0.21035804,0.44667935,0.14223187,0.30898094,2.04505,0.4845108,0.12923057,0.18966371,0.29058284,-0.7094605,0.2960155,0.96671945,0.29058284,-0.7094605,0.34393418,0.17416605,0.45724452,-0.4845108,0.06298764,-0.034320593,0.34749418,0.17590258,0.32645538,0.039617777,0.3029815,0.43725312,0.13713615,0.25342086,0.32651222,1.0842104,2.85838,3.04505,-0.59170675,0.61533153,0.31395605,7.9068084,0.53806907,0.28982243,0.71181315,0.19960585,0.29285175,12.305259,
230,1.0398256,-0.4564234,0.10850096,4.543655,0.51678824,0.13675478,0.3373038,0.09627284,0.2024243,1.3769139,0.39352414,0.13542822,0.085677944,0.16284308,-0.9042291,0.19371057,inf,0.16284308,-0.9042291,0.27061498,0.14025459,0.32410988,-0.39352414,7.662861e-05,-0.07992187,0.29403165,0.17515449,0.22565751,0.10426167,0.20562257,0.3371163,0.15727682,0.22813553,0.23901097,1.182978,2.028634,2.3769138,-0.09589136,0.524399,0.2124853,6.3020062,0.42395872,0.17303479,0.71231157,0.12652253,0.10264879,7.331343,UNHEALTHY
231,1.7532709,-0.35920343,0.09911829,5.6025605,0.46090257,0.27453005,0.47474644,0.18812498,0.388748,2.228985,0.50567055,0.14066191,0.31092945,0.41218022,-0.29170147,0.3721213,inf,0.41218022,-0.29170147,0.35581458,0.18757628,0.5257241,-0.50567055,0.121540226,0.027887868,0.40438625,0.12967804,0.38759455,-0.02256964,0.3710153,0.47574353,0.1298562,0.28576532,0.3710427,0.95880705,3.4156206,3.228985,-0.7598421,0.6543038,0.38474408,8.996826,0.5795719,0.38148704,0.78330123,0.25737762,0.36912116,16.904032,AVARAGE
232,0.92751545,-0.46437,0.12591352,3.9195797,0.56858325,0.12940113,0.3224197,0.08654672,0.18262042,1.2556195,0.368174,0.15669581,0.06878802,0.13631216,-0.95806956,0.17598331,inf,0.13630992,-0.95806956,0.24691927,0.13644007,0.28365555,-0.368174,-0.00899124,-0.0944943,0.31816596,0.19203302,0.19999751,0.13323744,0.18633977,0.32819375,0.18876486,0.24997361,0.1944934,1.2316694,1.8694305,2.2556198,0.040552817,0.4319268,0.19179831,3.834515,0.39951125,0.14685512,0.68561065,0.10376497,0.08069586,6.481306,
233,0.9602042,-0.48513967,0.10278687,5.072637,0.5599383,0.109933,0.31483003,0.078962594,0.1675175,1.3015614,0.37939054,0.12400851,0.0577527,0.121010624,-0.9171109,0.15908417,inf,0.121010624,-0.9171109,0.25337806,0.14198548,0.29830304,-0.37939054,-0.016410701,-0.09239133,0.2578497,0.17404439,0.19643417,0.12503481,0.175358,0.3413682,0.1479167,0.20027126,0.20666936,1.2243358,1.9037259,2.3015614,-0.071221426,0.4101027,0.17847487,3.7537606,0.40131497,0.12913711,0.7114191,0.09171023,-0.022698913,5.639652,UNHEALTHY
234,1.4517206,-0.4297583,0.081139475,6.4310284,0.500997,0.16830204,0.40945417,0.121940635,0.2621487,1.8844805,0.47041735,0.10546455,0.13798016,0.23056296,-0.8022947,0.24903671,inf,0.23056296,-0.8022947,0.32463554,0.1747383,0.4305493,-0.47041735,0.032293946,-0.051390547,0.28132558,0.16258219,0.2935312,0.05717301,0.2630639,0.43281496,0.11302352,0.20250672,0.30272266,1.12518,2.5885832,2.8844807,-0.23556115,0.5016755,0.2712855,8.623959,0.5089802,0.22922026,0.7287251,0.15706643,0.1630657,9.795762,UNHEALTHY
235,2.1187031,-0.38189277,0.075528234,7.9642954,0.5251542,0.22780971,0.46952376,0.16484976,0.35199153,2.6872244,0.5502651,0.096797295,0.23015603,0.32614756,-0.64495516,0.33630967,inf,0.32614756,-0.64495516,0.38250905,0.21772036,0.53511673,-0.5502651,0.05155807,-0.019713698,0.32582396,0.12289777,0.3736743,0.023458999,0.34114683,0.56853044,0.09801424,0.21315409,0.33419755,1.0550957,3.5703042,3.6872244,-0.40869537,0.44084582,0.35314098,7.272149,0.5855765,0.3211622,0.7926402,0.17395344,0.30576834,13.619905,AVARAGE
236,1.8330083,-0.38477206,0.1085424,6.4835377,inf,0.23717846,0.4235842,0.1673201,0.33776328,2.3137496,0.51144165,0.13307627,0.22915885,0.32417962,-0.60610116,0.324402,inf,0.32417962,-0.60610116,0.36093917,0.18799445,0.4785526,-0.51144165,0.024068901,-0.04081297,0.38137397,0.12655847,0.3456568,0.04670588,0.32770061,0.48095268,0.1441993,0.26960236,0.3246735,1.1054518,3.0953236,3.3137496,-0.49791473,-inf,0.33870304,7.286231,0.53775775,0.3236292,0.7937053,0.19359589,0.28577527,13.785561,AVARAGE
237,1.5587058,-0.3998312,0.1200206,5.191057,0.46474856,0.21337494,0.40080854,0.14277245,0.29630432,1.9517022,0.47268808,0.14803714,0.16888791,0.27279705,-0.76430327,0.28571403,inf,0.27279705,-0.76430327,0.34171927,0.15874067,0.41227606,-0.47268808,0.00569806,-0.0760667,0.38350365,0.17294641,0.30445337,0.07770622,0.2901573,0.39303792,0.17012872,0.28640267,0.30688784,1.1916479,2.52568,2.9517024,-0.21413386,0.6470927,0.30129796,7.9154,0.4981954,0.27685937,0.71584886,0.19642425,0.2580151,11.919045,
238,1.8611597,-0.37383997,0.11835077,6.117209,0.47127005,0.25898814,0.41014653,0.18324998,0.3596387,2.3446543,0.5156584,0.13817231,0.24516149,0.35997018,-0.44302973,0.34476146,inf,0.35997587,-0.44302973,0.36680278,0.18852991,0.48890564,-0.5156584,0.021333562,-0.033328123,0.40547636,0.10003123,0.35982457,0.03542138,0.34627467,0.48353907,0.14648822,0.28479877,0.33555016,1.0976844,3.1636884,3.3446543,0.087230675,0.64204746,0.3577307,6.143156,0.53628874,0.3518169,0.8283208,0.22547749,0.3263163,15.206653,AVARAGE
239,1.6649586,-0.3856221,0.12540425,5.3829346,0.4674188,0.23382393,0.40693554,0.15766759,0.32221743,2.0929556,0.48639745,0.15221876,0.20219755,0.30668914,-0.67663825,0.31079167,inf,0.30668914,-0.67663825,0.35062793,0.169253,0.44071004,-0.48639745,0.016758256,-0.056523327,0.40528458,0.14731693,0.32650375,0.06649249,0.31348652,0.4280589,0.17146064,0.29792723,0.3175107,1.1369958,2.7927077,3.0929556,-0.27926645,0.6639569,0.3248301,6.485129,0.51349354,0.313839,0.7527627,0.20830445,0.31645587,13.259977,
240,1.8450302,-0.35697085,0.09892221,5.6093354,0.44466996,0.27574793,0.47412038,0.18775015,0.39184195,2.3058167,0.50998515,0.13678564,0.31615028,0.40926024,-0.32337186,0.37499064,0.86731,0.40926024,-0.32337186,0.36561516,0.18293339,0.52658194,-0.50998515,0.11707694,0.024135096,0.4047238,0.12780422,0.38959345,-0.022369998,0.37277055,0.46079412,0.12897587,0.2860842,0.37690252,0.9705675,3.486486,3.3058167,-0.54415536,0.6522488,0.38707933,7.3896656,0.57991296,0.38233215,0.7807527,0.25192845,0.37356287,16.857552,AVARAGE
241,1.6049762,-0.37351286,0.10167727,5.1659813,0.4259179,0.25026923,0.46508348,0.16435254,0.35360068,2.0172608,0.47964266,0.14711504,0.26872385,0.3649822,-0.4801065,0.3395224,0.8567462,0.3649822,-0.4801065,0.34450087,0.16506171,0.48443696,-0.47964266,0.11613924,0.007464425,0.39443907,0.16378674,0.3569955,-0.009555153,0.34053737,0.4123239,0.14416982,0.2915894,0.36675623,1.0063405,3.076882,3.0172608,-0.08520408,0.7052986,0.35357025,7.996682,0.5566207,0.3419858,0.7248503,0.24939539,0.34475318,15.133963,
242,1.458287,-0.40968394,0.098948665,5.409665,-inf,0.20127124,0.4341887,0.12884286,0.28678682,1.8248774,0.45935628,0.13901284,0.17806347,0.26725283,-0.7442459,0.2753785,inf,0.26725283,-0.7442459,0.3347457,0.1497585,0.41991714,-0.45935628,0.05846753,-0.048162922,0.35475066,0.19995445,0.30120894,0.05212795,0.28298753,0.3666146,0.1534827,0.26978213,0.3272083,1.1185294,2.578249,2.8248775,-0.18901129,inf,0.29255974,5.942863,0.5151716,0.2702452,0.6763633,0.1994484,0.23174784,11.497282,
243,1.8397195,-0.3678197,0.08733221,6.4257383,0.44303122,0.2545498,0.48088303,0.17528735,0.3723893,2.2984414,0.5153618,0.12495341,0.30128127,0.37925908,-0.42683926,0.35585186,inf,0.37925908,-0.42683926,0.3729539,0.18104523,0.5291821,-0.5153618,0.11651526,0.020311553,0.37135753,0.13688253,0.38147375,-0.012348509,0.35803953,0.4587579,0.116807684,0.2641435,0.3846235,0.9776304,3.450254,3.2984414,-0.9935674,0.5907674,0.370908,7.902932,0.58494556,0.352815,0.7706143,0.2364223,0.36777675,15.598818,
244,1.4601259,-0.39595377,0.10288248,5.0172925,0.4545207,0.22110493,0.43974188,0.14418133,0.31119806,1.8544384,0.46249473,0.14445004,0.20270927,0.3056266,-0.62669975,0.2988389,inf,0.3056266,-0.62669975,0.3308356,0.15969767,0.43574408,-0.46249473,0.072068565,-0.03291402,0.3737373,0.18700537,0.3192331,0.041454066,0.3033642,0.394338,0.1526324,0.27767363,0.32784644,1.0829742,2.6828947,2.8544388,-0.1986741,0.6669519,0.3146172,7.124893,0.52492005,0.30228353,0.6931207,0.21711345,0.2795262,12.939001,UNHEALTHY
245,1.0689722,-0.45317465,0.10746135,4.436201,,0.14308369,0.34758446,0.09847901,0.20927487,1.4235106,0.3972158,0.13594164,0.08914978,0.17121218,-0.8854987,0.20053796,inf,0.17121218,-0.8854987,0.2719494,0.14410068,0.32541928,-0.3972158,0.0013812463,-0.08374555,0.3013329,0.18524103,0.22962189,0.10988061,0.211263,0.35463846,0.15825872,0.23077106,0.23609586,1.1947827,2.0429907,2.4235103,-0.12838054,,0.21846525,6.25309,0.43106157,0.18107688,0.6944088,0.12862489,0.10544388,7.6917686,UNHEALTHY
246,1.4361597,-0.39496675,0.11690048,5.0337877,0.47913405,0.22941595,0.4010632,0.15838595,0.31948882,1.8579174,0.45996588,0.14973728,0.20790015,0.32527065,-0.5359769,0.3067714,inf,0.32527065,-0.5359769,0.31947437,0.16863342,0.4456489,-0.45996588,0.05762347,-0.017847499,0.382415,0.12821217,0.32532623,0.021254467,0.31119365,0.42177203,0.15299907,0.27927762,0.32432488,1.0493588,2.7624404,2.8579178,-1.5796661,0.63340724,0.32167166,5.2868996,0.5080235,0.31599373,0.78095454,0.22180982,0.2391928,13.634715,AVARAGE
247,1.8877368,-0.36592945,0.10619089,6.273564,0.49147108,0.2743766,0.4358787,0.19439135,0.38637432,2.4188187,0.524054,0.13149768,0.2757501,0.40067184,-0.3042199,0.36949146,inf,0.40067184,-0.3042199,0.36238798,0.20469695,0.52615947,-0.524054,0.06208631,0.0046791504,0.4023041,0.08519883,0.38434204,-0.003037024,0.36930647,0.53111315,0.12792751,0.27231342,0.34639117,1.0051785,3.474751,3.4188187,-0.18376124,0.6034288,0.38138115,7.447069,0.56263745,0.3845085,0.85226226,0.23538104,0.25892293,16.605404,AVARAGE
248,1.7012907,-0.37436253,0.11667634,5.4069963,0.46594793,0.25951204,0.42950252,0.17445521,0.35671508,2.1440527,0.49199983,0.1512601,0.25299087,0.36624888,-0.43848136,0.34292868,inf,0.36624888,-0.43848136,0.3506034,0.17616835,0.47753015,-0.49199983,0.06124391,-0.016659936,0.41555068,0.13017288,0.3543307,0.019193303,0.3431667,0.44277695,0.15603864,0.300089,0.34110844,1.0580009,3.072314,3.144053,-1.9834117,0.67693704,0.3550065,7.397585,0.53775275,0.3526376,0.7811713,0.2414085,0.31361747,15.379578,AVARAGE
249,2.2619994,-0.34790778,0.08560013,7.404054,0.49628666,0.27188742,0.4830939,0.19748242,0.40720797,2.8549583,0.56651264,0.108899206,0.29373187,0.400334,-0.45814705,0.38982525,1.0543518,0.400334,-0.45814705,0.39788014,0.22350383,0.5741286,-0.56651264,0.076049276,0.011837495,0.37513533,0.090136066,0.41529077,-0.009829549,0.38719144,0.5929591,0.10324787,0.24424908,0.36296177,0.9968781,3.956635,3.8549583,-0.15572159,0.5189858,0.40275458,9.021975,0.60939777,0.38103142,0.84539044,0.21668926,0.4314998,16.539299,AVARAGE
250,1.9690136,-0.35902405,0.10131581,6.2454033,0.48019755,0.27519262,0.46174607,0.18904592,0.3899045,2.4970124,0.52743274,0.13336916,0.27925465,0.3987699,-0.3750961,0.3738418,inf,0.3987699,-0.3750961,0.37057278,0.20237315,0.52653563,-0.52743274,0.07478767,0.00074055116,0.406964,0.114495225,0.38767126,0.0019629963,0.37157524,0.52799016,0.13177142,0.27862984,0.34994006,1.0111699,3.5305,3.496971,-1.0005238,0.62892085,0.3851605,9.0225115,0.5767022,0.38706914,0.8062779,0.23727082,0.36968005,16.575466,AVARAGE
251,1.7326537,-0.38876364,0.099342085,6.3244743,inf,0.23003939,0.4340488,0.15830241,0.3316875,2.2026136,0.49862444,0.1303658,0.21272126,0.3241884,-0.5932173,0.3177434,inf,0.3241884,-0.5932173,0.3508065,0.1851087,0.48203546,-0.49862444,0.05449484,-0.021957634,0.3649285,0.1327555,0.34420025,0.022044694,0.32356113,0.4699678,0.13489309,0.25987467,0.33409947,1.0600079,3.069439,3.2026136,-0.49242145,-inf,0.333934,6.8865657,0.54280776,0.31771752,0.77770567,0.2114746,0.2906063,13.621033,AVARAGE
252,1.5166886,-0.4033238,0.10245549,5.29584,0.48864478,0.21291827,0.4333295,0.13762797,0.2997455,1.9345697,0.46870112,0.14044516,0.17492521,0.28229845,-0.70656544,0.28810775,inf,0.28229845,-0.70656544,0.33031306,0.1683791,0.42294058,-0.46870112,0.042820334,-0.05709503,0.3689428,0.19556926,0.30828792,0.06343057,0.29286292,0.41792834,0.15602455,0.2700552,0.30031624,1.1399264,2.6250784,2.9345696,-0.48849353,0.62615216,0.30346182,5.821361,0.51675606,0.28463528,0.68409145,0.1942089,0.25356832,12.15192,
253,1.6842268,-0.38395002,0.09608684,6.1486797,0.48576516,0.24159002,0.44557798,0.16690324,0.34736234,2.165873,0.5000711,0.12925652,0.2381301,0.34928975,-0.50783175,0.33247977,inf,0.34928975,-0.50783175,0.34842485,0.18798815,0.4956263,-0.5000711,0.07744423,-0.0045075505,0.36994907,0.13131176,0.3558387,0.009343703,0.33635357,0.48171136,0.12835905,0.2598469,0.3453156,1.0213197,3.1569858,3.1658733,-0.36348015,0.57563907,0.3474775,7.304792,0.5538803,0.33910385,0.7804909,0.22110006,0.29357865,14.5313015,
254,1.7157562,-0.38225943,0.09479086,6.1811547,0.48546892,0.23971584,0.44855762,0.16744539,0.34800494,2.1977348,0.50124454,0.12704019,0.24863671,0.3482144,-0.5184718,0.33303535,inf,0.3482144,-0.5184718,0.35047436,0.1873563,0.49826592,-0.50124454,0.08022384,-0.0028176212,0.36481783,0.13082309,0.3577597,0.008900249,0.3366197,0.48208308,0.12510198,0.25656715,0.34806186,1.0199527,3.1959305,3.1977348,-0.26955187,0.5651401,0.34828967,7.9186034,0.5568189,0.33454895,0.7792008,0.21555385,0.30794182,14.460738,HEALTHY
255,2.0360835,-0.35069877,0.08752047,6.5878997,0.4423535,0.2761348,0.49270695,0.19277073,0.4047967,2.5175736,0.5380106,0.12239996,0.34511566,0.4138396,-0.36459127,0.38769838,0.8416309,0.4138396,-0.36459127,0.39194784,0.18996088,0.55823255,-0.5380106,0.12234333,0.03244483,0.3881466,0.11693442,0.40773016,-0.023549963,0.3844502,0.48149025,0.11201181,0.2711352,0.39477026,0.9607031,3.8048968,3.5175736,0.42628026,0.5963825,0.39973846,8.208322,0.60450655,0.38147166,0.8000572,0.24506289,0.4050509,16.983614,
256,2.0908277,-0.34469742,0.09158864,6.3526793,0.44900316,0.29167655,0.49359193,0.19894157,0.4193055,2.5779328,0.5396462,0.127784,0.38032505,0.4335402,-0.27342162,0.4014712,0.8842312,0.4335402,-0.27342162,0.39345706,0.19137691,0.56077486,-0.5396462,0.12335565,0.036624905,0.4107901,0.11092528,0.4137,-0.02351712,0.3955607,0.4871452,0.11911355,0.2865256,0.39257184,0.94808555,3.9376793,3.5779328,-0.14554891,0.58443236,0.4108148,9.450266,0.6058268,0.40647832,0.8117878,0.24244031,0.41810113,17.847412,
257,2.0268333,-0.34290466,0.0916994,6.16019,0.45895046,0.29187828,0.4961498,0.20010191,0.42029056,2.527495,0.5371485,0.12962963,0.36185077,0.43809032,-0.2769639,0.40274042,inf,0.43809032,-0.2769639,0.3855957,0.19594017,0.5631829,-0.5371485,0.12900066,0.040524572,0.4101069,0.112868786,0.41616115,-0.030173916,0.3970694,0.5006618,0.118228614,0.2831059,0.39015138,0.9357697,3.8631518,3.5274947,-0.0122356145,0.58957255,0.41287673,11.303682,0.60743403,0.4084893,0.80781776,0.24975055,0.41427892,17.968739,AVARAGE
258,1.658474,-0.37450495,0.09877059,5.372679,0.45954794,0.2428109,0.4569012,0.16430126,0.35003787,2.10117,0.49029824,0.13745053,0.2478395,0.34894818,-0.56466204,0.33617875,inf,0.34894818,-0.56466204,0.3486105,0.1758754,0.48585868,-0.49029824,0.09249298,-0.002956392,0.38070992,0.15231685,0.35667717,0.009502581,0.33685607,0.44274434,0.13789897,0.27364388,0.35049117,1.0209424,3.1206262,3.10117,-0.4750687,0.62503934,0.35064763,9.046261,0.55460304,0.3369159,0.745565,0.22649111,0.34428987,14.550718,
259,1.3341386,-0.41752598,0.09915255,5.0015464,0.49714202,0.18977939,0.4151849,0.1246604,0.271622,1.7419679,0.45100588,0.13526389,0.14669442,0.24831505,-0.776113,0.2605194,inf,0.24831505,-0.776113,0.3118724,0.16325632,0.40081307,-0.45100588,0.03733746,-0.062234785,0.34104797,0.19785255,0.2878809,0.07220583,0.26909935,0.40790468,0.15126854,0.2519218,0.2919392,1.1469568,2.4136062,2.7419682,-0.039960027,0.5681795,0.27874607,6.009412,0.49810898,0.25388876,0.6820372,0.17445298,0.21836942,10.746576,UNHEALTHY
260,1.209555,-0.428048,0.11646238,4.985108,0.4830677,0.18855302,0.3739227,0.12719503,0.26117107,1.5916052,0.42596915,0.15191753,0.15612969,0.25360173,-0.6705903,0.25066096,inf,0.25360173,-0.6705903,0.2920496,0.15478815,0.39000738,-0.42596915,0.037916698,-0.043086696,0.35195428,0.15349683,0.27564675,0.05191114,0.26131445,0.3821128,0.16340126,0.26889142,0.29021713,1.1040342,2.382658,2.591605,-0.21697786,0.6552111,0.26760548,3.731133,0.46972352,0.25223348,0.74765944,0.18812403,0.16229941,10.853831,
261,1.1468028,-0.4412941,0.0939028,5.0955772,0.49148172,0.15941201,0.38252842,0.11262744,0.23922405,1.5363379,0.4209105,0.124440864,0.1206457,0.2173957,-0.78477,0.22790089,inf,0.2173957,-0.78477,0.28224343,0.15906875,0.38390204,-0.4209105,0.04613736,-0.045233548,0.29164618,0.17008103,0.26513427,0.052607235,0.24102916,0.38954166,0.13223417,0.21776977,0.27883488,1.109075,2.3064177,2.5363379,-0.1724183,0.57327294,0.24848068,5.9054475,0.47241104,0.21480364,0.71552163,0.15826552,0.1441606,9.252988,UNHEALTHY
262,1.1304275,-0.48136082,0.08281537,6.2315874,inf,0.122065924,0.35328767,0.08756011,0.19082162,1.4834058,0.40933546,0.10716475,0.08801683,0.15412073,-0.8257528,0.18007137,inf,0.15412073,-0.8257528,0.2827116,0.1460091,0.3491909,-0.40933546,0.010797787,-0.07093768,0.24310344,0.17194271,0.22474526,0.08775132,0.19948901,0.35301033,0.121041745,0.1875043,0.25753495,1.165158,2.1528182,2.4834058,-0.09975992,-inf,0.20136699,3.2226095,0.4420191,0.1589305,0.71939623,0.11893973,-0.074364245,6.768622,UNHEALTHY
263,1.3471873,-0.42617962,0.109829396,5.6064053,-inf,0.18407328,0.36083716,0.13293973,0.2668473,1.725039,0.4442736,0.13352825,0.15509078,0.2498719,-0.72192,0.255409,inf,0.2498719,-0.72192,0.31382775,0.15501578,0.40784523,-0.4442736,0.019213326,-0.04441203,0.32733515,0.12335649,0.2861199,0.050600167,0.2658516,0.3779284,0.14326493,0.24651611,0.30591568,1.1084344,2.4995966,2.725039,-0.07668945,inf,0.27368295,5.610046,0.47185776,0.24802622,0.7911784,0.18365613,0.115269534,10.654746,AVARAGE
264,1.6251462,-0.38607204,0.104230404,5.61946,0.4734184,0.23160213,0.41049433,0.16508445,0.33416644,2.0742517,0.4923159,0.13029468,0.21190746,0.32779834,-0.6009876,0.3203486,inf,0.32779834,-0.6009876,0.34597445,0.17968725,0.47269812,-0.4923159,0.041093715,-0.025467439,0.36555618,0.11781579,0.34399638,0.026207257,0.323767,0.44911316,0.13395408,0.26018596,0.33474058,1.0685767,2.9248984,3.074252,0.12109752,0.61773026,0.3364841,9.00075,0.52735597,0.3202697,0.8010554,0.21714438,0.27844185,13.74975,AVARAGE
265,2.036963,-0.35421625,0.09330738,6.3060613,0.46555176,0.27665606,0.4762681,0.18963392,0.39781234,2.5519948,0.54005086,0.1242917,0.29649764,0.40062925,-0.40793732,0.38103223,inf,0.40062925,-0.40793732,0.38399467,0.20089298,0.5382896,-0.54005086,0.07915575,-0.0012319311,0.39950892,0.124813095,0.3971382,0.0020333997,0.37797904,0.5150664,0.12285286,0.27214593,0.36211675,1.0186423,3.5588033,3.5519948,-0.20253333,0.62712747,0.39308473,8.984536,0.5894649,0.3878439,0.788942,0.2313405,0.3552694,16.656918,AVARAGE
266,1.6496547,-0.40750512,0.08886716,6.3710895,inf,0.20458387,0.4414585,0.13518304,0.29938364,2.083436,0.48750186,0.12269063,0.18325385,0.27743185,-0.727646,0.2864962,inf,0.27743185,-0.727646,0.3456511,0.17369506,0.4515821,-0.48750186,0.04864398,-0.04751593,0.33827358,0.17972653,0.31787565,0.044848744,0.29533207,0.4338163,0.13369314,0.2468075,0.3227936,1.1168573,2.7913737,3.083436,-0.2873221,-inf,0.30462155,5.9808693,0.53378123,0.27809745,0.70509845,0.18756555,0.19802885,11.834723,
267,1.0507152,-0.46974882,0.111463025,4.8939686,inf,0.12863891,0.33830026,0.086097285,0.18633963,1.3780416,0.38374957,0.14267363,0.079735786,0.14384258,-0.9231224,0.17847914,inf,0.14384258,-0.9231224,0.26425773,0.13554646,0.3065922,-0.38374957,-0.0023473843,-0.09005875,0.2978369,0.19096337,0.20877953,0.107856035,0.19225264,0.32750463,0.16920447,0.23648934,0.22494732,1.2216336,1.9602557,2.3779495,-0.086297795,-inf,0.19602431,5.1046267,0.41692823,0.15056027,0.68764174,0.11443331,0.017702168,6.6568236,
268,2.2680092,-0.36088455,0.07829293,7.6245995,0.50337374,0.26267955,0.4867946,0.18640624,0.39592224,2.862353,0.5587716,0.10357911,0.29735622,0.38607275,-0.46841145,0.37914327,,0.38607275,-0.46841145,0.38924456,0.22347933,0.5687054,-0.5587716,0.08863508,0.01745249,0.36124957,0.09744483,0.40542635,-0.012807182,0.37728474,0.5944339,0.09857001,0.23333497,0.35563502,0.9866512,4.039437,3.862353,0.6803828,0.47697246,0.3910419,5.0089383,0.6063415,0.36709204,0.83401144,0.1951163,0.30617586,15.961137,HEALTHY
269,1.6520313,-0.40133065,0.10163061,6.3651175,0.45816717,0.21592794,0.41964793,0.14867663,0.3118686,2.0833778,0.48095867,0.13291956,0.21600859,0.30107307,-0.6417647,0.29878557,inf,0.30107307,-0.6417647,0.34340355,0.17042473,0.46328565,-0.48095867,0.05387067,-0.02170154,0.35517004,0.1311186,0.32644457,0.025086593,0.30638728,0.43139803,0.13924207,0.261893,0.33697733,1.0603956,2.9734015,3.083378,4.905083,0.6233517,0.31505653,4.6661067,0.52624995,0.29583612,0.781166,0.20104098,0.21912134,12.702775,
270,2.5261145,-0.3017701,0.08369806,6.726647,0.43036515,0.34675902,0.5487743,0.24258818,0.50429845,3.0655012,0.58452797,0.12092707,0.55934674,0.53543615,0.042722642,0.4825114,0.85346234,0.53543615,0.042722642,0.43458694,0.2058131,0.6415004,-0.58452797,0.18399638,0.094780706,0.44454306,0.077371396,0.48335135,-0.06495477,0.4644064,0.5393962,0.09778405,0.2983325,0.441921,0.8377942,4.9570556,4.065501,-0.1637538,0.50823236,0.48491997,8.600871,0.6674293,0.48291832,0.8644185,0.24185558,0.5480364,21.731264,AVARAGE
271,1.7105528,-0.37735695,0.099407576,5.8389482,0.41438815,0.24402322,0.45726746,0.16437186,0.3487757,2.0971556,0.49078238,0.13882495,0.2815953,0.35240707,-0.5096411,0.33448875,inf,0.35240707,-0.5096411,0.36507517,0.15735342,0.48958513,-0.49078238,0.09685711,0.0012441193,0.3821984,0.14934239,0.356113,0.0049017407,0.3371543,0.38663134,0.13817517,0.2857543,0.38127553,1.0118105,3.1416078,3.0971556,-0.3492932,0.6679638,0.34932706,9.579322,0.55618286,0.3390918,0.7505542,0.23835194,0.33331063,14.667384,
272,1.4276357,-0.3933814,0.11654145,4.418733,0.42841086,0.22237022,0.41647708,0.14564098,0.307496,1.7598966,0.45087236,0.15649413,0.21106687,0.29929337,-0.68490404,0.29665327,inf,0.29928827,-0.68490404,0.33545104,0.13915415,0.41492915,-0.45087236,0.05442331,-0.043223143,0.39228103,0.18092053,0.31114805,0.051166482,0.29851687,0.3322667,0.1699108,0.30252662,0.33669907,1.1065577,2.5476418,2.7598965,-0.29011604,0.7050098,0.3111488,7.4879093,0.5044083,0.2997159,0.70270574,0.22675654,0.28455928,12.805548,
273,1.2615829,-0.43150088,0.11026526,4.8029284,0.46294636,0.17009623,0.38246503,0.11128651,0.24155761,1.5953593,0.42704305,0.14359039,0.12556657,0.20703769,-0.87824917,0.23248027,inf,0.20703769,-0.87824917,0.30947226,0.13844001,0.35874996,-0.42704305,0.011879661,-0.081543885,0.33798203,0.19873638,0.2579353,0.09791496,0.24115631,0.3338042,0.16788584,0.26262778,0.28161973,1.1929235,2.1994238,2.5953593,-0.05571905,0.62300926,0.24994364,5.283423,0.46439123,0.21759517,0.6757357,0.16433865,0.17822249,9.233955,
274,1.8150935,-0.36430398,0.10516342,5.590508,0.43348065,0.27380568,0.46465355,0.18018708,0.37854218,2.2513647,0.5037588,0.1455277,0.3053191,0.39441514,-0.32871687,0.36278656,inf,0.39441514,-0.32871687,0.36859518,0.17253591,0.5013646,-0.5037588,0.09220691,-0.00034264877,0.41924688,0.14537835,0.3731254,0.007870791,0.3615283,0.43634036,0.14544123,0.30315349,0.3705602,1.0205566,3.2895598,3.2513647,-0.064716846,0.6900302,0.3742794,8.580538,0.5652848,0.3775935,0.7583969,0.2526148,0.34721243,16.4318,AVARAGE
275,1.644754,-0.37459844,0.11460923,5.1792407,0.49150708,0.25176752,0.42183036,0.17600723,0.35265434,2.137184,0.48975155,0.14491922,0.23098606,0.35682732,-0.5133517,0.3389347,inf,0.35682732,-0.5133517,0.33635262,0.18943825,0.47735187,-0.48975155,0.056521304,-0.015795087,0.4003521,0.12153213,0.353779,0.021217426,0.3391715,0.4925053,0.14858457,0.28055272,0.32635528,1.0515604,3.047542,3.1371841,-0.24955663,0.62846726,0.3521672,7.0656047,0.5331815,0.34538615,0.79870254,0.22315958,0.3336651,14.959438,AVARAGE
276,1.9181242,-0.33646518,0.11986459,5.042292,0.49706787,0.30496836,0.42933404,0.23188333,0.42786726,2.472802,0.5284486,0.14138006,0.31754568,0.44957137,-0.26931813,0.4110794,inf,0.44957137,-0.26931813,0.36185476,0.21160437,0.5433473,-0.5284486,0.06625131,0.023625972,0.43967086,0.052612215,0.41377842,-0.016532406,0.40124917,0.5547299,0.13470253,0.2919153,0.35168046,0.9687785,3.674354,3.4728022,-0.16540475,0.612605,0.4190274,10.970674,0.56633,0.4275513,0.9180455,0.25024664,0.432306,18.5652,HEALTHY
277,1.883137,-0.36425406,0.09736812,5.909805,inf,0.2663573,0.46295252,0.18026686,0.37924248,2.3862808,0.52306044,0.12985946,0.27181894,0.38017717,-0.46221378,0.36383763,1.0125737,0.38017717,-0.46221378,0.3686438,0.19605862,0.5135391,-0.52306044,0.07197036,-0.009361238,0.39836487,0.13385957,0.37864748,0.015168838,0.3617975,0.5031519,0.1320163,0.27522707,0.34654438,1.033965,3.3743691,3.3862808,-1.247109,-inf,0.37584612,9.786636,0.5716678,0.37289277,0.7770933,0.22779237,0.35109875,15.894637,AVARAGE
278,1.7178539,-0.3830356,0.103593856,5.605828,0.4857436,0.23483157,0.43576792,0.1587646,0.33578894,2.1774166,0.4981594,0.13424736,0.21737285,0.32267347,-0.63952535,0.32270193,inf,0.32267347,-0.63952535,0.35312328,0.18122578,0.46767887,-0.4981594,0.044365086,-0.038447417,0.37900457,0.15329182,0.34301215,0.046299454,0.32455608,0.45959297,0.144173,0.2699977,0.3258878,1.0954438,2.9652982,3.1774168,-0.37578338,0.5835052,0.33741888,7.439348,0.5382407,0.32395256,0.743694,0.20556693,0.30490193,13.692869,AVARAGE
279,1.7325155,-0.3848832,0.10328194,5.97025,0.5017879,0.24010946,0.4335686,0.16206601,0.3402276,2.2152474,0.5009217,0.13442275,0.226574,0.33507824,-0.54748183,0.32632542,inf,0.33507824,-0.54748183,0.35061207,0.1885091,0.47838458,-0.5009217,0.04933729,-0.028179858,0.381378,0.13796191,0.3467495,0.03691695,0.3297039,0.48279917,0.14126852,0.2693879,0.3254036,1.0765224,3.0621471,3.2152474,-0.24414037,0.57385665,0.34078377,5.9864364,0.5411661,0.33035251,0.76932013,0.21109906,0.26837832,14.132738,AVARAGE
280,2.153418,-0.35064903,0.0968787,6.910231,0.4988609,0.28192177,0.46088815,0.20651406,0.41061032,2.7248015,0.55141664,0.11933635,0.3224563,0.41715294,-0.3224142,0.3931246,1.0793712,0.41715294,-0.3224142,0.38597646,0.21762353,0.5640206,-0.55141664,0.07573018,0.022596456,0.39408788,0.06786302,0.41084334,-0.010717548,0.38929033,0.57139266,0.11216611,0.26026464,0.35939607,0.9740058,3.953889,3.724801,-2.330479,0.5332543,0.4036821,8.881541,0.59271955,0.39456546,0.8836824,0.22269885,0.40405366,17.202114,AVARAGE
281,2.0244799,-0.34623885,0.10601527,6.222166,inf,0.2963669,0.4436835,0.21772952,0.4226946,2.5927773,0.5382339,0.12999924,0.33343434,0.4443972,-0.20318466,0.4046033,inf,0.4443972,-0.20318466,0.37094316,0.21675645,0.5620468,-0.5382339,0.08312276,0.038611535,0.41504735,0.04475476,0.4146613,-0.026569257,0.39852986,0.5682976,0.11868992,0.27401748,0.35848242,0.9407228,3.9371653,3.5927773,2.9869947,-inf,0.4131878,8.180778,0.5817154,0.41405946,0.9242928,0.24263142,0.3884438,18.233816,HEALTHY
282,1.8960049,-0.37610155,0.0889464,6.7319336,0.45965323,0.24272996,0.47136787,0.16519138,0.3556834,2.3625119,0.51835704,0.12390305,0.2656372,0.3494538,-0.54977393,0.34073782,inf,0.3494538,-0.54977393,0.37470648,0.18460348,0.51486427,-0.51835704,0.08856806,-0.0020601847,0.36668268,0.14276381,0.36784294,0.008776462,0.34425795,0.46650678,0.123952664,0.26191363,0.36337098,1.0233628,3.3840864,3.3625116,0.16559574,0.59589404,0.3560508,5.323752,0.5748974,0.3366611,0.76356524,0.22103739,0.3149172,14.561814,
283,1.6378803,-0.40250137,0.09083961,6.1624756,0.4616959,0.20992766,0.43017977,0.14409362,0.30906546,2.071093,0.4892479,0.120659836,0.19520344,0.29047772,-0.68722403,0.2957045,inf,0.29047772,-0.68722403,0.3483343,0.17453122,0.4586696,-0.4892479,0.047084197,-0.03843181,0.3381632,0.15709905,0.3256298,0.044640608,0.30255106,0.43321976,0.12823553,0.24374145,0.32673898,1.0962286,2.8624067,3.071093,-0.5155486,0.63887924,0.31313422,7.821045,0.5311443,0.28870636,0.7400401,0.1936216,0.24325754,12.292632,AVARAGE
284,1.5656954,-0.40488127,0.09347542,6.11965,0.4899472,0.20442334,0.4305695,0.14043982,0.3010509,2.0001512,0.4826608,0.124897294,0.184321,0.28187126,-0.7107285,0.28809187,inf,0.28187126,-0.7107285,0.3398566,0.17488003,0.4530561,-0.4826608,0.052401945,-0.03704779,0.3373324,0.16231306,0.319888,0.045435857,0.29641494,0.43446285,0.13290907,0.24401201,0.32139426,1.0977751,2.7994668,3.0001512,-0.35384727,0.5516747,0.3063878,6.6185017,0.52917874,0.27735028,0.73087686,0.1898498,0.23801221,11.94493,AVARAGE
285,1.6935619,-0.3563628,0.1155582,4.6625133,0.42066437,0.28305215,0.44317064,0.19255304,0.38937813,2.0982566,0.48771867,0.15483792,0.3308139,0.4153846,-0.29585743,0.3739895,0.86985576,0.4153846,-0.29585743,0.35689324,0.1635211,0.4960592,-0.48771867,0.09779073,0.014657808,0.43289676,0.1201734,0.37768778,-0.0070782667,0.36849868,0.4047081,0.14984462,0.31693888,0.3771178,0.9898216,3.2391264,3.0982568,-0.11128537,0.73004466,0.38376945,7.9791346,0.5512407,0.39046264,0.79664445,0.26946828,0.37693992,17.183146,AVARAGE
286,2.0970142,-0.33062005,0.10483168,6.0095296,0.44232577,0.31419212,0.4749933,0.22675486,0.4461952,2.6170576,0.5406538,0.13731101,0.4159723,0.4767031,-0.11249802,0.42774868,0.9201791,0.4767031,-0.11249802,0.3884997,0.19882327,0.57934165,-0.5406538,0.124099165,0.062467385,0.43594772,0.057299804,0.43296736,-0.0458724,0.41791412,0.52012724,0.1217556,0.29928598,0.40045625,0.89925915,4.1776342,3.617058,0.23722337,0.61861277,0.43431675,6.9139686,0.60427576,0.43561408,0.9061843,0.25884604,0.4559098,19.473743,AVARAGE
287,1.1444201,-0.43116277,0.13777034,4.048782,0.50734216,0.17268711,0.3405317,0.11355402,0.23482181,1.4879299,0.40868995,0.16647328,0.113437384,0.19803175,-0.9145724,0.22747299,inf,0.19803175,-0.9145724,0.2862018,0.1411855,0.33504656,-0.40868995,-0.008868283,-0.084884614,0.3716204,0.17063728,0.24535152,0.10896828,0.2343694,0.3435586,0.19893332,0.28827205,0.24823344,1.1974728,2.114641,2.48793,-0.05844846,0.5841581,0.24239455,4.782422,0.43187353,0.21343009,0.71653,0.1503873,0.17640825,9.062824,
288,1.4172904,-0.40970784,0.115760446,5.2691774,0.47480667,0.20976357,0.38410416,0.14210014,0.2910228,1.8158773,0.45760968,0.14538601,0.18202503,0.2806487,-0.65402067,0.27932352,inf,0.2806487,-0.65402067,0.32304195,0.16065273,0.41928217,-0.45760968,0.025076594,-0.046722025,0.3688745,0.14020175,0.30164725,0.0552515,0.28722152,0.39861327,0.15911089,0.27588335,0.31078804,1.1091019,2.580385,2.8158777,-0.48101574,0.6332684,0.29556146,5.427501,0.4902632,0.28571793,0.76362526,0.19926526,0.22837785,12.0368185,AVARAGE
289,1.716037,-0.3881721,0.10899272,6.401326,0.4704743,0.23389138,0.40369645,0.17345086,0.33802596,2.1729898,0.49293047,0.1328157,0.24878916,0.33901265,-0.51964486,0.3237329,inf,0.33901265,-0.51964486,0.34739134,0.18116638,0.49494705,-0.49293047,0.055552967,0.004826636,0.36529103,0.07632528,0.35050187,-0.00042962676,0.329477,0.45693177,0.13139965,0.2620377,0.34981695,1.0036938,3.2336314,3.172954,-2.049424,0.5978364,0.33910385,4.98162,0.530358,0.32545814,0.8745109,0.21191235,0.25402266,14.090124,AVARAGE
290,1.868512,-0.36907303,0.09910856,6.238403,0.4707437,0.25319624,0.42522416,0.18675031,0.3706341,2.3529434,0.5201002,0.1203087,0.27383107,0.3696625,-0.48812753,0.3543405,0.96806407,0.3696625,-0.48812753,0.36906776,0.19139029,0.52233505,-0.5201002,0.05625846,0.003906566,0.37026146,0.077511646,0.37836424,-0.00036571216,0.35551047,0.48443136,0.11706517,0.25645235,0.36191925,1.009616,3.389714,3.3529434,-0.6699884,0.57553667,0.3690741,9.524671,0.55600804,0.3535887,0.8684738,0.22246185,0.34561297,15.321515,AVARAGE
291,1.8896974,-0.3776329,0.09563525,6.7227373,0.4520794,0.24218296,0.4485964,0.1680404,0.35279736,2.3477385,0.51635426,0.12537098,0.25832805,0.34532508,-0.5650561,0.3382471,inf,0.34532508,-0.5650561,0.37479115,0.18151596,0.50837797,-0.51635426,0.06740401,-0.008004922,0.36974514,0.12079795,0.36395818,0.0135864485,0.34158668,0.4580956,0.12756222,0.26399228,0.3626199,1.0414006,3.332263,3.3477385,0.124525905,0.6057852,0.3533159,6.704081,0.5621906,0.3316159,0.7964573,0.21944132,0.3099252,14.443326,AVARAGE
292,1.5625348,-0.38752946,0.13410228,5.1191683,0.47399056,0.2350032,0.38246194,0.16414684,0.3223614,1.98434,0.47221217,0.1587128,0.20421456,0.31883973,-0.59448487,0.31084335,inf,0.31883973,-0.59448487,0.33512214,0.16852245,0.43996066,-0.47221217,0.02083782,-0.039120987,0.40625754,0.11450288,0.3256914,0.047796376,0.31357285,0.4218265,0.17125435,0.2981385,0.31631157,1.1020526,2.7856648,2.9843395,-0.3416595,0.6791585,0.32449782,6.0016894,0.49845108,0.31670088,0.8020884,0.21668872,0.28843835,13.598529,AVARAGE
293,2.1332397,-0.35298446,0.107680485,6.5269823,0.4836408,0.28065208,0.43689054,0.20117134,0.39987135,2.6800065,0.5480139,0.1258342,0.27768,0.39920756,-0.42883545,0.38387382,inf,0.39920756,-0.42883545,0.38957572,0.2078226,0.5364967,-0.5480139,0.030808173,-0.014676268,0.4096474,0.07783032,0.3969698,0.016528752,0.37981203,0.54678476,0.12899534,0.2744075,0.3524316,1.0472655,3.59876,3.6800063,-1.6980178,0.58396083,0.39468765,10.24712,0.5705316,0.3930997,0.8664912,0.22714245,0.087855786,16.712677,HEALTHY
294,1.9333518,-0.3758494,0.11342906,6.4987636,inf,0.25449538,0.40501347,0.18615706,0.35933527,2.46972,0.52528083,0.12926684,0.23764758,0.35183242,-0.50529826,0.34452844,inf,0.35183242,-0.50529826,0.36646587,0.20338833,0.49691585,-0.52528083,0.004425628,-0.036110274,0.39313185,0.08515958,0.3618773,0.046827108,0.34595832,0.536385,0.13864459,0.26756778,0.32154435,1.0984272,3.2637334,3.46972,-2.9009821,-inf,0.35744727,9.023542,0.53577536,0.34840885,0.8651053,0.20286524,0.25683358,14.894363,AVARAGE
295,2.079364,-0.3677637,0.08975903,6.9596167,0.49415204,0.25572076,0.46819627,0.1760208,0.37232578,2.6133957,0.5447507,0.11649923,0.26588574,0.35930443,-0.549723,0.35672167,inf,0.35930443,-0.549723,0.38829502,0.2036574,0.5233042,-0.5447507,0.045982152,-0.02822724,0.37794662,0.13508181,0.37908337,0.035147972,0.35724947,0.5340573,0.122225806,0.25756302,0.34753504,1.0797292,3.4431014,3.6133955,-0.37367475,0.52828664,0.37060332,7.3932805,0.57976407,0.35476825,0.7804586,0.20495015,0.34272647,15.114182,AVARAGE
296,2.3013728,-0.3401636,0.08656385,7.1279416,0.47907516,0.28795996,0.48882973,0.20590553,0.42643502,2.8707664,0.56574875,0.11323196,0.35207695,0.42789742,-0.36990455,0.4089486,0.98486555,0.42789742,-0.36990455,0.4041607,0.21630006,0.5857235,-0.56574875,0.09641223,0.0334581,0.39270788,0.07724078,0.42745763,-0.021496603,0.402433,0.56940293,0.104747914,0.2595991,0.3809316,0.95051396,4.1870885,3.8707664,-0.45222068,0.5232681,0.41878775,5.5908456,0.6156824,0.40559098,0.87036836,0.22266632,0.41724512,17.616962,HEALTHY
297,2.0497868,-0.3672381,0.085790284,7.1704183,0.4991683,0.24874827,0.46600497,0.17622633,0.37281173,2.5890164,0.5419205,0.11197799,0.26239088,0.35975137,-0.578028,0.3573451,inf,0.35975137,-0.578028,0.38170728,0.20790102,0.5436071,-0.5419205,0.07436848,0.005632717,0.3597302,0.10329639,0.386891,0.0005591407,0.35903057,0.5392293,0.110981934,0.24283175,0.35630214,1.0010327,3.673802,3.5890164,-0.42145362,0.50529367,0.37219343,5.731474,0.586323,0.3510581,0.8251935,0.20497198,0.5047873,14.96474,HEALTHY
298,2.1652837,-0.36282155,0.08001199,7.698211,0.49178156,0.24795005,0.4773692,0.17987172,0.37926817,2.7453806,0.5552633,0.10463913,0.2672009,0.36428753,-0.5650136,0.36284566,inf,0.36428753,-0.5650136,0.3888389,0.21861699,0.56250465,-0.5552633,0.07852735,0.011580355,0.34794852,0.09549684,0.3975023,-0.007502834,0.36517987,0.5801818,0.09999846,0.22992983,0.36028895,0.99132735,3.8473833,3.7453806,0.04907798,0.5074921,0.37859946,7.499094,0.600803,0.34907043,0.83689725,0.20074482,0.37633243,15.06263,AVARAGE
299,1.576096,-0.41423783,0.09613283,6.310721,inf,0.19591625,0.40636232,0.13363491,0.28690735,2.0185728,0.4806362,0.12407648,0.16379577,0.26175752,-0.7573016,0.27465525,inf,0.26175752,-0.7573016,0.33772072,0.17547864,0.4371334,-0.4806362,0.020745656,-0.056022953,0.33303264,0.15253267,0.3063579,0.06250837,0.28423953,0.44245806,0.13712293,0.24268535,0.30660495,1.1349922,2.6944878,3.0185392,-0.3048185,-inf,0.29295722,5.478699,0.51069367,0.26450217,0.74751556,0.1797237,0.16623272,11.232724,AVARAGE
